interaction_id,campaign_id,customer_id,sent_date,opened,clicked,converted
1,10,315,2024-01-24,1,0,0
2,5,1272,2025-06-08,0,0,0
3,5,2715,2025-06-16,1,1,0
4,4,943,2021-12-03,0,0,0
5,3,2653,2021-12-14,0,0,0
6,1,2442,2024-08-16,1,1,0
7,2,2647,2026-01-15,0,0,0
8,3,1655,2021-11-28,1,1,1
9,6,1251,2021-07-17,1,0,0
10,5,4794,2025-06-15,1,0,0
11,1,3077,2024-07-29,1,0,0
12,4,3850,2021-11-25,1,0,0
13,5,4241,2025-06-08,1,1,1
14,7,3044,2024-12-10,1,1,0
15,7,4119,2024-12-29,0,0,0
16,2,307,2026-01-19,0,0,0
17,5,1322,2025-06-14,0,0,0
18,2,2371,2026-01-18,0,0,0
19,3,3747,2021-12-04,1,0,0
20,2,1258,2026-01-06,1,0,0
21,6,3401,2021-07-24,0,0,0
22,3,510,2021-12-12,1,1,0
23,8,3838,2023-02-07,1,1,1
24,10,4052,2024-01-25,0,0,0
25,4,2240,2021-11-22,1,0,0
26,7,1952,2024-12-29,1,0,0
27,9,4407,2021-09-13,1,0,0
28,3,4300,2021-12-09,0,0,0
29,8,2991,2023-02-06,0,0,0
30,8,360,2023-01-22,1,1,0
31,7,722,2024-12-19,0,0,0
32,3,4540,2021-12-13,1,0,0
33,1,3508,2024-08-15,1,1,0
34,9,3849,2021-10-13,0,0,0
35,6,3347,2021-07-25,1,0,0
36,7,4920,2024-12-19,0,0,0
37,10,4129,2024-01-24,1,0,0
38,8,1194,2023-01-21,0,0,0
39,10,1428,2024-01-18,0,0,0
40,2,1546,2026-01-10,0,0,0
41,7,4713,2024-12-21,1,1,0
42,8,2200,2023-02-12,0,0,0
43,7,1068,2024-12-20,1,0,0
44,2,2812,2026-01-20,0,0,0
45,6,1990,2021-07-06,1,0,0
46,7,4839,2024-12-27,0,0,0
47,9,2901,2021-09-22,0,0,0
48,6,2833,2021-07-22,0,0,0
49,10,401,2024-01-27,0,0,0
50,9,3610,2021-10-08,0,0,0
51,3,3830,2021-12-10,1,0,0
52,3,732,2021-12-14,1,1,0
53,8,3925,2023-02-11,0,0,0
54,4,3805,2021-11-28,0,0,0
55,5,896,2025-06-17,1,1,0
56,5,2251,2025-06-14,0,0,0
57,1,3000,2024-08-03,1,0,0
58,7,85,2024-12-22,0,0,0
59,1,4929,2024-08-08,0,0,0
60,2,2848,2026-01-15,1,0,0
61,3,666,2021-12-12,0,0,0
62,8,2854,2023-01-28,1,1,0
63,4,1867,2021-12-06,1,0,0
64,4,3273,2021-12-07,1,1,1
65,7,4340,2024-12-31,0,0,0
66,10,727,2024-01-27,1,0,0
67,1,4912,2024-08-10,1,0,0
68,7,1138,2024-12-30,1,1,1
69,4,4919,2021-11-28,0,0,0
70,3,3992,2021-12-07,0,0,0
71,2,2922,2026-01-20,1,0,0
72,5,2575,2025-06-21,1,1,0
73,5,403,2025-06-16,1,1,0
74,8,2088,2023-02-08,0,0,0
75,9,3994,2021-09-24,0,0,0
76,2,4860,2026-01-05,0,0,0
77,5,4119,2025-06-22,0,0,0
78,7,3996,2024-12-22,1,0,0
79,2,1434,2026-01-15,0,0,0
80,2,661,2026-01-08,0,0,0
81,10,2181,2024-01-25,1,1,0
82,4,1112,2021-11-25,1,0,0
83,8,3376,2023-02-07,0,0,0
84,10,1500,2024-01-15,1,1,0
85,5,1535,2025-06-19,0,0,0
86,5,2164,2025-06-10,1,1,1
87,5,2454,2025-06-17,1,1,1
88,4,3649,2021-12-08,0,0,0
89,7,4528,2024-12-21,0,0,0
90,10,128,2024-01-16,1,0,0
91,3,604,2021-11-30,0,0,0
92,9,114,2021-09-01,0,0,0
93,7,1882,2024-12-24,1,0,0
94,1,4996,2024-07-30,1,0,0
95,4,1942,2021-11-25,0,0,0
96,6,1389,2021-07-12,1,0,0
97,6,3546,2021-07-08,0,0,0
98,9,3351,2021-10-13,1,0,0
99,4,4167,2021-12-05,0,0,0
100,8,3584,2023-01-26,0,0,0
101,4,17,2021-12-11,1,0,0
102,4,1233,2021-12-09,1,0,0
103,4,3732,2021-12-09,0,0,0
104,8,3906,2023-01-30,0,0,0
105,2,4666,2026-01-16,0,0,0
106,6,3514,2021-07-09,1,0,0
107,6,4322,2021-07-12,0,0,0
108,2,3428,2026-01-13,1,0,0
109,1,2646,2024-07-28,0,0,0
110,2,3520,2026-01-15,0,0,0
111,5,1123,2025-06-20,1,1,0
112,5,630,2025-06-09,0,0,0
113,6,4781,2021-07-09,0,0,0
114,4,3670,2021-12-08,1,1,0
115,4,1656,2021-11-24,1,0,0
116,5,1151,2025-06-11,0,0,0
117,10,71,2024-01-13,1,0,0
118,6,4152,2021-07-12,0,0,0
119,6,3387,2021-07-10,1,0,0
120,8,2537,2023-02-17,0,0,0
121,8,3570,2023-02-02,1,1,0
122,5,3526,2025-06-17,0,0,0
123,4,1565,2021-12-10,1,1,1
124,10,1946,2024-01-22,1,0,0
125,9,304,2021-09-30,0,0,0
126,8,742,2023-01-22,1,1,0
127,8,3550,2023-02-06,0,0,0
128,4,1844,2021-11-22,0,0,0
129,3,2289,2021-12-03,1,1,1
130,1,4045,2024-07-29,1,0,0
131,10,3507,2024-01-15,1,0,0
132,5,4098,2025-06-07,1,0,0
133,5,4606,2025-06-13,0,0,0
134,5,493,2025-06-12,0,0,0
135,8,4123,2023-02-03,1,0,0
136,8,2157,2023-01-26,1,0,0
137,5,3127,2025-06-09,0,0,0
138,2,3700,2026-01-17,0,0,0
139,1,4244,2024-08-11,1,0,0
140,1,118,2024-08-14,0,0,0
141,5,451,2025-06-22,1,1,0
142,2,3303,2026-01-09,1,0,0
143,1,4881,2024-08-15,0,0,0
144,9,403,2021-09-18,0,0,0
145,1,193,2024-08-16,0,0,0
146,4,291,2021-11-30,0,0,0
147,4,4101,2021-12-09,1,0,0
148,9,3572,2021-10-09,0,0,0
149,3,258,2021-12-03,1,1,0
150,2,1691,2026-01-16,1,0,0
151,8,3070,2023-02-09,1,0,0
152,9,4839,2021-09-08,1,1,0
153,1,4724,2024-08-10,0,0,0
154,1,175,2024-08-01,1,1,0
155,8,2561,2023-01-31,1,1,0
156,3,4111,2021-12-02,0,0,0
157,10,3372,2024-01-20,1,0,0
158,9,3111,2021-10-09,1,1,0
159,9,1837,2021-09-02,1,0,0
160,1,442,2024-08-10,0,0,0
161,10,2376,2024-01-14,1,0,0
162,2,3512,2026-01-05,0,0,0
163,8,3331,2023-02-06,0,0,0
164,6,656,2021-07-17,0,0,0
165,1,4340,2024-08-02,1,0,0
166,4,4278,2021-11-24,1,1,1
167,1,1276,2024-08-06,1,0,0
168,7,4307,2024-12-17,1,0,0
169,9,3339,2021-09-25,1,1,0
170,2,4231,2026-01-13,1,0,0
171,5,3825,2025-06-10,0,0,0
172,8,437,2023-02-07,0,0,0
173,7,2555,2024-12-15,0,0,0
174,4,4672,2021-12-03,1,1,0
175,6,1900,2021-07-25,1,1,0
176,1,2815,2024-08-12,1,0,0
177,6,2618,2021-07-15,0,0,0
178,9,1725,2021-10-01,0,0,0
179,10,1819,2024-01-24,1,0,0
180,6,3867,2021-07-22,1,0,0
181,7,3706,2024-12-17,0,0,0
182,2,640,2026-01-08,0,0,0
183,5,1538,2025-06-09,0,0,0
184,3,2644,2021-12-12,1,0,0
185,2,317,2026-01-10,1,0,0
186,5,3446,2025-06-06,0,0,0
187,10,4457,2024-01-16,1,1,0
188,9,1605,2021-09-17,1,1,0
189,3,2726,2021-12-13,0,0,0
190,6,3351,2021-07-17,1,1,0
191,10,1614,2024-01-13,1,0,0
192,9,2833,2021-09-07,0,0,0
193,2,2865,2026-01-18,1,0,0
194,4,1114,2021-12-08,1,1,0
195,1,750,2024-07-29,0,0,0
196,3,1056,2021-12-04,1,0,0
197,7,3327,2025-01-03,1,0,0
198,6,2348,2021-07-16,0,0,0
199,7,4999,2024-12-16,0,0,0
200,2,3718,2026-01-07,1,1,1
201,4,1115,2021-12-04,1,0,0
202,9,1066,2021-09-02,1,1,0
203,9,4711,2021-09-03,1,1,1
204,9,1140,2021-09-04,1,1,0
205,1,2354,2024-08-05,1,0,0
206,8,3832,2023-02-04,1,1,0
207,8,2809,2023-02-12,0,0,0
208,2,436,2026-01-11,1,0,0
209,4,3770,2021-12-11,0,0,0
210,2,3106,2026-01-19,1,1,1
211,10,4379,2024-02-05,1,1,0
212,6,1533,2021-07-10,1,0,0
213,4,961,2021-11-29,0,0,0
214,6,3408,2021-07-20,0,0,0
215,6,1417,2021-07-08,0,0,0
216,3,4388,2021-12-14,1,1,1
217,7,708,2024-12-16,0,0,0
218,7,4337,2024-12-30,1,1,0
219,8,1354,2023-01-25,0,0,0
220,1,2996,2024-08-04,0,0,0
221,4,1704,2021-12-07,1,1,0
222,9,2479,2021-10-08,0,0,0
223,3,3019,2021-12-10,0,0,0
224,4,2136,2021-12-11,1,1,0
225,6,3490,2021-07-17,1,0,0
226,2,232,2026-01-09,1,1,0
227,6,801,2021-07-06,0,0,0
228,8,1481,2023-01-31,1,1,0
229,1,1676,2024-08-13,0,0,0
230,10,3532,2024-01-18,0,0,0
231,4,4760,2021-12-05,0,0,0
232,1,1276,2024-08-06,1,0,0
233,8,1293,2023-02-16,1,0,0
234,10,3640,2024-01-29,0,0,0
235,6,1122,2021-07-23,1,0,0
236,7,3299,2025-01-04,1,0,0
237,9,4337,2021-09-19,1,0,0
238,8,1818,2023-01-29,0,0,0
239,3,1979,2021-12-02,1,0,0
240,3,2473,2021-12-02,1,0,0
241,6,1518,2021-07-09,1,0,0
242,9,3153,2021-09-17,1,0,0
243,2,2629,2026-01-11,1,0,0
244,10,4581,2024-02-03,1,0,0
245,10,4244,2024-01-17,1,0,0
246,9,2910,2021-09-16,0,0,0
247,2,114,2026-01-13,1,0,0
248,9,4243,2021-09-23,0,0,0
249,9,4683,2021-09-12,1,0,0
250,8,2620,2023-02-13,0,0,0
251,2,1332,2026-01-13,1,1,0
252,10,3096,2024-01-22,0,0,0
253,10,1260,2024-01-17,1,0,0
254,3,1781,2021-12-03,0,0,0
255,1,4287,2024-08-09,0,0,0
256,3,3969,2021-12-09,1,1,0
257,2,1483,2026-01-20,1,0,0
258,10,4187,2024-01-31,0,0,0
259,5,4590,2025-06-17,0,0,0
260,1,2126,2024-07-31,0,0,0
261,6,2345,2021-07-12,1,0,0
262,10,1860,2024-01-21,1,0,0
263,6,3034,2021-07-10,0,0,0
264,9,2097,2021-09-14,0,0,0
265,4,2888,2021-11-28,1,0,0
266,6,2205,2021-07-14,1,1,0
267,10,4678,2024-02-02,1,0,0
268,1,332,2024-08-07,1,0,0
269,8,286,2023-01-24,1,0,0
270,5,4848,2025-06-18,1,0,0
271,7,4680,2024-12-19,1,1,0
272,2,4478,2026-01-06,1,1,0
273,9,1147,2021-09-18,0,0,0
274,2,3567,2026-01-08,1,0,0
275,3,4212,2021-11-27,1,0,0
276,5,592,2025-06-17,0,0,0
277,8,1705,2023-01-26,0,0,0
278,4,270,2021-12-08,1,0,0
279,4,109,2021-12-04,1,1,1
280,1,4477,2024-08-12,1,1,0
281,9,4306,2021-09-23,0,0,0
282,2,4682,2026-01-09,1,0,0
283,10,2456,2024-01-29,1,0,0
284,8,3725,2023-02-06,0,0,0
285,9,2318,2021-09-14,1,1,0
286,5,3479,2025-06-08,1,0,0
287,7,1588,2025-01-01,0,0,0
288,9,923,2021-10-09,1,0,0
289,7,4938,2024-12-15,1,0,0
290,3,1484,2021-12-06,0,0,0
291,3,3541,2021-12-15,1,0,0
292,9,541,2021-09-09,1,0,0
293,4,757,2021-12-09,1,1,0
294,6,964,2021-07-06,0,0,0
295,4,850,2021-11-28,1,1,0
296,9,910,2021-08-31,1,0,0
297,5,645,2025-06-18,0,0,0
298,2,311,2026-01-15,1,0,0
299,8,477,2023-02-06,0,0,0
300,8,1074,2023-01-28,1,1,0
301,5,4161,2025-06-15,1,1,0
302,10,1601,2024-01-13,1,0,0
303,3,1104,2021-12-03,0,0,0
304,4,2936,2021-11-24,1,1,0
305,2,1100,2026-01-20,0,0,0
306,9,592,2021-09-02,1,1,1
307,8,3439,2023-01-29,0,0,0
308,10,2376,2024-02-06,1,0,0
309,1,4598,2024-08-10,0,0,0
310,2,1060,2026-01-13,1,1,0
311,5,3620,2025-06-22,1,0,0
312,6,341,2021-07-14,1,1,0
313,4,2184,2021-11-22,1,0,0
314,2,3075,2026-01-06,0,0,0
315,5,4784,2025-06-19,1,0,0
316,8,3497,2023-02-15,0,0,0
317,9,4057,2021-09-27,1,0,0
318,5,3943,2025-06-10,1,1,1
319,7,3938,2024-12-11,0,0,0
320,4,95,2021-11-27,1,1,0
321,1,3457,2024-08-12,1,0,0
322,10,4160,2024-02-01,0,0,0
323,9,3428,2021-09-30,0,0,0
324,8,4812,2023-02-06,1,0,0
325,9,4081,2021-09-19,0,0,0
326,1,4234,2024-07-29,1,0,0
327,5,4873,2025-06-08,1,0,0
328,10,1345,2024-02-01,1,1,1
329,10,1348,2024-02-03,1,0,0
330,4,659,2021-11-23,1,0,0
331,10,2267,2024-02-02,1,0,0
332,7,44,2025-01-01,0,0,0
333,6,191,2021-07-24,0,0,0
334,2,125,2026-01-16,0,0,0
335,1,2240,2024-08-04,1,0,0
336,8,4743,2023-02-04,0,0,0
337,9,2958,2021-09-10,1,0,0
338,7,2222,2024-12-20,0,0,0
339,3,1658,2021-12-10,1,1,0
340,1,3540,2024-08-16,1,0,0
341,4,2479,2021-11-30,0,0,0
342,2,2499,2026-01-14,0,0,0
343,2,519,2026-01-17,1,0,0
344,5,1596,2025-06-18,1,0,0
345,8,1239,2023-01-29,0,0,0
346,4,373,2021-11-23,0,0,0
347,3,1956,2021-11-28,0,0,0
348,10,1861,2024-01-18,0,0,0
349,10,3210,2024-01-26,1,1,0
350,9,2935,2021-09-01,1,0,0
351,6,2971,2021-07-06,0,0,0
352,5,259,2025-06-20,1,0,0
353,1,4735,2024-08-13,1,1,0
354,1,4063,2024-08-12,0,0,0
355,10,3168,2024-01-31,1,0,0
356,9,3092,2021-09-01,0,0,0
357,9,2298,2021-09-24,1,0,0
358,7,4194,2024-12-18,1,0,0
359,6,3766,2021-07-15,1,0,0
360,5,941,2025-06-14,1,0,0
361,3,2556,2021-11-29,1,0,0
362,3,1487,2021-12-12,1,1,1
363,4,3660,2021-11-22,1,1,1
364,10,4108,2024-02-03,1,1,0
365,4,4211,2021-11-28,1,0,0
366,1,2860,2024-08-02,0,0,0
367,7,3811,2024-12-27,1,0,0
368,5,792,2025-06-21,0,0,0
369,8,1559,2023-02-16,1,1,0
370,5,1590,2025-06-14,1,1,0
371,2,4968,2026-01-15,1,0,0
372,10,3679,2024-01-29,0,0,0
373,6,2068,2021-07-21,1,1,0
374,2,4914,2026-01-06,1,0,0
375,7,3977,2024-12-16,0,0,0
376,6,3647,2021-07-09,0,0,0
377,9,4951,2021-09-19,0,0,0
378,8,2725,2023-02-06,0,0,0
379,1,2568,2024-08-13,0,0,0
380,1,2005,2024-07-30,0,0,0
381,8,4962,2023-02-10,0,0,0
382,10,1638,2024-01-29,1,0,0
383,4,704,2021-12-09,1,1,0
384,7,304,2024-12-21,1,1,1
385,6,2216,2021-07-11,1,0,0
386,6,3355,2021-07-24,1,1,0
387,5,4632,2025-06-08,0,0,0
388,5,4260,2025-06-11,1,1,0
389,1,3995,2024-08-06,0,0,0
390,6,3684,2021-07-22,1,1,1
391,6,2534,2021-07-24,1,1,0
392,3,4600,2021-12-03,0,0,0
393,3,3250,2021-12-10,0,0,0
394,7,2628,2024-12-21,1,1,0
395,6,4139,2021-07-20,0,0,0
396,7,3341,2024-12-17,1,0,0
397,9,4067,2021-09-01,0,0,0
398,2,3063,2026-01-20,1,1,0
399,3,1653,2021-12-04,1,1,1
400,6,3712,2021-07-15,1,0,0
401,1,1475,2024-07-30,0,0,0
402,9,330,2021-09-20,1,0,0
403,4,3358,2021-11-23,1,0,0
404,1,3895,2024-08-08,1,0,0
405,1,4699,2024-08-02,1,1,0
406,9,4210,2021-10-08,0,0,0
407,4,2627,2021-12-07,1,1,0
408,10,1445,2024-01-28,1,0,0
409,1,1783,2024-08-04,0,0,0
410,6,2985,2021-07-15,0,0,0
411,3,146,2021-12-01,0,0,0
412,7,4965,2024-12-24,1,1,1
413,1,4764,2024-08-01,1,0,0
414,1,3767,2024-08-15,1,1,0
415,9,1665,2021-09-03,1,1,0
416,1,1137,2024-08-01,1,0,0
417,7,3300,2025-01-04,1,1,0
418,8,681,2023-02-18,1,0,0
419,10,3878,2024-01-13,1,0,0
420,4,1595,2021-12-07,1,1,0
421,6,461,2021-07-10,1,0,0
422,7,322,2025-01-01,0,0,0
423,7,2224,2024-12-26,0,0,0
424,10,4109,2024-01-23,1,0,0
425,4,2887,2021-12-02,0,0,0
426,7,2979,2024-12-29,0,0,0
427,3,1586,2021-11-30,1,1,1
428,6,4913,2021-07-20,0,0,0
429,4,4056,2021-12-08,1,1,0
430,8,219,2023-01-25,1,1,0
431,8,4308,2023-01-30,1,0,0
432,7,1233,2024-12-18,0,0,0
433,5,815,2025-06-13,1,0,0
434,4,3940,2021-11-28,0,0,0
435,8,4299,2023-02-18,1,0,0
436,3,2691,2021-12-01,0,0,0
437,10,1896,2024-01-28,1,0,0
438,8,2398,2023-02-07,1,0,0
439,7,711,2024-12-10,1,1,0
440,3,895,2021-12-13,0,0,0
441,6,4253,2021-07-20,1,1,0
442,3,2716,2021-12-14,1,1,0
443,9,1413,2021-09-13,1,0,0
444,10,3308,2024-01-17,0,0,0
445,7,348,2024-12-24,0,0,0
446,8,4341,2023-01-26,0,0,0
447,1,3253,2024-07-28,1,0,0
448,5,1143,2025-06-11,1,1,0
449,3,3412,2021-11-27,0,0,0
450,5,1466,2025-06-15,1,1,1
451,2,3953,2026-01-15,0,0,0
452,4,899,2021-11-26,1,0,0
453,8,1581,2023-02-11,1,0,0
454,4,3962,2021-11-30,0,0,0
455,1,688,2024-08-13,1,1,1
456,1,1772,2024-08-14,0,0,0
457,7,330,2024-12-17,0,0,0
458,1,4243,2024-08-05,0,0,0
459,6,3603,2021-07-06,1,0,0
460,4,804,2021-12-03,1,0,0
461,10,4699,2024-01-25,0,0,0
462,6,3035,2021-07-12,0,0,0
463,1,4459,2024-08-06,1,0,0
464,9,37,2021-10-11,1,1,0
465,2,2352,2026-01-13,1,0,0
466,3,4440,2021-12-13,1,0,0
467,9,1958,2021-09-23,0,0,0
468,4,602,2021-12-02,1,0,0
469,4,2748,2021-11-29,1,0,0
470,8,376,2023-02-11,0,0,0
471,4,4974,2021-11-26,1,0,0
472,5,2535,2025-06-12,0,0,0
473,4,1636,2021-12-03,0,0,0
474,1,2149,2024-08-04,1,1,0
475,8,2119,2023-01-23,0,0,0
476,6,352,2021-07-10,1,0,0
477,6,957,2021-07-21,0,0,0
478,4,2374,2021-11-23,1,0,0
479,9,1179,2021-09-20,1,1,0
480,10,963,2024-02-02,1,0,0
481,5,1583,2025-06-15,0,0,0
482,1,4327,2024-08-13,1,0,0
483,10,4041,2024-02-01,0,0,0
484,5,3496,2025-06-06,1,1,0
485,4,3909,2021-12-02,1,0,0
486,5,494,2025-06-08,0,0,0
487,2,179,2026-01-09,1,1,0
488,1,298,2024-07-30,0,0,0
489,8,3303,2023-01-21,0,0,0
490,1,1033,2024-08-16,1,0,0
491,10,1533,2024-01-27,0,0,0
492,1,37,2024-08-14,1,0,0
493,10,3397,2024-01-29,0,0,0
494,8,4320,2023-01-31,1,1,1
495,2,4057,2026-01-14,1,0,0
496,5,4434,2025-06-13,0,0,0
497,7,4161,2024-12-29,0,0,0
498,1,754,2024-07-29,0,0,0
499,9,2999,2021-10-07,1,1,0
500,8,3773,2023-02-08,0,0,0
501,7,220,2025-01-04,0,0,0
502,6,1323,2021-07-15,1,0,0
503,2,1431,2026-01-20,1,0,0
504,7,9,2024-12-16,1,1,0
505,5,2248,2025-06-07,1,0,0
506,4,2114,2021-11-23,1,0,0
507,1,2257,2024-08-08,1,1,0
508,2,820,2026-01-12,1,1,0
509,8,3091,2023-01-26,0,0,0
510,3,2678,2021-12-12,0,0,0
511,1,2468,2024-07-28,1,0,0
512,3,3742,2021-12-04,0,0,0
513,1,2529,2024-08-05,1,1,0
514,7,2331,2024-12-24,1,0,0
515,2,2301,2026-01-05,0,0,0
516,8,573,2023-01-23,0,0,0
517,9,3911,2021-09-04,0,0,0
518,6,3752,2021-07-10,0,0,0
519,8,1821,2023-02-03,0,0,0
520,6,1895,2021-07-18,1,0,0
521,6,2385,2021-07-09,1,0,0
522,6,1354,2021-07-16,1,1,1
523,1,2401,2024-08-08,0,0,0
524,7,964,2024-12-15,0,0,0
525,9,1035,2021-10-08,0,0,0
526,4,3077,2021-12-04,0,0,0
527,1,3081,2024-08-10,1,0,0
528,7,3179,2024-12-16,1,0,0
529,7,3664,2024-12-21,1,0,0
530,6,1207,2021-07-10,1,1,1
531,5,4923,2025-06-06,0,0,0
532,5,1634,2025-06-07,0,0,0
533,3,3887,2021-12-11,0,0,0
534,10,864,2024-01-22,0,0,0
535,5,476,2025-06-21,0,0,0
536,5,2411,2025-06-16,0,0,0
537,4,4530,2021-12-03,1,0,0
538,3,1642,2021-11-27,1,0,0
539,3,4011,2021-12-03,0,0,0
540,1,4349,2024-08-07,1,0,0
541,9,1879,2021-08-31,1,0,0
542,9,4168,2021-09-05,1,0,0
543,6,4238,2021-07-09,1,0,0
544,10,3474,2024-01-14,0,0,0
545,9,2282,2021-10-11,1,1,0
546,6,683,2021-07-22,1,0,0
547,1,4679,2024-08-05,1,0,0
548,1,4386,2024-08-05,0,0,0
549,9,537,2021-09-09,1,1,0
550,6,2173,2021-07-08,0,0,0
551,7,1224,2024-12-19,1,1,0
552,8,960,2023-02-03,1,0,0
553,8,1848,2023-01-26,0,0,0
554,4,1092,2021-12-02,1,0,0
555,9,2134,2021-09-15,0,0,0
556,7,3904,2025-01-02,0,0,0
557,10,394,2024-01-30,0,0,0
558,2,793,2026-01-11,1,1,0
559,8,2115,2023-02-04,1,0,0
560,7,3000,2024-12-16,1,1,0
561,2,254,2026-01-19,1,1,1
562,9,4387,2021-10-13,1,0,0
563,2,1763,2026-01-12,1,1,1
564,7,1254,2024-12-25,0,0,0
565,8,1890,2023-01-30,0,0,0
566,9,3136,2021-09-04,1,1,1
567,5,4233,2025-06-10,1,1,0
568,6,1580,2021-07-09,1,0,0
569,5,3972,2025-06-10,0,0,0
570,5,3764,2025-06-07,1,0,0
571,9,2716,2021-09-12,1,0,0
572,5,3547,2025-06-09,1,1,0
573,8,2903,2023-02-17,0,0,0
574,2,1567,2026-01-15,0,0,0
575,10,1342,2024-01-25,0,0,0
576,1,3181,2024-08-04,1,1,0
577,7,3697,2024-12-23,0,0,0
578,7,2618,2024-12-13,0,0,0
579,6,3236,2021-07-19,1,0,0
580,4,3059,2021-12-05,1,0,0
581,2,4058,2026-01-16,0,0,0
582,4,2714,2021-11-29,1,1,0
583,4,4141,2021-11-23,0,0,0
584,6,4715,2021-07-16,1,0,0
585,10,8,2024-01-19,1,1,0
586,3,4125,2021-12-14,0,0,0
587,2,2476,2026-01-20,0,0,0
588,5,1415,2025-06-14,0,0,0
589,10,4624,2024-01-23,0,0,0
590,5,2072,2025-06-18,0,0,0
591,9,2521,2021-09-22,0,0,0
592,3,4543,2021-12-04,1,1,0
593,3,3019,2021-12-15,1,1,1
594,9,1285,2021-09-26,0,0,0
595,4,3762,2021-11-26,0,0,0
596,8,49,2023-02-03,1,1,1
597,10,4853,2024-01-16,1,1,0
598,6,1431,2021-07-07,0,0,0
599,4,4712,2021-11-26,1,0,0
600,8,2183,2023-01-26,0,0,0
601,6,3738,2021-07-17,1,1,0
602,1,3638,2024-08-01,1,0,0
603,10,959,2024-01-24,0,0,0
604,5,1464,2025-06-06,0,0,0
605,7,4144,2025-01-05,1,0,0
606,6,1863,2021-07-13,1,0,0
607,7,868,2024-12-10,1,0,0
608,2,4886,2026-01-06,1,0,0
609,5,1258,2025-06-15,0,0,0
610,5,421,2025-06-14,1,0,0
611,6,1072,2021-07-15,0,0,0
612,1,1560,2024-08-08,1,1,1
613,10,434,2024-01-29,1,1,0
614,3,1440,2021-11-29,1,0,0
615,7,2078,2024-12-16,1,0,0
616,1,2433,2024-08-08,0,0,0
617,3,2549,2021-12-02,0,0,0
618,8,3599,2023-01-25,1,1,0
619,10,1958,2024-01-13,1,1,0
620,9,4923,2021-09-12,0,0,0
621,7,3935,2024-12-16,1,1,1
622,7,4178,2024-12-24,1,1,0
623,4,3820,2021-11-26,0,0,0
624,5,2578,2025-06-09,0,0,0
625,4,1454,2021-12-04,0,0,0
626,10,1267,2024-01-17,1,0,0
627,7,3134,2025-01-04,1,1,0
628,7,652,2025-01-05,1,1,0
629,3,1757,2021-12-01,0,0,0
630,10,3683,2024-01-24,1,0,0
631,6,2749,2021-07-20,1,0,0
632,3,763,2021-12-05,0,0,0
633,2,1014,2026-01-17,0,0,0
634,2,1452,2026-01-12,1,1,0
635,4,1413,2021-11-28,0,0,0
636,6,3396,2021-07-22,1,1,0
637,5,4991,2025-06-16,1,1,0
638,5,744,2025-06-17,0,0,0
639,9,641,2021-09-24,1,0,0
640,1,1061,2024-07-31,1,0,0
641,5,680,2025-06-15,1,0,0
642,7,367,2025-01-02,1,0,0
643,1,1576,2024-08-04,0,0,0
644,6,582,2021-07-15,0,0,0
645,8,2809,2023-02-18,0,0,0
646,10,4778,2024-02-01,1,0,0
647,4,4682,2021-11-23,1,1,1
648,6,30,2021-07-22,0,0,0
649,2,573,2026-01-14,0,0,0
650,9,4795,2021-09-27,1,0,0
651,5,424,2025-06-15,0,0,0
652,8,800,2023-01-28,0,0,0
653,3,110,2021-12-11,1,0,0
654,4,2928,2021-12-07,0,0,0
655,4,1926,2021-11-25,1,0,0
656,8,3105,2023-01-23,1,1,1
657,2,904,2026-01-12,1,1,0
658,2,4255,2026-01-05,1,1,0
659,10,4244,2024-01-15,0,0,0
660,2,221,2026-01-19,0,0,0
661,6,252,2021-07-10,1,1,0
662,5,3942,2025-06-22,1,1,0
663,2,4231,2026-01-18,0,0,0
664,10,2903,2024-02-01,0,0,0
665,4,626,2021-11-29,1,1,1
666,8,1944,2023-02-12,0,0,0
667,6,4401,2021-07-22,1,1,0
668,3,2973,2021-11-27,1,0,0
669,1,2722,2024-08-03,0,0,0
670,7,1784,2024-12-24,0,0,0
671,5,1380,2025-06-09,0,0,0
672,10,198,2024-01-13,0,0,0
673,5,1562,2025-06-18,1,1,0
674,2,4070,2026-01-09,1,0,0
675,8,3000,2023-01-24,0,0,0
676,2,61,2026-01-14,0,0,0
677,9,583,2021-09-05,1,1,0
678,9,2528,2021-09-05,0,0,0
679,1,4608,2024-08-12,0,0,0
680,7,524,2024-12-22,0,0,0
681,1,4035,2024-08-16,0,0,0
682,2,2940,2026-01-14,1,0,0
683,10,4545,2024-01-19,0,0,0
684,1,2901,2024-08-08,1,0,0
685,1,813,2024-07-30,0,0,0
686,1,584,2024-07-31,1,1,0
687,3,2827,2021-12-13,0,0,0
688,3,4062,2021-12-06,0,0,0
689,4,2940,2021-12-11,0,0,0
690,8,3439,2023-02-13,0,0,0
691,1,4210,2024-08-08,0,0,0
692,8,2476,2023-01-26,1,0,0
693,9,4753,2021-09-02,1,0,0
694,8,1397,2023-01-25,1,1,0
695,5,1381,2025-06-16,1,0,0
696,5,4767,2025-06-08,0,0,0
697,3,588,2021-12-13,1,1,1
698,5,1686,2025-06-10,1,1,1
699,9,2835,2021-09-16,1,1,1
700,7,1606,2024-12-13,0,0,0
701,1,4275,2024-08-07,0,0,0
702,7,898,2024-12-16,0,0,0
703,4,1044,2021-12-09,0,0,0
704,9,3536,2021-10-09,1,1,0
705,7,3392,2024-12-10,1,0,0
706,7,1662,2024-12-21,1,1,0
707,5,2949,2025-06-21,1,0,0
708,10,2952,2024-02-05,0,0,0
709,10,2570,2024-01-23,1,0,0
710,8,1111,2023-02-05,1,1,0
711,7,1998,2024-12-19,0,0,0
712,4,749,2021-12-04,1,0,0
713,7,2642,2024-12-24,1,0,0
714,10,4928,2024-01-29,0,0,0
715,5,1057,2025-06-20,1,0,0
716,9,4792,2021-10-13,1,1,0
717,6,909,2021-07-16,1,1,0
718,4,691,2021-11-24,0,0,0
719,5,3034,2025-06-06,1,1,0
720,9,3642,2021-09-06,1,1,0
721,3,3657,2021-12-14,0,0,0
722,10,3494,2024-01-31,1,1,1
723,1,3875,2024-08-09,1,1,0
724,4,2202,2021-12-09,0,0,0
725,10,2608,2024-01-19,0,0,0
726,10,2991,2024-01-24,0,0,0
727,7,3031,2024-12-29,0,0,0
728,7,1989,2024-12-31,0,0,0
729,10,905,2024-02-06,1,0,0
730,7,1718,2024-12-12,0,0,0
731,3,2902,2021-11-27,1,0,0
732,8,184,2023-02-17,1,1,0
733,1,3964,2024-08-16,1,0,0
734,3,2396,2021-12-15,1,0,0
735,7,3113,2024-12-29,1,1,0
736,6,2178,2021-07-06,1,0,0
737,10,260,2024-01-16,1,0,0
738,8,3591,2023-01-21,1,0,0
739,9,661,2021-10-06,1,0,0
740,6,350,2021-07-09,1,0,0
741,3,4612,2021-12-01,1,1,0
742,8,1330,2023-02-09,0,0,0
743,1,1382,2024-08-06,1,0,0
744,4,448,2021-11-26,1,1,0
745,2,662,2026-01-14,1,1,1
746,1,299,2024-08-15,1,0,0
747,10,1142,2024-01-23,0,0,0
748,4,4946,2021-12-05,0,0,0
749,10,4819,2024-01-13,0,0,0
750,4,3724,2021-11-23,1,1,0
751,1,3038,2024-08-05,1,1,0
752,10,307,2024-01-22,1,0,0
753,7,318,2024-12-28,1,0,0
754,6,3219,2021-07-23,1,0,0
755,6,3734,2021-07-24,0,0,0
756,6,4413,2021-07-20,0,0,0
757,6,4953,2021-07-25,1,0,0
758,4,1428,2021-11-25,0,0,0
759,5,2422,2025-06-06,1,1,0
760,3,4678,2021-12-03,1,0,0
761,8,1012,2023-02-13,1,1,0
762,4,4366,2021-12-07,1,0,0
763,8,817,2023-02-01,1,1,1
764,4,193,2021-12-08,1,0,0
765,9,4014,2021-10-12,1,1,0
766,2,990,2026-01-12,0,0,0
767,7,2190,2024-12-19,1,0,0
768,5,4758,2025-06-12,1,1,0
769,9,100,2021-09-20,1,1,0
770,8,377,2023-01-24,0,0,0
771,10,891,2024-01-14,0,0,0
772,5,830,2025-06-17,0,0,0
773,9,4412,2021-10-04,1,0,0
774,1,2299,2024-08-07,1,1,0
775,7,909,2024-12-21,1,1,0
776,2,144,2026-01-05,1,1,0
777,9,873,2021-09-06,1,1,0
778,5,3419,2025-06-15,1,0,0
779,1,3147,2024-08-10,0,0,0
780,6,4589,2021-07-21,0,0,0
781,3,4532,2021-12-01,1,0,0
782,6,401,2021-07-13,0,0,0
783,4,1319,2021-12-07,1,0,0
784,4,4941,2021-11-30,0,0,0
785,3,601,2021-12-13,1,1,1
786,4,993,2021-11-26,1,1,0
787,2,534,2026-01-09,0,0,0
788,4,1327,2021-12-01,1,0,0
789,9,1070,2021-10-01,0,0,0
790,3,4800,2021-12-06,0,0,0
791,10,480,2024-01-22,1,0,0
792,2,3144,2026-01-09,0,0,0
793,8,1126,2023-02-05,0,0,0
794,6,593,2021-07-10,1,0,0
795,9,884,2021-09-27,1,0,0
796,5,2464,2025-06-15,0,0,0
797,4,1043,2021-11-25,0,0,0
798,7,4191,2024-12-26,1,1,0
799,10,407,2024-01-26,0,0,0
800,3,4425,2021-11-29,0,0,0
801,1,616,2024-08-13,1,1,0
802,3,4662,2021-11-28,0,0,0
803,3,4772,2021-12-02,1,0,0
804,5,3632,2025-06-14,1,0,0
805,10,3261,2024-02-05,0,0,0
806,1,1460,2024-08-09,1,1,0
807,5,3299,2025-06-12,0,0,0
808,4,183,2021-12-09,1,0,0
809,2,1476,2026-01-12,1,1,1
810,9,4319,2021-09-30,1,1,0
811,3,551,2021-12-13,1,0,0
812,4,838,2021-12-07,0,0,0
813,6,4959,2021-07-07,1,0,0
814,9,4086,2021-09-29,1,1,0
815,7,2510,2024-12-26,1,0,0
816,2,318,2026-01-10,0,0,0
817,6,2597,2021-07-08,1,0,0
818,7,1361,2024-12-14,0,0,0
819,6,2139,2021-07-21,1,1,0
820,6,1850,2021-07-08,0,0,0
821,7,4069,2024-12-10,1,1,0
822,8,1643,2023-01-27,1,0,0
823,6,4038,2021-07-23,0,0,0
824,4,2625,2021-12-02,1,0,0
825,4,4283,2021-11-25,0,0,0
826,5,569,2025-06-15,0,0,0
827,5,2180,2025-06-16,0,0,0
828,7,2419,2024-12-30,0,0,0
829,7,925,2024-12-17,0,0,0
830,1,1169,2024-08-03,1,1,1
831,8,1659,2023-02-15,0,0,0
832,5,3011,2025-06-22,0,0,0
833,10,4565,2024-02-02,0,0,0
834,6,3696,2021-07-22,0,0,0
835,5,1197,2025-06-15,0,0,0
836,7,811,2025-01-03,1,0,0
837,2,4511,2026-01-08,1,1,1
838,7,674,2025-01-05,0,0,0
839,4,4385,2021-12-09,1,1,0
840,7,4254,2024-12-20,0,0,0
841,8,2064,2023-02-11,0,0,0
842,5,2967,2025-06-13,0,0,0
843,6,208,2021-07-09,1,0,0
844,4,4599,2021-12-09,0,0,0
845,9,1148,2021-10-07,1,0,0
846,3,3799,2021-12-03,1,0,0
847,9,1063,2021-09-30,1,0,0
848,5,66,2025-06-09,0,0,0
849,7,1493,2024-12-10,0,0,0
850,6,3252,2021-07-12,1,0,0
851,10,3147,2024-02-04,1,1,0
852,10,1503,2024-01-26,0,0,0
853,10,1788,2024-02-03,0,0,0
854,5,145,2025-06-21,1,1,0
855,9,2527,2021-09-20,0,0,0
856,8,91,2023-01-28,0,0,0
857,5,3093,2025-06-07,0,0,0
858,3,3445,2021-12-05,0,0,0
859,3,4989,2021-11-27,0,0,0
860,6,494,2021-07-13,1,1,0
861,2,208,2026-01-18,1,0,0
862,4,3621,2021-12-06,1,0,0
863,5,3680,2025-06-06,0,0,0
864,4,2464,2021-11-23,0,0,0
865,8,426,2023-01-26,1,1,0
866,3,4871,2021-12-14,0,0,0
867,7,1031,2025-01-02,1,0,0
868,5,4531,2025-06-18,1,0,0
869,9,2021,2021-09-23,1,1,0
870,4,718,2021-12-04,1,0,0
871,9,4570,2021-10-02,1,1,0
872,4,234,2021-11-30,1,0,0
873,1,884,2024-07-29,0,0,0
874,10,886,2024-01-13,1,0,0
875,4,1225,2021-11-24,1,1,0
876,3,3384,2021-12-09,0,0,0
877,5,348,2025-06-22,1,1,1
878,6,704,2021-07-22,0,0,0
879,3,3910,2021-12-14,1,1,0
880,8,22,2023-02-08,0,0,0
881,10,4866,2024-01-30,0,0,0
882,10,7,2024-01-18,1,0,0
883,3,2592,2021-12-10,0,0,0
884,5,1072,2025-06-22,0,0,0
885,9,3038,2021-10-03,1,0,0
886,4,980,2021-11-23,1,1,0
887,5,4574,2025-06-21,0,0,0
888,5,929,2025-06-22,0,0,0
889,7,4538,2024-12-13,1,1,0
890,8,2178,2023-01-28,1,0,0
891,9,2861,2021-09-25,0,0,0
892,3,63,2021-12-15,1,1,0
893,2,4905,2026-01-12,0,0,0
894,5,3874,2025-06-18,1,1,0
895,10,2940,2024-01-26,0,0,0
896,10,1107,2024-01-19,0,0,0
897,10,2744,2024-01-18,0,0,0
898,10,1962,2024-01-14,1,0,0
899,9,913,2021-09-21,0,0,0
900,2,58,2026-01-11,0,0,0
901,9,682,2021-09-17,1,0,0
902,8,2587,2023-02-06,1,0,0
903,1,4969,2024-08-15,1,0,0
904,9,2211,2021-10-02,1,1,0
905,3,4986,2021-12-02,1,0,0
906,6,942,2021-07-18,1,1,1
907,1,4811,2024-08-01,0,0,0
908,8,3024,2023-02-02,1,0,0
909,5,4425,2025-06-22,1,0,0
910,6,3366,2021-07-12,1,0,0
911,7,3765,2024-12-23,0,0,0
912,4,569,2021-11-30,1,0,0
913,3,4931,2021-11-27,1,0,0
914,6,3833,2021-07-08,0,0,0
915,2,440,2026-01-05,1,1,0
916,10,3574,2024-01-18,0,0,0
917,6,2043,2021-07-09,1,1,0
918,2,2057,2026-01-11,0,0,0
919,5,4795,2025-06-16,0,0,0
920,7,1736,2024-12-25,1,0,0
921,3,3795,2021-12-10,1,0,0
922,10,2941,2024-01-13,1,1,0
923,8,4709,2023-02-16,1,1,0
924,5,3958,2025-06-17,0,0,0
925,8,3776,2023-02-15,0,0,0
926,3,4204,2021-12-13,0,0,0
927,4,39,2021-12-11,0,0,0
928,6,1973,2021-07-22,0,0,0
929,10,2168,2024-02-04,1,1,0
930,2,6,2026-01-08,1,0,0
931,7,956,2024-12-29,1,0,0
932,10,3815,2024-01-28,0,0,0
933,4,116,2021-12-11,0,0,0
934,9,1360,2021-09-20,1,1,0
935,6,2984,2021-07-18,1,0,0
936,6,2726,2021-07-10,1,0,0
937,1,2403,2024-08-04,1,0,0
938,6,2478,2021-07-19,1,0,0
939,5,320,2025-06-13,1,0,0
940,7,2846,2025-01-05,0,0,0
941,5,2625,2025-06-15,0,0,0
942,2,246,2026-01-20,1,0,0
943,1,4075,2024-08-07,0,0,0
944,4,4418,2021-11-27,1,1,0
945,2,1020,2026-01-16,0,0,0
946,2,2513,2026-01-11,1,0,0
947,7,1577,2024-12-14,1,0,0
948,6,2181,2021-07-23,1,1,0
949,8,3262,2023-02-17,1,1,0
950,2,3952,2026-01-13,1,1,0
951,8,4865,2023-02-05,1,0,0
952,5,3928,2025-06-12,1,0,0
953,5,2005,2025-06-09,1,1,0
954,2,3734,2026-01-15,0,0,0
955,6,1156,2021-07-11,0,0,0
956,6,1749,2021-07-21,1,1,0
957,10,4720,2024-01-26,1,1,1
958,1,103,2024-08-02,1,0,0
959,3,1637,2021-12-15,1,1,0
960,7,3544,2025-01-02,1,0,0
961,2,3967,2026-01-15,0,0,0
962,9,759,2021-10-07,1,0,0
963,1,3629,2024-08-13,0,0,0
964,2,3284,2026-01-18,1,1,0
965,7,1941,2024-12-13,0,0,0
966,1,137,2024-08-09,0,0,0
967,3,1962,2021-11-27,0,0,0
968,6,1863,2021-07-12,0,0,0
969,8,2080,2023-02-03,0,0,0
970,10,1577,2024-01-20,0,0,0
971,3,242,2021-12-10,1,1,1
972,6,736,2021-07-25,1,1,0
973,2,1112,2026-01-19,1,1,0
974,4,4455,2021-12-09,0,0,0
975,10,4039,2024-02-01,0,0,0
976,8,1082,2023-01-27,0,0,0
977,4,1786,2021-12-08,1,1,0
978,1,2859,2024-07-28,0,0,0
979,1,1100,2024-08-12,1,1,0
980,10,828,2024-02-02,1,1,0
981,7,4310,2024-12-30,0,0,0
982,10,3098,2024-01-26,0,0,0
983,1,2347,2024-08-02,1,1,1
984,9,381,2021-09-04,1,0,0
985,9,3447,2021-09-05,1,0,0
986,7,1344,2024-12-30,1,0,0
987,9,4905,2021-09-27,0,0,0
988,6,3160,2021-07-21,0,0,0
989,10,4161,2024-01-18,0,0,0
990,3,3487,2021-12-06,0,0,0
991,2,3150,2026-01-12,1,0,0
992,4,4617,2021-11-27,0,0,0
993,3,4475,2021-12-05,1,0,0
994,10,1919,2024-02-06,1,1,0
995,1,2638,2024-08-12,1,0,0
996,2,1242,2026-01-18,1,0,0
997,4,3146,2021-12-04,1,1,0
998,2,3442,2026-01-07,1,0,0
999,7,4298,2024-12-19,0,0,0
1000,2,1809,2026-01-19,0,0,0
1001,1,2887,2024-08-14,1,1,0
1002,5,116,2025-06-08,0,0,0
1003,4,1118,2021-12-10,0,0,0
1004,9,3634,2021-10-10,1,1,0
1005,9,3275,2021-09-18,0,0,0
1006,1,2663,2024-07-28,0,0,0
1007,4,2476,2021-12-03,1,1,0
1008,6,578,2021-07-12,0,0,0
1009,8,2832,2023-01-28,0,0,0
1010,9,2130,2021-10-06,1,0,0
1011,1,4397,2024-08-15,0,0,0
1012,3,3205,2021-12-11,0,0,0
1013,8,4397,2023-02-12,1,1,0
1014,8,1228,2023-02-10,0,0,0
1015,4,1405,2021-11-25,0,0,0
1016,10,4175,2024-01-19,1,1,0
1017,5,2892,2025-06-14,0,0,0
1018,5,3005,2025-06-22,1,0,0
1019,5,3606,2025-06-14,0,0,0
1020,9,1346,2021-10-01,0,0,0
1021,9,1572,2021-10-10,0,0,0
1022,7,2043,2024-12-30,1,0,0
1023,3,275,2021-11-28,0,0,0
1024,2,4285,2026-01-15,0,0,0
1025,1,1173,2024-07-30,0,0,0
1026,4,4879,2021-12-11,1,0,0
1027,3,3745,2021-12-05,1,1,0
1028,7,1525,2024-12-28,1,0,0
1029,9,457,2021-09-13,0,0,0
1030,7,665,2025-01-05,0,0,0
1031,3,1873,2021-12-08,0,0,0
1032,4,1444,2021-12-06,0,0,0
1033,2,1033,2026-01-13,1,0,0
1034,6,3716,2021-07-21,1,0,0
1035,4,2110,2021-12-05,0,0,0
1036,7,4820,2024-12-20,1,1,1
1037,6,3230,2021-07-07,1,0,0
1038,5,4168,2025-06-09,1,0,0
1039,7,4473,2024-12-16,1,0,0
1040,9,347,2021-09-12,1,1,1
1041,5,4824,2025-06-22,0,0,0
1042,9,4440,2021-10-08,1,1,0
1043,1,2565,2024-08-16,1,1,0
1044,1,4568,2024-08-02,0,0,0
1045,9,27,2021-09-25,0,0,0
1046,8,1543,2023-02-12,0,0,0
1047,4,3266,2021-11-25,1,0,0
1048,4,3102,2021-12-09,0,0,0
1049,3,1311,2021-12-10,1,0,0
1050,2,1272,2026-01-20,0,0,0
1051,10,3619,2024-02-02,0,0,0
1052,3,2534,2021-12-04,1,0,0
1053,3,3319,2021-12-06,0,0,0
1054,1,1828,2024-07-31,1,0,0
1055,5,2947,2025-06-13,1,0,0
1056,1,2700,2024-08-07,1,0,0
1057,6,2326,2021-07-10,0,0,0
1058,1,3891,2024-07-28,1,0,0
1059,7,3971,2024-12-20,1,1,1
1060,7,2035,2024-12-11,0,0,0
1061,1,1195,2024-08-07,0,0,0
1062,5,3610,2025-06-19,0,0,0
1063,8,2197,2023-01-27,1,0,0
1064,4,1443,2021-12-10,0,0,0
1065,1,4072,2024-08-05,1,1,0
1066,8,4979,2023-02-02,0,0,0
1067,2,1736,2026-01-13,0,0,0
1068,1,3461,2024-08-13,1,0,0
1069,10,3800,2024-01-15,1,0,0
1070,5,4687,2025-06-11,0,0,0
1071,8,1737,2023-01-31,1,0,0
1072,6,3497,2021-07-21,1,0,0
1073,8,4794,2023-02-05,0,0,0
1074,9,1959,2021-10-08,0,0,0
1075,5,3534,2025-06-22,1,1,0
1076,2,3246,2026-01-17,1,0,0
1077,4,4753,2021-11-28,1,0,0
1078,1,2053,2024-07-28,1,1,0
1079,7,3097,2024-12-26,1,1,0
1080,2,2891,2026-01-20,1,0,0
1081,5,386,2025-06-22,1,1,0
1082,1,3823,2024-08-12,0,0,0
1083,4,3548,2021-11-26,0,0,0
1084,9,677,2021-09-29,0,0,0
1085,8,1246,2023-02-08,1,0,0
1086,5,2010,2025-06-18,0,0,0
1087,10,1944,2024-02-04,1,0,0
1088,9,4779,2021-10-07,0,0,0
1089,2,4877,2026-01-18,0,0,0
1090,10,4947,2024-01-18,1,0,0
1091,9,1636,2021-09-17,0,0,0
1092,8,3183,2023-01-30,1,1,0
1093,7,3363,2025-01-05,1,0,0
1094,5,3240,2025-06-07,0,0,0
1095,1,2190,2024-08-06,1,1,1
1096,8,483,2023-01-28,0,0,0
1097,3,4177,2021-12-13,0,0,0
1098,8,4452,2023-02-17,1,0,0
1099,3,1432,2021-12-07,0,0,0
1100,1,3092,2024-08-16,1,1,0
1101,8,154,2023-02-05,1,0,0
1102,2,980,2026-01-12,1,0,0
1103,9,1824,2021-09-17,1,0,0
1104,1,4643,2024-08-03,1,0,0
1105,1,2973,2024-07-31,1,1,0
1106,3,1694,2021-12-08,0,0,0
1107,2,2769,2026-01-06,1,0,0
1108,5,738,2025-06-06,1,0,0
1109,6,185,2021-07-21,0,0,0
1110,3,93,2021-12-15,0,0,0
1111,6,1840,2021-07-11,0,0,0
1112,5,3818,2025-06-22,1,1,0
1113,5,2659,2025-06-15,1,0,0
1114,8,301,2023-02-09,0,0,0
1115,10,2572,2024-02-06,0,0,0
1116,1,355,2024-08-01,1,1,0
1117,7,1979,2024-12-23,1,0,0
1118,4,3266,2021-11-26,0,0,0
1119,9,2415,2021-10-06,1,1,0
1120,7,948,2025-01-05,0,0,0
1121,6,1702,2021-07-08,1,1,1
1122,10,3292,2024-01-31,0,0,0
1123,7,525,2025-01-03,0,0,0
1124,7,4804,2024-12-25,1,0,0
1125,2,2525,2026-01-17,0,0,0
1126,4,3573,2021-11-24,1,1,0
1127,5,2338,2025-06-15,1,0,0
1128,7,2618,2024-12-19,1,1,0
1129,2,3679,2026-01-10,0,0,0
1130,3,904,2021-12-06,1,0,0
1131,9,2495,2021-09-27,1,1,0
1132,9,421,2021-09-03,0,0,0
1133,7,1147,2024-12-20,0,0,0
1134,6,47,2021-07-17,0,0,0
1135,2,1326,2026-01-19,1,0,0
1136,9,4988,2021-09-17,1,1,0
1137,3,2700,2021-12-04,1,1,0
1138,5,1878,2025-06-20,0,0,0
1139,10,737,2024-01-23,0,0,0
1140,3,944,2021-12-08,0,0,0
1141,2,1781,2026-01-13,1,1,0
1142,6,1707,2021-07-10,1,0,0
1143,8,361,2023-01-24,1,0,0
1144,7,4586,2024-12-14,0,0,0
1145,1,228,2024-08-15,1,0,0
1146,10,2747,2024-01-22,1,0,0
1147,4,674,2021-11-23,0,0,0
1148,8,3512,2023-01-31,1,1,0
1149,10,1782,2024-01-13,0,0,0
1150,9,1727,2021-09-20,1,1,0
1151,7,686,2024-12-31,1,0,0
1152,8,3285,2023-02-09,0,0,0
1153,2,4020,2026-01-20,1,0,0
1154,1,1093,2024-07-29,1,0,0
1155,6,244,2021-07-22,1,1,1
1156,8,4727,2023-02-18,1,0,0
1157,1,3052,2024-08-05,1,1,0
1158,5,2922,2025-06-10,1,0,0
1159,8,3359,2023-02-13,0,0,0
1160,6,3839,2021-07-19,0,0,0
1161,5,1363,2025-06-15,0,0,0
1162,6,971,2021-07-20,0,0,0
1163,6,599,2021-07-06,0,0,0
1164,5,1636,2025-06-08,1,0,0
1165,6,4457,2021-07-14,1,1,1
1166,6,4370,2021-07-08,1,1,1
1167,3,4744,2021-12-05,0,0,0
1168,10,1093,2024-01-27,0,0,0
1169,10,1059,2024-02-04,1,1,0
1170,6,4354,2021-07-08,1,1,0
1171,1,2229,2024-08-15,1,0,0
1172,1,4059,2024-08-02,1,0,0
1173,7,2977,2024-12-23,0,0,0
1174,5,2789,2025-06-19,1,0,0
1175,8,3242,2023-02-18,0,0,0
1176,2,4666,2026-01-05,0,0,0
1177,10,3482,2024-01-13,0,0,0
1178,10,1086,2024-01-16,0,0,0
1179,4,3530,2021-11-27,1,0,0
1180,9,3773,2021-09-15,1,0,0
1181,6,4090,2021-07-16,0,0,0
1182,7,75,2024-12-18,1,1,1
1183,4,1757,2021-12-01,0,0,0
1184,5,1926,2025-06-08,1,1,1
1185,4,3881,2021-12-06,0,0,0
1186,2,2009,2026-01-18,1,0,0
1187,2,3841,2026-01-17,1,0,0
1188,9,3157,2021-10-02,1,0,0
1189,2,684,2026-01-10,1,0,0
1190,7,1466,2025-01-01,0,0,0
1191,7,14,2024-12-26,1,0,0
1192,6,830,2021-07-19,1,0,0
1193,9,4003,2021-10-12,1,1,0
1194,1,992,2024-08-15,0,0,0
1195,5,2741,2025-06-13,0,0,0
1196,4,4176,2021-11-30,0,0,0
1197,4,4440,2021-12-02,0,0,0
1198,5,2041,2025-06-19,1,0,0
1199,1,4130,2024-08-07,0,0,0
1200,2,3295,2026-01-05,0,0,0
1201,2,1045,2026-01-08,1,1,0
1202,9,473,2021-09-29,0,0,0
1203,2,919,2026-01-15,0,0,0
1204,9,1040,2021-09-19,1,0,0
1205,7,3796,2024-12-29,1,0,0
1206,3,1794,2021-12-08,0,0,0
1207,10,2897,2024-01-17,1,0,0
1208,7,4599,2024-12-27,0,0,0
1209,9,2254,2021-09-19,0,0,0
1210,7,260,2025-01-04,1,1,0
1211,1,3689,2024-08-12,0,0,0
1212,3,2414,2021-11-28,1,0,0
1213,2,3286,2026-01-11,0,0,0
1214,7,4782,2024-12-27,1,1,0
1215,5,4876,2025-06-18,0,0,0
1216,1,1138,2024-08-01,1,0,0
1217,2,3505,2026-01-07,0,0,0
1218,2,3752,2026-01-09,0,0,0
1219,5,4116,2025-06-20,0,0,0
1220,5,4541,2025-06-16,1,0,0
1221,3,3495,2021-12-12,0,0,0
1222,10,2996,2024-01-17,1,0,0
1223,8,1284,2023-02-17,1,1,0
1224,10,16,2024-01-25,1,0,0
1225,9,2426,2021-10-06,0,0,0
1226,10,260,2024-02-04,0,0,0
1227,1,643,2024-07-29,1,1,0
1228,5,201,2025-06-19,0,0,0
1229,9,2136,2021-09-12,1,1,0
1230,5,4400,2025-06-13,1,1,0
1231,3,3293,2021-12-14,0,0,0
1232,8,2422,2023-01-27,0,0,0
1233,9,2473,2021-09-04,1,0,0
1234,2,4504,2026-01-08,1,1,1
1235,2,4074,2026-01-08,1,0,0
1236,10,2697,2024-01-20,0,0,0
1237,5,1810,2025-06-07,0,0,0
1238,3,2893,2021-12-15,0,0,0
1239,3,2750,2021-12-06,0,0,0
1240,9,4703,2021-09-17,1,0,0
1241,7,2544,2024-12-12,1,0,0
1242,6,2625,2021-07-14,1,1,0
1243,4,1597,2021-11-24,1,0,0
1244,2,4795,2026-01-05,0,0,0
1245,1,3831,2024-08-15,0,0,0
1246,3,297,2021-12-14,1,0,0
1247,8,4409,2023-02-11,1,0,0
1248,4,2714,2021-12-06,0,0,0
1249,6,359,2021-07-20,0,0,0
1250,5,2657,2025-06-08,0,0,0
1251,5,4691,2025-06-10,0,0,0
1252,7,1420,2024-12-28,0,0,0
1253,9,571,2021-10-01,0,0,0
1254,1,3108,2024-08-13,1,0,0
1255,9,3165,2021-09-16,0,0,0
1256,9,1438,2021-09-09,0,0,0
1257,9,3682,2021-10-13,1,0,0
1258,5,1641,2025-06-10,1,0,0
1259,2,4350,2026-01-14,0,0,0
1260,8,865,2023-02-04,1,1,0
1261,1,2371,2024-08-13,0,0,0
1262,4,281,2021-11-27,0,0,0
1263,1,749,2024-08-14,1,1,0
1264,8,2632,2023-02-16,0,0,0
1265,4,2418,2021-11-25,0,0,0
1266,10,2463,2024-01-18,1,0,0
1267,3,2561,2021-12-09,1,0,0
1268,5,3705,2025-06-09,1,1,1
1269,10,4114,2024-01-27,1,0,0
1270,5,1356,2025-06-12,0,0,0
1271,1,2476,2024-08-12,0,0,0
1272,1,2608,2024-08-12,1,0,0
1273,7,4543,2024-12-31,0,0,0
1274,6,3896,2021-07-16,0,0,0
1275,9,1585,2021-09-04,0,0,0
1276,4,2632,2021-12-09,0,0,0
1277,5,1400,2025-06-14,0,0,0
1278,3,464,2021-12-13,1,1,0
1279,2,4491,2026-01-10,1,0,0
1280,8,1455,2023-02-17,1,1,0
1281,2,4956,2026-01-16,0,0,0
1282,4,4645,2021-11-22,0,0,0
1283,5,1753,2025-06-22,1,0,0
1284,9,1584,2021-09-05,0,0,0
1285,1,4525,2024-08-02,1,0,0
1286,10,4314,2024-02-05,0,0,0
1287,3,742,2021-12-15,1,1,1
1288,1,3651,2024-08-06,0,0,0
1289,2,1906,2026-01-05,1,1,1
1290,2,1920,2026-01-09,0,0,0
1291,4,4757,2021-12-06,0,0,0
1292,2,1866,2026-01-19,1,0,0
1293,1,2035,2024-08-14,1,1,0
1294,1,2632,2024-08-07,0,0,0
1295,10,162,2024-01-19,1,0,0
1296,4,67,2021-12-08,0,0,0
1297,10,491,2024-01-16,0,0,0
1298,2,5000,2026-01-11,1,1,0
1299,7,1994,2024-12-19,1,0,0
1300,3,1989,2021-12-03,1,0,0
1301,6,592,2021-07-12,0,0,0
1302,7,4387,2024-12-28,1,1,0
1303,5,1878,2025-06-07,1,0,0
1304,2,4037,2026-01-19,0,0,0
1305,5,2328,2025-06-16,0,0,0
1306,8,3137,2023-02-09,0,0,0
1307,8,152,2023-02-05,0,0,0
1308,4,1076,2021-11-24,1,1,0
1309,10,1403,2024-01-29,0,0,0
1310,7,3978,2024-12-23,0,0,0
1311,6,126,2021-07-08,0,0,0
1312,2,1808,2026-01-08,1,0,0
1313,2,2266,2026-01-16,1,1,1
1314,9,2047,2021-10-04,1,0,0
1315,5,3091,2025-06-12,1,0,0
1316,5,3199,2025-06-09,0,0,0
1317,10,2765,2024-01-21,1,1,0
1318,7,1150,2024-12-29,0,0,0
1319,3,1623,2021-11-28,1,0,0
1320,1,1319,2024-08-10,1,1,0
1321,9,2043,2021-09-24,1,0,0
1322,7,2789,2024-12-14,0,0,0
1323,1,961,2024-08-04,0,0,0
1324,5,3582,2025-06-06,1,1,0
1325,6,4993,2021-07-24,0,0,0
1326,4,4773,2021-11-22,0,0,0
1327,10,763,2024-01-20,0,0,0
1328,7,611,2024-12-13,1,0,0
1329,2,873,2026-01-12,1,0,0
1330,1,18,2024-08-09,0,0,0
1331,2,2086,2026-01-08,1,1,0
1332,6,924,2021-07-18,1,1,1
1333,8,2178,2023-01-26,1,1,0
1334,6,2213,2021-07-18,0,0,0
1335,4,3850,2021-12-09,0,0,0
1336,7,1474,2024-12-28,0,0,0
1337,5,2974,2025-06-13,1,0,0
1338,8,2477,2023-01-28,1,0,0
1339,10,557,2024-01-19,1,0,0
1340,4,2286,2021-11-24,0,0,0
1341,5,2446,2025-06-06,1,0,0
1342,2,4400,2026-01-10,0,0,0
1343,8,3050,2023-01-29,1,1,0
1344,10,1349,2024-01-24,0,0,0
1345,9,1602,2021-10-11,1,0,0
1346,7,1578,2024-12-30,1,1,0
1347,8,3123,2023-01-27,1,1,0
1348,6,4468,2021-07-08,1,0,0
1349,8,2715,2023-01-21,0,0,0
1350,7,2006,2024-12-12,0,0,0
1351,10,60,2024-01-23,1,0,0
1352,2,2651,2026-01-17,1,1,0
1353,3,3605,2021-12-08,0,0,0
1354,10,4193,2024-01-31,1,0,0
1355,4,2508,2021-11-23,0,0,0
1356,6,1599,2021-07-17,0,0,0
1357,4,611,2021-11-23,0,0,0
1358,3,2032,2021-12-05,0,0,0
1359,10,3123,2024-02-04,1,0,0
1360,6,2844,2021-07-25,0,0,0
1361,7,975,2024-12-24,0,0,0
1362,9,4058,2021-09-09,0,0,0
1363,7,3109,2024-12-17,0,0,0
1364,9,3612,2021-10-12,1,1,1
1365,8,681,2023-02-02,1,0,0
1366,8,2937,2023-02-06,1,0,0
1367,4,1469,2021-12-03,1,0,0
1368,10,4169,2024-01-27,1,0,0
1369,5,4983,2025-06-11,1,0,0
1370,9,4983,2021-09-10,0,0,0
1371,2,2656,2026-01-15,0,0,0
1372,7,2855,2024-12-22,0,0,0
1373,5,3976,2025-06-12,0,0,0
1374,1,2535,2024-07-28,0,0,0
1375,8,264,2023-02-10,1,0,0
1376,7,46,2025-01-04,1,1,0
1377,7,122,2024-12-29,1,0,0
1378,8,833,2023-02-02,0,0,0
1379,4,4586,2021-11-24,1,1,0
1380,1,1584,2024-08-15,1,0,0
1381,2,3126,2026-01-07,1,1,0
1382,3,415,2021-12-07,1,0,0
1383,6,3531,2021-07-12,1,0,0
1384,5,2604,2025-06-22,0,0,0
1385,3,150,2021-12-02,0,0,0
1386,1,2926,2024-08-05,0,0,0
1387,9,751,2021-09-01,0,0,0
1388,5,2748,2025-06-18,0,0,0
1389,6,772,2021-07-24,0,0,0
1390,2,1190,2026-01-18,0,0,0
1391,8,156,2023-01-26,0,0,0
1392,2,4892,2026-01-06,0,0,0
1393,5,3305,2025-06-15,1,1,1
1394,7,3641,2024-12-27,1,0,0
1395,1,3026,2024-08-06,1,0,0
1396,6,3652,2021-07-14,1,0,0
1397,10,4305,2024-01-27,1,1,0
1398,9,904,2021-09-29,0,0,0
1399,6,1162,2021-07-10,1,0,0
1400,4,1726,2021-12-02,0,0,0
1401,4,764,2021-12-06,1,1,0
1402,3,2195,2021-12-13,1,0,0
1403,9,4,2021-10-10,1,0,0
1404,4,2230,2021-11-24,0,0,0
1405,8,3562,2023-02-09,0,0,0
1406,10,2116,2024-01-26,0,0,0
1407,6,577,2021-07-20,0,0,0
1408,3,4237,2021-12-14,1,0,0
1409,9,2816,2021-09-18,1,0,0
1410,2,1142,2026-01-20,0,0,0
1411,9,1813,2021-10-01,1,1,0
1412,10,3576,2024-01-26,1,0,0
1413,3,2540,2021-11-29,0,0,0
1414,8,2979,2023-01-27,0,0,0
1415,2,4796,2026-01-11,0,0,0
1416,2,1962,2026-01-07,1,0,0
1417,8,2891,2023-02-05,0,0,0
1418,3,3488,2021-12-15,1,0,0
1419,10,2579,2024-01-18,0,0,0
1420,8,2315,2023-01-25,1,1,0
1421,7,1734,2025-01-04,1,1,0
1422,8,503,2023-02-10,1,0,0
1423,4,3554,2021-12-03,0,0,0
1424,6,1753,2021-07-20,1,0,0
1425,10,1797,2024-01-31,1,1,0
1426,3,1557,2021-12-03,1,1,0
1427,3,1223,2021-12-06,0,0,0
1428,3,987,2021-12-15,0,0,0
1429,2,3712,2026-01-18,1,1,0
1430,8,4361,2023-01-22,0,0,0
1431,3,383,2021-11-28,0,0,0
1432,8,4875,2023-01-22,1,0,0
1433,1,2189,2024-08-16,1,0,0
1434,9,3731,2021-09-15,0,0,0
1435,2,4773,2026-01-18,0,0,0
1436,4,4573,2021-12-11,0,0,0
1437,9,237,2021-10-08,1,0,0
1438,3,336,2021-12-12,1,1,0
1439,2,905,2026-01-09,1,0,0
1440,10,4248,2024-02-04,0,0,0
1441,2,4699,2026-01-11,1,0,0
1442,7,1727,2024-12-11,0,0,0
1443,7,2776,2024-12-27,0,0,0
1444,9,1308,2021-09-05,1,1,0
1445,5,3662,2025-06-09,0,0,0
1446,7,690,2024-12-18,0,0,0
1447,4,4893,2021-11-26,1,1,0
1448,8,4119,2023-02-04,0,0,0
1449,8,4368,2023-01-30,1,0,0
1450,9,3586,2021-10-12,0,0,0
1451,9,4061,2021-09-17,1,0,0
1452,7,2433,2025-01-03,1,1,0
1453,9,2656,2021-09-29,1,1,0
1454,2,4710,2026-01-09,1,0,0
1455,6,252,2021-07-17,1,0,0
1456,4,289,2021-12-09,0,0,0
1457,4,353,2021-12-07,1,0,0
1458,5,4259,2025-06-11,1,0,0
1459,2,3707,2026-01-05,0,0,0
1460,3,3562,2021-12-06,0,0,0
1461,2,1470,2026-01-20,0,0,0
1462,9,3755,2021-10-04,1,1,1
1463,2,3867,2026-01-18,0,0,0
1464,8,3269,2023-01-26,1,1,0
1465,6,4637,2021-07-13,0,0,0
1466,3,502,2021-11-30,0,0,0
1467,5,431,2025-06-22,1,0,0
1468,3,3733,2021-12-04,0,0,0
1469,9,711,2021-09-28,0,0,0
1470,9,4221,2021-10-10,1,1,1
1471,1,1890,2024-08-15,0,0,0
1472,10,2995,2024-01-17,0,0,0
1473,9,42,2021-09-29,0,0,0
1474,9,3928,2021-10-06,0,0,0
1475,2,4889,2026-01-13,0,0,0
1476,5,3435,2025-06-10,1,0,0
1477,4,2113,2021-11-25,0,0,0
1478,3,1704,2021-12-01,1,1,0
1479,8,2357,2023-02-08,1,0,0
1480,5,3918,2025-06-17,0,0,0
1481,1,4201,2024-07-28,1,0,0
1482,7,4847,2024-12-30,0,0,0
1483,3,4514,2021-12-02,1,0,0
1484,9,4092,2021-10-04,0,0,0
1485,7,1901,2024-12-28,0,0,0
1486,6,1292,2021-07-06,0,0,0
1487,9,4999,2021-09-25,0,0,0
1488,3,3385,2021-12-02,0,0,0
1489,10,4806,2024-01-16,1,0,0
1490,1,3256,2024-08-08,1,1,0
1491,1,3674,2024-08-16,0,0,0
1492,2,2979,2026-01-19,0,0,0
1493,5,711,2025-06-10,1,0,0
1494,7,3662,2024-12-26,1,1,0
1495,4,1299,2021-11-22,1,0,0
1496,7,3125,2024-12-29,1,0,0
1497,1,1381,2024-08-14,0,0,0
1498,3,4673,2021-12-13,1,1,1
1499,5,4263,2025-06-09,1,0,0
1500,6,4525,2021-07-22,0,0,0
1501,6,93,2021-07-21,1,0,0
1502,4,346,2021-11-30,0,0,0
1503,3,3981,2021-12-09,0,0,0
1504,1,4468,2024-08-04,0,0,0
1505,7,541,2024-12-14,1,1,0
1506,7,4521,2024-12-19,0,0,0
1507,10,2404,2024-02-06,0,0,0
1508,1,790,2024-08-10,1,1,0
1509,4,4120,2021-12-05,1,0,0
1510,7,3083,2024-12-15,1,1,0
1511,7,2125,2025-01-01,1,1,0
1512,5,2891,2025-06-10,0,0,0
1513,6,3500,2021-07-14,1,0,0
1514,8,2521,2023-02-17,1,0,0
1515,5,3226,2025-06-07,0,0,0
1516,2,3879,2026-01-11,0,0,0
1517,8,1689,2023-02-09,1,0,0
1518,7,4726,2024-12-21,0,0,0
1519,2,909,2026-01-05,1,0,0
1520,8,4290,2023-02-08,0,0,0
1521,5,3522,2025-06-09,1,0,0
1522,9,3777,2021-09-14,1,1,0
1523,3,1870,2021-11-27,0,0,0
1524,5,3802,2025-06-21,1,0,0
1525,1,2753,2024-08-05,1,1,0
1526,8,4650,2023-01-31,1,1,0
1527,3,1317,2021-12-12,0,0,0
1528,2,3353,2026-01-08,1,1,0
1529,6,1356,2021-07-18,0,0,0
1530,8,1536,2023-01-21,0,0,0
1531,1,3527,2024-07-30,0,0,0
1532,6,2724,2021-07-14,1,0,0
1533,1,1821,2024-08-01,0,0,0
1534,8,2007,2023-01-29,1,0,0
1535,9,1062,2021-09-07,1,0,0
1536,2,684,2026-01-05,0,0,0
1537,2,4617,2026-01-08,1,0,0
1538,2,1350,2026-01-14,1,0,0
1539,6,1276,2021-07-17,1,1,0
1540,1,976,2024-08-06,0,0,0
1541,5,899,2025-06-10,0,0,0
1542,5,372,2025-06-17,1,0,0
1543,4,4105,2021-11-29,1,0,0
1544,3,1351,2021-12-06,1,0,0
1545,6,959,2021-07-09,0,0,0
1546,4,4664,2021-12-09,0,0,0
1547,9,2066,2021-10-11,1,0,0
1548,9,2611,2021-09-30,1,0,0
1549,2,4192,2026-01-06,0,0,0
1550,6,2679,2021-07-13,1,0,0
1551,8,1992,2023-01-28,0,0,0
1552,4,2802,2021-11-27,1,0,0
1553,6,2663,2021-07-19,0,0,0
1554,1,408,2024-08-01,1,0,0
1555,3,1367,2021-12-02,1,1,0
1556,2,2108,2026-01-16,0,0,0
1557,3,4292,2021-12-08,1,0,0
1558,9,4455,2021-10-08,0,0,0
1559,9,2617,2021-09-18,1,1,1
1560,1,93,2024-08-12,0,0,0
1561,8,4908,2023-01-22,0,0,0
1562,10,2628,2024-01-29,1,0,0
1563,4,3539,2021-12-04,1,1,0
1564,5,2758,2025-06-18,0,0,0
1565,4,4413,2021-11-23,0,0,0
1566,2,3583,2026-01-20,1,1,0
1567,7,3184,2024-12-14,1,0,0
1568,4,2213,2021-11-29,0,0,0
1569,8,4775,2023-01-21,0,0,0
1570,9,3742,2021-10-11,0,0,0
1571,9,3399,2021-09-23,1,0,0
1572,7,2105,2024-12-11,1,1,0
1573,6,3478,2021-07-10,1,1,0
1574,2,2008,2026-01-11,0,0,0
1575,1,1357,2024-07-29,0,0,0
1576,9,4025,2021-09-30,0,0,0
1577,10,1840,2024-01-27,0,0,0
1578,1,2098,2024-07-30,0,0,0
1579,1,4533,2024-08-15,1,0,0
1580,1,1399,2024-08-03,0,0,0
1581,6,3994,2021-07-06,1,0,0
1582,7,4658,2025-01-04,0,0,0
1583,5,3128,2025-06-11,1,1,0
1584,6,750,2021-07-09,1,1,0
1585,5,4408,2025-06-08,0,0,0
1586,7,3376,2024-12-23,1,1,0
1587,10,6,2024-02-03,0,0,0
1588,8,4388,2023-02-01,0,0,0
1589,2,1351,2026-01-11,0,0,0
1590,1,4592,2024-07-30,1,1,1
1591,2,200,2026-01-20,0,0,0
1592,10,1460,2024-01-21,1,0,0
1593,5,4131,2025-06-15,1,1,0
1594,5,3372,2025-06-16,1,1,1
1595,2,4542,2026-01-07,1,0,0
1596,4,4941,2021-11-26,0,0,0
1597,3,3201,2021-12-08,1,1,0
1598,9,687,2021-10-03,1,1,0
1599,2,2490,2026-01-19,1,0,0
1600,10,1946,2024-01-17,0,0,0
1601,4,2788,2021-11-27,0,0,0
1602,2,4986,2026-01-17,0,0,0
1603,2,4412,2026-01-07,0,0,0
1604,9,629,2021-10-09,1,1,0
1605,3,4842,2021-12-11,0,0,0
1606,1,4005,2024-08-14,1,0,0
1607,4,4189,2021-11-23,1,1,0
1608,2,355,2026-01-05,0,0,0
1609,10,1906,2024-02-04,0,0,0
1610,4,4092,2021-11-24,0,0,0
1611,4,1135,2021-11-28,1,0,0
1612,10,4906,2024-01-26,0,0,0
1613,8,3178,2023-02-11,0,0,0
1614,4,1627,2021-11-28,0,0,0
1615,5,2748,2025-06-22,1,1,0
1616,9,2383,2021-09-16,0,0,0
1617,6,2124,2021-07-12,0,0,0
1618,5,452,2025-06-21,0,0,0
1619,8,1987,2023-01-23,0,0,0
1620,6,2307,2021-07-10,0,0,0
1621,9,2068,2021-09-25,1,0,0
1622,9,648,2021-09-22,0,0,0
1623,1,2402,2024-08-01,1,0,0
1624,1,2412,2024-08-15,1,0,0
1625,4,2330,2021-11-25,1,1,0
1626,9,3388,2021-08-31,0,0,0
1627,7,1852,2024-12-27,1,0,0
1628,10,4533,2024-02-05,1,0,0
1629,8,371,2023-02-10,0,0,0
1630,7,2698,2024-12-10,0,0,0
1631,9,1403,2021-09-25,0,0,0
1632,8,2607,2023-01-23,1,1,0
1633,6,1698,2021-07-20,1,0,0
1634,3,4725,2021-12-11,0,0,0
1635,8,3807,2023-02-01,0,0,0
1636,7,2653,2024-12-10,1,1,0
1637,4,4832,2021-12-04,0,0,0
1638,8,1180,2023-02-05,1,0,0
1639,10,2199,2024-01-19,0,0,0
1640,5,4894,2025-06-17,1,1,0
1641,2,340,2026-01-06,1,1,0
1642,5,3575,2025-06-17,1,1,0
1643,10,438,2024-02-05,1,1,1
1644,7,4111,2025-01-05,0,0,0
1645,1,1091,2024-08-11,1,0,0
1646,10,2415,2024-01-19,1,1,1
1647,6,4480,2021-07-08,1,0,0
1648,10,3249,2024-01-13,0,0,0
1649,3,2621,2021-12-03,1,1,0
1650,1,1265,2024-07-28,0,0,0
1651,1,370,2024-08-05,0,0,0
1652,3,3671,2021-12-15,1,1,1
1653,2,1990,2026-01-20,1,0,0
1654,3,1423,2021-12-13,1,0,0
1655,1,4992,2024-08-01,0,0,0
1656,9,4241,2021-09-20,1,0,0
1657,6,3897,2021-07-21,0,0,0
1658,4,3802,2021-11-27,1,0,0
1659,4,4290,2021-12-11,1,1,0
1660,6,584,2021-07-25,0,0,0
1661,2,1090,2026-01-16,1,1,0
1662,1,3328,2024-08-14,1,0,0
1663,3,4299,2021-12-03,1,0,0
1664,7,3967,2025-01-01,0,0,0
1665,3,4971,2021-12-14,1,0,0
1666,5,262,2025-06-20,1,0,0
1667,2,4492,2026-01-06,0,0,0
1668,5,2835,2025-06-06,0,0,0
1669,9,3127,2021-10-01,1,0,0
1670,4,1076,2021-11-22,1,0,0
1671,9,4482,2021-09-10,1,0,0
1672,7,1580,2024-12-23,1,1,0
1673,6,851,2021-07-19,0,0,0
1674,5,811,2025-06-20,1,0,0
1675,2,1374,2026-01-12,1,1,0
1676,6,2415,2021-07-19,0,0,0
1677,3,1978,2021-12-06,0,0,0
1678,5,1944,2025-06-19,0,0,0
1679,2,1283,2026-01-20,1,0,0
1680,3,101,2021-12-01,0,0,0
1681,2,4173,2026-01-18,0,0,0
1682,5,940,2025-06-15,0,0,0
1683,10,4088,2024-01-18,1,0,0
1684,8,2946,2023-01-29,0,0,0
1685,5,1004,2025-06-14,1,1,0
1686,10,3751,2024-01-26,1,1,0
1687,5,3083,2025-06-22,1,1,0
1688,2,3274,2026-01-19,1,1,0
1689,7,4253,2025-01-02,0,0,0
1690,1,2309,2024-08-06,1,0,0
1691,7,2541,2024-12-26,0,0,0
1692,1,3792,2024-08-15,0,0,0
1693,6,2328,2021-07-16,0,0,0
1694,8,3612,2023-02-04,1,0,0
1695,4,3247,2021-12-07,0,0,0
1696,1,2685,2024-08-07,0,0,0
1697,2,2133,2026-01-07,1,0,0
1698,10,4227,2024-01-19,1,0,0
1699,2,568,2026-01-14,0,0,0
1700,4,1982,2021-12-02,1,0,0
1701,9,410,2021-09-07,1,0,0
1702,7,4821,2024-12-13,1,0,0
1703,1,3560,2024-07-30,0,0,0
1704,5,4191,2025-06-21,1,1,0
1705,5,3197,2025-06-11,0,0,0
1706,1,1826,2024-07-31,1,1,0
1707,3,2904,2021-11-29,1,1,0
1708,7,1348,2024-12-22,1,1,0
1709,1,1948,2024-08-03,1,0,0
1710,2,414,2026-01-20,0,0,0
1711,5,4101,2025-06-09,0,0,0
1712,2,3465,2026-01-13,1,0,0
1713,7,3999,2024-12-11,0,0,0
1714,2,494,2026-01-17,0,0,0
1715,7,2007,2024-12-21,0,0,0
1716,4,2153,2021-12-06,0,0,0
1717,7,1554,2024-12-27,0,0,0
1718,1,463,2024-08-05,1,1,1
1719,8,1306,2023-02-09,0,0,0
1720,7,4779,2024-12-11,0,0,0
1721,5,2485,2025-06-09,0,0,0
1722,10,3238,2024-01-28,1,1,0
1723,5,3312,2025-06-21,0,0,0
1724,3,2189,2021-12-09,1,1,0
1725,1,2224,2024-08-02,1,0,0
1726,2,1401,2026-01-08,0,0,0
1727,6,4435,2021-07-13,1,0,0
1728,8,1968,2023-02-18,1,0,0
1729,3,3405,2021-12-12,1,0,0
1730,5,627,2025-06-17,1,0,0
1731,7,4362,2024-12-26,1,0,0
1732,6,2377,2021-07-24,1,0,0
1733,2,4383,2026-01-06,1,0,0
1734,8,1657,2023-02-01,0,0,0
1735,7,3969,2024-12-28,0,0,0
1736,10,2321,2024-01-15,1,1,0
1737,1,1884,2024-08-11,0,0,0
1738,2,4411,2026-01-16,1,0,0
1739,2,2787,2026-01-15,1,1,0
1740,6,3057,2021-07-24,1,0,0
1741,9,429,2021-09-23,1,1,0
1742,1,4763,2024-07-31,1,0,0
1743,7,1005,2024-12-31,1,0,0
1744,10,2214,2024-01-28,1,0,0
1745,4,1228,2021-12-08,1,1,1
1746,8,802,2023-02-08,0,0,0
1747,1,2459,2024-08-16,1,1,1
1748,10,1579,2024-02-04,0,0,0
1749,2,2986,2026-01-06,0,0,0
1750,2,669,2026-01-15,0,0,0
1751,2,4829,2026-01-15,0,0,0
1752,4,315,2021-12-07,0,0,0
1753,1,1980,2024-08-13,1,0,0
1754,8,4687,2023-01-29,0,0,0
1755,6,4936,2021-07-19,0,0,0
1756,4,2978,2021-12-03,0,0,0
1757,4,2073,2021-12-11,1,0,0
1758,9,2276,2021-10-08,0,0,0
1759,8,3266,2023-01-29,1,0,0
1760,3,938,2021-12-11,1,1,0
1761,10,3681,2024-01-24,1,1,0
1762,2,4223,2026-01-12,1,0,0
1763,3,2579,2021-11-28,0,0,0
1764,2,1166,2026-01-07,0,0,0
1765,3,292,2021-12-01,1,1,0
1766,4,1093,2021-12-11,1,0,0
1767,1,3588,2024-08-12,1,1,0
1768,5,3333,2025-06-22,1,1,0
1769,4,1738,2021-11-24,1,0,0
1770,7,408,2024-12-10,0,0,0
1771,7,925,2024-12-14,0,0,0
1772,4,2208,2021-12-03,0,0,0
1773,10,3028,2024-01-24,1,1,0
1774,5,1216,2025-06-12,1,1,1
1775,6,1942,2021-07-25,0,0,0
1776,8,4807,2023-02-05,0,0,0
1777,4,3167,2021-11-25,0,0,0
1778,5,4538,2025-06-14,1,0,0
1779,6,1031,2021-07-09,0,0,0
1780,2,1658,2026-01-18,0,0,0
1781,7,4403,2024-12-16,0,0,0
1782,2,1498,2026-01-13,1,0,0
1783,6,4421,2021-07-07,1,1,1
1784,3,2177,2021-12-10,1,0,0
1785,2,517,2026-01-09,0,0,0
1786,6,4627,2021-07-18,1,1,1
1787,6,2876,2021-07-23,0,0,0
1788,6,3413,2021-07-12,0,0,0
1789,6,1519,2021-07-16,1,1,0
1790,8,7,2023-01-29,1,0,0
1791,9,4265,2021-09-08,1,0,0
1792,2,2926,2026-01-16,1,0,0
1793,9,139,2021-10-03,1,0,0
1794,6,510,2021-07-25,1,0,0
1795,7,3052,2025-01-02,1,1,1
1796,10,4979,2024-01-22,1,0,0
1797,2,3827,2026-01-12,1,0,0
1798,8,225,2023-02-11,1,0,0
1799,7,2449,2024-12-27,0,0,0
1800,8,1422,2023-02-10,1,0,0
1801,10,4339,2024-02-03,1,1,0
1802,8,1269,2023-02-06,0,0,0
1803,9,2692,2021-10-01,0,0,0
1804,4,1350,2021-12-06,1,0,0
1805,10,2121,2024-01-13,1,1,0
1806,10,3443,2024-01-21,0,0,0
1807,7,3691,2024-12-29,0,0,0
1808,2,3151,2026-01-06,1,0,0
1809,7,3486,2024-12-21,1,0,0
1810,1,3578,2024-08-02,1,0,0
1811,3,3140,2021-12-01,0,0,0
1812,4,1182,2021-12-07,0,0,0
1813,7,3969,2024-12-18,1,0,0
1814,8,391,2023-02-11,1,0,0
1815,9,3253,2021-09-20,0,0,0
1816,7,1864,2024-12-26,1,1,1
1817,1,3225,2024-08-09,0,0,0
1818,2,3679,2026-01-08,1,0,0
1819,6,3575,2021-07-16,0,0,0
1820,4,564,2021-12-09,1,0,0
1821,7,2138,2024-12-24,1,1,0
1822,6,2163,2021-07-12,1,0,0
1823,10,4290,2024-01-16,1,0,0
1824,6,2134,2021-07-09,1,0,0
1825,3,2902,2021-12-14,1,1,0
1826,5,3989,2025-06-20,0,0,0
1827,9,4683,2021-09-25,0,0,0
1828,9,1520,2021-10-01,0,0,0
1829,7,3474,2024-12-17,1,0,0
1830,9,3719,2021-09-14,1,1,0
1831,3,3850,2021-11-28,1,1,0
1832,2,1874,2026-01-10,1,1,0
1833,7,1158,2024-12-20,0,0,0
1834,3,1375,2021-12-12,1,0,0
1835,3,192,2021-12-14,1,0,0
1836,2,4700,2026-01-08,1,1,0
1837,6,2792,2021-07-23,1,1,1
1838,4,3365,2021-12-04,1,0,0
1839,5,3862,2025-06-21,1,1,0
1840,4,4128,2021-12-11,1,1,1
1841,10,1163,2024-01-28,1,1,0
1842,10,4338,2024-01-22,0,0,0
1843,4,4103,2021-12-08,0,0,0
1844,6,3786,2021-07-08,1,1,0
1845,1,3459,2024-07-28,0,0,0
1846,6,1754,2021-07-25,0,0,0
1847,2,4599,2026-01-13,0,0,0
1848,2,4238,2026-01-08,0,0,0
1849,5,3063,2025-06-08,1,1,0
1850,7,4299,2024-12-19,0,0,0
1851,1,3306,2024-08-15,0,0,0
1852,3,1836,2021-12-08,0,0,0
1853,10,3387,2024-01-28,0,0,0
1854,2,2678,2026-01-16,1,0,0
1855,7,4100,2024-12-10,1,1,0
1856,8,4827,2023-02-08,0,0,0
1857,8,664,2023-01-23,1,1,0
1858,2,3703,2026-01-13,0,0,0
1859,5,799,2025-06-19,1,0,0
1860,8,1315,2023-02-09,0,0,0
1861,4,3416,2021-12-04,1,0,0
1862,1,2919,2024-08-12,1,0,0
1863,10,4875,2024-01-29,1,0,0
1864,6,4,2021-07-19,1,0,0
1865,3,3451,2021-12-09,0,0,0
1866,10,2890,2024-01-27,1,1,1
1867,4,2352,2021-11-27,0,0,0
1868,2,1122,2026-01-05,0,0,0
1869,7,3000,2024-12-11,1,1,0
1870,4,1174,2021-12-10,0,0,0
1871,6,3232,2021-07-19,1,1,0
1872,5,2720,2025-06-06,1,0,0
1873,10,3244,2024-01-25,1,1,0
1874,5,842,2025-06-10,0,0,0
1875,9,1551,2021-09-02,1,1,0
1876,6,2304,2021-07-13,1,0,0
1877,3,1287,2021-12-01,1,0,0
1878,9,4100,2021-10-01,1,1,1
1879,9,2421,2021-08-31,0,0,0
1880,10,3230,2024-01-28,0,0,0
1881,9,2364,2021-10-13,0,0,0
1882,1,1431,2024-08-02,1,1,0
1883,10,4178,2024-01-25,0,0,0
1884,3,3359,2021-12-15,0,0,0
1885,5,1024,2025-06-16,0,0,0
1886,3,3156,2021-12-10,1,0,0
1887,8,976,2023-01-23,0,0,0
1888,1,4434,2024-08-05,1,0,0
1889,6,4549,2021-07-18,1,0,0
1890,10,980,2024-01-17,1,0,0
1891,4,1335,2021-12-07,0,0,0
1892,3,1572,2021-12-04,1,1,0
1893,9,3140,2021-09-09,0,0,0
1894,4,3690,2021-12-08,0,0,0
1895,3,2748,2021-12-14,1,1,0
1896,2,4977,2026-01-09,1,0,0
1897,9,1657,2021-09-15,1,0,0
1898,10,3673,2024-01-24,1,0,0
1899,5,1245,2025-06-10,0,0,0
1900,10,1317,2024-01-31,0,0,0
1901,7,3212,2024-12-22,1,0,0
1902,10,3730,2024-02-03,0,0,0
1903,10,4738,2024-01-31,0,0,0
1904,6,2215,2021-07-06,0,0,0
1905,9,4881,2021-10-12,0,0,0
1906,8,940,2023-01-23,1,1,0
1907,8,2753,2023-02-02,0,0,0
1908,8,164,2023-02-04,0,0,0
1909,1,3435,2024-08-02,1,0,0
1910,8,2930,2023-02-13,1,0,0
1911,4,4050,2021-11-24,1,0,0
1912,4,2663,2021-11-23,1,0,0
1913,7,3999,2025-01-04,1,0,0
1914,2,761,2026-01-15,1,1,0
1915,8,3815,2023-01-23,1,0,0
1916,6,2203,2021-07-10,1,0,0
1917,8,4926,2023-01-31,1,0,0
1918,2,546,2026-01-11,1,1,1
1919,4,1352,2021-12-10,1,0,0
1920,1,725,2024-08-03,1,0,0
1921,7,3670,2024-12-18,1,0,0
1922,3,1205,2021-11-29,1,1,0
1923,4,3772,2021-11-27,1,0,0
1924,3,382,2021-12-07,0,0,0
1925,10,4887,2024-01-22,1,1,0
1926,4,832,2021-11-28,0,0,0
1927,7,2962,2024-12-11,1,0,0
1928,1,4088,2024-07-28,1,0,0
1929,10,3674,2024-01-16,1,1,0
1930,10,4659,2024-01-18,0,0,0
1931,7,3300,2025-01-02,0,0,0
1932,8,3745,2023-02-15,1,0,0
1933,7,2531,2024-12-20,1,0,0
1934,10,3999,2024-01-14,1,1,0
1935,1,3940,2024-08-14,1,1,0
1936,4,3841,2021-11-24,1,0,0
1937,9,704,2021-09-15,0,0,0
1938,5,3555,2025-06-09,0,0,0
1939,2,295,2026-01-14,0,0,0
1940,7,869,2024-12-19,0,0,0
1941,5,1957,2025-06-17,1,0,0
1942,6,1048,2021-07-24,1,0,0
1943,8,63,2023-02-10,1,0,0
1944,1,821,2024-08-14,1,1,0
1945,1,1586,2024-08-16,0,0,0
1946,8,3294,2023-01-29,1,0,0
1947,7,884,2024-12-13,0,0,0
1948,6,1799,2021-07-06,0,0,0
1949,10,4542,2024-01-16,1,1,0
1950,4,3937,2021-12-01,1,0,0
1951,1,3884,2024-08-09,1,1,0
1952,7,2623,2024-12-25,0,0,0
1953,3,930,2021-12-10,0,0,0
1954,5,4568,2025-06-13,0,0,0
1955,4,3232,2021-12-05,1,0,0
1956,9,3123,2021-09-02,1,0,0
1957,5,1352,2025-06-10,1,1,0
1958,5,3839,2025-06-11,1,1,0
1959,5,3045,2025-06-16,0,0,0
1960,4,3015,2021-11-29,1,1,0
1961,4,4475,2021-11-23,1,0,0
1962,1,4004,2024-08-16,0,0,0
1963,5,1921,2025-06-10,1,1,0
1964,8,3263,2023-01-31,0,0,0
1965,8,1981,2023-02-03,1,0,0
1966,1,3616,2024-08-12,0,0,0
1967,1,1394,2024-08-16,0,0,0
1968,4,2751,2021-11-25,1,0,0
1969,9,2768,2021-09-04,0,0,0
1970,3,2708,2021-11-30,0,0,0
1971,10,2575,2024-01-25,1,0,0
1972,8,3659,2023-01-26,1,1,0
1973,8,3966,2023-02-17,1,0,0
1974,10,4428,2024-01-14,1,0,0
1975,10,4167,2024-01-13,1,0,0
1976,6,1091,2021-07-15,0,0,0
1977,3,4688,2021-12-08,0,0,0
1978,2,4901,2026-01-17,1,0,0
1979,8,2338,2023-01-25,1,1,0
1980,2,2260,2026-01-20,0,0,0
1981,7,1897,2024-12-24,0,0,0
1982,7,1453,2024-12-19,1,1,0
1983,10,3843,2024-01-30,0,0,0
1984,8,268,2023-02-08,1,1,1
1985,1,2312,2024-08-09,1,0,0
1986,2,1299,2026-01-15,0,0,0
1987,1,3520,2024-08-10,1,0,0
1988,3,2533,2021-12-15,1,0,0
1989,5,3965,2025-06-22,1,1,0
1990,9,1954,2021-10-07,1,1,0
1991,6,599,2021-07-10,0,0,0
1992,6,2055,2021-07-08,1,0,0
1993,6,353,2021-07-19,0,0,0
1994,1,699,2024-08-05,1,0,0
1995,10,4901,2024-01-16,1,0,0
1996,4,4249,2021-12-10,1,0,0
1997,6,1256,2021-07-13,1,1,0
1998,3,4142,2021-11-29,1,0,0
1999,4,3364,2021-11-22,0,0,0
2000,4,3829,2021-11-29,1,1,0
2001,6,3533,2021-07-11,0,0,0
2002,2,238,2026-01-08,1,0,0
2003,6,2857,2021-07-13,0,0,0
2004,8,3449,2023-02-15,0,0,0
2005,6,3292,2021-07-18,1,0,0
2006,2,4154,2026-01-06,1,0,0
2007,7,1391,2024-12-21,1,1,1
2008,10,2434,2024-02-06,1,1,0
2009,1,4763,2024-08-15,1,0,0
2010,2,31,2026-01-12,1,1,1
2011,3,697,2021-12-05,1,0,0
2012,10,1971,2024-01-15,1,1,1
2013,4,285,2021-11-26,0,0,0
2014,4,521,2021-11-26,1,0,0
2015,3,2807,2021-11-27,1,0,0
2016,8,1053,2023-01-23,0,0,0
2017,6,3124,2021-07-11,1,1,0
2018,4,1618,2021-12-06,1,0,0
2019,9,2855,2021-09-05,0,0,0
2020,5,554,2025-06-14,1,1,0
2021,6,3095,2021-07-24,0,0,0
2022,5,4857,2025-06-15,0,0,0
2023,7,2309,2024-12-30,1,0,0
2024,7,3335,2025-01-04,0,0,0
2025,5,1433,2025-06-09,0,0,0
2026,10,4278,2024-02-05,1,1,0
2027,1,198,2024-08-07,0,0,0
2028,3,3481,2021-12-14,0,0,0
2029,7,1799,2024-12-13,1,1,0
2030,7,588,2024-12-10,0,0,0
2031,7,1579,2025-01-02,0,0,0
2032,8,518,2023-01-31,0,0,0
2033,8,2492,2023-02-10,0,0,0
2034,7,1592,2024-12-21,1,1,1
2035,6,3657,2021-07-23,1,0,0
2036,8,1806,2023-01-27,0,0,0
2037,10,1325,2024-01-26,1,0,0
2038,3,1760,2021-12-02,0,0,0
2039,7,703,2024-12-31,1,0,0
2040,8,1662,2023-02-14,1,0,0
2041,7,3030,2024-12-13,0,0,0
2042,2,2255,2026-01-13,1,1,0
2043,2,42,2026-01-05,1,1,0
2044,4,3589,2021-11-29,1,0,0
2045,5,3073,2025-06-20,1,0,0
2046,3,4968,2021-12-09,1,0,0
2047,6,977,2021-07-12,1,0,0
2048,4,3001,2021-11-24,1,0,0
2049,1,1601,2024-08-14,1,0,0
2050,3,3712,2021-11-29,1,1,0
2051,5,2684,2025-06-13,0,0,0
2052,8,4799,2023-02-02,0,0,0
2053,10,4961,2024-01-23,0,0,0
2054,8,915,2023-02-01,1,1,0
2055,6,3640,2021-07-12,0,0,0
2056,9,3076,2021-09-07,1,0,0
2057,1,4030,2024-07-28,0,0,0
2058,1,4,2024-07-28,0,0,0
2059,1,2349,2024-08-15,0,0,0
2060,4,3982,2021-12-09,1,0,0
2061,4,2610,2021-12-02,1,1,0
2062,4,640,2021-12-08,0,0,0
2063,3,2876,2021-12-06,1,1,0
2064,8,1349,2023-02-15,0,0,0
2065,3,2943,2021-12-12,1,0,0
2066,4,2109,2021-12-07,1,1,0
2067,5,1235,2025-06-14,0,0,0
2068,5,3273,2025-06-18,1,0,0
2069,10,1018,2024-01-28,1,1,0
2070,7,3639,2024-12-10,1,1,0
2071,5,3741,2025-06-18,0,0,0
2072,1,1357,2024-08-08,1,1,1
2073,1,3485,2024-07-29,1,1,1
2074,9,3055,2021-09-28,0,0,0
2075,7,1571,2024-12-29,1,0,0
2076,7,3362,2024-12-23,1,0,0
2077,5,4028,2025-06-15,0,0,0
2078,4,4114,2021-11-27,0,0,0
2079,5,2474,2025-06-13,0,0,0
2080,5,1516,2025-06-22,0,0,0
2081,5,3607,2025-06-08,0,0,0
2082,2,1490,2026-01-13,0,0,0
2083,10,495,2024-01-17,0,0,0
2084,3,1809,2021-11-27,0,0,0
2085,7,3251,2024-12-10,0,0,0
2086,9,4932,2021-10-03,0,0,0
2087,4,2548,2021-11-28,1,1,0
2088,1,4400,2024-08-11,0,0,0
2089,2,1145,2026-01-20,1,1,0
2090,8,1569,2023-02-18,1,0,0
2091,7,2451,2024-12-28,0,0,0
2092,2,3924,2026-01-13,0,0,0
2093,10,4019,2024-01-27,0,0,0
2094,1,2436,2024-07-30,0,0,0
2095,10,941,2024-01-16,1,0,0
2096,8,51,2023-02-10,0,0,0
2097,2,471,2026-01-11,1,1,0
2098,8,3241,2023-02-12,1,0,0
2099,1,1583,2024-08-07,0,0,0
2100,7,1141,2024-12-15,0,0,0
2101,3,2791,2021-12-01,0,0,0
2102,4,3855,2021-11-30,1,0,0
2103,6,4779,2021-07-17,0,0,0
2104,4,3430,2021-11-30,1,1,0
2105,3,2280,2021-12-02,0,0,0
2106,1,4897,2024-08-01,1,0,0
2107,9,2071,2021-09-24,1,0,0
2108,6,394,2021-07-14,1,0,0
2109,4,2081,2021-12-03,0,0,0
2110,7,1203,2025-01-01,1,0,0
2111,3,3286,2021-12-14,0,0,0
2112,2,4228,2026-01-16,1,1,0
2113,5,1996,2025-06-22,1,0,0
2114,8,2792,2023-01-25,0,0,0
2115,5,2316,2025-06-11,1,0,0
2116,5,1639,2025-06-20,1,1,0
2117,7,1295,2024-12-14,1,1,0
2118,2,2101,2026-01-14,0,0,0
2119,6,3268,2021-07-22,1,0,0
2120,6,595,2021-07-21,1,1,0
2121,6,4547,2021-07-24,1,1,0
2122,2,3067,2026-01-11,1,1,1
2123,9,3393,2021-09-01,0,0,0
2124,6,1754,2021-07-06,0,0,0
2125,10,4752,2024-01-27,0,0,0
2126,9,370,2021-09-10,0,0,0
2127,9,4461,2021-10-05,0,0,0
2128,2,4860,2026-01-14,0,0,0
2129,9,4305,2021-09-03,0,0,0
2130,3,3149,2021-11-28,1,1,0
2131,1,293,2024-08-02,1,1,0
2132,9,65,2021-09-04,0,0,0
2133,4,711,2021-12-09,1,0,0
2134,5,4249,2025-06-07,0,0,0
2135,1,3233,2024-08-09,1,1,1
2136,1,2077,2024-07-29,1,0,0
2137,2,3300,2026-01-14,0,0,0
2138,5,2159,2025-06-09,1,0,0
2139,2,3207,2026-01-07,1,0,0
2140,5,2877,2025-06-17,0,0,0
2141,7,1464,2024-12-21,1,0,0
2142,3,1724,2021-12-12,0,0,0
2143,2,349,2026-01-13,0,0,0
2144,10,2673,2024-01-18,1,1,1
2145,5,1241,2025-06-22,0,0,0
2146,1,2439,2024-07-31,1,0,0
2147,8,2101,2023-01-25,1,1,0
2148,6,3036,2021-07-17,0,0,0
2149,4,4922,2021-11-30,1,0,0
2150,7,4890,2024-12-20,1,1,1
2151,6,1824,2021-07-19,1,1,0
2152,5,1557,2025-06-08,0,0,0
2153,9,3716,2021-09-19,0,0,0
2154,5,4025,2025-06-10,1,0,0
2155,3,4220,2021-11-27,0,0,0
2156,6,4676,2021-07-24,1,0,0
2157,6,1445,2021-07-08,1,0,0
2158,9,3558,2021-10-04,1,0,0
2159,9,1950,2021-10-12,0,0,0
2160,6,3805,2021-07-20,1,0,0
2161,5,1826,2025-06-08,0,0,0
2162,8,4186,2023-01-31,1,1,1
2163,9,1791,2021-10-09,1,1,0
2164,6,934,2021-07-07,1,1,1
2165,7,2915,2024-12-17,1,1,0
2166,3,301,2021-12-07,0,0,0
2167,9,3060,2021-10-03,1,0,0
2168,8,3281,2023-02-16,1,1,0
2169,1,1777,2024-08-06,0,0,0
2170,6,4468,2021-07-20,1,0,0
2171,2,2181,2026-01-13,1,1,0
2172,4,238,2021-12-11,1,1,0
2173,1,3400,2024-08-14,1,0,0
2174,1,3150,2024-08-12,0,0,0
2175,3,1008,2021-12-09,1,0,0
2176,8,235,2023-01-24,0,0,0
2177,5,4535,2025-06-19,1,1,0
2178,9,4042,2021-09-12,0,0,0
2179,10,4078,2024-01-16,1,1,0
2180,7,1128,2024-12-25,0,0,0
2181,2,2457,2026-01-09,0,0,0
2182,5,2836,2025-06-06,1,1,0
2183,10,3068,2024-01-18,1,1,0
2184,2,1129,2026-01-10,0,0,0
2185,5,953,2025-06-10,0,0,0
2186,7,2590,2024-12-23,1,0,0
2187,8,3147,2023-02-15,0,0,0
2188,6,4999,2021-07-10,0,0,0
2189,10,1838,2024-01-21,1,0,0
2190,7,2163,2024-12-14,1,1,0
2191,9,4482,2021-09-04,0,0,0
2192,3,3305,2021-12-08,0,0,0
2193,7,1623,2024-12-26,1,0,0
2194,2,2564,2026-01-16,0,0,0
2195,2,2024,2026-01-20,0,0,0
2196,5,3727,2025-06-18,0,0,0
2197,8,632,2023-02-03,0,0,0
2198,2,1620,2026-01-07,0,0,0
2199,5,4853,2025-06-07,1,1,0
2200,2,3692,2026-01-06,0,0,0
2201,4,1642,2021-11-30,1,0,0
2202,9,2929,2021-09-01,1,1,0
2203,10,1295,2024-02-03,1,1,0
2204,8,1175,2023-01-28,0,0,0
2205,4,3587,2021-12-11,1,0,0
2206,8,4890,2023-02-05,1,0,0
2207,5,2233,2025-06-22,1,1,0
2208,5,220,2025-06-09,0,0,0
2209,8,1322,2023-02-15,1,0,0
2210,10,3658,2024-01-19,1,0,0
2211,3,1653,2021-12-09,0,0,0
2212,9,2113,2021-09-24,1,1,1
2213,2,4763,2026-01-15,1,1,0
2214,9,3459,2021-10-05,0,0,0
2215,1,3803,2024-08-05,0,0,0
2216,6,3294,2021-07-23,1,0,0
2217,8,3701,2023-01-28,1,1,1
2218,2,2426,2026-01-17,1,1,0
2219,5,3199,2025-06-19,0,0,0
2220,1,1192,2024-08-12,1,0,0
2221,2,3587,2026-01-15,0,0,0
2222,1,174,2024-08-15,1,1,0
2223,9,2887,2021-09-07,0,0,0
2224,10,4495,2024-01-16,1,0,0
2225,8,2482,2023-01-22,1,0,0
2226,1,4183,2024-08-12,0,0,0
2227,2,2063,2026-01-20,0,0,0
2228,6,4956,2021-07-07,0,0,0
2229,8,789,2023-02-12,0,0,0
2230,9,331,2021-10-05,1,0,0
2231,10,4651,2024-01-20,1,1,0
2232,5,3740,2025-06-11,0,0,0
2233,1,1469,2024-08-05,0,0,0
2234,2,132,2026-01-18,1,1,0
2235,10,620,2024-01-26,1,1,0
2236,4,2615,2021-12-08,1,1,0
2237,4,3456,2021-12-09,0,0,0
2238,10,129,2024-01-17,0,0,0
2239,9,2502,2021-09-20,1,0,0
2240,3,111,2021-12-04,1,0,0
2241,3,2705,2021-11-27,1,1,1
2242,6,2474,2021-07-09,1,0,0
2243,9,3870,2021-10-02,1,0,0
2244,7,356,2025-01-01,1,0,0
2245,7,1904,2024-12-21,1,1,0
2246,10,2127,2024-01-13,1,0,0
2247,6,3992,2021-07-07,0,0,0
2248,1,2127,2024-07-29,1,0,0
2249,8,4178,2023-02-11,0,0,0
2250,9,3880,2021-09-14,0,0,0
2251,3,1020,2021-12-02,0,0,0
2252,5,1481,2025-06-16,1,0,0
2253,8,3552,2023-02-05,1,0,0
2254,10,2494,2024-01-20,0,0,0
2255,10,3630,2024-01-28,1,1,1
2256,5,347,2025-06-18,1,1,0
2257,2,2470,2026-01-07,0,0,0
2258,5,3481,2025-06-14,0,0,0
2259,5,3914,2025-06-09,1,1,0
2260,3,1741,2021-11-27,0,0,0
2261,10,2352,2024-01-30,0,0,0
2262,5,3889,2025-06-21,1,1,0
2263,3,3206,2021-11-27,1,1,0
2264,2,1502,2026-01-16,0,0,0
2265,3,702,2021-12-05,1,0,0
2266,4,1615,2021-12-03,1,0,0
2267,1,3882,2024-07-29,1,1,0
2268,5,953,2025-06-11,0,0,0
2269,7,3445,2024-12-19,0,0,0
2270,7,3633,2024-12-11,1,0,0
2271,9,4418,2021-09-10,1,0,0
2272,7,435,2024-12-31,0,0,0
2273,10,1787,2024-01-24,1,0,0
2274,8,296,2023-02-11,1,1,0
2275,4,1036,2021-12-03,0,0,0
2276,3,2023,2021-12-04,0,0,0
2277,8,1807,2023-02-08,0,0,0
2278,5,3997,2025-06-16,1,1,0
2279,7,3676,2025-01-04,1,1,0
2280,2,104,2026-01-09,0,0,0
2281,2,2044,2026-01-18,0,0,0
2282,2,895,2026-01-06,0,0,0
2283,10,3479,2024-01-18,0,0,0
2284,8,2704,2023-02-11,1,1,0
2285,2,2828,2026-01-11,0,0,0
2286,2,4766,2026-01-20,0,0,0
2287,10,4678,2024-02-04,1,0,0
2288,5,2458,2025-06-06,1,1,1
2289,7,4243,2024-12-31,1,0,0
2290,6,892,2021-07-08,0,0,0
2291,6,2589,2021-07-10,0,0,0
2292,7,1413,2024-12-15,0,0,0
2293,1,2321,2024-08-02,1,1,0
2294,1,4026,2024-08-10,0,0,0
2295,7,215,2025-01-02,1,1,0
2296,4,4095,2021-12-04,1,1,0
2297,8,387,2023-02-06,0,0,0
2298,5,4495,2025-06-18,0,0,0
2299,9,4185,2021-10-08,1,1,1
2300,10,3482,2024-01-19,1,1,0
2301,9,910,2021-09-12,1,1,0
2302,6,1671,2021-07-19,1,0,0
2303,5,674,2025-06-20,1,0,0
2304,8,3883,2023-02-14,1,1,0
2305,6,2228,2021-07-16,0,0,0
2306,4,4491,2021-12-03,0,0,0
2307,4,769,2021-11-25,1,0,0
2308,8,1286,2023-02-11,1,0,0
2309,10,548,2024-01-27,1,0,0
2310,5,1392,2025-06-17,0,0,0
2311,4,827,2021-12-01,0,0,0
2312,1,3594,2024-07-29,0,0,0
2313,9,1033,2021-09-15,0,0,0
2314,1,3905,2024-08-11,1,0,0
2315,4,2198,2021-11-25,1,0,0
2316,3,1507,2021-12-05,0,0,0
2317,1,1155,2024-08-08,0,0,0
2318,6,2954,2021-07-24,1,0,0
2319,5,2291,2025-06-20,0,0,0
2320,9,2902,2021-09-23,0,0,0
2321,2,4473,2026-01-15,1,0,0
2322,2,3752,2026-01-07,0,0,0
2323,2,3549,2026-01-05,0,0,0
2324,9,3197,2021-09-09,1,0,0
2325,8,1992,2023-02-04,0,0,0
2326,5,4986,2025-06-06,0,0,0
2327,1,1841,2024-08-13,0,0,0
2328,7,2727,2024-12-25,1,0,0
2329,8,611,2023-02-15,0,0,0
2330,7,4547,2024-12-24,1,1,0
2331,4,4755,2021-11-25,1,0,0
2332,9,1866,2021-10-02,1,0,0
2333,9,4902,2021-10-07,1,1,0
2334,7,4988,2025-01-01,0,0,0
2335,3,1882,2021-12-14,1,1,0
2336,3,148,2021-12-11,1,0,0
2337,6,4379,2021-07-18,0,0,0
2338,2,3554,2026-01-18,1,1,1
2339,9,3308,2021-10-11,1,0,0
2340,3,320,2021-11-27,1,0,0
2341,8,4012,2023-01-26,1,0,0
2342,10,987,2024-02-02,1,0,0
2343,3,1877,2021-12-06,0,0,0
2344,9,4274,2021-09-20,1,1,0
2345,1,149,2024-08-09,1,1,0
2346,1,782,2024-08-11,0,0,0
2347,3,1125,2021-12-03,1,1,0
2348,5,2939,2025-06-09,1,0,0
2349,1,4293,2024-08-12,0,0,0
2350,3,2480,2021-12-15,0,0,0
2351,4,141,2021-12-01,0,0,0
2352,1,1471,2024-08-04,0,0,0
2353,10,1761,2024-02-01,0,0,0
2354,10,4125,2024-02-05,0,0,0
2355,6,1347,2021-07-19,1,0,0
2356,4,4698,2021-11-25,1,0,0
2357,10,3438,2024-01-24,0,0,0
2358,7,4517,2024-12-17,1,1,1
2359,6,480,2021-07-08,1,1,0
2360,5,2400,2025-06-21,1,0,0
2361,5,2586,2025-06-20,1,0,0
2362,8,4814,2023-01-29,0,0,0
2363,7,2266,2024-12-15,0,0,0
2364,8,1319,2023-02-13,1,1,1
2365,4,1402,2021-11-22,0,0,0
2366,2,2518,2026-01-07,1,0,0
2367,8,1977,2023-01-26,1,1,0
2368,8,3527,2023-01-28,0,0,0
2369,9,4626,2021-10-10,0,0,0
2370,9,200,2021-09-25,0,0,0
2371,9,3199,2021-09-11,0,0,0
2372,3,879,2021-11-28,0,0,0
2373,5,701,2025-06-06,0,0,0
2374,3,1401,2021-11-30,1,0,0
2375,5,357,2025-06-19,0,0,0
2376,7,3092,2024-12-26,0,0,0
2377,2,801,2026-01-16,0,0,0
2378,5,3077,2025-06-18,1,0,0
2379,2,4491,2026-01-13,1,0,0
2380,4,1503,2021-11-25,0,0,0
2381,8,2995,2023-02-16,1,0,0
2382,1,3924,2024-08-06,1,0,0
2383,6,2342,2021-07-17,0,0,0
2384,9,4497,2021-09-11,1,0,0
2385,6,4302,2021-07-25,1,0,0
2386,10,52,2024-02-06,1,1,0
2387,9,28,2021-09-14,1,1,0
2388,4,3853,2021-12-01,0,0,0
2389,1,2487,2024-08-09,1,1,0
2390,7,692,2024-12-22,0,0,0
2391,1,2800,2024-08-16,1,0,0
2392,7,4524,2024-12-16,1,1,1
2393,1,3196,2024-08-12,1,0,0
2394,1,3024,2024-07-30,0,0,0
2395,1,951,2024-07-30,0,0,0
2396,9,2868,2021-09-23,1,1,0
2397,1,4261,2024-08-15,1,0,0
2398,1,3468,2024-08-02,0,0,0
2399,6,3698,2021-07-18,1,0,0
2400,10,399,2024-01-21,1,1,0
2401,6,2594,2021-07-23,1,0,0
2402,10,4621,2024-02-01,1,0,0
2403,9,261,2021-09-15,1,1,0
2404,2,2530,2026-01-20,0,0,0
2405,1,2160,2024-08-09,1,0,0
2406,7,4853,2025-01-04,1,0,0
2407,4,2039,2021-12-08,1,0,0
2408,6,262,2021-07-19,1,0,0
2409,7,42,2024-12-15,1,0,0
2410,1,4695,2024-08-01,1,0,0
2411,9,1981,2021-10-01,1,0,0
2412,6,4683,2021-07-20,0,0,0
2413,1,1363,2024-08-11,0,0,0
2414,9,1073,2021-10-02,1,0,0
2415,10,2904,2024-01-31,0,0,0
2416,10,1452,2024-02-03,0,0,0
2417,1,2133,2024-07-31,1,0,0
2418,9,3045,2021-09-18,0,0,0
2419,5,4479,2025-06-18,0,0,0
2420,7,1726,2024-12-12,0,0,0
2421,1,1491,2024-07-29,0,0,0
2422,4,656,2021-11-25,0,0,0
2423,5,2677,2025-06-10,1,0,0
2424,10,4732,2024-01-17,0,0,0
2425,4,3436,2021-12-06,1,1,0
2426,6,3461,2021-07-23,1,1,1
2427,5,2459,2025-06-10,0,0,0
2428,5,2086,2025-06-11,1,1,0
2429,7,886,2025-01-04,1,1,0
2430,9,761,2021-09-15,1,1,0
2431,2,1202,2026-01-15,1,1,1
2432,1,161,2024-08-12,1,0,0
2433,8,3139,2023-01-30,1,0,0
2434,3,2747,2021-12-11,1,1,0
2435,7,655,2024-12-17,0,0,0
2436,8,763,2023-02-01,1,0,0
2437,10,207,2024-02-01,1,0,0
2438,8,97,2023-02-06,1,0,0
2439,5,1467,2025-06-18,0,0,0
2440,2,3366,2026-01-10,1,0,0
2441,8,4944,2023-02-02,1,1,0
2442,3,3134,2021-11-28,1,1,1
2443,3,4548,2021-12-03,1,0,0
2444,8,655,2023-02-02,0,0,0
2445,3,3752,2021-12-14,0,0,0
2446,2,1563,2026-01-13,1,0,0
2447,7,665,2024-12-15,1,1,0
2448,6,3347,2021-07-20,0,0,0
2449,3,639,2021-12-06,1,1,1
2450,1,1707,2024-08-06,1,0,0
2451,9,2772,2021-09-13,0,0,0
2452,2,3946,2026-01-13,1,0,0
2453,1,2976,2024-08-14,1,1,0
2454,6,236,2021-07-16,1,1,0
2455,1,4322,2024-07-31,1,1,1
2456,9,3676,2021-09-09,1,0,0
2457,10,2700,2024-01-16,0,0,0
2458,1,4152,2024-08-09,1,1,0
2459,9,3078,2021-09-07,1,1,0
2460,9,4510,2021-09-30,1,0,0
2461,10,1464,2024-02-06,1,0,0
2462,1,4538,2024-08-03,1,0,0
2463,7,4479,2024-12-12,1,0,0
2464,9,328,2021-09-27,1,1,1
2465,1,125,2024-08-12,1,0,0
2466,6,651,2021-07-15,1,1,0
2467,8,2633,2023-02-09,1,0,0
2468,3,4220,2021-12-12,0,0,0
2469,8,1480,2023-01-21,1,0,0
2470,4,3517,2021-11-24,0,0,0
2471,5,264,2025-06-22,1,1,0
2472,4,4507,2021-11-24,0,0,0
2473,10,3975,2024-01-26,1,0,0
2474,10,539,2024-01-22,0,0,0
2475,4,2903,2021-11-24,1,0,0
2476,4,3016,2021-12-01,0,0,0
2477,7,4196,2024-12-25,0,0,0
2478,1,4906,2024-08-01,1,0,0
2479,3,3318,2021-12-05,1,0,0
2480,7,187,2024-12-21,1,0,0
2481,3,4811,2021-11-30,1,1,0
2482,7,1275,2025-01-05,0,0,0
2483,9,4859,2021-10-10,0,0,0
2484,7,916,2024-12-13,0,0,0
2485,4,4636,2021-12-07,1,0,0
2486,3,565,2021-11-27,0,0,0
2487,9,2536,2021-10-07,1,1,1
2488,3,1185,2021-12-14,1,0,0
2489,8,4037,2023-02-12,0,0,0
2490,5,2447,2025-06-17,1,0,0
2491,7,4355,2024-12-29,1,0,0
2492,1,1395,2024-08-04,1,0,0
2493,1,2330,2024-08-05,0,0,0
2494,3,918,2021-12-09,1,1,0
2495,2,2334,2026-01-12,1,1,1
2496,10,1333,2024-02-03,1,1,0
2497,1,2848,2024-08-08,1,0,0
2498,8,3840,2023-01-26,1,0,0
2499,4,598,2021-11-24,0,0,0
2500,3,751,2021-12-02,0,0,0
2501,4,325,2021-12-06,0,0,0
2502,2,4510,2026-01-08,1,0,0
2503,2,676,2026-01-19,1,0,0
2504,10,2398,2024-01-23,1,1,0
2505,9,1090,2021-10-02,1,1,0
2506,8,4540,2023-02-13,0,0,0
2507,7,1809,2024-12-25,0,0,0
2508,10,830,2024-02-04,0,0,0
2509,5,1527,2025-06-22,0,0,0
2510,5,3510,2025-06-11,1,0,0
2511,5,1454,2025-06-16,0,0,0
2512,1,848,2024-08-05,1,1,0
2513,6,4331,2021-07-15,0,0,0
2514,5,212,2025-06-21,1,0,0
2515,2,1799,2026-01-17,0,0,0
2516,8,291,2023-02-03,1,0,0
2517,4,89,2021-11-27,1,0,0
2518,9,2343,2021-09-29,0,0,0
2519,6,109,2021-07-15,1,0,0
2520,3,1602,2021-12-14,1,1,1
2521,2,3395,2026-01-14,1,0,0
2522,9,2546,2021-09-25,1,0,0
2523,5,1044,2025-06-18,0,0,0
2524,5,1809,2025-06-22,1,0,0
2525,6,3689,2021-07-09,0,0,0
2526,7,472,2025-01-04,1,1,0
2527,4,2720,2021-11-30,1,0,0
2528,7,3165,2024-12-31,0,0,0
2529,8,4622,2023-01-27,0,0,0
2530,1,845,2024-08-09,0,0,0
2531,5,2660,2025-06-08,1,0,0
2532,1,2786,2024-08-10,1,0,0
2533,8,1031,2023-02-17,0,0,0
2534,6,2674,2021-07-20,0,0,0
2535,8,2075,2023-02-01,0,0,0
2536,2,509,2026-01-06,1,1,0
2537,1,4744,2024-08-02,0,0,0
2538,2,4114,2026-01-14,1,0,0
2539,3,2852,2021-12-06,0,0,0
2540,7,3477,2024-12-16,1,0,0
2541,8,428,2023-02-10,0,0,0
2542,8,342,2023-01-24,1,0,0
2543,4,3071,2021-12-04,1,0,0
2544,9,2080,2021-09-16,1,0,0
2545,1,1503,2024-08-15,1,1,1
2546,8,1332,2023-02-14,0,0,0
2547,4,4046,2021-12-09,0,0,0
2548,8,1012,2023-01-28,0,0,0
2549,2,1014,2026-01-20,1,0,0
2550,1,4563,2024-08-16,1,0,0
2551,2,1618,2026-01-20,1,1,0
2552,1,4639,2024-07-30,0,0,0
2553,10,2687,2024-01-22,1,1,0
2554,5,4682,2025-06-19,0,0,0
2555,1,1323,2024-08-03,0,0,0
2556,5,2153,2025-06-22,1,0,0
2557,1,2191,2024-08-16,1,1,0
2558,3,2046,2021-12-11,0,0,0
2559,4,3984,2021-11-29,1,1,1
2560,7,3990,2024-12-14,1,0,0
2561,2,4903,2026-01-18,1,0,0
2562,8,1399,2023-01-31,0,0,0
2563,5,2854,2025-06-16,0,0,0
2564,10,2936,2024-01-25,0,0,0
2565,2,3468,2026-01-20,0,0,0
2566,9,1566,2021-10-08,1,0,0
2567,3,1518,2021-12-01,1,0,0
2568,9,4978,2021-09-08,0,0,0
2569,3,3574,2021-12-12,1,0,0
2570,6,3349,2021-07-21,0,0,0
2571,7,2413,2025-01-01,0,0,0
2572,3,58,2021-12-07,0,0,0
2573,6,4925,2021-07-18,1,0,0
2574,10,546,2024-01-31,1,0,0
2575,7,2080,2024-12-28,0,0,0
2576,8,3601,2023-01-24,1,0,0
2577,9,4881,2021-09-29,1,1,0
2578,8,993,2023-01-31,1,1,0
2579,7,4674,2024-12-25,0,0,0
2580,7,4436,2024-12-26,0,0,0
2581,10,1584,2024-01-28,1,1,0
2582,1,212,2024-08-13,0,0,0
2583,4,3458,2021-12-06,1,1,1
2584,7,2770,2024-12-27,1,1,0
2585,2,1349,2026-01-12,1,1,0
2586,8,3764,2023-01-25,1,1,1
2587,2,1185,2026-01-18,1,0,0
2588,5,2099,2025-06-14,1,0,0
2589,6,846,2021-07-23,1,1,0
2590,7,3395,2024-12-28,1,1,0
2591,6,923,2021-07-11,1,1,0
2592,2,967,2026-01-16,1,1,0
2593,5,4565,2025-06-09,0,0,0
2594,8,2387,2023-02-18,0,0,0
2595,2,4487,2026-01-05,1,0,0
2596,2,3941,2026-01-15,1,0,0
2597,5,1279,2025-06-07,1,0,0
2598,7,1038,2024-12-13,0,0,0
2599,9,3696,2021-10-04,1,0,0
2600,1,4400,2024-08-04,1,0,0
2601,5,2207,2025-06-07,1,0,0
2602,4,4136,2021-12-07,0,0,0
2603,6,4919,2021-07-10,0,0,0
2604,6,4842,2021-07-17,1,0,0
2605,9,768,2021-10-11,1,1,0
2606,2,884,2026-01-14,0,0,0
2607,9,662,2021-09-08,0,0,0
2608,6,3334,2021-07-13,1,0,0
2609,8,2359,2023-02-08,0,0,0
2610,1,487,2024-08-12,1,0,0
2611,9,1686,2021-09-23,0,0,0
2612,6,1852,2021-07-17,0,0,0
2613,5,4204,2025-06-10,1,1,0
2614,7,1968,2024-12-25,0,0,0
2615,6,745,2021-07-19,0,0,0
2616,4,3579,2021-11-24,0,0,0
2617,10,2530,2024-01-28,0,0,0
2618,1,3134,2024-08-15,1,1,0
2619,8,2608,2023-01-23,1,0,0
2620,7,1374,2024-12-14,0,0,0
2621,10,1174,2024-01-24,1,0,0
2622,9,4340,2021-09-08,1,1,0
2623,5,1142,2025-06-22,1,0,0
2624,6,1182,2021-07-16,0,0,0
2625,2,3760,2026-01-14,0,0,0
2626,8,240,2023-01-28,1,1,0
2627,6,4811,2021-07-09,0,0,0
2628,9,2331,2021-09-03,0,0,0
2629,1,137,2024-07-28,1,0,0
2630,3,2776,2021-12-03,0,0,0
2631,9,1940,2021-09-03,0,0,0
2632,4,1536,2021-12-08,1,0,0
2633,6,2305,2021-07-15,0,0,0
2634,4,337,2021-12-11,0,0,0
2635,6,2294,2021-07-08,0,0,0
2636,5,721,2025-06-15,1,0,0
2637,5,113,2025-06-07,0,0,0
2638,2,25,2026-01-07,1,1,0
2639,1,3296,2024-08-01,1,0,0
2640,10,296,2024-01-31,1,1,0
2641,3,4564,2021-12-08,1,0,0
2642,9,2957,2021-10-08,1,0,0
2643,10,3916,2024-02-06,0,0,0
2644,5,1543,2025-06-16,1,0,0
2645,3,3143,2021-12-02,0,0,0
2646,2,4154,2026-01-15,1,0,0
2647,2,183,2026-01-19,0,0,0
2648,3,4573,2021-12-15,1,0,0
2649,8,4607,2023-01-24,1,1,0
2650,3,2807,2021-12-12,1,0,0
2651,10,3098,2024-01-20,1,0,0
2652,3,4865,2021-11-29,0,0,0
2653,1,2434,2024-08-13,1,0,0
2654,9,4187,2021-09-04,1,0,0
2655,9,1407,2021-09-25,1,0,0
2656,7,1493,2024-12-27,1,1,0
2657,7,1432,2024-12-20,0,0,0
2658,8,1186,2023-02-15,1,1,0
2659,6,3269,2021-07-21,1,0,0
2660,6,962,2021-07-16,0,0,0
2661,2,2238,2026-01-07,0,0,0
2662,7,502,2024-12-22,0,0,0
2663,7,4181,2025-01-02,0,0,0
2664,3,4668,2021-11-30,1,1,0
2665,10,3760,2024-01-27,1,1,0
2666,10,1225,2024-01-13,0,0,0
2667,1,4613,2024-08-02,1,0,0
2668,3,300,2021-12-11,1,0,0
2669,5,2217,2025-06-14,1,1,0
2670,2,1440,2026-01-15,0,0,0
2671,3,4564,2021-11-27,0,0,0
2672,5,1228,2025-06-15,1,1,0
2673,2,1477,2026-01-11,0,0,0
2674,2,4182,2026-01-19,0,0,0
2675,5,2207,2025-06-12,0,0,0
2676,1,2758,2024-08-05,1,1,0
2677,10,519,2024-01-26,0,0,0
2678,10,246,2024-02-05,0,0,0
2679,5,373,2025-06-08,1,0,0
2680,4,3463,2021-12-03,1,0,0
2681,7,2305,2024-12-20,1,1,0
2682,5,2158,2025-06-17,1,1,0
2683,1,2003,2024-08-08,0,0,0
2684,9,2777,2021-09-14,1,0,0
2685,9,745,2021-10-09,1,0,0
2686,9,1027,2021-09-26,0,0,0
2687,4,655,2021-12-10,1,0,0
2688,4,3465,2021-12-04,1,1,0
2689,7,3008,2024-12-18,0,0,0
2690,1,4150,2024-08-01,1,0,0
2691,8,1008,2023-02-08,1,0,0
2692,6,593,2021-07-22,1,0,0
2693,6,4415,2021-07-08,1,1,1
2694,7,602,2024-12-30,1,1,0
2695,5,1821,2025-06-11,1,1,0
2696,7,4441,2025-01-04,1,1,0
2697,3,3412,2021-11-28,1,1,0
2698,6,637,2021-07-20,1,1,0
2699,9,447,2021-10-02,0,0,0
2700,6,4976,2021-07-09,1,1,0
2701,5,1549,2025-06-15,0,0,0
2702,9,208,2021-10-13,1,1,1
2703,10,1285,2024-01-20,0,0,0
2704,9,1469,2021-10-04,1,0,0
2705,10,904,2024-02-02,0,0,0
2706,9,1750,2021-09-22,1,1,0
2707,2,608,2026-01-15,0,0,0
2708,10,1635,2024-01-18,1,0,0
2709,6,1426,2021-07-22,0,0,0
2710,5,832,2025-06-15,1,0,0
2711,5,1787,2025-06-13,0,0,0
2712,3,1397,2021-12-07,0,0,0
2713,9,123,2021-09-27,0,0,0
2714,3,89,2021-12-06,0,0,0
2715,1,523,2024-08-09,1,0,0
2716,7,959,2025-01-05,0,0,0
2717,2,134,2026-01-06,1,1,0
2718,6,470,2021-07-17,1,0,0
2719,6,3144,2021-07-22,1,0,0
2720,3,650,2021-11-30,0,0,0
2721,10,283,2024-01-17,0,0,0
2722,5,3995,2025-06-22,1,1,0
2723,4,2113,2021-12-01,0,0,0
2724,2,899,2026-01-19,1,1,0
2725,9,2466,2021-09-18,0,0,0
2726,5,4954,2025-06-06,1,0,0
2727,10,4907,2024-01-23,0,0,0
2728,2,597,2026-01-20,1,0,0
2729,4,963,2021-12-05,0,0,0
2730,9,2121,2021-09-07,1,0,0
2731,2,4441,2026-01-15,1,0,0
2732,9,2478,2021-09-22,1,1,1
2733,7,3242,2024-12-15,1,1,0
2734,7,3251,2024-12-31,1,0,0
2735,9,1489,2021-09-09,1,1,1
2736,10,4469,2024-02-04,0,0,0
2737,7,4319,2025-01-03,1,1,1
2738,9,4174,2021-09-27,1,0,0
2739,9,3298,2021-09-20,0,0,0
2740,7,190,2024-12-13,0,0,0
2741,9,2850,2021-09-26,0,0,0
2742,1,3722,2024-08-13,0,0,0
2743,2,1431,2026-01-06,1,1,1
2744,2,3004,2026-01-07,0,0,0
2745,10,550,2024-01-23,1,1,0
2746,1,2858,2024-07-29,1,1,1
2747,9,2128,2021-09-16,1,1,0
2748,8,4780,2023-02-13,1,1,1
2749,9,1481,2021-09-20,1,0,0
2750,2,1716,2026-01-09,0,0,0
2751,3,843,2021-12-10,1,0,0
2752,10,3085,2024-02-06,1,1,0
2753,8,2519,2023-01-24,0,0,0
2754,3,1344,2021-12-07,0,0,0
2755,8,4543,2023-01-30,0,0,0
2756,4,2366,2021-12-01,0,0,0
2757,9,17,2021-09-20,0,0,0
2758,1,4759,2024-08-04,0,0,0
2759,6,884,2021-07-11,1,0,0
2760,8,370,2023-01-28,1,0,0
2761,1,2664,2024-08-11,1,0,0
2762,6,2261,2021-07-08,0,0,0
2763,2,2893,2026-01-15,1,0,0
2764,1,1349,2024-08-01,1,0,0
2765,9,1689,2021-10-08,1,0,0
2766,7,1255,2024-12-26,0,0,0
2767,9,3963,2021-10-08,1,0,0
2768,10,2809,2024-01-27,0,0,0
2769,7,3468,2024-12-22,1,0,0
2770,4,1355,2021-11-27,1,1,0
2771,8,2683,2023-02-05,1,0,0
2772,7,4010,2024-12-30,0,0,0
2773,4,4645,2021-12-08,1,0,0
2774,7,4927,2025-01-04,1,0,0
2775,6,1225,2021-07-22,1,1,0
2776,2,4700,2026-01-17,0,0,0
2777,7,4702,2024-12-30,0,0,0
2778,2,1075,2026-01-20,1,0,0
2779,10,1665,2024-01-15,0,0,0
2780,7,628,2024-12-21,0,0,0
2781,7,2261,2024-12-12,1,1,0
2782,1,3532,2024-08-09,1,0,0
2783,1,2230,2024-07-28,0,0,0
2784,5,4759,2025-06-07,1,1,0
2785,1,2335,2024-08-15,0,0,0
2786,7,3837,2025-01-02,0,0,0
2787,7,11,2024-12-18,1,0,0
2788,7,4456,2024-12-31,0,0,0
2789,5,1254,2025-06-07,0,0,0
2790,9,4934,2021-10-13,1,0,0
2791,1,1706,2024-08-14,0,0,0
2792,3,4978,2021-12-04,0,0,0
2793,1,1316,2024-07-30,1,0,0
2794,4,593,2021-12-04,1,1,0
2795,3,2970,2021-12-02,1,0,0
2796,6,1475,2021-07-11,1,1,0
2797,3,1464,2021-12-02,1,1,0
2798,3,2131,2021-12-12,1,0,0
2799,4,932,2021-11-28,1,0,0
2800,7,3114,2024-12-23,1,0,0
2801,5,3610,2025-06-21,0,0,0
2802,4,4258,2021-12-02,0,0,0
2803,10,1411,2024-01-20,1,0,0
2804,4,1903,2021-11-29,1,0,0
2805,1,569,2024-08-07,1,0,0
2806,8,1776,2023-01-25,1,1,0
2807,2,3649,2026-01-07,0,0,0
2808,8,3936,2023-02-10,0,0,0
2809,9,4498,2021-09-16,0,0,0
2810,4,4279,2021-11-29,1,0,0
2811,10,2168,2024-01-22,1,0,0
2812,6,2686,2021-07-08,0,0,0
2813,9,2800,2021-09-04,0,0,0
2814,5,2403,2025-06-08,0,0,0
2815,1,2329,2024-07-28,1,0,0
2816,6,1690,2021-07-20,0,0,0
2817,3,247,2021-12-05,1,1,1
2818,3,3767,2021-12-12,1,0,0
2819,7,2356,2024-12-19,0,0,0
2820,7,4424,2024-12-23,1,1,0
2821,8,4913,2023-02-10,1,0,0
2822,7,225,2025-01-01,1,1,1
2823,4,2113,2021-11-24,1,0,0
2824,10,3534,2024-02-03,1,1,0
2825,4,1958,2021-11-26,1,1,1
2826,1,2014,2024-08-03,0,0,0
2827,5,4240,2025-06-14,1,0,0
2828,9,1900,2021-09-22,1,0,0
2829,7,1136,2024-12-31,1,1,0
2830,9,2746,2021-09-23,1,0,0
2831,4,2554,2021-11-24,1,0,0
2832,1,1289,2024-08-12,0,0,0
2833,2,3155,2026-01-07,0,0,0
2834,3,1048,2021-12-07,1,0,0
2835,2,2380,2026-01-11,1,1,0
2836,5,614,2025-06-15,1,1,0
2837,10,2423,2024-02-04,1,0,0
2838,1,1590,2024-08-02,0,0,0
2839,4,1299,2021-12-05,1,0,0
2840,3,4059,2021-12-08,1,0,0
2841,8,2784,2023-01-26,1,0,0
2842,7,1753,2024-12-31,1,1,0
2843,8,2846,2023-02-07,0,0,0
2844,10,4513,2024-02-03,0,0,0
2845,8,1434,2023-02-09,0,0,0
2846,7,2029,2024-12-27,1,0,0
2847,1,3733,2024-07-30,1,1,0
2848,7,1661,2025-01-04,1,0,0
2849,4,2900,2021-12-07,0,0,0
2850,5,2960,2025-06-06,1,1,0
2851,4,248,2021-12-03,1,1,0
2852,4,960,2021-12-05,1,0,0
2853,4,610,2021-11-24,0,0,0
2854,9,1193,2021-09-13,0,0,0
2855,4,348,2021-12-01,1,1,0
2856,4,2444,2021-12-02,1,1,0
2857,9,2609,2021-09-18,1,0,0
2858,4,4608,2021-12-03,1,1,0
2859,4,2932,2021-12-11,1,0,0
2860,4,3139,2021-11-22,0,0,0
2861,3,3227,2021-11-29,1,1,0
2862,2,814,2026-01-13,0,0,0
2863,5,737,2025-06-10,1,0,0
2864,9,4171,2021-10-05,1,0,0
2865,9,240,2021-09-27,1,0,0
2866,6,3773,2021-07-25,1,1,0
2867,6,382,2021-07-23,1,0,0
2868,6,2803,2021-07-17,1,0,0
2869,9,1931,2021-10-05,1,0,0
2870,10,3955,2024-02-04,1,0,0
2871,4,3499,2021-12-05,1,0,0
2872,5,2314,2025-06-08,0,0,0
2873,7,1206,2024-12-14,0,0,0
2874,5,4191,2025-06-18,0,0,0
2875,10,381,2024-02-02,1,0,0
2876,10,2025,2024-01-22,1,0,0
2877,5,1571,2025-06-14,1,0,0
2878,6,4702,2021-07-06,0,0,0
2879,7,2182,2025-01-02,0,0,0
2880,10,3163,2024-01-17,1,0,0
2881,1,3341,2024-08-16,0,0,0
2882,7,1517,2024-12-17,1,0,0
2883,5,1566,2025-06-11,0,0,0
2884,4,3111,2021-11-25,1,0,0
2885,5,2585,2025-06-11,0,0,0
2886,1,1182,2024-08-07,0,0,0
2887,9,4387,2021-09-06,1,0,0
2888,3,441,2021-12-04,1,0,0
2889,6,2647,2021-07-22,0,0,0
2890,6,4146,2021-07-18,1,0,0
2891,8,1642,2023-02-09,0,0,0
2892,4,3800,2021-12-05,1,0,0
2893,8,1286,2023-02-07,1,1,0
2894,3,4322,2021-12-01,0,0,0
2895,9,3188,2021-09-16,1,0,0
2896,2,1081,2026-01-19,1,0,0
2897,5,3029,2025-06-16,1,0,0
2898,3,3791,2021-12-06,1,1,0
2899,7,3497,2024-12-12,0,0,0
2900,8,810,2023-02-14,0,0,0
2901,7,2610,2024-12-20,0,0,0
2902,10,4760,2024-02-05,0,0,0
2903,5,2039,2025-06-19,1,1,0
2904,3,1119,2021-12-06,0,0,0
2905,10,3382,2024-01-26,0,0,0
2906,3,853,2021-12-12,0,0,0
2907,7,690,2024-12-22,1,0,0
2908,4,3122,2021-11-25,0,0,0
2909,1,266,2024-07-28,0,0,0
2910,4,1220,2021-12-05,0,0,0
2911,8,3938,2023-02-17,1,1,0
2912,5,3076,2025-06-11,0,0,0
2913,9,3350,2021-09-03,1,1,1
2914,10,2924,2024-01-15,0,0,0
2915,9,1254,2021-09-21,1,0,0
2916,8,2326,2023-01-28,1,0,0
2917,9,3922,2021-10-08,1,1,1
2918,5,2068,2025-06-06,0,0,0
2919,6,4966,2021-07-11,0,0,0
2920,5,92,2025-06-22,1,1,0
2921,10,49,2024-01-24,0,0,0
2922,1,1,2024-07-29,0,0,0
2923,6,1854,2021-07-10,0,0,0
2924,1,4432,2024-08-12,1,1,0
2925,3,2493,2021-12-06,0,0,0
2926,10,2666,2024-01-31,0,0,0
2927,9,3258,2021-10-09,0,0,0
2928,10,1528,2024-01-25,0,0,0
2929,8,4875,2023-02-08,1,0,0
2930,6,3692,2021-07-17,1,0,0
2931,5,1853,2025-06-17,1,1,0
2932,3,3101,2021-11-29,1,0,0
2933,6,2061,2021-07-12,0,0,0
2934,7,783,2025-01-02,0,0,0
2935,7,1452,2024-12-18,0,0,0
2936,7,1470,2024-12-26,0,0,0
2937,2,1077,2026-01-12,1,0,0
2938,2,2640,2026-01-13,1,1,0
2939,2,589,2026-01-09,1,0,0
2940,8,3255,2023-02-11,1,1,0
2941,3,4336,2021-11-29,0,0,0
2942,6,2675,2021-07-12,0,0,0
2943,10,1482,2024-01-15,0,0,0
2944,1,3170,2024-07-30,0,0,0
2945,9,1479,2021-09-16,1,0,0
2946,1,397,2024-07-28,1,1,0
2947,2,1745,2026-01-18,1,1,0
2948,4,3986,2021-12-06,0,0,0
2949,7,3743,2024-12-14,0,0,0
2950,4,3286,2021-12-09,0,0,0
2951,7,615,2024-12-30,0,0,0
2952,6,3978,2021-07-22,0,0,0
2953,10,1528,2024-01-26,1,1,0
2954,6,4547,2021-07-07,1,0,0
2955,1,1929,2024-08-04,0,0,0
2956,6,1611,2021-07-08,1,1,0
2957,8,424,2023-02-12,0,0,0
2958,3,2052,2021-12-12,1,1,0
2959,6,2804,2021-07-20,1,0,0
2960,5,2982,2025-06-08,1,0,0
2961,10,3980,2024-02-03,0,0,0
2962,8,4923,2023-02-02,0,0,0
2963,4,3548,2021-12-01,1,1,1
2964,7,3527,2024-12-21,1,0,0
2965,8,573,2023-02-07,0,0,0
2966,10,242,2024-01-20,0,0,0
2967,1,26,2024-08-02,1,0,0
2968,10,1694,2024-01-15,1,0,0
2969,10,4325,2024-01-19,0,0,0
2970,10,4576,2024-01-29,1,0,0
2971,3,1427,2021-12-06,0,0,0
2972,9,1837,2021-10-03,1,0,0
2973,3,1605,2021-12-02,0,0,0
2974,3,3831,2021-11-28,1,0,0
2975,2,4697,2026-01-08,0,0,0
2976,9,2281,2021-09-29,1,1,0
2977,3,1738,2021-12-11,0,0,0
2978,4,4482,2021-12-02,0,0,0
2979,5,4672,2025-06-14,0,0,0
2980,9,2995,2021-09-22,1,0,0
2981,9,768,2021-09-25,1,1,0
2982,2,2184,2026-01-16,1,1,0
2983,6,3879,2021-07-20,0,0,0
2984,4,2559,2021-11-24,1,1,0
2985,6,448,2021-07-24,1,1,0
2986,7,1084,2024-12-18,0,0,0
2987,10,1250,2024-01-28,1,0,0
2988,7,527,2024-12-29,1,0,0
2989,6,1449,2021-07-11,1,1,0
2990,9,3028,2021-09-16,1,0,0
2991,1,1172,2024-08-15,1,1,0
2992,3,4343,2021-12-03,1,1,1
2993,5,3447,2025-06-09,0,0,0
2994,1,1530,2024-08-09,0,0,0
2995,6,4001,2021-07-13,1,0,0
2996,5,375,2025-06-09,0,0,0
2997,9,844,2021-10-08,1,0,0
2998,4,3759,2021-11-28,0,0,0
2999,2,1950,2026-01-05,0,0,0
3000,3,886,2021-12-08,1,0,0
3001,3,4449,2021-12-11,0,0,0
3002,9,4475,2021-09-19,0,0,0
3003,10,3161,2024-01-24,1,0,0
3004,7,4836,2025-01-04,0,0,0
3005,3,2077,2021-12-13,0,0,0
3006,5,3353,2025-06-13,1,0,0
3007,4,3504,2021-12-03,1,1,0
3008,8,614,2023-02-17,0,0,0
3009,6,3816,2021-07-18,1,1,0
3010,3,2092,2021-12-15,1,0,0
3011,2,757,2026-01-18,1,0,0
3012,10,555,2024-01-19,1,0,0
3013,10,1060,2024-01-19,0,0,0
3014,7,661,2025-01-01,0,0,0
3015,5,3979,2025-06-13,0,0,0
3016,9,2892,2021-09-27,0,0,0
3017,9,1646,2021-08-31,1,1,1
3018,4,252,2021-11-29,0,0,0
3019,9,4303,2021-09-21,1,1,1
3020,1,262,2024-07-29,0,0,0
3021,6,2132,2021-07-07,0,0,0
3022,2,1440,2026-01-18,1,1,0
3023,3,860,2021-12-09,0,0,0
3024,4,2592,2021-12-08,1,1,1
3025,7,308,2024-12-31,1,0,0
3026,3,3215,2021-11-29,1,1,0
3027,3,4589,2021-12-05,1,0,0
3028,1,832,2024-07-28,0,0,0
3029,4,4131,2021-11-23,0,0,0
3030,3,3372,2021-12-14,1,0,0
3031,6,2463,2021-07-25,0,0,0
3032,10,321,2024-02-06,0,0,0
3033,4,3285,2021-11-29,1,1,0
3034,10,1379,2024-01-13,1,0,0
3035,1,1222,2024-07-29,0,0,0
3036,5,1073,2025-06-15,0,0,0
3037,9,2413,2021-09-01,0,0,0
3038,2,4199,2026-01-20,1,0,0
3039,3,610,2021-12-13,1,1,0
3040,10,3053,2024-01-18,1,0,0
3041,7,1809,2024-12-11,0,0,0
3042,6,2373,2021-07-21,1,0,0
3043,3,4325,2021-11-28,1,0,0
3044,6,238,2021-07-11,0,0,0
3045,9,3354,2021-10-04,1,1,0
3046,7,561,2025-01-02,1,0,0
3047,9,2924,2021-09-28,0,0,0
3048,2,2874,2026-01-07,1,0,0
3049,5,688,2025-06-09,0,0,0
3050,3,4402,2021-11-28,0,0,0
3051,7,1090,2024-12-12,0,0,0
3052,5,2372,2025-06-18,0,0,0
3053,3,1284,2021-12-07,0,0,0
3054,9,1837,2021-10-07,1,1,0
3055,2,2299,2026-01-13,1,0,0
3056,3,2826,2021-12-02,1,0,0
3057,9,1420,2021-09-05,1,0,0
3058,9,2577,2021-10-04,1,0,0
3059,8,4863,2023-02-02,1,0,0
3060,2,3083,2026-01-15,0,0,0
3061,3,2814,2021-12-11,0,0,0
3062,5,4639,2025-06-09,0,0,0
3063,1,4199,2024-07-31,0,0,0
3064,2,4059,2026-01-06,1,0,0
3065,9,3961,2021-10-02,1,1,1
3066,7,4893,2025-01-05,0,0,0
3067,9,2334,2021-09-13,1,0,0
3068,5,300,2025-06-21,0,0,0
3069,7,201,2024-12-20,1,0,0
3070,1,823,2024-08-07,0,0,0
3071,1,3852,2024-08-10,0,0,0
3072,6,4015,2021-07-17,1,0,0
3073,10,996,2024-01-21,0,0,0
3074,2,556,2026-01-18,1,1,1
3075,5,245,2025-06-13,1,0,0
3076,1,98,2024-08-15,1,1,0
3077,4,3438,2021-11-29,0,0,0
3078,3,1294,2021-12-14,1,1,0
3079,10,4514,2024-01-23,1,0,0
3080,4,4270,2021-12-02,1,1,0
3081,7,1499,2025-01-03,0,0,0
3082,2,3568,2026-01-16,0,0,0
3083,5,2343,2025-06-13,1,0,0
3084,10,1905,2024-01-24,0,0,0
3085,1,206,2024-08-12,1,0,0
3086,1,22,2024-08-06,1,1,0
3087,1,1351,2024-08-04,0,0,0
3088,10,3474,2024-02-02,1,0,0
3089,10,581,2024-02-03,1,1,0
3090,10,3509,2024-01-27,1,0,0
3091,7,373,2025-01-02,1,0,0
3092,3,2025,2021-12-08,1,0,0
3093,3,2945,2021-12-13,1,1,0
3094,7,3270,2024-12-25,1,0,0
3095,3,3971,2021-12-03,0,0,0
3096,2,2170,2026-01-14,0,0,0
3097,7,2238,2024-12-31,1,0,0
3098,5,1871,2025-06-21,0,0,0
3099,6,186,2021-07-15,0,0,0
3100,4,4251,2021-12-05,1,1,0
3101,7,35,2024-12-17,1,1,0
3102,1,2072,2024-08-06,1,1,0
3103,8,4214,2023-01-23,0,0,0
3104,10,991,2024-01-19,0,0,0
3105,10,2612,2024-01-31,0,0,0
3106,5,3971,2025-06-06,0,0,0
3107,8,3581,2023-01-30,1,1,1
3108,3,4650,2021-12-06,1,0,0
3109,1,1560,2024-08-05,0,0,0
3110,2,910,2026-01-08,0,0,0
3111,8,1834,2023-02-13,1,0,0
3112,8,4505,2023-01-31,1,1,0
3113,8,310,2023-02-06,1,0,0
3114,3,796,2021-12-07,1,1,0
3115,2,4368,2026-01-08,1,0,0
3116,10,4090,2024-01-28,1,0,0
3117,1,3530,2024-08-06,1,0,0
3118,1,2633,2024-08-11,1,0,0
3119,3,1946,2021-12-02,1,0,0
3120,5,4691,2025-06-17,1,1,0
3121,1,1882,2024-08-12,1,0,0
3122,6,652,2021-07-25,1,0,0
3123,1,507,2024-07-28,1,0,0
3124,1,531,2024-08-14,1,0,0
3125,2,592,2026-01-15,0,0,0
3126,6,959,2021-07-09,1,0,0
3127,7,955,2025-01-03,1,1,0
3128,4,1258,2021-11-26,0,0,0
3129,1,4987,2024-08-04,0,0,0
3130,9,2374,2021-09-18,0,0,0
3131,10,2786,2024-02-05,0,0,0
3132,6,2427,2021-07-14,0,0,0
3133,6,3115,2021-07-21,1,0,0
3134,2,4374,2026-01-07,1,0,0
3135,4,1193,2021-11-30,0,0,0
3136,1,4684,2024-08-06,1,0,0
3137,7,4683,2025-01-02,0,0,0
3138,4,258,2021-12-02,0,0,0
3139,9,1481,2021-09-16,0,0,0
3140,2,2357,2026-01-09,1,0,0
3141,10,2577,2024-01-16,1,1,0
3142,7,3117,2025-01-05,1,0,0
3143,1,4126,2024-08-01,1,0,0
3144,5,496,2025-06-09,1,0,0
3145,9,2901,2021-09-18,1,0,0
3146,1,2070,2024-07-28,1,0,0
3147,9,1461,2021-09-13,0,0,0
3148,8,3749,2023-02-05,0,0,0
3149,7,3892,2024-12-19,1,1,0
3150,3,869,2021-12-11,0,0,0
3151,8,554,2023-02-12,1,0,0
3152,2,3370,2026-01-20,0,0,0
3153,4,4442,2021-11-29,1,0,0
3154,5,5000,2025-06-07,0,0,0
3155,8,1378,2023-01-28,0,0,0
3156,7,3212,2024-12-27,1,0,0
3157,7,2901,2025-01-02,1,1,0
3158,2,3665,2026-01-11,0,0,0
3159,6,32,2021-07-22,1,0,0
3160,2,3225,2026-01-18,1,0,0
3161,6,1653,2021-07-09,0,0,0
3162,2,1133,2026-01-10,1,0,0
3163,1,2483,2024-08-12,1,0,0
3164,9,4728,2021-09-25,1,0,0
3165,9,4457,2021-10-02,1,0,0
3166,9,3825,2021-09-28,1,1,0
3167,2,4700,2026-01-09,1,1,0
3168,10,2925,2024-01-17,0,0,0
3169,3,2052,2021-12-13,1,1,0
3170,9,3424,2021-09-15,0,0,0
3171,1,4693,2024-08-05,1,0,0
3172,7,1035,2024-12-25,0,0,0
3173,4,2673,2021-11-26,1,0,0
3174,5,4154,2025-06-12,1,0,0
3175,4,3266,2021-12-04,0,0,0
3176,2,4378,2026-01-09,0,0,0
3177,4,2548,2021-12-05,1,1,0
3178,8,3225,2023-02-02,0,0,0
3179,8,2132,2023-01-27,1,0,0
3180,2,2765,2026-01-06,1,0,0
3181,8,3062,2023-02-11,1,1,0
3182,8,743,2023-01-23,0,0,0
3183,6,157,2021-07-15,1,0,0
3184,9,3313,2021-09-23,0,0,0
3185,2,133,2026-01-05,0,0,0
3186,9,4689,2021-09-13,1,0,0
3187,1,1367,2024-08-07,1,1,0
3188,1,2154,2024-08-15,1,0,0
3189,7,2908,2024-12-23,0,0,0
3190,9,3445,2021-09-25,0,0,0
3191,1,627,2024-08-02,1,0,0
3192,3,1010,2021-12-08,1,0,0
3193,2,662,2026-01-10,1,1,0
3194,9,2726,2021-10-02,1,1,0
3195,7,1569,2024-12-27,1,0,0
3196,5,4613,2025-06-20,0,0,0
3197,2,2588,2026-01-10,1,0,0
3198,4,2818,2021-11-24,1,0,0
3199,3,316,2021-12-03,1,0,0
3200,6,1091,2021-07-17,0,0,0
3201,10,4853,2024-01-13,0,0,0
3202,3,4510,2021-12-12,0,0,0
3203,6,2190,2021-07-14,0,0,0
3204,2,2949,2026-01-20,0,0,0
3205,3,2430,2021-12-08,0,0,0
3206,5,722,2025-06-06,0,0,0
3207,6,3413,2021-07-18,0,0,0
3208,6,676,2021-07-21,0,0,0
3209,4,3151,2021-12-11,1,1,1
3210,5,4267,2025-06-17,1,0,0
3211,2,4923,2026-01-19,0,0,0
3212,8,1162,2023-02-03,1,1,1
3213,9,1181,2021-09-10,0,0,0
3214,5,3055,2025-06-14,1,0,0
3215,6,1314,2021-07-06,0,0,0
3216,10,1879,2024-01-25,0,0,0
3217,2,1099,2026-01-11,1,0,0
3218,8,4258,2023-01-26,1,1,1
3219,1,3688,2024-07-28,1,0,0
3220,1,1011,2024-08-15,1,0,0
3221,5,2278,2025-06-15,1,0,0
3222,10,3869,2024-02-02,1,0,0
3223,1,2594,2024-08-02,1,1,0
3224,9,1779,2021-09-21,0,0,0
3225,9,2357,2021-08-31,0,0,0
3226,4,2935,2021-12-06,0,0,0
3227,2,4268,2026-01-10,1,0,0
3228,2,1741,2026-01-13,0,0,0
3229,6,3713,2021-07-22,0,0,0
3230,3,2061,2021-12-04,0,0,0
3231,7,2985,2024-12-31,1,0,0
3232,5,3013,2025-06-13,0,0,0
3233,10,2708,2024-02-04,1,1,0
3234,1,437,2024-08-03,1,0,0
3235,7,4824,2025-01-05,0,0,0
3236,4,595,2021-11-23,1,1,0
3237,3,2018,2021-12-07,1,1,0
3238,5,3713,2025-06-19,1,0,0
3239,8,2655,2023-02-05,1,1,1
3240,8,4236,2023-01-29,1,1,0
3241,4,455,2021-12-08,1,0,0
3242,3,4817,2021-11-27,1,0,0
3243,6,473,2021-07-06,1,0,0
3244,7,1321,2024-12-31,1,0,0
3245,9,3138,2021-09-16,1,0,0
3246,3,1690,2021-12-04,1,0,0
3247,1,569,2024-07-29,0,0,0
3248,7,3096,2024-12-18,0,0,0
3249,5,4242,2025-06-07,1,1,0
3250,4,101,2021-11-29,0,0,0
3251,4,351,2021-11-23,0,0,0
3252,7,1628,2024-12-29,0,0,0
3253,10,3312,2024-01-15,1,0,0
3254,1,1775,2024-08-02,1,0,0
3255,2,972,2026-01-15,0,0,0
3256,2,3982,2026-01-11,0,0,0
3257,7,652,2024-12-26,1,1,1
3258,10,3733,2024-01-30,1,0,0
3259,2,836,2026-01-09,0,0,0
3260,8,2500,2023-02-13,1,0,0
3261,7,3130,2024-12-17,1,0,0
3262,8,3589,2023-02-01,1,0,0
3263,10,1741,2024-02-05,1,0,0
3264,9,2759,2021-09-05,1,1,0
3265,8,2148,2023-01-30,0,0,0
3266,10,4230,2024-01-20,1,0,0
3267,1,3703,2024-08-10,0,0,0
3268,4,3027,2021-12-06,1,1,1
3269,1,2568,2024-08-13,1,0,0
3270,4,4524,2021-12-11,0,0,0
3271,3,13,2021-12-02,1,0,0
3272,5,2313,2025-06-07,1,0,0
3273,3,4439,2021-11-29,1,1,1
3274,3,3393,2021-12-14,0,0,0
3275,7,755,2024-12-20,1,1,0
3276,7,2903,2024-12-21,1,1,0
3277,9,1102,2021-10-05,1,0,0
3278,4,353,2021-12-10,1,0,0
3279,10,4894,2024-01-13,0,0,0
3280,5,3833,2025-06-10,0,0,0
3281,7,32,2025-01-03,1,1,0
3282,9,2907,2021-09-12,0,0,0
3283,1,2488,2024-07-28,0,0,0
3284,7,2929,2024-12-19,1,0,0
3285,5,4666,2025-06-20,1,0,0
3286,1,1016,2024-08-09,1,0,0
3287,9,4646,2021-09-02,0,0,0
3288,10,2613,2024-01-15,0,0,0
3289,10,4184,2024-01-18,0,0,0
3290,6,3608,2021-07-25,1,0,0
3291,2,2039,2026-01-06,1,0,0
3292,3,4189,2021-12-01,1,1,0
3293,6,4946,2021-07-07,1,0,0
3294,9,2514,2021-09-18,0,0,0
3295,6,2875,2021-07-19,0,0,0
3296,6,4276,2021-07-18,0,0,0
3297,5,4589,2025-06-19,1,0,0
3298,9,833,2021-10-09,0,0,0
3299,5,3933,2025-06-21,1,0,0
3300,4,1515,2021-11-29,1,0,0
3301,9,3421,2021-09-03,1,1,0
3302,5,3372,2025-06-09,0,0,0
3303,10,3999,2024-02-05,0,0,0
3304,3,308,2021-12-15,0,0,0
3305,7,3008,2024-12-16,0,0,0
3306,3,3300,2021-12-08,0,0,0
3307,5,4688,2025-06-17,0,0,0
3308,5,68,2025-06-15,0,0,0
3309,3,3011,2021-11-28,1,1,0
3310,7,3676,2024-12-11,1,1,0
3311,1,2158,2024-07-28,0,0,0
3312,5,94,2025-06-12,1,1,0
3313,9,4984,2021-09-11,1,0,0
3314,7,596,2025-01-01,0,0,0
3315,10,475,2024-01-26,1,1,0
3316,10,403,2024-01-15,1,0,0
3317,6,889,2021-07-06,0,0,0
3318,8,4098,2023-02-03,0,0,0
3319,8,1529,2023-01-29,1,0,0
3320,5,4193,2025-06-14,1,0,0
3321,8,4572,2023-02-18,1,0,0
3322,1,1686,2024-08-05,0,0,0
3323,8,4024,2023-02-01,1,0,0
3324,3,4062,2021-12-04,1,1,0
3325,10,2292,2024-01-21,0,0,0
3326,4,4929,2021-12-10,1,1,0
3327,9,4352,2021-09-22,1,0,0
3328,2,2808,2026-01-12,1,0,0
3329,4,465,2021-12-01,1,1,0
3330,5,3268,2025-06-06,0,0,0
3331,2,3496,2026-01-12,0,0,0
3332,8,2908,2023-01-30,0,0,0
3333,8,314,2023-02-03,0,0,0
3334,7,3378,2024-12-25,0,0,0
3335,8,4392,2023-02-11,0,0,0
3336,4,1234,2021-12-02,1,0,0
3337,6,666,2021-07-07,1,0,0
3338,2,743,2026-01-11,1,1,0
3339,7,1526,2024-12-15,1,1,0
3340,7,1775,2024-12-24,1,1,0
3341,7,90,2024-12-31,1,0,0
3342,5,4948,2025-06-16,0,0,0
3343,10,2393,2024-01-24,0,0,0
3344,5,310,2025-06-22,0,0,0
3345,5,2082,2025-06-20,1,1,0
3346,8,1665,2023-02-04,0,0,0
3347,1,1758,2024-08-10,1,1,0
3348,3,1775,2021-12-01,0,0,0
3349,2,923,2026-01-12,1,0,0
3350,1,3200,2024-07-28,0,0,0
3351,10,2237,2024-02-01,1,0,0
3352,6,1786,2021-07-22,1,0,0
3353,3,1650,2021-12-09,1,0,0
3354,8,3766,2023-01-24,0,0,0
3355,8,1919,2023-01-26,0,0,0
3356,3,3706,2021-12-01,0,0,0
3357,7,649,2024-12-24,1,0,0
3358,1,3942,2024-08-12,1,0,0
3359,4,3139,2021-11-23,1,1,0
3360,9,1924,2021-09-01,1,1,0
3361,5,666,2025-06-21,0,0,0
3362,3,4292,2021-12-11,0,0,0
3363,3,1332,2021-12-13,1,1,0
3364,8,2181,2023-02-13,0,0,0
3365,7,1390,2024-12-16,1,1,0
3366,8,2480,2023-02-05,1,0,0
3367,10,2766,2024-01-26,0,0,0
3368,2,4127,2026-01-16,1,0,0
3369,2,216,2026-01-16,0,0,0
3370,9,3524,2021-09-14,1,0,0
3371,8,4080,2023-01-26,0,0,0
3372,8,1739,2023-01-23,1,0,0
3373,3,3746,2021-12-12,1,0,0
3374,8,4325,2023-01-31,1,0,0
3375,4,1182,2021-12-07,0,0,0
3376,9,251,2021-10-09,0,0,0
3377,1,2784,2024-07-30,1,0,0
3378,8,3165,2023-02-14,0,0,0
3379,8,4391,2023-02-08,0,0,0
3380,2,4436,2026-01-16,1,0,0
3381,6,1898,2021-07-24,1,0,0
3382,6,4538,2021-07-17,0,0,0
3383,9,1919,2021-09-08,0,0,0
3384,7,2629,2024-12-12,0,0,0
3385,3,2961,2021-12-08,0,0,0
3386,6,4475,2021-07-20,0,0,0
3387,10,2420,2024-01-29,0,0,0
3388,7,3704,2024-12-19,0,0,0
3389,3,4331,2021-12-13,1,0,0
3390,9,1218,2021-10-13,1,1,0
3391,8,4639,2023-01-28,1,0,0
3392,8,2121,2023-02-07,0,0,0
3393,4,704,2021-12-08,0,0,0
3394,4,2968,2021-12-06,1,1,0
3395,2,4779,2026-01-20,0,0,0
3396,7,4418,2024-12-28,1,1,0
3397,5,3155,2025-06-12,1,0,0
3398,6,548,2021-07-14,0,0,0
3399,7,893,2025-01-03,0,0,0
3400,2,198,2026-01-11,1,0,0
3401,8,268,2023-02-01,1,0,0
3402,3,3178,2021-12-04,0,0,0
3403,10,4671,2024-01-31,1,1,0
3404,6,2554,2021-07-22,1,1,0
3405,7,4522,2024-12-25,1,1,0
3406,2,1335,2026-01-08,1,1,1
3407,6,3723,2021-07-20,1,0,0
3408,9,3625,2021-09-04,0,0,0
3409,10,639,2024-01-20,1,0,0
3410,7,4688,2024-12-31,1,1,0
3411,1,3870,2024-08-10,0,0,0
3412,9,19,2021-09-05,1,0,0
3413,9,2150,2021-10-10,1,1,0
3414,6,4674,2021-07-19,1,1,0
3415,5,3841,2025-06-15,0,0,0
3416,9,151,2021-09-29,0,0,0
3417,2,4378,2026-01-09,1,1,0
3418,8,3740,2023-02-18,0,0,0
3419,2,849,2026-01-17,0,0,0
3420,10,2011,2024-01-14,0,0,0
3421,7,1354,2024-12-31,1,1,0
3422,2,1759,2026-01-17,1,1,0
3423,1,1209,2024-08-12,1,0,0
3424,8,1596,2023-01-25,1,0,0
3425,3,2568,2021-12-05,1,0,0
3426,4,2618,2021-12-07,1,0,0
3427,5,171,2025-06-13,1,1,0
3428,6,2016,2021-07-09,0,0,0
3429,10,3379,2024-02-05,0,0,0
3430,4,177,2021-12-11,0,0,0
3431,1,2814,2024-08-02,1,1,0
3432,10,389,2024-01-23,1,1,0
3433,9,2055,2021-10-04,0,0,0
3434,6,187,2021-07-06,1,0,0
3435,9,1724,2021-10-11,0,0,0
3436,1,4516,2024-08-05,1,1,0
3437,10,4844,2024-01-22,1,1,1
3438,8,4728,2023-02-15,1,1,1
3439,3,11,2021-12-12,0,0,0
3440,6,2105,2021-07-13,1,0,0
3441,7,1315,2025-01-01,0,0,0
3442,9,1818,2021-09-16,1,0,0
3443,4,4677,2021-11-30,1,0,0
3444,6,1829,2021-07-18,1,1,0
3445,9,4904,2021-10-09,1,0,0
3446,8,1689,2023-02-02,0,0,0
3447,9,877,2021-09-10,1,0,0
3448,8,3770,2023-02-15,0,0,0
3449,10,2316,2024-01-18,1,0,0
3450,6,4316,2021-07-19,1,0,0
3451,8,4824,2023-02-06,1,0,0
3452,2,398,2026-01-14,1,1,1
3453,5,1799,2025-06-06,1,0,0
3454,9,100,2021-09-08,0,0,0
3455,7,589,2025-01-04,0,0,0
3456,10,4211,2024-01-18,1,0,0
3457,10,1055,2024-01-16,1,0,0
3458,4,3827,2021-11-27,1,1,0
3459,10,247,2024-01-16,1,0,0
3460,9,1160,2021-09-09,0,0,0
3461,10,4347,2024-01-22,1,1,0
3462,2,3040,2026-01-18,1,1,1
3463,5,549,2025-06-20,1,0,0
3464,4,4291,2021-11-24,1,1,0
3465,3,4735,2021-12-14,0,0,0
3466,2,2170,2026-01-15,1,1,0
3467,9,2954,2021-09-17,0,0,0
3468,4,3368,2021-12-10,1,0,0
3469,4,2861,2021-11-26,0,0,0
3470,2,4728,2026-01-18,0,0,0
3471,7,1826,2025-01-05,0,0,0
3472,10,532,2024-02-04,0,0,0
3473,9,1814,2021-09-13,1,0,0
3474,10,2611,2024-01-21,0,0,0
3475,7,3119,2024-12-17,0,0,0
3476,7,4442,2024-12-30,0,0,0
3477,3,590,2021-12-03,1,0,0
3478,1,2583,2024-08-13,0,0,0
3479,1,2601,2024-08-03,1,0,0
3480,6,3180,2021-07-08,1,0,0
3481,9,1648,2021-09-15,1,1,0
3482,5,178,2025-06-08,0,0,0
3483,2,2289,2026-01-10,0,0,0
3484,1,1592,2024-07-30,0,0,0
3485,5,2472,2025-06-19,0,0,0
3486,7,2422,2024-12-22,0,0,0
3487,1,1672,2024-08-10,1,0,0
3488,4,1937,2021-12-02,1,0,0
3489,1,1083,2024-08-03,1,1,1
3490,7,2404,2024-12-26,1,0,0
3491,9,2268,2021-09-12,1,0,0
3492,4,520,2021-11-30,0,0,0
3493,1,4040,2024-08-10,0,0,0
3494,6,2292,2021-07-20,0,0,0
3495,8,4203,2023-01-24,0,0,0
3496,5,3032,2025-06-16,0,0,0
3497,6,1700,2021-07-19,1,0,0
3498,10,3551,2024-01-22,1,1,0
3499,3,135,2021-11-29,0,0,0
3500,6,1915,2021-07-14,1,1,1
3501,4,3883,2021-11-24,0,0,0
3502,9,4862,2021-09-16,0,0,0
3503,1,3148,2024-08-07,1,1,0
3504,7,2669,2024-12-25,0,0,0
3505,1,4874,2024-08-11,0,0,0
3506,3,4890,2021-11-28,0,0,0
3507,9,2933,2021-09-28,1,1,1
3508,2,479,2026-01-19,0,0,0
3509,4,3606,2021-12-03,0,0,0
3510,10,3410,2024-01-15,1,1,0
3511,3,2759,2021-12-04,1,0,0
3512,8,1106,2023-02-07,0,0,0
3513,1,1151,2024-08-16,1,1,0
3514,10,3190,2024-01-24,0,0,0
3515,1,1740,2024-08-02,1,0,0
3516,4,2571,2021-11-30,1,0,0
3517,5,3148,2025-06-16,1,1,0
3518,9,481,2021-09-18,0,0,0
3519,2,2397,2026-01-17,1,0,0
3520,3,1223,2021-12-07,1,0,0
3521,1,690,2024-08-08,1,0,0
3522,4,2240,2021-11-26,1,0,0
3523,2,1717,2026-01-08,1,0,0
3524,1,1492,2024-08-16,0,0,0
3525,4,1654,2021-11-24,1,0,0
3526,6,2437,2021-07-22,0,0,0
3527,8,4861,2023-02-13,1,0,0
3528,9,4003,2021-09-28,0,0,0
3529,10,3963,2024-02-01,0,0,0
3530,5,694,2025-06-09,0,0,0
3531,6,3971,2021-07-25,1,1,0
3532,3,2781,2021-12-12,1,0,0
3533,5,326,2025-06-20,1,1,0
3534,9,3530,2021-09-16,1,0,0
3535,4,2213,2021-11-30,0,0,0
3536,4,2599,2021-11-25,0,0,0
3537,4,98,2021-11-27,0,0,0
3538,7,3176,2024-12-15,1,0,0
3539,2,331,2026-01-13,0,0,0
3540,8,3786,2023-02-10,1,0,0
3541,3,1014,2021-12-13,0,0,0
3542,1,2729,2024-08-14,1,1,0
3543,2,974,2026-01-19,0,0,0
3544,1,2352,2024-08-11,1,1,0
3545,7,2647,2024-12-23,0,0,0
3546,9,423,2021-10-09,0,0,0
3547,8,4447,2023-01-26,0,0,0
3548,3,2908,2021-12-04,1,1,0
3549,5,935,2025-06-08,0,0,0
3550,1,32,2024-08-13,0,0,0
3551,5,1470,2025-06-19,1,1,1
3552,2,3151,2026-01-20,1,1,1
3553,4,4910,2021-12-02,0,0,0
3554,10,1958,2024-01-27,1,1,0
3555,7,2339,2024-12-21,1,0,0
3556,2,899,2026-01-15,1,0,0
3557,2,1255,2026-01-08,1,0,0
3558,6,2097,2021-07-14,1,1,0
3559,8,1110,2023-01-26,1,0,0
3560,6,2591,2021-07-15,1,0,0
3561,8,2832,2023-02-17,1,1,1
3562,10,4210,2024-02-01,1,0,0
3563,7,1589,2025-01-02,0,0,0
3564,5,2072,2025-06-07,0,0,0
3565,7,2791,2025-01-03,1,0,0
3566,5,3800,2025-06-16,0,0,0
3567,3,1731,2021-11-30,0,0,0
3568,1,1309,2024-08-13,1,0,0
3569,10,1512,2024-02-05,0,0,0
3570,3,4397,2021-12-05,1,0,0
3571,3,2721,2021-11-30,0,0,0
3572,6,4933,2021-07-20,1,0,0
3573,8,1377,2023-01-26,1,0,0
3574,1,884,2024-07-29,1,1,0
3575,1,3787,2024-07-31,1,1,0
3576,3,1320,2021-12-11,1,1,1
3577,10,1113,2024-01-26,0,0,0
3578,2,3442,2026-01-12,0,0,0
3579,7,4100,2024-12-19,0,0,0
3580,8,1106,2023-01-21,1,0,0
3581,1,2775,2024-08-09,0,0,0
3582,4,1947,2021-12-06,0,0,0
3583,2,3572,2026-01-09,1,1,0
3584,3,144,2021-12-03,1,0,0
3585,7,2438,2024-12-19,1,0,0
3586,8,3960,2023-02-08,0,0,0
3587,2,2447,2026-01-15,0,0,0
3588,8,3425,2023-02-18,0,0,0
3589,4,1919,2021-12-09,0,0,0
3590,3,3037,2021-12-06,1,0,0
3591,10,82,2024-02-01,0,0,0
3592,3,2905,2021-12-02,0,0,0
3593,5,917,2025-06-15,1,1,0
3594,1,2869,2024-08-10,1,0,0
3595,7,2769,2024-12-10,1,1,0
3596,1,1346,2024-08-13,0,0,0
3597,5,3128,2025-06-13,1,0,0
3598,7,379,2024-12-28,0,0,0
3599,1,2972,2024-08-02,1,0,0
3600,9,3436,2021-10-10,1,1,0
3601,9,682,2021-09-05,0,0,0
3602,4,4864,2021-11-24,1,1,0
3603,10,2813,2024-01-13,0,0,0
3604,3,1272,2021-12-11,1,0,0
3605,2,3812,2026-01-15,1,0,0
3606,5,4048,2025-06-17,0,0,0
3607,9,50,2021-10-01,0,0,0
3608,9,777,2021-10-01,0,0,0
3609,10,3416,2024-01-27,1,0,0
3610,7,3599,2024-12-16,0,0,0
3611,1,3250,2024-08-07,0,0,0
3612,8,1806,2023-02-06,1,0,0
3613,4,3314,2021-12-11,0,0,0
3614,6,357,2021-07-10,1,0,0
3615,8,628,2023-02-06,0,0,0
3616,10,2990,2024-01-22,1,1,0
3617,4,1931,2021-12-08,0,0,0
3618,4,4040,2021-11-25,0,0,0
3619,5,345,2025-06-19,0,0,0
3620,7,4355,2024-12-27,1,1,0
3621,5,1564,2025-06-16,1,1,0
3622,2,2711,2026-01-15,1,0,0
3623,6,2232,2021-07-17,0,0,0
3624,8,3607,2023-02-07,1,0,0
3625,9,4567,2021-09-30,1,0,0
3626,8,2191,2023-02-08,1,1,0
3627,2,2475,2026-01-19,0,0,0
3628,3,1359,2021-12-09,1,0,0
3629,6,3578,2021-07-14,1,1,0
3630,8,4253,2023-02-03,0,0,0
3631,1,3392,2024-08-13,1,1,0
3632,10,2226,2024-01-31,1,0,0
3633,1,4250,2024-08-05,0,0,0
3634,3,3650,2021-12-02,1,1,0
3635,6,428,2021-07-24,0,0,0
3636,2,1514,2026-01-09,0,0,0
3637,4,2605,2021-11-27,0,0,0
3638,7,1861,2024-12-25,0,0,0
3639,9,1874,2021-09-13,1,0,0
3640,5,2990,2025-06-06,0,0,0
3641,6,3311,2021-07-08,0,0,0
3642,6,1464,2021-07-12,1,0,0
3643,1,775,2024-08-16,1,0,0
3644,7,3054,2024-12-13,0,0,0
3645,8,753,2023-02-02,0,0,0
3646,9,2738,2021-10-11,0,0,0
3647,3,1746,2021-11-28,0,0,0
3648,7,2408,2024-12-19,1,0,0
3649,6,1840,2021-07-07,1,0,0
3650,4,4680,2021-11-25,1,1,1
3651,10,2137,2024-01-23,1,1,0
3652,5,3703,2025-06-18,0,0,0
3653,9,1826,2021-10-08,1,0,0
3654,6,4335,2021-07-18,1,0,0
3655,8,1380,2023-02-16,0,0,0
3656,2,3404,2026-01-12,1,1,0
3657,10,2400,2024-01-31,0,0,0
3658,1,1419,2024-08-02,0,0,0
3659,7,1459,2025-01-03,0,0,0
3660,8,4660,2023-02-13,1,1,0
3661,7,1048,2024-12-13,1,0,0
3662,5,2730,2025-06-14,1,0,0
3663,8,3113,2023-02-13,1,1,0
3664,7,1869,2024-12-15,1,0,0
3665,10,1745,2024-01-25,1,0,0
3666,8,4091,2023-01-24,1,1,0
3667,3,2321,2021-12-02,0,0,0
3668,1,1080,2024-08-07,0,0,0
3669,5,3647,2025-06-18,0,0,0
3670,10,2870,2024-01-24,1,1,1
3671,4,4998,2021-12-10,0,0,0
3672,5,4469,2025-06-06,1,0,0
3673,4,753,2021-11-30,1,0,0
3674,5,4017,2025-06-21,1,0,0
3675,2,250,2026-01-07,0,0,0
3676,10,3939,2024-01-31,1,1,0
3677,9,2839,2021-10-09,1,0,0
3678,8,4534,2023-02-05,1,1,0
3679,6,1822,2021-07-22,0,0,0
3680,5,1439,2025-06-16,0,0,0
3681,1,201,2024-08-10,0,0,0
3682,7,3222,2024-12-28,1,1,0
3683,10,3474,2024-02-06,1,0,0
3684,4,2125,2021-11-26,1,0,0
3685,10,2992,2024-01-15,1,0,0
3686,4,921,2021-12-06,0,0,0
3687,2,4842,2026-01-07,0,0,0
3688,8,402,2023-01-21,0,0,0
3689,9,394,2021-09-25,0,0,0
3690,9,1931,2021-10-03,0,0,0
3691,3,2233,2021-12-12,1,1,0
3692,3,1666,2021-12-13,1,1,0
3693,7,3000,2024-12-30,1,0,0
3694,5,2913,2025-06-07,0,0,0
3695,9,3807,2021-10-06,0,0,0
3696,6,328,2021-07-08,1,0,0
3697,2,3687,2026-01-08,0,0,0
3698,8,2278,2023-02-13,1,1,0
3699,10,1882,2024-01-27,1,1,0
3700,7,2468,2024-12-22,1,0,0
3701,2,2334,2026-01-06,1,0,0
3702,3,4181,2021-12-05,0,0,0
3703,1,2711,2024-08-10,0,0,0
3704,5,28,2025-06-22,1,1,0
3705,7,570,2024-12-26,1,1,0
3706,5,2168,2025-06-11,1,0,0
3707,4,3422,2021-12-10,0,0,0
3708,5,3598,2025-06-13,0,0,0
3709,6,4785,2021-07-13,0,0,0
3710,3,3386,2021-12-09,0,0,0
3711,1,1476,2024-07-29,1,0,0
3712,10,3963,2024-02-06,1,0,0
3713,1,892,2024-08-08,0,0,0
3714,4,1804,2021-12-07,1,1,1
3715,4,688,2021-12-11,1,0,0
3716,2,1146,2026-01-11,0,0,0
3717,2,1927,2026-01-15,1,1,0
3718,7,3146,2024-12-12,1,0,0
3719,7,2151,2025-01-02,1,1,0
3720,8,4447,2023-02-12,0,0,0
3721,7,618,2024-12-19,0,0,0
3722,8,4594,2023-02-02,1,1,0
3723,1,4510,2024-08-04,0,0,0
3724,4,4491,2021-12-11,0,0,0
3725,3,739,2021-12-07,1,1,0
3726,8,3771,2023-01-21,0,0,0
3727,3,4890,2021-12-12,1,1,0
3728,4,1845,2021-11-23,1,0,0
3729,2,3594,2026-01-09,0,0,0
3730,5,1837,2025-06-09,0,0,0
3731,6,3808,2021-07-16,0,0,0
3732,9,143,2021-09-19,0,0,0
3733,2,2740,2026-01-07,0,0,0
3734,3,978,2021-12-13,1,1,0
3735,2,2651,2026-01-07,1,1,0
3736,10,3826,2024-01-25,1,1,0
3737,2,332,2026-01-19,1,0,0
3738,2,3093,2026-01-06,1,1,0
3739,6,356,2021-07-12,1,1,0
3740,3,1616,2021-12-05,1,0,0
3741,9,4647,2021-09-18,0,0,0
3742,1,2353,2024-08-04,1,1,1
3743,6,1021,2021-07-08,1,0,0
3744,6,4860,2021-07-15,1,1,0
3745,4,454,2021-12-08,0,0,0
3746,10,771,2024-02-02,1,1,1
3747,7,3481,2025-01-04,0,0,0
3748,10,1867,2024-02-06,0,0,0
3749,10,4910,2024-01-23,1,0,0
3750,10,1219,2024-01-23,1,0,0
3751,10,1268,2024-01-21,1,0,0
3752,6,4777,2021-07-09,1,1,0
3753,9,681,2021-10-01,0,0,0
3754,1,4461,2024-07-29,1,0,0
3755,5,3465,2025-06-19,0,0,0
3756,2,2505,2026-01-17,0,0,0
3757,9,4013,2021-09-24,1,0,0
3758,8,1049,2023-01-28,1,0,0
3759,7,3291,2024-12-28,0,0,0
3760,8,2581,2023-01-23,1,0,0
3761,6,1824,2021-07-14,1,1,0
3762,8,1337,2023-01-25,0,0,0
3763,4,408,2021-12-07,1,0,0
3764,2,2809,2026-01-18,0,0,0
3765,4,1447,2021-11-27,1,1,0
3766,1,2844,2024-08-02,0,0,0
3767,6,1661,2021-07-25,0,0,0
3768,8,989,2023-02-05,0,0,0
3769,2,3499,2026-01-06,1,0,0
3770,8,1141,2023-02-17,0,0,0
3771,2,3198,2026-01-20,0,0,0
3772,9,892,2021-09-11,0,0,0
3773,2,11,2026-01-19,1,0,0
3774,6,718,2021-07-06,0,0,0
3775,2,548,2026-01-08,0,0,0
3776,6,3413,2021-07-10,1,1,0
3777,4,4142,2021-11-23,0,0,0
3778,6,4332,2021-07-07,0,0,0
3779,7,2647,2024-12-16,1,1,0
3780,10,464,2024-02-02,1,1,1
3781,1,4088,2024-08-15,1,1,0
3782,10,2306,2024-01-16,0,0,0
3783,1,2267,2024-08-12,1,0,0
3784,7,627,2025-01-04,0,0,0
3785,1,1471,2024-07-30,0,0,0
3786,3,736,2021-12-04,1,0,0
3787,5,4933,2025-06-17,0,0,0
3788,6,1500,2021-07-08,0,0,0
3789,4,2488,2021-11-29,0,0,0
3790,10,618,2024-01-24,1,1,0
3791,9,4791,2021-09-03,0,0,0
3792,2,366,2026-01-13,1,1,0
3793,2,3287,2026-01-12,1,0,0
3794,3,4514,2021-11-28,1,1,0
3795,8,4400,2023-01-26,0,0,0
3796,1,3838,2024-08-08,0,0,0
3797,4,4311,2021-12-11,0,0,0
3798,10,4542,2024-01-21,1,0,0
3799,10,4691,2024-01-27,0,0,0
3800,9,3538,2021-09-14,1,0,0
3801,2,4334,2026-01-11,0,0,0
3802,1,2751,2024-08-10,1,0,0
3803,9,358,2021-10-11,0,0,0
3804,5,1687,2025-06-21,1,0,0
3805,6,4664,2021-07-14,0,0,0
3806,1,774,2024-08-01,1,1,0
3807,4,2666,2021-11-27,1,1,0
3808,10,1711,2024-02-06,1,1,0
3809,7,2763,2024-12-10,0,0,0
3810,7,2577,2024-12-31,0,0,0
3811,10,1316,2024-01-15,0,0,0
3812,4,397,2021-11-23,1,0,0
3813,2,2100,2026-01-19,0,0,0
3814,2,3844,2026-01-10,1,0,0
3815,5,3691,2025-06-08,1,1,0
3816,5,2679,2025-06-14,0,0,0
3817,2,307,2026-01-14,1,1,0
3818,9,2845,2021-09-29,1,0,0
3819,1,2542,2024-07-29,0,0,0
3820,8,2938,2023-02-02,0,0,0
3821,1,1393,2024-08-13,1,0,0
3822,7,255,2025-01-01,1,0,0
3823,3,912,2021-12-10,0,0,0
3824,3,4825,2021-12-08,1,1,0
3825,8,4557,2023-01-27,0,0,0
3826,8,4466,2023-02-12,0,0,0
3827,7,3571,2024-12-20,1,1,0
3828,9,578,2021-10-10,1,0,0
3829,6,3528,2021-07-10,0,0,0
3830,6,60,2021-07-14,0,0,0
3831,9,1154,2021-09-14,1,1,0
3832,1,3057,2024-08-10,1,1,0
3833,9,678,2021-09-14,1,1,1
3834,1,2708,2024-08-11,1,1,0
3835,8,4339,2023-02-09,0,0,0
3836,10,3511,2024-01-14,0,0,0
3837,1,615,2024-07-31,1,1,1
3838,4,3021,2021-12-03,1,0,0
3839,4,4030,2021-12-04,0,0,0
3840,7,848,2024-12-28,0,0,0
3841,9,4794,2021-09-15,0,0,0
3842,3,690,2021-12-08,0,0,0
3843,4,2679,2021-12-05,0,0,0
3844,2,4834,2026-01-19,1,0,0
3845,7,4628,2024-12-19,0,0,0
3846,3,314,2021-12-11,0,0,0
3847,7,2238,2024-12-20,1,0,0
3848,10,4678,2024-01-26,1,0,0
3849,5,4756,2025-06-15,1,0,0
3850,1,3450,2024-08-05,1,0,0
3851,1,4772,2024-07-28,0,0,0
3852,7,1137,2024-12-17,1,0,0
3853,9,112,2021-09-08,0,0,0
3854,10,1763,2024-01-27,1,0,0
3855,6,4562,2021-07-24,0,0,0
3856,4,2605,2021-11-23,1,0,0
3857,7,3659,2024-12-13,1,1,0
3858,4,2927,2021-12-06,1,0,0
3859,8,537,2023-01-23,1,0,0
3860,2,4510,2026-01-09,1,1,0
3861,9,365,2021-10-07,0,0,0
3862,4,4071,2021-12-10,1,0,0
3863,2,2545,2026-01-17,0,0,0
3864,6,2460,2021-07-21,0,0,0
3865,5,1660,2025-06-17,1,0,0
3866,1,1566,2024-08-06,0,0,0
3867,10,2082,2024-01-31,1,0,0
3868,7,2342,2025-01-02,1,1,0
3869,5,2122,2025-06-06,1,0,0
3870,5,1616,2025-06-16,1,0,0
3871,8,275,2023-02-16,0,0,0
3872,1,4927,2024-08-05,1,1,0
3873,8,2461,2023-01-22,1,0,0
3874,10,4871,2024-01-22,1,1,1
3875,8,4178,2023-01-23,0,0,0
3876,1,303,2024-08-01,1,0,0
3877,2,2805,2026-01-15,0,0,0
3878,5,3549,2025-06-17,1,0,0
3879,2,4767,2026-01-15,1,1,1
3880,9,755,2021-09-29,1,1,0
3881,1,4964,2024-07-29,1,1,0
3882,9,693,2021-09-06,0,0,0
3883,4,2423,2021-12-06,0,0,0
3884,9,4387,2021-09-18,1,0,0
3885,5,1028,2025-06-08,0,0,0
3886,5,1906,2025-06-12,1,1,0
3887,4,2269,2021-12-10,0,0,0
3888,1,4227,2024-08-11,1,0,0
3889,5,4859,2025-06-17,1,0,0
3890,8,4528,2023-01-21,1,1,0
3891,3,2589,2021-12-13,1,1,0
3892,7,2122,2024-12-13,1,0,0
3893,7,2842,2025-01-04,1,0,0
3894,5,2232,2025-06-18,0,0,0
3895,10,1443,2024-01-30,1,1,0
3896,7,3675,2025-01-01,1,1,0
3897,3,1972,2021-12-14,1,1,0
3898,9,151,2021-09-04,0,0,0
3899,8,404,2023-02-07,1,0,0
3900,10,3285,2024-01-21,1,0,0
3901,5,1398,2025-06-17,0,0,0
3902,4,1965,2021-11-27,1,0,0
3903,8,2952,2023-01-29,1,0,0
3904,1,885,2024-08-06,1,1,1
3905,4,2832,2021-12-01,0,0,0
3906,10,624,2024-01-30,0,0,0
3907,5,2119,2025-06-15,1,0,0
3908,2,3955,2026-01-14,1,1,0
3909,8,4731,2023-02-01,0,0,0
3910,10,1791,2024-01-14,0,0,0
3911,7,2372,2024-12-30,1,1,0
3912,9,2997,2021-09-16,1,0,0
3913,5,274,2025-06-09,0,0,0
3914,9,4584,2021-09-05,1,0,0
3915,4,1978,2021-11-22,0,0,0
3916,2,1849,2026-01-16,1,0,0
3917,7,1771,2024-12-29,0,0,0
3918,10,2067,2024-01-21,1,0,0
3919,2,1200,2026-01-14,0,0,0
3920,6,4085,2021-07-06,0,0,0
3921,3,4364,2021-12-04,1,1,0
3922,9,3805,2021-09-17,0,0,0
3923,9,2748,2021-10-06,0,0,0
3924,9,2971,2021-09-24,0,0,0
3925,1,1683,2024-08-05,1,1,1
3926,2,4624,2026-01-06,0,0,0
3927,6,4326,2021-07-18,0,0,0
3928,5,4432,2025-06-15,0,0,0
3929,2,3816,2026-01-16,0,0,0
3930,6,47,2021-07-11,1,0,0
3931,4,2077,2021-12-09,1,0,0
3932,3,4389,2021-11-29,1,0,0
3933,3,1334,2021-11-30,0,0,0
3934,8,4306,2023-02-10,0,0,0
3935,10,276,2024-01-25,0,0,0
3936,10,3023,2024-01-22,1,1,0
3937,6,39,2021-07-25,0,0,0
3938,3,1361,2021-12-07,1,1,1
3939,2,3051,2026-01-10,1,0,0
3940,1,511,2024-08-11,0,0,0
3941,10,749,2024-01-16,0,0,0
3942,3,9,2021-12-12,1,1,0
3943,8,2971,2023-02-16,0,0,0
3944,2,335,2026-01-06,1,0,0
3945,8,691,2023-02-08,1,0,0
3946,7,1175,2024-12-26,1,0,0
3947,1,4120,2024-07-30,0,0,0
3948,9,2088,2021-09-26,1,0,0
3949,9,4211,2021-10-02,1,0,0
3950,6,630,2021-07-13,1,1,0
3951,9,4584,2021-09-26,1,0,0
3952,8,3160,2023-02-16,0,0,0
3953,2,399,2026-01-09,1,0,0
3954,5,623,2025-06-14,0,0,0
3955,5,493,2025-06-08,0,0,0
3956,8,1353,2023-01-30,1,0,0
3957,6,1565,2021-07-15,0,0,0
3958,3,2704,2021-12-07,0,0,0
3959,4,4743,2021-12-05,0,0,0
3960,4,4983,2021-11-27,0,0,0
3961,8,3471,2023-01-30,0,0,0
3962,6,2862,2021-07-09,0,0,0
3963,7,4900,2024-12-17,1,1,1
3964,7,3901,2025-01-02,1,0,0
3965,1,2571,2024-07-28,0,0,0
3966,9,3859,2021-09-11,0,0,0
3967,8,2083,2023-02-10,0,0,0
3968,4,1691,2021-12-09,1,1,0
3969,7,868,2024-12-23,0,0,0
3970,7,2969,2024-12-31,1,0,0
3971,3,576,2021-12-05,0,0,0
3972,5,2604,2025-06-07,1,0,0
3973,1,3732,2024-08-09,1,1,1
3974,1,1443,2024-08-03,0,0,0
3975,7,1799,2025-01-05,1,1,1
3976,8,3398,2023-02-18,1,1,0
3977,5,3808,2025-06-13,1,1,0
3978,9,3990,2021-08-31,0,0,0
3979,1,2552,2024-08-05,1,0,0
3980,5,1730,2025-06-14,1,0,0
3981,5,4247,2025-06-20,0,0,0
3982,6,178,2021-07-13,0,0,0
3983,4,4672,2021-11-30,0,0,0
3984,3,2622,2021-12-01,1,0,0
3985,1,3187,2024-07-30,0,0,0
3986,4,3278,2021-12-03,1,0,0
3987,3,2716,2021-12-13,1,0,0
3988,8,2018,2023-01-25,1,0,0
3989,5,4311,2025-06-17,1,0,0
3990,9,2099,2021-09-13,1,1,0
3991,10,2559,2024-02-01,1,0,0
3992,1,528,2024-08-11,1,0,0
3993,5,2366,2025-06-21,0,0,0
3994,7,1068,2024-12-28,1,0,0
3995,5,3263,2025-06-11,1,1,1
3996,4,380,2021-12-11,0,0,0
3997,6,3511,2021-07-06,1,1,0
3998,8,611,2023-02-04,1,0,0
3999,4,3106,2021-11-29,0,0,0
4000,9,4015,2021-10-01,1,0,0
4001,7,4888,2024-12-20,1,1,0
4002,5,4222,2025-06-21,0,0,0
4003,6,4971,2021-07-12,1,0,0
4004,1,2007,2024-08-11,0,0,0
4005,7,3819,2024-12-30,0,0,0
4006,3,617,2021-12-07,1,1,0
4007,1,2900,2024-08-06,0,0,0
4008,3,214,2021-12-03,0,0,0
4009,9,982,2021-09-23,0,0,0
4010,1,781,2024-07-30,0,0,0
4011,2,3885,2026-01-18,0,0,0
4012,8,4485,2023-02-18,1,0,0
4013,7,2969,2024-12-25,1,1,0
4014,2,25,2026-01-06,1,0,0
4015,10,1663,2024-01-16,0,0,0
4016,1,4719,2024-08-10,1,1,1
4017,10,2957,2024-01-13,1,0,0
4018,7,3227,2024-12-14,1,0,0
4019,2,4134,2026-01-12,0,0,0
4020,7,1511,2024-12-14,1,0,0
4021,10,764,2024-01-26,1,0,0
4022,7,1229,2024-12-15,1,0,0
4023,3,441,2021-12-15,1,0,0
4024,6,3473,2021-07-11,0,0,0
4025,4,17,2021-12-08,0,0,0
4026,1,1403,2024-07-28,1,0,0
4027,3,1692,2021-12-01,1,0,0
4028,1,426,2024-08-06,0,0,0
4029,4,1038,2021-12-10,1,0,0
4030,8,2315,2023-02-15,0,0,0
4031,8,4119,2023-01-23,1,1,0
4032,3,417,2021-12-06,1,0,0
4033,10,3994,2024-01-31,1,0,0
4034,5,4929,2025-06-16,1,1,1
4035,4,2794,2021-12-09,0,0,0
4036,10,105,2024-01-29,1,1,0
4037,8,2904,2023-02-10,0,0,0
4038,8,4351,2023-02-03,0,0,0
4039,5,4906,2025-06-22,1,0,0
4040,10,1747,2024-01-23,1,1,0
4041,9,2533,2021-09-27,1,0,0
4042,9,4821,2021-09-20,1,1,1
4043,9,1697,2021-09-18,0,0,0
4044,9,1048,2021-09-27,0,0,0
4045,6,1998,2021-07-19,1,0,0
4046,9,684,2021-09-10,0,0,0
4047,4,3432,2021-12-10,0,0,0
4048,3,2966,2021-12-08,1,0,0
4049,3,2731,2021-11-29,1,1,1
4050,4,2,2021-12-02,1,0,0
4051,9,1636,2021-09-03,0,0,0
4052,7,1723,2024-12-17,1,1,0
4053,5,3174,2025-06-20,1,0,0
4054,9,1145,2021-09-30,1,1,1
4055,1,1325,2024-08-01,0,0,0
4056,8,2789,2023-02-10,1,0,0
4057,2,2815,2026-01-20,1,0,0
4058,1,3004,2024-08-06,0,0,0
4059,9,1906,2021-09-27,0,0,0
4060,2,4358,2026-01-19,1,0,0
4061,6,39,2021-07-13,1,1,0
4062,8,4969,2023-01-22,1,1,0
4063,3,390,2021-11-30,0,0,0
4064,2,698,2026-01-16,1,0,0
4065,3,312,2021-12-08,1,0,0
4066,1,1935,2024-08-06,0,0,0
4067,3,1320,2021-12-05,0,0,0
4068,9,1974,2021-09-30,0,0,0
4069,5,1580,2025-06-11,1,0,0
4070,5,1285,2025-06-09,1,0,0
4071,3,4558,2021-12-06,0,0,0
4072,1,1991,2024-08-06,1,0,0
4073,3,3817,2021-12-03,1,0,0
4074,3,3279,2021-12-10,0,0,0
4075,1,3721,2024-08-12,0,0,0
4076,4,3608,2021-12-01,0,0,0
4077,10,4782,2024-02-01,1,0,0
4078,7,4779,2024-12-24,1,0,0
4079,8,166,2023-01-21,1,1,0
4080,8,3464,2023-02-12,1,0,0
4081,1,2621,2024-07-28,0,0,0
4082,6,4294,2021-07-18,0,0,0
4083,9,1445,2021-09-30,1,0,0
4084,3,1940,2021-12-09,1,1,0
4085,7,3765,2025-01-04,1,1,0
4086,10,602,2024-01-23,0,0,0
4087,1,1719,2024-08-12,0,0,0
4088,2,4882,2026-01-16,0,0,0
4089,1,3336,2024-08-05,0,0,0
4090,7,4646,2024-12-13,1,0,0
4091,9,2092,2021-10-05,1,1,0
4092,7,3434,2024-12-31,0,0,0
4093,3,345,2021-12-06,0,0,0
4094,9,4873,2021-09-13,0,0,0
4095,3,4919,2021-12-05,0,0,0
4096,8,4032,2023-01-28,1,1,0
4097,4,856,2021-11-26,0,0,0
4098,2,1078,2026-01-15,1,1,1
4099,8,766,2023-02-04,0,0,0
4100,8,1517,2023-01-27,1,0,0
4101,10,816,2024-01-20,1,0,0
4102,8,3424,2023-02-16,0,0,0
4103,4,3849,2021-12-09,0,0,0
4104,7,3099,2024-12-20,1,0,0
4105,5,337,2025-06-07,1,0,0
4106,10,507,2024-02-01,1,1,1
4107,8,27,2023-01-29,1,0,0
4108,2,4522,2026-01-09,1,0,0
4109,3,4424,2021-12-02,1,1,0
4110,5,187,2025-06-16,0,0,0
4111,9,2082,2021-09-07,1,1,0
4112,3,2673,2021-12-08,1,1,0
4113,5,743,2025-06-17,1,1,1
4114,7,2259,2024-12-16,0,0,0
4115,6,2541,2021-07-17,1,1,0
4116,5,2981,2025-06-11,1,0,0
4117,7,3534,2024-12-24,0,0,0
4118,4,309,2021-11-23,1,1,1
4119,7,88,2024-12-19,0,0,0
4120,9,4060,2021-09-21,1,0,0
4121,1,3487,2024-08-03,1,0,0
4122,7,244,2025-01-04,1,0,0
4123,1,3307,2024-08-14,1,1,0
4124,2,2221,2026-01-05,1,0,0
4125,6,4472,2021-07-19,0,0,0
4126,5,1868,2025-06-21,0,0,0
4127,1,2374,2024-08-14,1,0,0
4128,6,3606,2021-07-11,1,1,0
4129,1,212,2024-07-31,1,0,0
4130,6,1216,2021-07-24,1,0,0
4131,10,698,2024-01-25,0,0,0
4132,2,3607,2026-01-20,0,0,0
4133,2,2216,2026-01-16,1,1,0
4134,4,596,2021-11-29,1,1,1
4135,5,1416,2025-06-18,0,0,0
4136,6,2943,2021-07-09,0,0,0
4137,1,1383,2024-08-15,1,0,0
4138,6,2948,2021-07-22,1,1,0
4139,5,819,2025-06-12,0,0,0
4140,4,756,2021-12-08,1,0,0
4141,1,3042,2024-08-07,0,0,0
4142,3,4465,2021-12-06,0,0,0
4143,7,2600,2024-12-10,1,0,0
4144,1,672,2024-08-16,0,0,0
4145,3,1826,2021-12-01,0,0,0
4146,3,4226,2021-11-30,0,0,0
4147,3,3848,2021-12-08,1,0,0
4148,3,462,2021-12-13,1,1,0
4149,6,4669,2021-07-15,1,1,0
4150,7,306,2024-12-22,0,0,0
4151,9,4787,2021-09-29,0,0,0
4152,8,4296,2023-02-09,1,0,0
4153,3,2265,2021-12-03,1,0,0
4154,8,537,2023-02-18,0,0,0
4155,5,3617,2025-06-09,1,0,0
4156,9,4407,2021-09-04,0,0,0
4157,3,3092,2021-12-10,1,0,0
4158,1,2363,2024-08-15,0,0,0
4159,5,137,2025-06-22,0,0,0
4160,2,3191,2026-01-15,1,0,0
4161,7,3767,2025-01-05,1,0,0
4162,8,1703,2023-01-21,1,1,1
4163,3,2530,2021-12-15,1,1,0
4164,2,318,2026-01-19,1,1,0
4165,7,765,2024-12-13,0,0,0
4166,3,2758,2021-11-29,1,1,0
4167,1,1955,2024-07-31,1,0,0
4168,3,304,2021-11-27,0,0,0
4169,2,947,2026-01-11,1,1,0
4170,8,2468,2023-02-01,1,0,0
4171,1,2842,2024-08-12,1,0,0
4172,9,1422,2021-09-13,0,0,0
4173,10,163,2024-01-28,1,0,0
4174,7,4128,2024-12-11,0,0,0
4175,9,590,2021-10-12,0,0,0
4176,8,4193,2023-02-07,0,0,0
4177,1,3319,2024-08-04,0,0,0
4178,4,4607,2021-11-23,0,0,0
4179,3,4691,2021-12-15,1,0,0
4180,8,2782,2023-01-23,1,1,1
4181,8,3867,2023-01-31,0,0,0
4182,10,635,2024-01-13,0,0,0
4183,4,4119,2021-12-03,0,0,0
4184,9,2808,2021-09-15,1,1,1
4185,10,4794,2024-02-04,0,0,0
4186,3,3358,2021-12-06,1,1,1
4187,2,47,2026-01-14,1,0,0
4188,9,4053,2021-10-01,1,0,0
4189,10,1730,2024-01-13,0,0,0
4190,5,670,2025-06-06,1,1,0
4191,7,1429,2024-12-28,0,0,0
4192,1,2195,2024-08-13,1,1,1
4193,7,3108,2024-12-26,1,1,0
4194,8,3930,2023-02-11,1,1,0
4195,8,1840,2023-01-31,1,1,0
4196,2,2208,2026-01-15,1,1,0
4197,2,4377,2026-01-06,1,0,0
4198,2,3878,2026-01-19,1,0,0
4199,1,2461,2024-08-14,1,1,1
4200,10,2813,2024-01-18,1,0,0
4201,4,3838,2021-11-27,1,0,0
4202,10,1703,2024-02-05,1,0,0
4203,10,282,2024-01-22,1,0,0
4204,9,2461,2021-09-01,1,1,0
4205,10,1599,2024-01-13,1,1,0
4206,3,3266,2021-12-08,0,0,0
4207,2,13,2026-01-19,0,0,0
4208,6,2053,2021-07-21,0,0,0
4209,3,4159,2021-11-29,1,1,0
4210,2,4601,2026-01-16,1,0,0
4211,2,4159,2026-01-06,0,0,0
4212,8,4893,2023-02-14,0,0,0
4213,8,1399,2023-02-02,0,0,0
4214,7,1671,2024-12-26,1,0,0
4215,2,3620,2026-01-05,1,0,0
4216,7,4757,2024-12-28,1,0,0
4217,9,3574,2021-09-28,1,1,1
4218,8,1871,2023-02-16,1,1,0
4219,9,1349,2021-09-23,0,0,0
4220,10,1391,2024-01-28,1,0,0
4221,8,2187,2023-02-14,1,0,0
4222,4,4718,2021-11-23,0,0,0
4223,4,1531,2021-12-05,1,0,0
4224,3,4357,2021-12-04,0,0,0
4225,3,145,2021-11-27,1,0,0
4226,7,4769,2024-12-30,0,0,0
4227,10,1910,2024-01-30,0,0,0
4228,9,1898,2021-10-04,0,0,0
4229,2,3144,2026-01-05,1,1,0
4230,9,4160,2021-10-05,1,1,0
4231,6,3675,2021-07-21,0,0,0
4232,1,3734,2024-08-12,0,0,0
4233,9,2528,2021-09-12,1,1,0
4234,4,1890,2021-11-26,0,0,0
4235,10,1870,2024-02-03,0,0,0
4236,3,1799,2021-12-08,0,0,0
4237,9,4387,2021-09-16,1,0,0
4238,8,2168,2023-02-02,1,0,0
4239,4,1730,2021-11-23,0,0,0
4240,3,3180,2021-12-11,1,0,0
4241,4,3285,2021-12-09,1,1,0
4242,3,1864,2021-12-11,0,0,0
4243,9,1225,2021-10-07,1,0,0
4244,7,3331,2024-12-29,1,1,0
4245,9,986,2021-09-19,1,1,0
4246,7,4813,2024-12-28,0,0,0
4247,9,404,2021-09-30,1,0,0
4248,9,1143,2021-09-14,1,0,0
4249,3,1828,2021-11-29,0,0,0
4250,6,1668,2021-07-08,1,1,1
4251,5,4600,2025-06-11,0,0,0
4252,2,4143,2026-01-16,0,0,0
4253,3,1698,2021-12-11,1,0,0
4254,4,693,2021-11-25,0,0,0
4255,6,1725,2021-07-22,0,0,0
4256,3,2264,2021-12-02,1,0,0
4257,5,2598,2025-06-09,0,0,0
4258,6,4777,2021-07-19,1,0,0
4259,1,2280,2024-08-02,0,0,0
4260,9,3748,2021-09-05,1,0,0
4261,7,4278,2024-12-31,0,0,0
4262,8,3839,2023-02-12,0,0,0
4263,8,1736,2023-02-06,1,0,0
4264,9,1654,2021-10-12,0,0,0
4265,2,1586,2026-01-18,0,0,0
4266,9,4613,2021-08-31,1,0,0
4267,8,1458,2023-02-06,0,0,0
4268,1,3787,2024-08-07,0,0,0
4269,9,3757,2021-10-12,0,0,0
4270,10,1809,2024-01-22,1,1,0
4271,5,3924,2025-06-06,0,0,0
4272,2,4522,2026-01-09,1,0,0
4273,4,3619,2021-11-25,0,0,0
4274,6,3275,2021-07-22,1,0,0
4275,7,320,2024-12-15,0,0,0
4276,4,2792,2021-12-10,0,0,0
4277,9,1170,2021-09-25,0,0,0
4278,2,3654,2026-01-10,0,0,0
4279,2,487,2026-01-15,1,0,0
4280,10,3314,2024-01-27,1,1,0
4281,1,628,2024-08-01,0,0,0
4282,1,1106,2024-08-08,0,0,0
4283,6,21,2021-07-21,0,0,0
4284,10,3529,2024-01-15,1,0,0
4285,2,2231,2026-01-08,0,0,0
4286,1,1083,2024-08-06,0,0,0
4287,1,3592,2024-08-03,0,0,0
4288,8,658,2023-02-02,1,0,0
4289,5,2535,2025-06-17,0,0,0
4290,7,799,2025-01-03,1,0,0
4291,7,982,2024-12-22,1,1,0
4292,9,4559,2021-09-06,0,0,0
4293,9,1557,2021-10-13,0,0,0
4294,9,4452,2021-09-19,1,0,0
4295,8,3296,2023-02-11,1,0,0
4296,8,2933,2023-01-31,1,0,0
4297,1,1677,2024-08-14,0,0,0
4298,7,3980,2024-12-30,0,0,0
4299,2,1769,2026-01-18,0,0,0
4300,8,2195,2023-02-09,0,0,0
4301,6,976,2021-07-09,1,0,0
4302,1,3252,2024-07-29,1,1,0
4303,6,2181,2021-07-18,0,0,0
4304,9,2382,2021-10-11,1,0,0
4305,1,329,2024-08-10,1,0,0
4306,7,3628,2024-12-24,1,0,0
4307,10,1092,2024-01-21,1,0,0
4308,8,2257,2023-02-14,1,1,0
4309,8,4248,2023-02-17,1,1,0
4310,3,269,2021-12-03,1,1,0
4311,3,2141,2021-11-29,0,0,0
4312,5,443,2025-06-18,1,0,0
4313,5,437,2025-06-06,1,0,0
4314,9,4531,2021-09-07,0,0,0
4315,10,344,2024-01-28,1,0,0
4316,9,4331,2021-10-04,1,0,0
4317,2,3325,2026-01-17,1,1,0
4318,4,1199,2021-11-24,1,0,0
4319,6,4149,2021-07-23,1,1,0
4320,2,2542,2026-01-17,1,0,0
4321,7,1022,2025-01-01,1,1,0
4322,2,1939,2026-01-10,0,0,0
4323,8,2508,2023-01-22,1,0,0
4324,3,46,2021-11-28,0,0,0
4325,10,4166,2024-01-28,1,1,0
4326,1,2714,2024-08-11,0,0,0
4327,2,174,2026-01-19,1,1,0
4328,4,3959,2021-12-05,1,1,0
4329,1,1467,2024-07-28,0,0,0
4330,9,213,2021-10-08,1,1,1
4331,3,1623,2021-11-30,1,0,0
4332,4,761,2021-12-01,1,1,0
4333,10,3120,2024-01-29,1,1,0
4334,9,1978,2021-09-06,0,0,0
4335,8,3177,2023-02-05,0,0,0
4336,5,4865,2025-06-10,0,0,0
4337,5,741,2025-06-18,1,0,0
4338,2,1234,2026-01-08,0,0,0
4339,4,2945,2021-11-25,1,0,0
4340,4,4270,2021-11-22,0,0,0
4341,5,2250,2025-06-11,1,0,0
4342,3,4734,2021-12-06,0,0,0
4343,7,3031,2024-12-19,1,1,0
4344,7,33,2024-12-30,1,0,0
4345,6,4121,2021-07-25,0,0,0
4346,10,1132,2024-01-19,1,0,0
4347,1,2140,2024-08-07,0,0,0
4348,4,4081,2021-11-26,0,0,0
4349,3,4049,2021-11-29,1,0,0
4350,5,958,2025-06-12,0,0,0
4351,10,3511,2024-01-16,0,0,0
4352,7,4914,2025-01-02,1,0,0
4353,2,2472,2026-01-15,0,0,0
4354,10,4650,2024-02-01,1,1,0
4355,2,2083,2026-01-05,1,0,0
4356,10,1882,2024-01-23,1,0,0
4357,6,4302,2021-07-11,1,1,0
4358,2,1274,2026-01-08,0,0,0
4359,4,4105,2021-11-23,1,0,0
4360,8,4426,2023-02-07,1,1,0
4361,9,4835,2021-08-31,1,0,0
4362,1,4919,2024-08-14,1,0,0
4363,6,3117,2021-07-16,1,1,0
4364,7,4036,2024-12-10,1,0,0
4365,7,4928,2024-12-24,1,1,0
4366,2,31,2026-01-15,1,1,1
4367,6,4901,2021-07-09,1,1,0
4368,7,3653,2025-01-02,1,1,0
4369,8,2766,2023-02-03,0,0,0
4370,1,4508,2024-08-14,1,1,0
4371,5,2269,2025-06-18,1,0,0
4372,1,1412,2024-08-13,0,0,0
4373,2,1496,2026-01-10,1,1,0
4374,10,4851,2024-01-18,1,1,0
4375,7,4292,2024-12-16,1,0,0
4376,8,4042,2023-02-02,0,0,0
4377,3,69,2021-11-28,0,0,0
4378,9,3113,2021-09-14,0,0,0
4379,4,206,2021-11-23,1,0,0
4380,6,3469,2021-07-11,0,0,0
4381,5,2216,2025-06-13,1,0,0
4382,2,4945,2026-01-13,1,1,0
4383,1,3190,2024-07-30,0,0,0
4384,5,1212,2025-06-08,1,1,0
4385,2,4653,2026-01-11,1,1,0
4386,5,3726,2025-06-15,1,1,0
4387,8,905,2023-01-31,0,0,0
4388,2,3811,2026-01-09,0,0,0
4389,7,2393,2024-12-13,0,0,0
4390,5,4072,2025-06-09,1,0,0
4391,5,2116,2025-06-09,1,0,0
4392,2,90,2026-01-13,1,0,0
4393,8,4623,2023-02-15,1,1,1
4394,8,2767,2023-01-26,0,0,0
4395,7,406,2025-01-03,0,0,0
4396,10,3833,2024-01-20,1,0,0
4397,10,3830,2024-01-29,0,0,0
4398,9,816,2021-09-01,0,0,0
4399,6,2973,2021-07-11,1,0,0
4400,8,940,2023-02-16,1,0,0
4401,2,2127,2026-01-10,0,0,0
4402,1,3216,2024-08-05,0,0,0
4403,1,3496,2024-08-02,1,1,0
4404,9,1623,2021-09-03,1,0,0
4405,10,2780,2024-02-05,1,1,1
4406,9,722,2021-10-10,0,0,0
4407,6,2880,2021-07-12,1,1,0
4408,4,2455,2021-11-30,0,0,0
4409,7,3893,2024-12-28,1,0,0
4410,1,866,2024-08-13,0,0,0
4411,3,15,2021-12-13,1,0,0
4412,8,1306,2023-02-09,0,0,0
4413,9,3043,2021-10-04,1,0,0
4414,6,249,2021-07-20,1,1,1
4415,1,3288,2024-08-10,1,1,0
4416,4,3290,2021-12-04,0,0,0
4417,8,2630,2023-02-12,0,0,0
4418,8,1832,2023-02-17,0,0,0
4419,10,3520,2024-01-23,1,1,0
4420,10,2526,2024-01-25,0,0,0
4421,6,2955,2021-07-16,0,0,0
4422,1,2104,2024-08-05,1,1,1
4423,1,1138,2024-08-08,1,1,0
4424,6,4934,2021-07-25,1,0,0
4425,1,1920,2024-08-10,1,0,0
4426,6,484,2021-07-16,1,1,0
4427,8,2858,2023-01-22,0,0,0
4428,10,4029,2024-01-21,1,0,0
4429,4,1968,2021-12-02,0,0,0
4430,9,350,2021-09-14,1,1,1
4431,7,3932,2024-12-19,1,0,0
4432,7,2342,2024-12-29,0,0,0
4433,4,3935,2021-11-25,1,1,0
4434,3,1376,2021-12-15,0,0,0
4435,6,1358,2021-07-17,1,0,0
4436,4,4397,2021-12-04,1,1,0
4437,9,2089,2021-09-15,1,0,0
4438,7,1342,2024-12-16,1,1,1
4439,10,365,2024-01-14,1,0,0
4440,5,3195,2025-06-17,1,0,0
4441,9,349,2021-10-11,1,1,1
4442,5,4119,2025-06-06,1,1,0
4443,8,4233,2023-01-31,1,1,0
4444,6,1496,2021-07-11,0,0,0
4445,5,1030,2025-06-18,1,0,0
4446,6,3817,2021-07-12,1,0,0
4447,3,4249,2021-12-15,1,1,0
4448,2,2497,2026-01-17,0,0,0
4449,4,571,2021-12-07,1,1,0
4450,4,1132,2021-11-30,0,0,0
4451,1,4822,2024-08-04,1,1,0
4452,9,4777,2021-09-21,1,0,0
4453,3,4382,2021-11-30,1,1,0
4454,8,3046,2023-02-08,1,1,0
4455,5,4135,2025-06-12,1,1,0
4456,7,2080,2024-12-24,1,0,0
4457,5,1577,2025-06-11,0,0,0
4458,7,4266,2024-12-17,0,0,0
4459,1,526,2024-07-31,1,0,0
4460,4,582,2021-11-28,1,0,0
4461,5,1064,2025-06-15,0,0,0
4462,9,3612,2021-09-07,0,0,0
4463,8,1110,2023-02-10,1,1,0
4464,3,991,2021-12-02,1,1,1
4465,7,3450,2024-12-17,0,0,0
4466,3,562,2021-12-04,0,0,0
4467,1,3070,2024-08-09,1,0,0
4468,4,4521,2021-11-28,1,0,0
4469,3,1813,2021-11-27,1,1,1
4470,9,2829,2021-10-01,1,1,0
4471,3,4685,2021-12-02,1,0,0
4472,3,4428,2021-11-27,0,0,0
4473,3,3231,2021-12-10,1,1,1
4474,6,1481,2021-07-09,0,0,0
4475,10,2011,2024-02-06,0,0,0
4476,2,2096,2026-01-20,1,0,0
4477,8,403,2023-01-25,0,0,0
4478,8,1991,2023-02-17,1,1,1
4479,7,1246,2025-01-04,0,0,0
4480,9,4925,2021-09-23,1,0,0
4481,2,565,2026-01-20,1,0,0
4482,10,4421,2024-01-13,0,0,0
4483,1,284,2024-08-12,1,0,0
4484,7,608,2024-12-12,1,1,0
4485,9,1751,2021-10-02,1,1,0
4486,5,3749,2025-06-20,1,1,0
4487,8,968,2023-01-31,1,0,0
4488,10,667,2024-01-27,1,0,0
4489,7,4106,2024-12-17,1,0,0
4490,10,1971,2024-01-28,1,0,0
4491,7,4677,2024-12-20,0,0,0
4492,1,3557,2024-08-09,1,1,0
4493,2,3892,2026-01-12,1,0,0
4494,9,1786,2021-09-25,0,0,0
4495,3,1839,2021-12-09,1,0,0
4496,5,4853,2025-06-18,0,0,0
4497,5,287,2025-06-17,0,0,0
4498,1,2940,2024-07-29,1,1,0
4499,5,4003,2025-06-14,1,0,0
4500,1,1200,2024-07-29,1,0,0
4501,2,1011,2026-01-07,0,0,0
4502,9,3879,2021-09-25,0,0,0
4503,6,1794,2021-07-14,1,0,0
4504,2,2587,2026-01-08,0,0,0
4505,9,4810,2021-09-20,0,0,0
4506,3,4004,2021-12-02,0,0,0
4507,4,178,2021-12-08,0,0,0
4508,7,202,2024-12-30,0,0,0
4509,8,1193,2023-02-10,1,1,0
4510,10,1039,2024-01-17,0,0,0
4511,4,447,2021-11-26,0,0,0
4512,8,2881,2023-02-02,0,0,0
4513,5,3936,2025-06-06,1,0,0
4514,10,1375,2024-01-19,0,0,0
4515,6,2514,2021-07-11,0,0,0
4516,10,4737,2024-01-30,1,1,1
4517,3,3279,2021-12-06,1,1,0
4518,9,651,2021-09-27,1,1,0
4519,10,2001,2024-01-31,1,0,0
4520,1,4774,2024-08-03,0,0,0
4521,4,1666,2021-11-29,1,1,0
4522,6,4885,2021-07-19,1,1,0
4523,9,4404,2021-10-03,0,0,0
4524,6,4303,2021-07-14,1,0,0
4525,1,2817,2024-07-31,1,1,0
4526,9,3970,2021-10-05,1,1,1
4527,10,4250,2024-01-30,1,1,1
4528,4,1879,2021-12-08,1,0,0
4529,8,4941,2023-01-31,1,0,0
4530,9,4729,2021-10-05,0,0,0
4531,6,4342,2021-07-21,0,0,0
4532,3,2001,2021-12-02,0,0,0
4533,8,2286,2023-02-17,0,0,0
4534,2,4523,2026-01-10,0,0,0
4535,8,1360,2023-02-02,0,0,0
4536,7,4008,2024-12-17,0,0,0
4537,3,467,2021-12-04,0,0,0
4538,8,327,2023-02-13,1,1,1
4539,5,2793,2025-06-08,0,0,0
4540,5,1297,2025-06-21,1,0,0
4541,2,2116,2026-01-13,1,1,1
4542,3,1809,2021-12-13,0,0,0
4543,4,1975,2021-11-26,0,0,0
4544,9,4134,2021-09-05,0,0,0
4545,7,1807,2024-12-21,1,0,0
4546,2,1512,2026-01-09,1,0,0
4547,6,510,2021-07-14,1,1,0
4548,10,1429,2024-02-06,1,1,0
4549,7,4306,2024-12-14,0,0,0
4550,5,1862,2025-06-09,0,0,0
4551,7,655,2024-12-31,0,0,0
4552,6,2291,2021-07-08,1,1,0
4553,5,2892,2025-06-21,0,0,0
4554,7,4080,2025-01-01,1,0,0
4555,4,1278,2021-12-01,1,1,0
4556,1,1505,2024-08-02,0,0,0
4557,4,3602,2021-11-24,1,0,0
4558,9,4657,2021-10-09,1,1,0
4559,5,2280,2025-06-06,1,0,0
4560,5,2451,2025-06-09,0,0,0
4561,7,999,2024-12-19,1,0,0
4562,5,3481,2025-06-17,0,0,0
4563,8,2744,2023-01-26,0,0,0
4564,8,3304,2023-02-08,0,0,0
4565,2,1715,2026-01-18,1,1,1
4566,1,2469,2024-08-07,0,0,0
4567,6,447,2021-07-19,0,0,0
4568,2,4613,2026-01-18,1,0,0
4569,1,821,2024-08-06,1,1,0
4570,2,2973,2026-01-11,1,1,0
4571,5,185,2025-06-13,1,0,0
4572,10,3390,2024-01-19,1,1,0
4573,6,3025,2021-07-10,0,0,0
4574,3,1823,2021-12-11,0,0,0
4575,7,2237,2024-12-29,1,0,0
4576,4,2489,2021-11-22,1,1,0
4577,10,3619,2024-02-01,1,1,0
4578,10,4512,2024-01-22,0,0,0
4579,2,3350,2026-01-20,0,0,0
4580,4,3405,2021-11-29,0,0,0
4581,3,4115,2021-12-02,0,0,0
4582,2,1105,2026-01-06,0,0,0
4583,5,2506,2025-06-18,0,0,0
4584,4,3862,2021-12-10,1,0,0
4585,1,4210,2024-08-06,0,0,0
4586,2,177,2026-01-20,0,0,0
4587,8,4908,2023-01-25,0,0,0
4588,6,2509,2021-07-19,1,0,0
4589,8,1882,2023-01-26,1,0,0
4590,1,947,2024-08-06,0,0,0
4591,3,221,2021-12-02,1,1,0
4592,6,1030,2021-07-19,0,0,0
4593,5,3733,2025-06-16,1,0,0
4594,2,464,2026-01-11,0,0,0
4595,6,842,2021-07-13,0,0,0
4596,9,1681,2021-09-23,0,0,0
4597,2,2403,2026-01-11,1,0,0
4598,1,1166,2024-08-04,1,1,0
4599,8,1561,2023-01-25,1,0,0
4600,8,3904,2023-02-08,0,0,0
4601,10,1792,2024-01-31,1,0,0
4602,7,1376,2024-12-15,1,0,0
4603,8,4008,2023-01-27,1,1,0
4604,1,4850,2024-08-10,0,0,0
4605,1,3950,2024-08-08,0,0,0
4606,7,1392,2024-12-20,0,0,0
4607,3,1329,2021-12-03,0,0,0
4608,1,1326,2024-08-05,1,1,0
4609,2,4405,2026-01-08,0,0,0
4610,5,540,2025-06-15,1,0,0
4611,2,4879,2026-01-06,0,0,0
4612,10,1493,2024-01-29,1,0,0
4613,10,1607,2024-02-05,0,0,0
4614,5,1624,2025-06-09,1,1,0
4615,1,763,2024-07-28,1,0,0
4616,5,3379,2025-06-06,1,1,0
4617,4,890,2021-12-05,0,0,0
4618,6,1047,2021-07-21,1,0,0
4619,9,3628,2021-10-13,1,0,0
4620,1,581,2024-08-15,0,0,0
4621,8,1796,2023-02-14,1,0,0
4622,4,2185,2021-12-05,0,0,0
4623,5,3587,2025-06-06,0,0,0
4624,7,4089,2024-12-12,1,0,0
4625,3,3166,2021-12-13,1,1,0
4626,7,2501,2024-12-10,0,0,0
4627,9,3975,2021-09-10,0,0,0
4628,5,3020,2025-06-14,0,0,0
4629,9,4812,2021-09-08,1,1,0
4630,3,1588,2021-12-15,0,0,0
4631,9,2493,2021-10-06,1,0,0
4632,10,3807,2024-01-22,1,0,0
4633,5,262,2025-06-21,0,0,0
4634,2,1272,2026-01-09,0,0,0
4635,3,2943,2021-12-09,0,0,0
4636,10,2325,2024-01-23,1,0,0
4637,3,37,2021-12-08,0,0,0
4638,3,1839,2021-12-08,0,0,0
4639,7,3436,2024-12-28,1,0,0
4640,3,3228,2021-11-30,1,0,0
4641,4,1292,2021-12-03,0,0,0
4642,2,970,2026-01-20,0,0,0
4643,1,4049,2024-08-07,1,1,0
4644,6,3664,2021-07-21,0,0,0
4645,8,2743,2023-02-15,0,0,0
4646,8,1800,2023-02-01,0,0,0
4647,2,4460,2026-01-09,0,0,0
4648,8,4981,2023-02-18,1,1,0
4649,6,140,2021-07-17,1,1,1
4650,10,4818,2024-01-27,0,0,0
4651,5,4148,2025-06-08,1,0,0
4652,9,2449,2021-10-01,0,0,0
4653,1,1952,2024-08-16,0,0,0
4654,6,2442,2021-07-06,1,0,0
4655,7,2370,2024-12-18,0,0,0
4656,3,230,2021-11-28,1,0,0
4657,8,4862,2023-02-04,0,0,0
4658,2,2864,2026-01-07,1,0,0
4659,8,1719,2023-02-17,1,1,0
4660,8,1480,2023-02-18,1,1,0
4661,8,3768,2023-02-01,0,0,0
4662,9,4879,2021-09-19,0,0,0
4663,5,4915,2025-06-13,1,0,0
4664,9,4094,2021-09-15,1,1,0
4665,3,3973,2021-11-29,0,0,0
4666,4,1028,2021-12-08,1,0,0
4667,9,1638,2021-10-05,0,0,0
4668,7,1271,2025-01-03,1,0,0
4669,6,4819,2021-07-23,1,0,0
4670,3,1948,2021-12-04,0,0,0
4671,4,2070,2021-11-22,0,0,0
4672,2,3874,2026-01-16,1,1,0
4673,9,1472,2021-09-07,1,0,0
4674,1,2005,2024-08-12,1,1,0
4675,3,3937,2021-12-13,1,0,0
4676,1,1011,2024-08-08,0,0,0
4677,8,2155,2023-01-29,1,1,0
4678,9,3225,2021-09-17,0,0,0
4679,5,3797,2025-06-08,1,0,0
4680,9,4357,2021-09-19,1,0,0
4681,7,4591,2024-12-24,0,0,0
4682,3,4947,2021-12-15,1,1,0
4683,10,2669,2024-01-16,0,0,0
4684,1,3760,2024-08-02,1,0,0
4685,7,3296,2025-01-05,1,0,0
4686,4,2112,2021-12-08,1,1,0
4687,10,2168,2024-01-28,1,0,0
4688,8,4969,2023-01-22,1,0,0
4689,5,1025,2025-06-22,0,0,0
4690,2,2304,2026-01-18,0,0,0
4691,5,3743,2025-06-22,1,0,0
4692,6,4473,2021-07-24,1,0,0
4693,10,4419,2024-01-17,1,1,1
4694,2,1883,2026-01-09,1,0,0
4695,2,3599,2026-01-12,1,0,0
4696,1,1250,2024-08-01,0,0,0
4697,8,4132,2023-01-27,1,1,1
4698,7,3115,2024-12-20,0,0,0
4699,10,1311,2024-01-26,0,0,0
4700,7,2655,2024-12-20,0,0,0
4701,6,429,2021-07-15,1,1,1
4702,1,3937,2024-08-11,0,0,0
4703,9,2939,2021-08-31,0,0,0
4704,1,2894,2024-08-03,0,0,0
4705,7,3445,2025-01-05,1,0,0
4706,8,4972,2023-01-26,1,0,0
4707,3,2037,2021-11-30,0,0,0
4708,2,2379,2026-01-17,1,1,1
4709,4,4670,2021-11-27,1,0,0
4710,4,4435,2021-12-09,0,0,0
4711,6,3318,2021-07-13,0,0,0
4712,8,4085,2023-01-27,1,0,0
4713,1,3771,2024-08-14,1,1,0
4714,9,3409,2021-09-14,0,0,0
4715,7,1916,2025-01-03,1,0,0
4716,8,3589,2023-02-11,0,0,0
4717,3,4508,2021-12-08,0,0,0
4718,5,4304,2025-06-14,1,1,1
4719,4,2289,2021-11-27,1,0,0
4720,4,2553,2021-12-02,1,0,0
4721,10,1886,2024-01-29,1,0,0
4722,10,1191,2024-01-18,0,0,0
4723,7,3866,2024-12-24,0,0,0
4724,5,2487,2025-06-10,0,0,0
4725,5,2824,2025-06-19,1,0,0
4726,2,1934,2026-01-15,1,1,0
4727,3,90,2021-12-11,0,0,0
4728,1,1873,2024-08-08,1,0,0
4729,4,4745,2021-11-29,1,0,0
4730,7,4745,2024-12-27,0,0,0
4731,3,1069,2021-11-30,0,0,0
4732,5,1500,2025-06-12,1,0,0
4733,7,558,2024-12-21,0,0,0
4734,5,1684,2025-06-12,1,0,0
4735,6,3581,2021-07-20,1,1,0
4736,1,987,2024-08-04,1,1,1
4737,5,27,2025-06-12,1,1,0
4738,9,3844,2021-09-17,1,0,0
4739,4,1732,2021-12-06,1,1,0
4740,1,4207,2024-08-12,1,1,0
4741,10,2779,2024-01-25,0,0,0
4742,8,79,2023-01-22,0,0,0
4743,9,862,2021-09-02,1,0,0
4744,3,3624,2021-11-27,1,1,1
4745,8,844,2023-02-09,1,0,0
4746,7,3821,2024-12-25,1,0,0
4747,8,4422,2023-02-02,0,0,0
4748,10,2962,2024-01-29,0,0,0
4749,8,1737,2023-01-22,0,0,0
4750,7,1687,2024-12-21,1,0,0
4751,10,1214,2024-02-06,0,0,0
4752,10,4781,2024-01-30,1,1,0
4753,2,4840,2026-01-12,1,1,0
4754,10,3232,2024-01-29,1,1,1
4755,8,2070,2023-02-04,0,0,0
4756,2,1248,2026-01-18,1,0,0
4757,8,1422,2023-02-10,1,0,0
4758,7,2169,2024-12-18,0,0,0
4759,5,3869,2025-06-20,0,0,0
4760,5,2990,2025-06-06,1,0,0
4761,4,4867,2021-11-26,0,0,0
4762,3,3521,2021-12-10,0,0,0
4763,5,4711,2025-06-21,1,1,1
4764,9,2118,2021-10-11,1,0,0
4765,5,2937,2025-06-06,1,0,0
4766,7,3125,2024-12-17,0,0,0
4767,4,3346,2021-11-28,0,0,0
4768,5,1998,2025-06-18,1,0,0
4769,7,2179,2024-12-16,0,0,0
4770,10,3409,2024-01-29,0,0,0
4771,6,3544,2021-07-25,1,0,0
4772,5,1803,2025-06-19,1,0,0
4773,3,2949,2021-12-15,1,0,0
4774,10,682,2024-01-15,1,1,0
4775,7,2762,2024-12-28,0,0,0
4776,7,4210,2024-12-18,0,0,0
4777,6,1628,2021-07-07,1,0,0
4778,6,1193,2021-07-25,1,1,0
4779,8,1800,2023-02-14,0,0,0
4780,8,250,2023-02-06,1,0,0
4781,3,2737,2021-12-01,0,0,0
4782,2,2271,2026-01-09,0,0,0
4783,5,1944,2025-06-22,0,0,0
4784,10,725,2024-01-18,0,0,0
4785,5,3488,2025-06-11,0,0,0
4786,2,4740,2026-01-11,1,0,0
4787,10,4107,2024-01-20,1,1,0
4788,7,2387,2024-12-14,0,0,0
4789,9,4424,2021-10-06,0,0,0
4790,9,405,2021-10-02,1,0,0
4791,9,4968,2021-09-14,1,1,0
4792,10,763,2024-01-30,1,0,0
4793,1,394,2024-08-14,0,0,0
4794,9,2749,2021-09-13,1,1,0
4795,9,27,2021-10-02,1,0,0
4796,7,4549,2024-12-28,1,0,0
4797,1,4013,2024-08-06,1,0,0
4798,7,430,2024-12-22,1,1,0
4799,1,3086,2024-08-10,1,1,0
4800,7,2091,2024-12-18,1,1,0
4801,1,974,2024-08-03,0,0,0
4802,9,4611,2021-09-24,1,0,0
4803,3,3694,2021-12-10,0,0,0
4804,8,4733,2023-02-12,0,0,0
4805,2,4617,2026-01-18,1,0,0
4806,10,3704,2024-01-27,1,1,0
4807,2,542,2026-01-14,1,1,1
4808,3,1340,2021-12-06,0,0,0
4809,4,3928,2021-12-11,1,1,0
4810,9,767,2021-09-23,0,0,0
4811,7,629,2025-01-05,0,0,0
4812,1,2171,2024-08-08,1,0,0
4813,5,3954,2025-06-08,1,1,0
4814,9,4339,2021-10-03,0,0,0
4815,10,3468,2024-02-04,1,0,0
4816,6,503,2021-07-18,1,0,0
4817,7,2772,2024-12-16,1,1,0
4818,5,4528,2025-06-20,1,0,0
4819,2,4215,2026-01-05,0,0,0
4820,2,1010,2026-01-20,0,0,0
4821,6,2963,2021-07-18,0,0,0
4822,2,2015,2026-01-09,0,0,0
4823,3,2922,2021-12-06,0,0,0
4824,3,3061,2021-12-02,0,0,0
4825,10,1919,2024-02-05,1,0,0
4826,8,4862,2023-01-26,1,0,0
4827,2,4491,2026-01-05,1,1,1
4828,10,2,2024-02-06,1,1,0
4829,6,2642,2021-07-23,0,0,0
4830,5,3254,2025-06-18,1,0,0
4831,6,4810,2021-07-10,1,1,0
4832,5,2548,2025-06-15,1,1,0
4833,9,3826,2021-10-04,1,0,0
4834,10,3184,2024-01-25,0,0,0
4835,3,4772,2021-12-06,1,0,0
4836,7,3141,2024-12-26,1,0,0
4837,10,3449,2024-02-01,0,0,0
4838,3,2938,2021-12-13,0,0,0
4839,6,2330,2021-07-16,1,1,0
4840,2,1676,2026-01-15,1,1,1
4841,6,3420,2021-07-17,1,0,0
4842,2,2402,2026-01-19,0,0,0
4843,9,1196,2021-09-02,1,1,0
4844,9,2460,2021-09-22,0,0,0
4845,7,3976,2025-01-01,0,0,0
4846,2,4166,2026-01-18,0,0,0
4847,10,672,2024-01-25,0,0,0
4848,8,208,2023-02-08,1,0,0
4849,2,2884,2026-01-13,1,1,1
4850,8,2777,2023-02-14,1,0,0
4851,7,3094,2024-12-22,0,0,0
4852,3,896,2021-12-05,1,0,0
4853,3,2609,2021-12-06,1,0,0
4854,7,3415,2025-01-01,1,0,0
4855,4,1721,2021-11-25,1,0,0
4856,5,2321,2025-06-08,0,0,0
4857,7,3607,2025-01-01,0,0,0
4858,1,2265,2024-08-08,1,0,0
4859,7,1644,2024-12-25,0,0,0
4860,3,2855,2021-12-01,0,0,0
4861,2,669,2026-01-20,0,0,0
4862,3,4167,2021-12-04,0,0,0
4863,10,4305,2024-01-26,0,0,0
4864,3,3300,2021-11-29,0,0,0
4865,1,1639,2024-07-30,1,0,0
4866,2,4501,2026-01-14,1,1,0
4867,4,258,2021-12-04,0,0,0
4868,9,2210,2021-09-29,0,0,0
4869,8,3268,2023-01-31,1,1,0
4870,2,4699,2026-01-09,1,0,0
4871,3,4943,2021-12-13,0,0,0
4872,10,3273,2024-01-16,1,1,1
4873,2,3608,2026-01-10,1,0,0
4874,9,2056,2021-09-07,1,0,0
4875,2,750,2026-01-05,1,1,0
4876,2,363,2026-01-18,0,0,0
4877,9,2722,2021-09-27,1,1,0
4878,6,2195,2021-07-12,0,0,0
4879,3,674,2021-12-14,0,0,0
4880,5,733,2025-06-17,1,0,0
4881,2,2395,2026-01-19,0,0,0
4882,4,2805,2021-11-26,1,0,0
4883,3,999,2021-12-13,0,0,0
4884,1,498,2024-08-01,0,0,0
4885,9,2004,2021-09-10,1,0,0
4886,8,764,2023-01-28,0,0,0
4887,5,601,2025-06-18,0,0,0
4888,10,4445,2024-01-18,0,0,0
4889,5,2009,2025-06-18,0,0,0
4890,8,1535,2023-02-02,0,0,0
4891,10,495,2024-01-21,1,1,0
4892,9,184,2021-09-01,0,0,0
4893,2,1422,2026-01-20,1,0,0
4894,10,2685,2024-01-31,1,1,1
4895,10,4095,2024-02-05,1,0,0
4896,1,3861,2024-08-08,1,0,0
4897,5,2585,2025-06-15,0,0,0
4898,3,3168,2021-12-04,1,1,0
4899,3,1019,2021-12-04,1,0,0
4900,5,3889,2025-06-18,1,0,0
4901,9,1208,2021-10-07,0,0,0
4902,8,2066,2023-01-29,1,0,0
4903,3,3403,2021-12-10,0,0,0
4904,8,1018,2023-02-12,1,0,0
4905,6,649,2021-07-18,1,1,0
4906,8,3426,2023-01-31,0,0,0
4907,4,961,2021-12-08,1,1,0
4908,10,1620,2024-02-03,0,0,0
4909,2,321,2026-01-12,0,0,0
4910,8,4612,2023-02-07,0,0,0
4911,6,4860,2021-07-07,1,0,0
4912,9,1110,2021-09-03,1,0,0
4913,9,968,2021-09-30,0,0,0
4914,7,4337,2025-01-03,1,0,0
4915,9,2302,2021-09-18,0,0,0
4916,10,194,2024-01-26,1,0,0
4917,8,1668,2023-02-13,0,0,0
4918,5,2221,2025-06-16,0,0,0
4919,2,1664,2026-01-07,0,0,0
4920,6,868,2021-07-17,0,0,0
4921,7,1275,2025-01-03,0,0,0
4922,2,3328,2026-01-14,0,0,0
4923,4,1086,2021-12-09,1,0,0
4924,4,4557,2021-12-09,1,1,0
4925,10,4544,2024-01-13,0,0,0
4926,2,3236,2026-01-19,0,0,0
4927,6,933,2021-07-06,1,1,1
4928,7,1247,2024-12-19,0,0,0
4929,3,183,2021-12-11,0,0,0
4930,4,4844,2021-11-26,0,0,0
4931,7,561,2024-12-31,1,0,0
4932,10,802,2024-01-16,1,1,1
4933,2,4402,2026-01-13,1,0,0
4934,2,1692,2026-01-11,1,1,0
4935,10,4959,2024-02-04,1,1,1
4936,4,469,2021-12-11,1,0,0
4937,1,4491,2024-08-13,1,0,0
4938,1,2332,2024-08-08,0,0,0
4939,9,2311,2021-09-10,0,0,0
4940,2,1022,2026-01-10,1,0,0
4941,6,3249,2021-07-12,1,0,0
4942,7,1311,2024-12-14,0,0,0
4943,5,1369,2025-06-22,1,1,1
4944,8,2951,2023-02-10,1,1,0
4945,7,985,2024-12-31,0,0,0
4946,6,3222,2021-07-22,0,0,0
4947,7,4629,2024-12-10,0,0,0
4948,6,3123,2021-07-13,1,0,0
4949,9,4544,2021-08-31,1,0,0
4950,3,2790,2021-11-29,0,0,0
4951,7,4794,2024-12-15,1,0,0
4952,9,3597,2021-10-10,1,0,0
4953,5,4526,2025-06-11,0,0,0
4954,4,2456,2021-11-28,1,0,0
4955,1,1705,2024-08-03,0,0,0
4956,7,4103,2025-01-05,1,0,0
4957,9,2547,2021-09-06,0,0,0
4958,10,3182,2024-01-22,0,0,0
4959,3,4312,2021-11-30,1,0,0
4960,7,4985,2025-01-05,0,0,0
4961,5,1542,2025-06-21,1,1,0
4962,5,4857,2025-06-22,0,0,0
4963,9,1664,2021-09-15,0,0,0
4964,9,271,2021-09-07,0,0,0
4965,6,3048,2021-07-23,1,1,0
4966,8,476,2023-01-24,0,0,0
4967,9,1442,2021-09-06,1,0,0
4968,8,2165,2023-01-30,1,1,1
4969,6,1933,2021-07-11,0,0,0
4970,2,1414,2026-01-07,1,0,0
4971,4,1683,2021-12-02,1,1,0
4972,1,1905,2024-08-02,1,1,0
4973,10,1110,2024-02-03,0,0,0
4974,6,1673,2021-07-08,1,1,0
4975,3,1462,2021-12-01,1,1,0
4976,8,2588,2023-02-11,0,0,0
4977,10,1853,2024-01-13,0,0,0
4978,7,248,2024-12-30,1,1,0
4979,5,4828,2025-06-14,0,0,0
4980,6,914,2021-07-25,1,1,1
4981,9,3307,2021-09-13,0,0,0
4982,1,2715,2024-08-11,1,0,0
4983,8,585,2023-02-04,1,0,0
4984,2,2094,2026-01-20,0,0,0
4985,8,2351,2023-02-14,1,0,0
4986,9,2587,2021-09-05,0,0,0
4987,3,4924,2021-12-08,0,0,0
4988,3,1574,2021-12-02,1,1,0
4989,4,3668,2021-12-08,1,1,0
4990,2,3023,2026-01-08,1,1,0
4991,7,1080,2024-12-24,1,1,0
4992,1,910,2024-08-08,0,0,0
4993,7,4877,2025-01-03,1,0,0
4994,5,3777,2025-06-15,0,0,0
4995,6,113,2021-07-22,1,0,0
4996,4,1304,2021-12-01,0,0,0
4997,4,3296,2021-12-05,0,0,0
4998,5,3128,2025-06-10,0,0,0
4999,7,2136,2024-12-10,1,1,0
5000,3,4092,2021-12-05,1,0,0
5001,2,3144,2026-01-05,1,1,0
5002,4,2507,2021-12-04,1,0,0
5003,6,930,2021-07-13,0,0,0
5004,9,3945,2021-09-06,1,1,0
5005,2,728,2026-01-08,1,1,0
5006,4,1407,2021-11-22,1,1,0
5007,4,1196,2021-12-05,1,1,0
5008,6,24,2021-07-10,1,1,0
5009,7,2804,2024-12-12,0,0,0
5010,8,302,2023-02-11,0,0,0
5011,7,4520,2024-12-17,1,1,0
5012,10,3256,2024-01-23,0,0,0
5013,10,2147,2024-02-04,1,1,1
5014,7,1946,2024-12-11,1,1,0
5015,10,1155,2024-01-27,1,0,0
5016,10,2084,2024-01-13,1,1,0
5017,4,1347,2021-11-24,0,0,0
5018,1,3218,2024-08-05,0,0,0
5019,9,396,2021-09-13,0,0,0
5020,7,382,2025-01-05,1,0,0
5021,7,2229,2024-12-10,0,0,0
5022,7,4997,2024-12-10,0,0,0
5023,9,1895,2021-09-23,1,1,0
5024,5,4474,2025-06-13,1,1,1
5025,3,758,2021-12-14,1,0,0
5026,8,2074,2023-01-25,1,0,0
5027,7,20,2024-12-18,1,0,0
5028,7,422,2024-12-23,1,1,0
5029,3,2927,2021-11-27,1,1,1
5030,9,4963,2021-09-01,0,0,0
5031,6,4258,2021-07-17,0,0,0
5032,10,506,2024-01-29,1,0,0
5033,6,4057,2021-07-18,0,0,0
5034,7,140,2024-12-17,1,1,0
5035,1,3666,2024-08-07,0,0,0
5036,2,3126,2026-01-12,0,0,0
5037,4,111,2021-12-07,1,0,0
5038,5,4322,2025-06-21,1,0,0
5039,5,3058,2025-06-14,1,0,0
5040,6,601,2021-07-14,0,0,0
5041,9,3196,2021-09-27,1,0,0
5042,10,1350,2024-01-19,1,0,0
5043,5,2096,2025-06-14,1,0,0
5044,3,1589,2021-12-12,0,0,0
5045,5,2200,2025-06-22,0,0,0
5046,3,958,2021-12-12,1,1,1
5047,4,502,2021-11-22,0,0,0
5048,1,1052,2024-08-01,0,0,0
5049,6,1792,2021-07-11,0,0,0
5050,3,2154,2021-11-27,1,0,0
5051,9,4488,2021-09-12,0,0,0
5052,6,1032,2021-07-11,1,0,0
5053,5,3869,2025-06-13,0,0,0
5054,8,2422,2023-01-21,1,0,0
5055,9,3811,2021-09-16,1,0,0
5056,5,3870,2025-06-22,0,0,0
5057,3,3091,2021-11-30,0,0,0
5058,2,860,2026-01-16,0,0,0
5059,5,1421,2025-06-13,0,0,0
5060,7,4177,2024-12-29,0,0,0
5061,4,366,2021-11-28,1,0,0
5062,1,77,2024-08-06,0,0,0
5063,4,3520,2021-12-05,1,0,0
5064,5,1033,2025-06-07,0,0,0
5065,2,4382,2026-01-06,0,0,0
5066,8,2574,2023-02-17,1,0,0
5067,8,3865,2023-02-16,1,0,0
5068,9,4372,2021-09-24,1,0,0
5069,10,4250,2024-01-31,0,0,0
5070,8,4603,2023-02-10,1,0,0
5071,4,1790,2021-12-05,0,0,0
5072,6,4790,2021-07-18,0,0,0
5073,6,527,2021-07-18,1,0,0
5074,8,3976,2023-02-18,0,0,0
5075,3,3179,2021-11-27,1,1,0
5076,7,2692,2024-12-18,1,0,0
5077,6,4730,2021-07-07,0,0,0
5078,1,3430,2024-08-02,1,0,0
5079,8,2200,2023-02-14,0,0,0
5080,4,2188,2021-12-04,0,0,0
5081,1,4201,2024-08-01,1,1,0
5082,10,3796,2024-02-04,0,0,0
5083,6,1154,2021-07-25,0,0,0
5084,7,3364,2024-12-28,0,0,0
5085,10,4152,2024-01-14,0,0,0
5086,1,3252,2024-08-02,0,0,0
5087,5,4244,2025-06-12,1,0,0
5088,2,4610,2026-01-09,0,0,0
5089,4,4167,2021-11-27,1,1,0
5090,1,2932,2024-08-16,1,0,0
5091,9,2033,2021-09-05,1,1,0
5092,1,809,2024-08-11,1,0,0
5093,6,3006,2021-07-19,1,1,0
5094,10,4721,2024-01-20,0,0,0
5095,1,4766,2024-08-04,0,0,0
5096,4,140,2021-12-11,1,0,0
5097,1,2566,2024-08-06,0,0,0
5098,10,2744,2024-01-19,1,1,1
5099,1,831,2024-07-29,0,0,0
5100,10,4739,2024-01-21,1,0,0
5101,6,1212,2021-07-20,0,0,0
5102,3,2797,2021-12-03,0,0,0
5103,3,1507,2021-12-08,0,0,0
5104,7,4975,2024-12-27,1,1,0
5105,2,2217,2026-01-09,1,0,0
5106,3,4884,2021-12-05,1,0,0
5107,6,2701,2021-07-22,0,0,0
5108,8,4753,2023-02-05,0,0,0
5109,7,2230,2025-01-02,0,0,0
5110,5,3941,2025-06-11,1,1,1
5111,5,596,2025-06-18,1,0,0
5112,1,196,2024-07-31,1,0,0
5113,10,592,2024-01-13,1,0,0
5114,1,1052,2024-07-31,0,0,0
5115,3,2750,2021-11-28,1,0,0
5116,3,1757,2021-12-13,0,0,0
5117,2,4052,2026-01-06,1,0,0
5118,6,1071,2021-07-24,1,1,0
5119,5,1810,2025-06-19,0,0,0
5120,4,882,2021-11-27,0,0,0
5121,10,3972,2024-01-13,1,0,0
5122,6,4291,2021-07-11,0,0,0
5123,10,670,2024-02-03,0,0,0
5124,5,503,2025-06-09,1,0,0
5125,6,3519,2021-07-16,0,0,0
5126,8,372,2023-02-06,1,0,0
5127,6,3254,2021-07-14,1,1,0
5128,9,326,2021-10-11,0,0,0
5129,5,4257,2025-06-13,1,0,0
5130,9,4981,2021-09-03,0,0,0
5131,7,3159,2025-01-03,1,0,0
5132,10,1481,2024-02-02,1,1,0
5133,4,4502,2021-11-23,1,0,0
5134,8,3971,2023-02-12,0,0,0
5135,4,3808,2021-12-03,1,1,0
5136,5,2486,2025-06-07,0,0,0
5137,5,2905,2025-06-14,1,0,0
5138,1,718,2024-08-09,0,0,0
5139,3,3350,2021-12-02,0,0,0
5140,10,2556,2024-01-15,0,0,0
5141,3,3998,2021-11-30,0,0,0
5142,3,1399,2021-12-09,0,0,0
5143,4,2331,2021-11-23,1,1,1
5144,1,4447,2024-08-12,0,0,0
5145,4,2197,2021-11-28,1,0,0
5146,8,4485,2023-01-30,1,0,0
5147,6,3278,2021-07-15,1,0,0
5148,6,1153,2021-07-22,1,1,1
5149,3,4068,2021-12-15,1,0,0
5150,8,1365,2023-01-26,1,1,0
5151,9,1184,2021-09-21,0,0,0
5152,3,4068,2021-11-30,1,1,0
5153,2,3993,2026-01-14,0,0,0
5154,2,3440,2026-01-06,1,1,1
5155,1,3151,2024-08-02,0,0,0
5156,6,2505,2021-07-25,1,0,0
5157,6,2684,2021-07-20,1,1,0
5158,1,1573,2024-08-01,0,0,0
5159,8,3267,2023-02-01,0,0,0
5160,8,1658,2023-02-08,1,1,0
5161,2,4063,2026-01-14,1,0,0
5162,8,1840,2023-02-01,1,1,0
5163,5,2141,2025-06-16,0,0,0
5164,2,4018,2026-01-20,1,0,0
5165,9,2131,2021-09-08,0,0,0
5166,1,3267,2024-08-04,1,1,0
5167,7,1414,2024-12-19,1,1,0
5168,8,3597,2023-02-09,0,0,0
5169,5,4036,2025-06-16,0,0,0
5170,4,1133,2021-11-26,1,0,0
5171,6,4156,2021-07-12,1,1,0
5172,4,1717,2021-12-06,0,0,0
5173,3,1624,2021-12-01,0,0,0
5174,2,1167,2026-01-19,1,0,0
5175,4,254,2021-12-08,1,1,0
5176,9,1115,2021-09-26,1,0,0
5177,1,519,2024-07-31,1,0,0
5178,9,2267,2021-09-18,0,0,0
5179,1,4033,2024-08-08,0,0,0
5180,3,2410,2021-12-02,1,0,0
5181,5,3818,2025-06-20,1,0,0
5182,2,2884,2026-01-16,1,1,0
5183,6,638,2021-07-16,1,0,0
5184,6,538,2021-07-16,0,0,0
5185,1,4196,2024-08-06,1,1,0
5186,8,1346,2023-01-26,0,0,0
5187,5,3992,2025-06-19,1,1,0
5188,2,2881,2026-01-17,1,0,0
5189,4,1129,2021-11-26,0,0,0
5190,9,185,2021-09-14,0,0,0
5191,9,3543,2021-09-22,1,1,0
5192,3,2994,2021-12-04,0,0,0
5193,5,3709,2025-06-22,0,0,0
5194,3,4218,2021-12-10,1,0,0
5195,4,1727,2021-12-06,0,0,0
5196,6,963,2021-07-13,0,0,0
5197,8,3960,2023-02-17,1,0,0
5198,3,4622,2021-12-14,0,0,0
5199,1,1181,2024-08-15,0,0,0
5200,5,2640,2025-06-14,0,0,0
5201,3,3943,2021-12-07,1,0,0
5202,8,3713,2023-01-28,0,0,0
5203,7,2081,2024-12-11,0,0,0
5204,9,3555,2021-10-08,1,0,0
5205,3,3906,2021-11-30,0,0,0
5206,7,4263,2025-01-02,0,0,0
5207,7,272,2024-12-31,1,0,0
5208,9,3636,2021-10-05,1,1,0
5209,3,2431,2021-12-04,1,1,0
5210,10,1187,2024-01-19,1,1,0
5211,3,2219,2021-12-11,1,0,0
5212,10,2315,2024-01-31,1,0,0
5213,5,2728,2025-06-10,1,0,0
5214,8,2839,2023-02-05,0,0,0
5215,7,2203,2024-12-14,1,0,0
5216,10,4322,2024-02-05,1,1,0
5217,8,3934,2023-02-05,0,0,0
5218,8,451,2023-02-11,1,1,0
5219,7,2087,2024-12-13,1,0,0
5220,8,983,2023-02-16,0,0,0
5221,10,834,2024-01-28,1,0,0
5222,3,3065,2021-12-12,1,0,0
5223,8,643,2023-02-15,1,0,0
5224,9,3882,2021-09-20,1,1,0
5225,9,2490,2021-09-24,1,0,0
5226,4,2937,2021-12-06,1,0,0
5227,8,1772,2023-02-11,0,0,0
5228,10,3805,2024-01-31,1,0,0
5229,6,80,2021-07-16,1,1,0
5230,6,4326,2021-07-09,1,1,1
5231,7,860,2024-12-16,1,0,0
5232,5,2954,2025-06-16,1,0,0
5233,5,2430,2025-06-18,0,0,0
5234,4,113,2021-11-26,1,0,0
5235,9,397,2021-09-12,1,0,0
5236,8,3420,2023-01-27,0,0,0
5237,4,3070,2021-11-27,0,0,0
5238,8,4080,2023-01-25,0,0,0
5239,2,4860,2026-01-15,1,0,0
5240,10,517,2024-01-23,1,0,0
5241,2,4129,2026-01-14,1,0,0
5242,7,3392,2025-01-01,1,1,0
5243,5,278,2025-06-09,0,0,0
5244,7,1780,2024-12-14,1,0,0
5245,3,2311,2021-12-01,0,0,0
5246,1,2806,2024-08-14,0,0,0
5247,3,173,2021-12-04,0,0,0
5248,10,4354,2024-01-16,0,0,0
5249,8,1864,2023-01-25,0,0,0
5250,4,4876,2021-11-27,1,1,0
5251,10,419,2024-01-31,0,0,0
5252,3,1990,2021-12-01,1,0,0
5253,7,1129,2024-12-24,1,0,0
5254,3,1608,2021-12-05,0,0,0
5255,8,486,2023-02-10,0,0,0
5256,6,4966,2021-07-06,0,0,0
5257,10,4928,2024-02-02,1,1,1
5258,9,2077,2021-10-09,1,0,0
5259,9,4576,2021-09-04,1,0,0
5260,7,1204,2024-12-21,1,0,0
5261,2,1043,2026-01-18,1,0,0
5262,4,3390,2021-12-05,0,0,0
5263,2,3546,2026-01-08,0,0,0
5264,3,3395,2021-12-11,0,0,0
5265,4,4553,2021-11-24,0,0,0
5266,10,4160,2024-01-15,0,0,0
5267,3,1807,2021-12-13,1,0,0
5268,2,2445,2026-01-06,1,1,0
5269,9,3761,2021-09-11,0,0,0
5270,1,4800,2024-08-08,0,0,0
5271,10,4034,2024-01-25,0,0,0
5272,3,4023,2021-12-02,1,1,0
5273,7,3481,2024-12-14,0,0,0
5274,4,3116,2021-11-28,1,1,0
5275,2,1062,2026-01-20,0,0,0
5276,5,1643,2025-06-14,0,0,0
5277,4,3085,2021-12-07,0,0,0
5278,5,4176,2025-06-07,0,0,0
5279,6,2124,2021-07-12,1,0,0
5280,5,2800,2025-06-10,0,0,0
5281,3,2700,2021-12-15,1,1,1
5282,8,965,2023-01-22,0,0,0
5283,10,266,2024-02-05,0,0,0
5284,4,4281,2021-11-30,0,0,0
5285,9,247,2021-10-01,1,1,0
5286,1,3122,2024-08-13,0,0,0
5287,1,3580,2024-08-05,0,0,0
5288,1,2092,2024-07-29,1,1,0
5289,10,2333,2024-01-21,0,0,0
5290,1,207,2024-08-01,0,0,0
5291,4,2106,2021-11-28,0,0,0
5292,2,1500,2026-01-11,1,0,0
5293,9,3286,2021-09-22,0,0,0
5294,10,3948,2024-01-14,0,0,0
5295,6,3599,2021-07-25,1,1,0
5296,4,4488,2021-11-26,1,0,0
5297,5,4653,2025-06-22,1,0,0
5298,7,3032,2024-12-28,0,0,0
5299,3,3999,2021-11-29,1,0,0
5300,10,202,2024-02-06,0,0,0
5301,3,1370,2021-11-27,1,0,0
5302,10,4244,2024-02-04,1,0,0
5303,2,744,2026-01-11,0,0,0
5304,8,2633,2023-01-28,0,0,0
5305,6,4094,2021-07-25,1,1,0
5306,4,3597,2021-12-01,1,0,0
5307,2,3325,2026-01-14,0,0,0
5308,6,4032,2021-07-25,1,1,0
5309,8,1091,2023-02-08,1,1,0
5310,6,766,2021-07-09,0,0,0
5311,4,1952,2021-12-03,0,0,0
5312,2,3299,2026-01-12,0,0,0
5313,1,1586,2024-07-31,1,0,0
5314,9,2327,2021-09-01,1,0,0
5315,1,2460,2024-07-28,0,0,0
5316,8,2583,2023-02-11,0,0,0
5317,2,3818,2026-01-13,1,0,0
5318,6,744,2021-07-16,0,0,0
5319,4,1371,2021-11-30,1,0,0
5320,3,776,2021-12-11,0,0,0
5321,10,3929,2024-01-28,0,0,0
5322,3,3335,2021-12-01,0,0,0
5323,2,2223,2026-01-09,0,0,0
5324,9,2334,2021-09-25,1,0,0
5325,6,762,2021-07-13,1,0,0
5326,9,4584,2021-10-06,0,0,0
5327,7,1884,2025-01-04,0,0,0
5328,8,335,2023-01-22,1,0,0
5329,6,1078,2021-07-18,0,0,0
5330,7,3693,2024-12-12,0,0,0
5331,7,4089,2024-12-12,0,0,0
5332,6,4632,2021-07-17,0,0,0
5333,2,1289,2026-01-14,0,0,0
5334,9,1599,2021-09-18,1,0,0
5335,1,978,2024-08-07,0,0,0
5336,3,1557,2021-12-12,0,0,0
5337,8,4881,2023-01-23,0,0,0
5338,7,1092,2025-01-05,1,0,0
5339,6,4284,2021-07-14,1,0,0
5340,9,2954,2021-10-10,0,0,0
5341,9,2070,2021-09-29,0,0,0
5342,9,2765,2021-10-13,1,0,0
5343,8,2085,2023-01-29,1,1,1
5344,10,1322,2024-01-20,1,0,0
5345,5,901,2025-06-11,1,1,0
5346,6,1560,2021-07-10,0,0,0
5347,10,2938,2024-02-03,1,1,0
5348,10,2484,2024-02-01,0,0,0
5349,7,4990,2024-12-18,0,0,0
5350,3,1505,2021-12-15,1,0,0
5351,5,977,2025-06-12,1,1,0
5352,7,914,2024-12-27,1,0,0
5353,8,3534,2023-02-14,0,0,0
5354,6,1699,2021-07-10,1,0,0
5355,9,696,2021-10-12,1,0,0
5356,7,4265,2024-12-19,0,0,0
5357,2,385,2026-01-08,0,0,0
5358,3,3286,2021-12-15,0,0,0
5359,5,1102,2025-06-13,1,1,0
5360,5,360,2025-06-17,0,0,0
5361,9,841,2021-10-08,0,0,0
5362,5,1883,2025-06-11,0,0,0
5363,3,904,2021-11-27,0,0,0
5364,8,2346,2023-02-15,1,0,0
5365,9,1001,2021-09-03,0,0,0
5366,1,3896,2024-07-29,1,1,0
5367,6,3653,2021-07-20,0,0,0
5368,1,2217,2024-08-07,1,1,0
5369,3,3689,2021-11-30,1,1,0
5370,5,1229,2025-06-14,1,1,1
5371,6,403,2021-07-13,0,0,0
5372,3,4110,2021-11-28,1,0,0
5373,10,3786,2024-01-16,0,0,0
5374,1,19,2024-08-12,0,0,0
5375,9,3757,2021-09-19,1,1,0
5376,7,1636,2024-12-27,1,1,0
5377,1,3521,2024-08-01,1,0,0
5378,7,3415,2024-12-18,0,0,0
5379,2,4081,2026-01-18,0,0,0
5380,10,296,2024-02-01,1,1,1
5381,1,4785,2024-08-09,1,1,0
5382,1,1600,2024-08-02,0,0,0
5383,9,2423,2021-09-23,0,0,0
5384,8,341,2023-02-07,0,0,0
5385,1,1830,2024-08-04,0,0,0
5386,7,2099,2024-12-31,1,1,0
5387,10,4481,2024-01-29,1,0,0
5388,7,3142,2024-12-30,0,0,0
5389,7,257,2024-12-14,1,0,0
5390,10,1779,2024-01-18,1,1,0
5391,10,595,2024-02-02,1,0,0
5392,3,3146,2021-12-08,0,0,0
5393,7,4454,2024-12-19,1,1,1
5394,6,1881,2021-07-15,1,0,0
5395,4,2232,2021-12-01,0,0,0
5396,7,3758,2024-12-26,1,1,1
5397,4,3389,2021-12-10,0,0,0
5398,2,4793,2026-01-11,1,0,0
5399,8,727,2023-01-24,0,0,0
5400,3,3029,2021-12-06,0,0,0
5401,4,1435,2021-11-27,0,0,0
5402,7,2450,2024-12-25,1,1,1
5403,1,1322,2024-08-16,1,1,0
5404,3,2064,2021-12-01,0,0,0
5405,5,3052,2025-06-07,1,0,0
5406,6,2632,2021-07-09,0,0,0
5407,10,634,2024-01-27,0,0,0
5408,9,516,2021-09-16,0,0,0
5409,9,4567,2021-10-07,0,0,0
5410,2,1943,2026-01-16,1,0,0
5411,8,4706,2023-02-15,0,0,0
5412,2,2149,2026-01-10,1,0,0
5413,9,4402,2021-10-10,1,1,0
5414,10,1105,2024-01-16,0,0,0
5415,3,2576,2021-12-02,1,1,0
5416,6,4665,2021-07-13,1,0,0
5417,10,1783,2024-01-24,0,0,0
5418,6,1332,2021-07-24,1,1,0
5419,8,2504,2023-01-22,0,0,0
5420,10,2144,2024-01-18,0,0,0
5421,3,1476,2021-12-09,1,0,0
5422,9,4235,2021-09-12,1,0,0
5423,6,3300,2021-07-15,0,0,0
5424,10,628,2024-01-19,1,0,0
5425,3,3567,2021-12-11,0,0,0
5426,5,232,2025-06-14,1,1,1
5427,1,2689,2024-08-14,1,0,0
5428,2,1519,2026-01-18,0,0,0
5429,1,70,2024-08-06,1,0,0
5430,7,3441,2024-12-14,1,0,0
5431,8,3697,2023-02-13,1,0,0
5432,4,3871,2021-11-25,1,0,0
5433,8,308,2023-02-02,1,1,0
5434,2,1664,2026-01-10,1,1,0
5435,5,2790,2025-06-13,1,1,1
5436,7,1082,2024-12-12,1,1,0
5437,3,4842,2021-12-10,0,0,0
5438,5,3375,2025-06-11,1,0,0
5439,7,3277,2024-12-20,1,0,0
5440,5,2555,2025-06-11,1,1,0
5441,10,4597,2024-01-21,1,1,0
5442,1,1560,2024-08-05,1,1,0
5443,4,1230,2021-12-08,1,1,0
5444,2,1044,2026-01-17,1,1,0
5445,1,2796,2024-08-04,1,0,0
5446,9,2763,2021-09-11,1,0,0
5447,5,3114,2025-06-22,0,0,0
5448,8,4597,2023-02-09,1,0,0
5449,6,525,2021-07-21,1,1,0
5450,7,4607,2024-12-31,1,0,0
5451,8,274,2023-01-24,1,0,0
5452,1,747,2024-08-13,1,1,1
5453,2,936,2026-01-15,0,0,0
5454,6,4598,2021-07-08,0,0,0
5455,2,1865,2026-01-11,0,0,0
5456,7,3567,2024-12-11,0,0,0
5457,6,3763,2021-07-09,1,0,0
5458,4,1214,2021-12-07,0,0,0
5459,1,4656,2024-08-13,0,0,0
5460,1,1038,2024-08-15,0,0,0
5461,9,1799,2021-09-30,0,0,0
5462,5,890,2025-06-22,1,1,0
5463,4,287,2021-11-25,0,0,0
5464,6,2020,2021-07-11,1,1,1
5465,3,2710,2021-12-14,1,1,0
5466,1,3579,2024-08-09,0,0,0
5467,4,2738,2021-12-10,0,0,0
5468,6,4404,2021-07-06,1,1,0
5469,3,4553,2021-12-14,0,0,0
5470,7,3710,2024-12-10,0,0,0
5471,8,75,2023-01-27,1,1,0
5472,4,4467,2021-11-25,1,1,0
5473,3,4572,2021-12-06,0,0,0
5474,10,1098,2024-01-15,1,0,0
5475,3,4403,2021-12-15,1,0,0
5476,7,3455,2024-12-25,0,0,0
5477,9,76,2021-09-20,1,0,0
5478,10,1986,2024-02-03,1,1,1
5479,6,3342,2021-07-14,0,0,0
5480,9,1556,2021-09-09,1,0,0
5481,2,871,2026-01-16,1,0,0
5482,3,4950,2021-11-29,0,0,0
5483,4,4550,2021-11-25,0,0,0
5484,9,3919,2021-09-16,1,0,0
5485,10,2095,2024-02-06,1,1,0
5486,1,4337,2024-07-29,1,1,0
5487,7,2199,2024-12-24,0,0,0
5488,4,1496,2021-11-30,0,0,0
5489,7,2613,2024-12-19,0,0,0
5490,10,4403,2024-01-17,1,1,0
5491,8,3571,2023-01-30,1,0,0
5492,4,2006,2021-11-23,0,0,0
5493,4,562,2021-12-06,1,0,0
5494,1,769,2024-08-12,1,1,0
5495,5,3462,2025-06-21,1,1,0
5496,7,1058,2024-12-26,1,0,0
5497,6,3709,2021-07-16,1,0,0
5498,7,366,2024-12-15,1,0,0
5499,5,1975,2025-06-16,0,0,0
5500,7,2011,2025-01-05,0,0,0
5501,1,1973,2024-08-12,1,0,0
5502,6,1092,2021-07-10,1,0,0
5503,10,1907,2024-01-24,0,0,0
5504,8,1944,2023-02-18,1,1,0
5505,3,3650,2021-12-08,0,0,0
5506,3,4001,2021-12-12,0,0,0
5507,9,620,2021-09-12,1,0,0
5508,5,2833,2025-06-15,0,0,0
5509,3,1664,2021-11-30,1,1,1
5510,5,144,2025-06-06,0,0,0
5511,1,1095,2024-08-08,1,1,0
5512,4,3919,2021-12-02,0,0,0
5513,1,1805,2024-08-08,1,1,0
5514,5,3169,2025-06-21,0,0,0
5515,3,3885,2021-12-06,1,0,0
5516,4,4959,2021-11-27,0,0,0
5517,10,755,2024-01-23,0,0,0
5518,7,3443,2025-01-02,1,0,0
5519,5,3680,2025-06-19,0,0,0
5520,7,887,2024-12-20,0,0,0
5521,10,2917,2024-01-25,1,0,0
5522,9,1862,2021-09-30,1,0,0
5523,7,4645,2024-12-16,0,0,0
5524,1,2883,2024-07-28,0,0,0
5525,2,3969,2026-01-19,1,1,0
5526,8,146,2023-01-26,1,1,1
5527,8,4597,2023-01-29,0,0,0
5528,7,4868,2025-01-05,1,1,0
5529,8,3057,2023-02-09,0,0,0
5530,7,1909,2024-12-26,1,0,0
5531,4,3877,2021-11-30,1,1,0
5532,9,2264,2021-09-22,0,0,0
5533,6,4179,2021-07-08,0,0,0
5534,7,3070,2025-01-02,0,0,0
5535,10,1149,2024-01-29,1,1,0
5536,9,4891,2021-09-13,1,0,0
5537,9,4514,2021-10-13,1,0,0
5538,2,92,2026-01-16,0,0,0
5539,1,4037,2024-08-10,0,0,0
5540,2,1740,2026-01-06,1,1,0
5541,3,3797,2021-11-27,1,0,0
5542,7,3214,2024-12-30,0,0,0
5543,7,3444,2024-12-16,0,0,0
5544,5,2457,2025-06-20,1,1,1
5545,4,2109,2021-12-05,1,0,0
5546,10,3406,2024-01-19,1,1,0
5547,5,3504,2025-06-07,0,0,0
5548,2,3966,2026-01-13,1,0,0
5549,7,890,2024-12-14,0,0,0
5550,10,4404,2024-01-17,1,1,1
5551,7,2579,2025-01-02,1,0,0
5552,7,3128,2024-12-19,1,1,0
5553,10,4902,2024-01-29,1,0,0
5554,8,1508,2023-02-04,1,0,0
5555,10,436,2024-01-22,1,0,0
5556,8,3606,2023-02-09,1,0,0
5557,6,3458,2021-07-21,1,0,0
5558,3,4978,2021-12-01,0,0,0
5559,1,2331,2024-08-14,0,0,0
5560,9,3854,2021-08-31,1,0,0
5561,10,584,2024-01-22,0,0,0
5562,8,1668,2023-02-04,0,0,0
5563,3,3254,2021-12-11,1,0,0
5564,7,438,2025-01-02,0,0,0
5565,8,3913,2023-02-17,1,0,0
5566,1,4908,2024-08-11,0,0,0
5567,5,1349,2025-06-22,1,0,0
5568,10,675,2024-01-29,1,0,0
5569,7,3677,2024-12-16,1,1,0
5570,8,602,2023-01-22,0,0,0
5571,4,1396,2021-11-28,1,0,0
5572,9,3579,2021-09-30,0,0,0
5573,5,4883,2025-06-10,0,0,0
5574,4,4112,2021-11-25,0,0,0
5575,3,979,2021-12-08,0,0,0
5576,2,3730,2026-01-18,1,0,0
5577,6,2151,2021-07-10,1,1,1
5578,5,586,2025-06-13,1,0,0
5579,7,1298,2024-12-24,1,0,0
5580,10,1077,2024-01-31,1,0,0
5581,10,4016,2024-02-05,1,0,0
5582,10,2411,2024-01-28,0,0,0
5583,5,2230,2025-06-09,1,0,0
5584,2,4569,2026-01-19,1,1,1
5585,4,727,2021-11-25,0,0,0
5586,9,3992,2021-09-28,0,0,0
5587,5,4345,2025-06-11,1,0,0
5588,1,3230,2024-08-02,1,0,0
5589,4,3962,2021-11-27,0,0,0
5590,3,3569,2021-12-04,1,0,0
5591,4,1113,2021-11-25,0,0,0
5592,4,2379,2021-12-06,0,0,0
5593,3,101,2021-12-07,1,0,0
5594,8,383,2023-01-26,1,0,0
5595,1,472,2024-08-04,0,0,0
5596,9,2978,2021-09-06,1,0,0
5597,6,112,2021-07-08,0,0,0
5598,3,3047,2021-12-14,1,1,0
5599,4,821,2021-12-11,1,0,0
5600,9,1175,2021-09-30,0,0,0
5601,9,269,2021-10-06,1,0,0
5602,5,1207,2025-06-14,0,0,0
5603,2,1395,2026-01-16,1,0,0
5604,1,2664,2024-08-09,0,0,0
5605,10,2621,2024-01-29,0,0,0
5606,10,2560,2024-01-23,1,0,0
5607,1,4050,2024-08-09,0,0,0
5608,7,4955,2024-12-23,0,0,0
5609,7,4315,2024-12-31,1,1,0
5610,9,231,2021-09-16,0,0,0
5611,9,2579,2021-10-13,0,0,0
5612,4,4908,2021-12-03,0,0,0
5613,10,1820,2024-01-24,1,1,0
5614,9,1456,2021-09-25,0,0,0
5615,10,4333,2024-01-16,1,0,0
5616,4,4725,2021-12-04,0,0,0
5617,2,4023,2026-01-10,0,0,0
5618,5,2068,2025-06-22,1,0,0
5619,7,3140,2024-12-15,0,0,0
5620,7,154,2024-12-24,0,0,0
5621,7,4035,2024-12-12,0,0,0
5622,7,1234,2024-12-20,1,0,0
5623,9,4467,2021-10-09,1,0,0
5624,1,694,2024-08-13,1,0,0
5625,6,1894,2021-07-23,0,0,0
5626,10,3743,2024-01-29,0,0,0
5627,4,1099,2021-12-03,0,0,0
5628,2,620,2026-01-09,1,0,0
5629,7,878,2025-01-01,1,1,1
5630,9,3246,2021-09-23,1,1,1
5631,8,3403,2023-02-09,1,1,0
5632,8,4095,2023-02-16,1,1,0
5633,6,982,2021-07-06,1,0,0
5634,9,4110,2021-10-01,0,0,0
5635,6,893,2021-07-10,1,0,0
5636,5,206,2025-06-17,0,0,0
5637,3,4547,2021-12-15,1,1,0
5638,1,4904,2024-08-14,0,0,0
5639,1,4927,2024-08-15,0,0,0
5640,10,2434,2024-01-31,0,0,0
5641,10,3919,2024-02-01,1,1,0
5642,9,16,2021-10-09,1,0,0
5643,9,1901,2021-08-31,0,0,0
5644,2,3957,2026-01-14,1,0,0
5645,3,709,2021-12-01,1,1,1
5646,10,4534,2024-01-19,1,1,0
5647,8,685,2023-02-15,1,0,0
5648,5,4387,2025-06-21,1,1,0
5649,8,4739,2023-02-08,0,0,0
5650,7,2089,2024-12-15,1,1,0
5651,1,4380,2024-08-03,0,0,0
5652,6,2794,2021-07-13,0,0,0
5653,5,3962,2025-06-21,1,0,0
5654,6,2937,2021-07-22,1,0,0
5655,10,4459,2024-01-30,1,0,0
5656,1,1821,2024-07-30,1,0,0
5657,4,1702,2021-12-09,0,0,0
5658,2,820,2026-01-11,1,0,0
5659,7,4001,2024-12-22,1,0,0
5660,7,693,2024-12-16,1,1,0
5661,3,3295,2021-11-27,1,0,0
5662,10,4246,2024-01-26,0,0,0
5663,2,3158,2026-01-06,1,0,0
5664,2,1761,2026-01-07,1,0,0
5665,2,16,2026-01-05,1,0,0
5666,3,2246,2021-12-15,0,0,0
5667,3,549,2021-12-09,1,1,1
5668,2,4437,2026-01-15,0,0,0
5669,2,1813,2026-01-20,0,0,0
5670,7,4580,2024-12-13,1,0,0
5671,4,4425,2021-11-22,1,1,0
5672,1,294,2024-08-02,1,1,1
5673,2,4875,2026-01-19,1,0,0
5674,5,1241,2025-06-19,1,1,1
5675,10,4845,2024-01-17,1,1,0
5676,7,1706,2024-12-29,1,0,0
5677,10,2820,2024-01-15,1,0,0
5678,2,1239,2026-01-12,0,0,0
5679,8,2566,2023-01-30,1,1,0
5680,2,3590,2026-01-07,0,0,0
5681,2,1241,2026-01-20,1,0,0
5682,6,4120,2021-07-20,1,0,0
5683,5,2744,2025-06-07,1,1,0
5684,7,2728,2024-12-12,0,0,0
5685,1,2843,2024-08-09,1,1,0
5686,3,2072,2021-12-07,0,0,0
5687,3,1346,2021-11-29,1,0,0
5688,7,2528,2024-12-22,0,0,0
5689,7,1678,2024-12-31,1,1,1
5690,6,3429,2021-07-14,1,0,0
5691,8,97,2023-02-07,1,1,1
5692,5,2639,2025-06-22,1,0,0
5693,2,3856,2026-01-06,1,1,0
5694,5,4713,2025-06-08,0,0,0
5695,8,4881,2023-01-24,1,1,0
5696,1,4377,2024-08-06,1,0,0
5697,3,2570,2021-12-08,1,0,0
5698,1,2747,2024-08-12,1,0,0
5699,9,3532,2021-09-16,1,1,0
5700,7,2433,2025-01-02,1,1,1
5701,9,3757,2021-09-04,1,0,0
5702,7,660,2024-12-21,1,1,0
5703,9,2862,2021-09-13,0,0,0
5704,5,2910,2025-06-20,0,0,0
5705,7,2885,2024-12-10,1,0,0
5706,9,1624,2021-09-30,0,0,0
5707,2,1168,2026-01-08,0,0,0
5708,9,4310,2021-09-04,1,0,0
5709,5,3411,2025-06-17,1,1,0
5710,4,3011,2021-12-08,1,0,0
5711,4,4448,2021-12-08,1,0,0
5712,1,1436,2024-08-05,1,1,0
5713,8,2106,2023-01-31,0,0,0
5714,8,1936,2023-02-01,0,0,0
5715,8,2171,2023-01-21,0,0,0
5716,7,184,2024-12-14,1,1,0
5717,7,92,2024-12-30,0,0,0
5718,5,1446,2025-06-12,0,0,0
5719,6,1162,2021-07-09,1,0,0
5720,7,1636,2024-12-23,1,1,0
5721,6,2291,2021-07-21,0,0,0
5722,9,170,2021-10-02,1,0,0
5723,6,1145,2021-07-10,1,1,1
5724,7,502,2024-12-15,0,0,0
5725,3,2369,2021-12-10,1,0,0
5726,3,2079,2021-12-03,0,0,0
5727,5,4050,2025-06-21,0,0,0
5728,1,4073,2024-08-06,1,1,0
5729,4,2334,2021-11-22,0,0,0
5730,1,3155,2024-08-08,0,0,0
5731,5,1659,2025-06-09,0,0,0
5732,1,3378,2024-08-14,0,0,0
5733,8,4988,2023-02-03,0,0,0
5734,8,28,2023-01-27,1,0,0
5735,3,1946,2021-12-04,1,0,0
5736,9,488,2021-09-29,0,0,0
5737,9,3985,2021-10-05,1,1,0
5738,3,2756,2021-12-14,1,1,0
5739,1,1554,2024-08-11,1,0,0
5740,10,3248,2024-02-03,1,0,0
5741,4,1323,2021-12-10,1,0,0
5742,3,1988,2021-12-05,0,0,0
5743,1,4712,2024-08-02,0,0,0
5744,4,1283,2021-12-04,0,0,0
5745,5,2000,2025-06-22,0,0,0
5746,7,4741,2024-12-31,0,0,0
5747,2,2656,2026-01-15,0,0,0
5748,2,3209,2026-01-17,1,1,0
5749,1,1327,2024-08-06,1,0,0
5750,10,4080,2024-01-18,0,0,0
5751,8,2108,2023-01-26,1,0,0
5752,8,3082,2023-02-08,1,1,1
5753,2,107,2026-01-19,0,0,0
5754,5,1582,2025-06-15,0,0,0
5755,9,1109,2021-10-05,1,0,0
5756,4,862,2021-11-26,1,1,0
5757,7,1381,2024-12-22,0,0,0
5758,4,3260,2021-12-09,1,1,0
5759,3,3464,2021-12-04,1,0,0
5760,10,1209,2024-01-29,1,0,0
5761,1,1023,2024-07-28,0,0,0
5762,2,4798,2026-01-13,0,0,0
5763,9,1286,2021-09-03,1,0,0
5764,7,2778,2024-12-23,0,0,0
5765,2,796,2026-01-08,1,0,0
5766,3,4161,2021-12-15,1,0,0
5767,8,3954,2023-02-08,0,0,0
5768,9,1548,2021-10-07,0,0,0
5769,6,1537,2021-07-11,0,0,0
5770,2,3850,2026-01-07,0,0,0
5771,7,2660,2024-12-23,0,0,0
5772,1,1105,2024-07-31,1,1,0
5773,9,3966,2021-09-06,0,0,0
5774,3,3134,2021-12-14,1,1,1
5775,3,1561,2021-12-07,1,0,0
5776,8,3110,2023-02-03,1,1,0
5777,8,4172,2023-02-16,1,0,0
5778,7,4094,2025-01-05,1,1,0
5779,7,3702,2025-01-05,1,1,0
5780,7,2511,2024-12-10,0,0,0
5781,9,1003,2021-10-02,1,1,0
5782,4,1689,2021-11-26,0,0,0
5783,3,4694,2021-11-30,0,0,0
5784,10,1483,2024-01-17,1,0,0
5785,9,2973,2021-09-17,0,0,0
5786,6,2105,2021-07-08,0,0,0
5787,9,4367,2021-09-07,0,0,0
5788,2,4836,2026-01-05,1,1,0
5789,7,2370,2024-12-17,1,0,0
5790,5,2279,2025-06-17,0,0,0
5791,4,2882,2021-11-23,1,1,0
5792,4,2782,2021-12-09,1,1,0
5793,1,2352,2024-08-07,1,1,0
5794,10,2624,2024-01-25,0,0,0
5795,10,369,2024-01-25,0,0,0
5796,9,128,2021-10-01,1,1,1
5797,3,2031,2021-12-07,1,0,0
5798,3,4320,2021-12-08,0,0,0
5799,2,1032,2026-01-09,1,0,0
5800,2,3453,2026-01-10,1,0,0
5801,9,1685,2021-09-18,1,1,0
5802,6,3251,2021-07-13,1,0,0
5803,1,4042,2024-08-03,1,0,0
5804,8,486,2023-02-15,1,0,0
5805,6,4386,2021-07-23,1,0,0
5806,7,3,2024-12-30,1,1,0
5807,9,4382,2021-09-15,1,0,0
5808,9,478,2021-10-07,1,0,0
5809,6,736,2021-07-25,1,0,0
5810,7,1904,2025-01-03,1,1,0
5811,10,2149,2024-02-04,1,0,0
5812,4,4659,2021-11-30,0,0,0
5813,8,1830,2023-01-24,1,0,0
5814,7,4860,2024-12-25,1,1,0
5815,9,2069,2021-09-17,0,0,0
5816,2,1592,2026-01-19,1,1,0
5817,9,2242,2021-10-07,1,1,0
5818,8,1118,2023-02-17,0,0,0
5819,10,1583,2024-02-02,1,1,1
5820,2,4430,2026-01-09,1,0,0
5821,2,4154,2026-01-17,1,1,0
5822,3,740,2021-12-07,1,0,0
5823,1,1051,2024-08-12,1,0,0
5824,1,2946,2024-07-28,1,1,1
5825,9,1762,2021-09-03,1,0,0
5826,9,1707,2021-09-05,1,0,0
5827,6,4063,2021-07-10,1,0,0
5828,6,1343,2021-07-24,0,0,0
5829,8,1741,2023-01-23,1,1,0
5830,6,1451,2021-07-13,0,0,0
5831,1,418,2024-08-09,0,0,0
5832,5,2124,2025-06-22,1,0,0
5833,7,4454,2024-12-18,0,0,0
5834,6,4990,2021-07-20,1,0,0
5835,4,3374,2021-12-04,0,0,0
5836,10,2961,2024-01-20,0,0,0
5837,3,225,2021-12-05,1,1,1
5838,4,1855,2021-11-28,0,0,0
5839,3,1572,2021-12-04,1,0,0
5840,2,1981,2026-01-11,1,1,0
5841,6,2509,2021-07-18,1,1,1
5842,8,1497,2023-01-25,1,0,0
5843,1,4476,2024-08-08,0,0,0
5844,5,172,2025-06-09,0,0,0
5845,6,3585,2021-07-22,0,0,0
5846,1,4201,2024-08-11,0,0,0
5847,6,3557,2021-07-14,0,0,0
5848,2,1886,2026-01-17,0,0,0
5849,9,4620,2021-09-04,0,0,0
5850,4,3432,2021-12-05,0,0,0
5851,3,1969,2021-11-30,1,0,0
5852,6,3704,2021-07-25,1,1,0
5853,7,3420,2024-12-11,1,1,0
5854,8,3981,2023-02-18,0,0,0
5855,2,1402,2026-01-06,0,0,0
5856,7,3140,2024-12-22,0,0,0
5857,10,1445,2024-02-03,1,0,0
5858,8,4920,2023-01-21,0,0,0
5859,9,504,2021-10-13,1,0,0
5860,1,2967,2024-08-13,1,1,1
5861,10,4676,2024-02-05,1,1,0
5862,10,2359,2024-01-17,1,0,0
5863,10,4200,2024-01-19,1,0,0
5864,9,4702,2021-10-12,0,0,0
5865,5,4483,2025-06-09,0,0,0
5866,6,542,2021-07-25,0,0,0
5867,3,3776,2021-12-01,0,0,0
5868,3,2964,2021-12-12,1,0,0
5869,10,1637,2024-01-19,0,0,0
5870,7,4086,2025-01-02,0,0,0
5871,10,4423,2024-01-22,0,0,0
5872,10,1216,2024-01-25,1,0,0
5873,5,3772,2025-06-20,1,1,0
5874,10,2991,2024-01-24,1,0,0
5875,10,2962,2024-01-26,0,0,0
5876,1,557,2024-08-14,0,0,0
5877,1,2877,2024-07-30,0,0,0
5878,3,1395,2021-12-15,1,0,0
5879,1,1040,2024-08-14,0,0,0
5880,7,2125,2024-12-31,1,0,0
5881,4,1122,2021-12-11,1,0,0
5882,10,2562,2024-02-01,1,0,0
5883,1,3512,2024-08-15,0,0,0
5884,4,495,2021-11-29,0,0,0
5885,6,4882,2021-07-24,1,1,0
5886,10,3621,2024-01-13,0,0,0
5887,1,4295,2024-08-15,0,0,0
5888,4,153,2021-12-04,0,0,0
5889,7,3015,2024-12-17,1,0,0
5890,10,2216,2024-01-24,1,0,0
5891,5,402,2025-06-20,0,0,0
5892,6,3582,2021-07-18,0,0,0
5893,4,702,2021-12-07,0,0,0
5894,3,2327,2021-11-30,1,1,0
5895,4,4676,2021-12-02,1,1,0
5896,2,241,2026-01-13,1,1,0
5897,10,281,2024-02-01,0,0,0
5898,2,1640,2026-01-09,1,0,0
5899,9,4576,2021-09-06,0,0,0
5900,5,3709,2025-06-22,1,1,0
5901,4,3766,2021-11-23,0,0,0
5902,3,4181,2021-12-05,0,0,0
5903,3,836,2021-12-03,1,1,0
5904,3,549,2021-12-03,1,0,0
5905,10,308,2024-01-19,1,1,0
5906,5,1277,2025-06-11,0,0,0
5907,2,1828,2026-01-09,1,0,0
5908,6,261,2021-07-06,1,0,0
5909,4,604,2021-12-09,1,0,0
5910,6,3490,2021-07-07,0,0,0
5911,6,2746,2021-07-19,0,0,0
5912,5,2631,2025-06-08,0,0,0
5913,6,1044,2021-07-15,0,0,0
5914,10,3854,2024-01-25,0,0,0
5915,6,2772,2021-07-17,1,0,0
5916,8,2007,2023-02-11,1,1,0
5917,5,4273,2025-06-09,1,0,0
5918,5,4090,2025-06-20,1,0,0
5919,5,1525,2025-06-19,1,0,0
5920,8,2464,2023-01-27,1,0,0
5921,1,457,2024-07-28,0,0,0
5922,8,2417,2023-01-31,0,0,0
5923,9,164,2021-10-04,1,1,1
5924,2,1356,2026-01-19,0,0,0
5925,4,3379,2021-11-24,0,0,0
5926,4,3925,2021-11-25,1,1,0
5927,5,2594,2025-06-07,1,0,0
5928,8,4088,2023-01-29,1,1,0
5929,6,39,2021-07-17,1,1,0
5930,8,977,2023-02-14,0,0,0
5931,4,3576,2021-11-23,1,0,0
5932,4,250,2021-12-02,1,0,0
5933,3,3620,2021-12-06,1,1,0
5934,7,1925,2024-12-19,1,0,0
5935,9,3933,2021-09-29,1,1,1
5936,9,3747,2021-08-31,1,1,0
5937,3,3699,2021-12-08,1,0,0
5938,4,1337,2021-12-06,1,1,0
5939,1,1314,2024-07-31,1,0,0
5940,1,83,2024-08-16,1,1,0
5941,1,4226,2024-08-11,1,1,1
5942,4,4403,2021-11-24,1,0,0
5943,5,4456,2025-06-15,0,0,0
5944,7,4011,2024-12-15,0,0,0
5945,2,4733,2026-01-09,0,0,0
5946,4,3505,2021-11-23,0,0,0
5947,8,4767,2023-02-10,0,0,0
5948,9,772,2021-10-01,1,1,0
5949,7,1491,2024-12-18,0,0,0
5950,4,2780,2021-11-28,0,0,0
5951,8,1038,2023-01-26,0,0,0
5952,8,1667,2023-01-26,1,0,0
5953,3,4805,2021-11-28,0,0,0
5954,5,3727,2025-06-18,1,1,0
5955,6,3652,2021-07-16,1,0,0
5956,2,64,2026-01-07,0,0,0
5957,4,1195,2021-12-10,0,0,0
5958,7,4148,2025-01-03,0,0,0
5959,4,3162,2021-12-07,1,1,0
5960,1,3352,2024-08-05,1,0,0
5961,6,3568,2021-07-10,0,0,0
5962,7,4335,2024-12-30,0,0,0
5963,2,2932,2026-01-08,1,0,0
5964,5,1759,2025-06-20,1,1,0
5965,2,1330,2026-01-10,1,0,0
5966,6,73,2021-07-18,1,1,0
5967,10,1090,2024-02-05,1,0,0
5968,7,2520,2024-12-31,0,0,0
5969,2,3138,2026-01-13,0,0,0
5970,8,1462,2023-02-06,1,1,0
5971,4,4869,2021-11-29,1,0,0
5972,1,2945,2024-08-09,0,0,0
5973,9,3402,2021-09-15,0,0,0
5974,9,3555,2021-10-09,0,0,0
5975,1,2901,2024-08-05,1,0,0
5976,1,4886,2024-08-06,0,0,0
5977,8,4968,2023-01-22,1,1,1
5978,8,4948,2023-02-10,0,0,0
5979,9,1800,2021-09-24,1,0,0
5980,3,2119,2021-12-12,0,0,0
5981,3,2844,2021-12-04,1,1,1
5982,9,3407,2021-09-15,0,0,0
5983,5,629,2025-06-07,1,0,0
5984,10,2758,2024-01-22,1,0,0
5985,2,2904,2026-01-18,0,0,0
5986,3,3394,2021-12-07,0,0,0
5987,3,4904,2021-12-01,1,1,0
5988,2,32,2026-01-19,0,0,0
5989,4,1662,2021-11-26,0,0,0
5990,4,440,2021-12-07,0,0,0
5991,5,587,2025-06-17,0,0,0
5992,7,1501,2024-12-17,1,0,0
5993,3,1800,2021-12-03,0,0,0
5994,2,4552,2026-01-15,0,0,0
5995,10,1553,2024-01-20,1,0,0
5996,10,4049,2024-01-25,0,0,0
5997,10,1286,2024-01-17,0,0,0
5998,3,3618,2021-12-15,0,0,0
5999,6,2194,2021-07-08,1,1,1
6000,6,2549,2021-07-09,0,0,0
6001,4,234,2021-12-08,0,0,0
6002,3,633,2021-12-13,1,0,0
6003,8,2802,2023-02-06,1,0,0
6004,6,3328,2021-07-17,0,0,0
6005,7,57,2024-12-14,0,0,0
6006,8,3184,2023-02-03,1,1,0
6007,6,2511,2021-07-24,0,0,0
6008,2,964,2026-01-17,1,0,0
6009,10,373,2024-01-15,1,0,0
6010,1,3027,2024-07-28,0,0,0
6011,8,2682,2023-02-05,1,1,1
6012,2,4428,2026-01-14,1,0,0
6013,5,1219,2025-06-06,0,0,0
6014,1,772,2024-07-30,1,0,0
6015,7,2345,2025-01-04,1,1,0
6016,10,4967,2024-01-31,0,0,0
6017,7,1227,2025-01-03,1,1,0
6018,8,791,2023-01-24,0,0,0
6019,5,729,2025-06-13,1,1,0
6020,9,4723,2021-09-14,1,0,0
6021,10,2738,2024-02-01,0,0,0
6022,6,501,2021-07-07,1,0,0
6023,9,2051,2021-09-15,1,0,0
6024,8,4557,2023-02-15,1,0,0
6025,3,2478,2021-12-10,1,1,0
6026,7,2885,2024-12-17,0,0,0
6027,9,1986,2021-08-31,0,0,0
6028,2,2653,2026-01-14,1,1,0
6029,6,4719,2021-07-10,1,0,0
6030,9,2365,2021-09-30,0,0,0
6031,9,2383,2021-09-12,1,1,0
6032,5,720,2025-06-14,1,0,0
6033,2,1339,2026-01-18,0,0,0
6034,9,2651,2021-09-03,0,0,0
6035,10,4044,2024-01-31,1,1,0
6036,9,3599,2021-10-01,1,1,0
6037,2,1425,2026-01-18,1,1,0
6038,5,2685,2025-06-06,1,0,0
6039,1,102,2024-08-08,1,1,1
6040,3,4383,2021-12-08,0,0,0
6041,2,4981,2026-01-07,0,0,0
6042,2,2647,2026-01-08,0,0,0
6043,7,267,2024-12-18,0,0,0
6044,3,1869,2021-12-05,1,1,0
6045,8,1217,2023-02-18,0,0,0
6046,2,2031,2026-01-11,1,1,0
6047,7,3400,2024-12-12,1,1,0
6048,9,3261,2021-09-23,1,1,0
6049,3,1929,2021-11-27,0,0,0
6050,7,3323,2024-12-31,0,0,0
6051,10,1649,2024-01-13,1,1,0
6052,3,2157,2021-12-03,1,0,0
6053,2,1984,2026-01-08,1,1,0
6054,9,306,2021-09-29,1,0,0
6055,2,3830,2026-01-06,1,1,0
6056,7,54,2025-01-03,1,0,0
6057,2,3464,2026-01-14,1,1,0
6058,5,1304,2025-06-17,1,0,0
6059,10,4029,2024-01-14,1,1,0
6060,10,4681,2024-02-02,0,0,0
6061,8,327,2023-01-25,1,0,0
6062,1,186,2024-08-15,0,0,0
6063,5,3098,2025-06-08,1,1,1
6064,1,2969,2024-08-08,1,0,0
6065,5,4742,2025-06-11,1,1,1
6066,2,2561,2026-01-20,1,1,1
6067,10,3703,2024-01-17,1,0,0
6068,6,3540,2021-07-21,0,0,0
6069,4,668,2021-12-11,0,0,0
6070,6,1521,2021-07-07,0,0,0
6071,7,55,2024-12-11,0,0,0
6072,9,4958,2021-09-30,0,0,0
6073,8,1003,2023-02-17,1,0,0
6074,10,2134,2024-01-19,1,0,0
6075,6,882,2021-07-10,1,1,1
6076,3,4966,2021-12-14,1,1,0
6077,6,2697,2021-07-25,1,1,1
6078,3,4815,2021-12-08,0,0,0
6079,3,4938,2021-12-07,0,0,0
6080,6,2406,2021-07-06,1,0,0
6081,9,4359,2021-09-26,1,0,0
6082,2,3139,2026-01-11,1,1,0
6083,4,1250,2021-12-10,0,0,0
6084,1,4113,2024-08-05,1,1,0
6085,10,4913,2024-01-13,0,0,0
6086,5,2778,2025-06-09,1,0,0
6087,4,958,2021-11-29,0,0,0
6088,3,2989,2021-12-02,0,0,0
6089,5,1013,2025-06-18,1,0,0
6090,10,992,2024-02-04,1,0,0
6091,5,3223,2025-06-18,1,0,0
6092,1,1995,2024-08-03,1,0,0
6093,10,1200,2024-01-26,1,0,0
6094,4,4572,2021-11-24,0,0,0
6095,9,1241,2021-09-26,0,0,0
6096,7,687,2024-12-23,1,0,0
6097,8,654,2023-02-17,1,1,0
6098,4,636,2021-11-26,1,0,0
6099,8,1784,2023-02-06,1,1,0
6100,10,2331,2024-01-18,1,0,0
6101,4,4914,2021-12-06,1,0,0
6102,3,3966,2021-12-06,1,0,0
6103,5,3898,2025-06-14,0,0,0
6104,8,2619,2023-01-28,0,0,0
6105,1,902,2024-08-11,0,0,0
6106,5,3887,2025-06-22,1,0,0
6107,9,3336,2021-09-17,1,1,0
6108,4,3502,2021-12-10,0,0,0
6109,2,3240,2026-01-13,1,0,0
6110,7,3532,2024-12-11,1,1,1
6111,10,2235,2024-01-24,1,1,1
6112,6,2034,2021-07-09,0,0,0
6113,5,2090,2025-06-09,1,1,1
6114,3,165,2021-11-28,0,0,0
6115,10,3519,2024-01-19,1,0,0
6116,3,3977,2021-12-12,0,0,0
6117,6,1837,2021-07-25,0,0,0
6118,5,69,2025-06-14,0,0,0
6119,3,1059,2021-12-05,1,0,0
6120,4,3003,2021-11-28,0,0,0
6121,4,4865,2021-12-10,0,0,0
6122,5,1238,2025-06-19,0,0,0
6123,5,3079,2025-06-16,1,0,0
6124,8,4999,2023-02-08,1,0,0
6125,2,2205,2026-01-05,1,0,0
6126,2,4470,2026-01-10,0,0,0
6127,7,4060,2025-01-02,0,0,0
6128,5,1606,2025-06-21,0,0,0
6129,2,1901,2026-01-08,0,0,0
6130,7,4999,2024-12-29,1,0,0
6131,7,3512,2024-12-10,1,1,0
6132,2,2825,2026-01-17,1,0,0
6133,6,1888,2021-07-07,1,0,0
6134,1,3541,2024-08-01,1,0,0
6135,7,3856,2024-12-23,1,1,1
6136,3,1538,2021-12-02,1,0,0
6137,10,900,2024-01-18,0,0,0
6138,5,2257,2025-06-18,0,0,0
6139,8,4061,2023-02-14,1,1,0
6140,6,3313,2021-07-09,1,0,0
6141,8,654,2023-02-09,1,0,0
6142,10,1044,2024-01-30,0,0,0
6143,10,1244,2024-01-17,0,0,0
6144,1,886,2024-08-12,1,1,0
6145,1,615,2024-08-02,1,1,0
6146,6,1706,2021-07-14,0,0,0
6147,1,1078,2024-08-10,0,0,0
6148,4,293,2021-12-03,1,1,1
6149,5,3474,2025-06-16,0,0,0
6150,10,1802,2024-01-25,0,0,0
6151,3,3021,2021-12-12,1,0,0
6152,7,1310,2024-12-16,1,1,0
6153,7,34,2025-01-05,0,0,0
6154,4,4271,2021-12-06,1,1,0
6155,8,1733,2023-02-16,1,0,0
6156,4,4064,2021-11-30,1,0,0
6157,1,341,2024-08-14,1,0,0
6158,9,1641,2021-10-07,0,0,0
6159,9,4594,2021-09-03,1,0,0
6160,4,1551,2021-11-30,0,0,0
6161,4,2349,2021-11-22,1,0,0
6162,5,2975,2025-06-10,0,0,0
6163,6,4552,2021-07-16,1,0,0
6164,9,3680,2021-09-07,1,1,0
6165,10,3563,2024-01-23,1,0,0
6166,6,1693,2021-07-07,1,0,0
6167,7,3047,2024-12-22,1,1,0
6168,1,290,2024-08-06,0,0,0
6169,1,3292,2024-08-14,0,0,0
6170,4,3583,2021-12-03,0,0,0
6171,6,328,2021-07-07,1,0,0
6172,4,3754,2021-11-25,1,1,0
6173,5,3090,2025-06-09,0,0,0
6174,3,972,2021-12-01,0,0,0
6175,9,2407,2021-10-02,1,0,0
6176,9,4811,2021-10-08,0,0,0
6177,9,1307,2021-09-25,1,1,1
6178,1,4013,2024-07-30,0,0,0
6179,10,3276,2024-01-25,0,0,0
6180,10,4012,2024-01-13,0,0,0
6181,3,689,2021-12-09,1,1,0
6182,6,3529,2021-07-19,1,0,0
6183,1,255,2024-08-10,1,0,0
6184,8,932,2023-01-31,1,1,0
6185,1,2450,2024-08-08,1,0,0
6186,3,2135,2021-12-02,1,1,0
6187,3,38,2021-12-15,0,0,0
6188,3,1775,2021-12-15,1,1,0
6189,8,3797,2023-02-13,1,1,0
6190,1,1835,2024-08-11,1,0,0
6191,9,560,2021-09-13,0,0,0
6192,4,1023,2021-12-01,1,0,0
6193,7,3680,2024-12-11,0,0,0
6194,3,1715,2021-12-10,1,1,0
6195,10,2967,2024-01-25,0,0,0
6196,6,4762,2021-07-15,1,1,0
6197,7,1568,2024-12-10,0,0,0
6198,2,636,2026-01-16,1,0,0
6199,1,4577,2024-08-08,0,0,0
6200,2,4049,2026-01-20,1,0,0
6201,2,3233,2026-01-08,0,0,0
6202,1,3247,2024-08-03,0,0,0
6203,3,2730,2021-11-29,1,1,0
6204,3,504,2021-11-28,0,0,0
6205,4,3386,2021-12-05,1,0,0
6206,3,1523,2021-12-12,1,0,0
6207,5,3751,2025-06-22,1,0,0
6208,1,2558,2024-08-07,0,0,0
6209,10,4206,2024-01-19,1,1,0
6210,4,4899,2021-11-26,1,1,0
6211,10,435,2024-01-24,1,0,0
6212,10,3702,2024-01-30,1,0,0
6213,2,2243,2026-01-20,1,0,0
6214,1,1988,2024-08-05,0,0,0
6215,8,4149,2023-02-11,0,0,0
6216,3,4900,2021-11-27,0,0,0
6217,3,2664,2021-12-08,1,0,0
6218,7,4748,2024-12-19,0,0,0
6219,7,3358,2024-12-11,0,0,0
6220,9,1696,2021-10-11,1,0,0
6221,3,1277,2021-12-03,1,0,0
6222,8,2084,2023-01-22,1,1,0
6223,9,159,2021-09-10,0,0,0
6224,4,3543,2021-11-22,0,0,0
6225,7,1211,2024-12-14,1,0,0
6226,5,3203,2025-06-10,1,0,0
6227,7,788,2024-12-15,0,0,0
6228,5,1090,2025-06-14,0,0,0
6229,8,320,2023-01-30,0,0,0
6230,10,4675,2024-01-26,1,0,0
6231,8,318,2023-02-08,1,0,0
6232,1,3427,2024-07-28,1,0,0
6233,3,1990,2021-12-11,0,0,0
6234,5,1099,2025-06-17,1,0,0
6235,3,3758,2021-11-29,1,0,0
6236,2,4408,2026-01-17,1,1,1
6237,10,3618,2024-02-02,0,0,0
6238,3,4177,2021-12-15,1,0,0
6239,3,1090,2021-12-04,0,0,0
6240,6,4421,2021-07-25,0,0,0
6241,1,1880,2024-08-10,0,0,0
6242,5,201,2025-06-08,1,1,1
6243,2,406,2026-01-20,1,1,0
6244,8,3394,2023-02-06,0,0,0
6245,4,4902,2021-12-11,1,0,0
6246,2,1524,2026-01-11,0,0,0
6247,3,4357,2021-12-10,0,0,0
6248,2,4624,2026-01-13,0,0,0
6249,8,122,2023-02-12,0,0,0
6250,3,2669,2021-12-10,1,1,0
6251,8,4535,2023-02-12,1,0,0
6252,4,2881,2021-11-23,0,0,0
6253,1,1942,2024-08-10,0,0,0
6254,1,915,2024-08-14,0,0,0
6255,2,1278,2026-01-12,1,0,0
6256,3,2617,2021-12-10,1,1,0
6257,7,3096,2024-12-22,1,1,0
6258,6,3336,2021-07-23,0,0,0
6259,3,589,2021-12-13,1,0,0
6260,8,4465,2023-02-10,1,0,0
6261,10,1878,2024-01-24,0,0,0
6262,6,3225,2021-07-16,0,0,0
6263,10,1798,2024-01-29,0,0,0
6264,1,4156,2024-08-15,0,0,0
6265,8,493,2023-02-16,1,0,0
6266,3,877,2021-12-08,1,0,0
6267,5,467,2025-06-09,0,0,0
6268,8,3321,2023-02-16,0,0,0
6269,9,4810,2021-09-30,0,0,0
6270,1,1320,2024-07-28,1,1,1
6271,1,786,2024-08-02,1,0,0
6272,2,2556,2026-01-17,0,0,0
6273,8,3326,2023-02-13,0,0,0
6274,2,2294,2026-01-09,1,0,0
6275,6,3483,2021-07-11,0,0,0
6276,5,4359,2025-06-13,1,1,0
6277,1,2031,2024-07-28,1,1,0
6278,7,271,2024-12-14,1,0,0
6279,10,4173,2024-01-28,0,0,0
6280,6,3424,2021-07-20,0,0,0
6281,7,2728,2025-01-01,0,0,0
6282,5,3701,2025-06-11,1,0,0
6283,6,1166,2021-07-06,1,0,0
6284,2,3094,2026-01-14,1,1,0
6285,1,2737,2024-08-12,0,0,0
6286,1,3274,2024-08-16,0,0,0
6287,1,388,2024-07-31,1,1,0
6288,7,2978,2024-12-15,1,1,0
6289,2,3955,2026-01-08,1,0,0
6290,7,364,2024-12-11,1,0,0
6291,8,525,2023-01-23,0,0,0
6292,10,1811,2024-01-21,1,1,0
6293,6,1060,2021-07-08,0,0,0
6294,8,871,2023-02-09,0,0,0
6295,2,2870,2026-01-13,1,0,0
6296,9,913,2021-09-27,0,0,0
6297,1,1489,2024-07-28,1,1,0
6298,4,1881,2021-11-29,1,0,0
6299,1,2259,2024-08-06,1,0,0
6300,5,1283,2025-06-06,0,0,0
6301,7,3267,2024-12-14,0,0,0
6302,6,3707,2021-07-24,1,1,0
6303,3,773,2021-11-28,0,0,0
6304,4,1964,2021-11-22,0,0,0
6305,5,110,2025-06-17,1,0,0
6306,4,721,2021-12-01,0,0,0
6307,9,2692,2021-09-30,1,0,0
6308,3,3893,2021-12-14,0,0,0
6309,4,1199,2021-12-11,1,0,0
6310,5,4378,2025-06-08,0,0,0
6311,7,4241,2025-01-03,1,0,0
6312,6,3347,2021-07-19,0,0,0
6313,1,3672,2024-08-04,0,0,0
6314,7,3204,2024-12-28,0,0,0
6315,6,4202,2021-07-10,0,0,0
6316,6,3134,2021-07-09,0,0,0
6317,1,4714,2024-08-04,1,0,0
6318,3,3166,2021-12-03,1,0,0
6319,7,4609,2025-01-01,1,1,1
6320,3,2244,2021-12-13,0,0,0
6321,5,2495,2025-06-09,0,0,0
6322,9,4125,2021-10-08,0,0,0
6323,10,4930,2024-01-14,1,0,0
6324,7,1303,2024-12-25,1,0,0
6325,7,2602,2024-12-17,1,1,1
6326,4,3624,2021-11-28,0,0,0
6327,2,4455,2026-01-20,0,0,0
6328,1,623,2024-08-12,1,0,0
6329,3,49,2021-12-13,1,0,0
6330,6,4674,2021-07-20,0,0,0
6331,4,3075,2021-12-05,1,0,0
6332,9,2778,2021-10-12,1,0,0
6333,5,4213,2025-06-17,0,0,0
6334,3,1222,2021-12-06,0,0,0
6335,3,4091,2021-11-28,1,0,0
6336,5,548,2025-06-09,0,0,0
6337,9,2460,2021-09-08,0,0,0
6338,6,3117,2021-07-19,0,0,0
6339,7,683,2024-12-11,0,0,0
6340,6,1076,2021-07-12,1,0,0
6341,9,956,2021-09-22,1,1,0
6342,9,1192,2021-09-06,1,1,0
6343,6,3753,2021-07-11,1,0,0
6344,10,1801,2024-01-30,0,0,0
6345,9,2106,2021-09-24,0,0,0
6346,3,1841,2021-12-10,0,0,0
6347,2,1905,2026-01-05,0,0,0
6348,4,4758,2021-12-05,1,1,0
6349,2,4050,2026-01-15,0,0,0
6350,3,4819,2021-12-08,1,1,0
6351,2,875,2026-01-16,0,0,0
6352,8,685,2023-02-12,0,0,0
6353,4,785,2021-11-24,1,0,0
6354,1,508,2024-07-28,1,0,0
6355,3,4445,2021-12-13,1,0,0
6356,8,518,2023-02-12,1,0,0
6357,10,2407,2024-02-03,1,0,0
6358,6,2217,2021-07-25,1,0,0
6359,7,1373,2025-01-01,1,0,0
6360,5,4184,2025-06-20,1,1,0
6361,9,3431,2021-09-23,0,0,0
6362,6,4096,2021-07-07,0,0,0
6363,4,2709,2021-12-04,0,0,0
6364,8,1522,2023-01-23,1,0,0
6365,9,3968,2021-09-08,1,1,1
6366,7,859,2024-12-28,0,0,0
6367,10,878,2024-01-17,0,0,0
6368,7,2051,2024-12-15,0,0,0
6369,10,3204,2024-01-23,0,0,0
6370,6,1417,2021-07-19,0,0,0
6371,4,991,2021-11-29,1,0,0
6372,2,3754,2026-01-15,0,0,0
6373,6,4992,2021-07-09,1,1,0
6374,9,1468,2021-09-29,1,0,0
6375,4,760,2021-12-07,1,0,0
6376,6,2013,2021-07-13,0,0,0
6377,9,156,2021-09-21,0,0,0
6378,5,168,2025-06-16,0,0,0
6379,9,725,2021-10-04,0,0,0
6380,10,4667,2024-01-15,0,0,0
6381,4,232,2021-11-26,1,0,0
6382,8,3011,2023-01-27,0,0,0
6383,2,1089,2026-01-05,1,0,0
6384,3,3183,2021-12-06,1,1,0
6385,3,2601,2021-12-10,1,1,0
6386,3,1516,2021-12-06,1,1,0
6387,4,1357,2021-11-24,0,0,0
6388,7,2435,2024-12-30,1,0,0
6389,4,906,2021-12-11,0,0,0
6390,7,162,2024-12-12,1,0,0
6391,9,480,2021-09-16,1,0,0
6392,10,1446,2024-01-23,0,0,0
6393,2,2863,2026-01-09,0,0,0
6394,5,608,2025-06-18,1,1,0
6395,6,338,2021-07-25,1,0,0
6396,8,2888,2023-02-01,1,1,0
6397,7,3998,2024-12-25,1,0,0
6398,5,1752,2025-06-14,0,0,0
6399,8,4052,2023-02-05,0,0,0
6400,9,2042,2021-09-14,0,0,0
6401,7,524,2024-12-21,1,0,0
6402,2,1777,2026-01-09,0,0,0
6403,3,1120,2021-12-07,1,0,0
6404,10,4233,2024-02-03,1,1,1
6405,7,243,2024-12-10,0,0,0
6406,3,954,2021-12-15,1,0,0
6407,8,1484,2023-02-09,1,0,0
6408,2,2873,2026-01-12,1,0,0
6409,6,2537,2021-07-23,0,0,0
6410,2,2186,2026-01-11,0,0,0
6411,8,2752,2023-02-17,1,0,0
6412,6,43,2021-07-24,1,0,0
6413,6,3107,2021-07-12,1,0,0
6414,4,3592,2021-11-30,1,0,0
6415,4,1840,2021-11-22,0,0,0
6416,5,1043,2025-06-13,1,0,0
6417,5,1761,2025-06-09,1,0,0
6418,3,4219,2021-11-27,1,1,0
6419,7,925,2024-12-30,0,0,0
6420,1,4271,2024-08-12,1,1,0
6421,10,35,2024-02-02,0,0,0
6422,8,3123,2023-02-05,1,0,0
6423,2,4516,2026-01-12,0,0,0
6424,5,3872,2025-06-21,1,0,0
6425,8,3637,2023-01-28,1,1,0
6426,5,3949,2025-06-18,1,1,0
6427,9,3708,2021-09-29,1,0,0
6428,4,2449,2021-12-09,0,0,0
6429,5,2132,2025-06-18,1,1,1
6430,6,1090,2021-07-25,1,0,0
6431,7,2423,2024-12-12,1,0,0
6432,8,1879,2023-02-09,0,0,0
6433,4,4311,2021-12-06,1,0,0
6434,8,1290,2023-01-23,1,0,0
6435,2,196,2026-01-12,1,1,0
6436,1,143,2024-08-07,1,1,0
6437,1,1414,2024-08-10,1,1,0
6438,4,3754,2021-12-11,0,0,0
6439,10,3403,2024-01-31,1,0,0
6440,5,2082,2025-06-14,0,0,0
6441,6,147,2021-07-08,0,0,0
6442,5,4776,2025-06-09,0,0,0
6443,3,1766,2021-12-10,1,1,0
6444,4,2516,2021-11-30,1,1,0
6445,9,1039,2021-09-18,0,0,0
6446,3,232,2021-12-11,1,0,0
6447,6,4132,2021-07-22,0,0,0
6448,3,11,2021-12-03,1,0,0
6449,10,3010,2024-01-31,1,1,0
6450,5,2176,2025-06-12,1,0,0
6451,6,3098,2021-07-15,1,0,0
6452,8,4911,2023-01-22,1,1,0
6453,5,2405,2025-06-15,0,0,0
6454,6,1638,2021-07-13,1,1,1
6455,1,2471,2024-08-10,1,0,0
6456,9,3399,2021-10-05,0,0,0
6457,7,4601,2024-12-24,1,0,0
6458,2,2973,2026-01-09,1,0,0
6459,9,3633,2021-09-14,0,0,0
6460,1,4025,2024-08-11,0,0,0
6461,6,3197,2021-07-18,0,0,0
6462,7,153,2024-12-13,0,0,0
6463,10,4697,2024-01-22,1,1,0
6464,2,1706,2026-01-07,1,0,0
6465,3,1988,2021-12-13,1,1,0
6466,10,3544,2024-01-17,0,0,0
6467,3,4663,2021-12-13,1,1,0
6468,5,1399,2025-06-15,1,0,0
6469,7,2969,2025-01-04,0,0,0
6470,3,3500,2021-11-27,0,0,0
6471,9,3818,2021-09-14,0,0,0
6472,1,3594,2024-08-09,0,0,0
6473,4,2547,2021-12-08,1,1,0
6474,1,2255,2024-07-30,0,0,0
6475,10,2951,2024-01-19,1,0,0
6476,4,38,2021-12-03,1,1,0
6477,4,383,2021-11-28,0,0,0
6478,6,1427,2021-07-06,1,1,1
6479,6,2080,2021-07-10,0,0,0
6480,2,2813,2026-01-07,0,0,0
6481,8,4169,2023-02-17,0,0,0
6482,10,842,2024-01-29,1,0,0
6483,5,3769,2025-06-19,0,0,0
6484,9,3333,2021-09-03,1,0,0
6485,1,3421,2024-08-08,0,0,0
6486,10,4088,2024-02-04,1,1,0
6487,5,3448,2025-06-16,1,0,0
6488,9,2397,2021-08-31,0,0,0
6489,3,3398,2021-12-07,0,0,0
6490,1,544,2024-08-13,0,0,0
6491,8,2684,2023-02-10,1,1,1
6492,6,3548,2021-07-25,1,0,0
6493,1,3356,2024-08-12,1,0,0
6494,6,877,2021-07-15,1,0,0
6495,4,4793,2021-11-24,1,1,0
6496,4,3736,2021-12-06,1,0,0
6497,7,539,2024-12-15,1,0,0
6498,8,1126,2023-02-08,0,0,0
6499,10,2340,2024-01-15,1,0,0
6500,2,3520,2026-01-16,0,0,0
6501,4,798,2021-12-05,1,1,0
6502,7,3128,2024-12-25,0,0,0
6503,2,663,2026-01-06,1,0,0
6504,1,1542,2024-08-04,1,1,1
6505,4,4856,2021-11-22,0,0,0
6506,3,2694,2021-11-27,0,0,0
6507,8,1369,2023-02-16,1,0,0
6508,3,1492,2021-11-28,1,0,0
6509,6,4984,2021-07-16,0,0,0
6510,3,2320,2021-12-12,1,1,1
6511,8,1255,2023-02-02,1,0,0
6512,4,3143,2021-12-04,0,0,0
6513,3,3920,2021-11-29,0,0,0
6514,3,2171,2021-12-09,1,0,0
6515,2,2677,2026-01-17,1,0,0
6516,8,1818,2023-02-03,1,1,1
6517,1,3267,2024-08-10,0,0,0
6518,5,1341,2025-06-07,0,0,0
6519,4,4173,2021-12-09,0,0,0
6520,4,793,2021-11-25,0,0,0
6521,9,1876,2021-09-21,1,1,0
6522,10,1079,2024-02-04,1,0,0
6523,10,1011,2024-01-28,1,0,0
6524,4,4196,2021-12-04,1,0,0
6525,9,1888,2021-10-06,0,0,0
6526,2,3358,2026-01-13,1,1,0
6527,2,1837,2026-01-07,1,1,0
6528,3,4981,2021-12-04,0,0,0
6529,4,3132,2021-12-01,0,0,0
6530,4,3756,2021-12-03,1,0,0
6531,5,3954,2025-06-12,0,0,0
6532,4,1747,2021-12-06,1,0,0
6533,4,2366,2021-12-08,0,0,0
6534,8,167,2023-02-08,1,0,0
6535,3,99,2021-12-04,0,0,0
6536,2,4577,2026-01-06,1,1,0
6537,10,1182,2024-01-19,1,0,0
6538,5,4159,2025-06-14,1,0,0
6539,3,2347,2021-12-11,1,1,0
6540,4,4833,2021-11-24,1,0,0
6541,5,4860,2025-06-13,0,0,0
6542,6,2980,2021-07-15,0,0,0
6543,5,4616,2025-06-14,1,0,0
6544,9,712,2021-09-11,1,0,0
6545,6,1709,2021-07-23,1,0,0
6546,2,822,2026-01-18,0,0,0
6547,9,2703,2021-10-13,0,0,0
6548,6,3146,2021-07-15,1,0,0
6549,6,2455,2021-07-09,0,0,0
6550,4,1165,2021-12-11,1,0,0
6551,8,2573,2023-02-16,0,0,0
6552,2,4835,2026-01-06,1,1,1
6553,2,4158,2026-01-16,0,0,0
6554,5,1961,2025-06-20,0,0,0
6555,6,1956,2021-07-09,0,0,0
6556,8,4398,2023-02-09,1,1,0
6557,2,3511,2026-01-16,1,0,0
6558,2,2256,2026-01-16,0,0,0
6559,10,1228,2024-01-23,0,0,0
6560,7,1432,2024-12-11,1,0,0
6561,5,2408,2025-06-08,0,0,0
6562,1,1969,2024-08-01,1,0,0
6563,8,4,2023-02-08,0,0,0
6564,9,181,2021-10-03,1,0,0
6565,7,3270,2024-12-17,1,0,0
6566,8,2541,2023-01-26,1,1,0
6567,3,4346,2021-12-06,0,0,0
6568,3,4935,2021-11-30,0,0,0
6569,5,1875,2025-06-20,1,1,0
6570,6,1800,2021-07-10,1,0,0
6571,7,2926,2024-12-10,1,1,1
6572,9,591,2021-09-12,0,0,0
6573,2,915,2026-01-16,0,0,0
6574,2,1069,2026-01-19,0,0,0
6575,10,1303,2024-02-06,1,0,0
6576,3,2831,2021-12-06,0,0,0
6577,3,3688,2021-11-30,0,0,0
6578,6,1435,2021-07-17,1,1,0
6579,3,632,2021-12-05,0,0,0
6580,4,1102,2021-12-10,1,1,1
6581,6,4448,2021-07-19,0,0,0
6582,6,4083,2021-07-13,1,1,1
6583,6,2794,2021-07-11,1,1,1
6584,7,4597,2024-12-20,0,0,0
6585,9,1122,2021-10-11,1,0,0
6586,4,3335,2021-12-02,0,0,0
6587,7,324,2025-01-04,1,0,0
6588,9,3515,2021-09-13,0,0,0
6589,6,3092,2021-07-25,0,0,0
6590,4,3456,2021-11-30,1,1,0
6591,5,3569,2025-06-07,0,0,0
6592,3,2056,2021-12-15,1,1,0
6593,9,3199,2021-10-12,1,1,0
6594,2,879,2026-01-14,0,0,0
6595,9,2099,2021-09-28,1,1,0
6596,2,1230,2026-01-17,1,0,0
6597,2,2443,2026-01-14,0,0,0
6598,3,4158,2021-12-12,1,0,0
6599,4,585,2021-12-03,1,1,0
6600,1,826,2024-08-15,1,0,0
6601,7,3180,2024-12-12,1,1,0
6602,9,1391,2021-10-06,1,0,0
6603,3,3201,2021-12-05,1,0,0
6604,3,4670,2021-11-28,0,0,0
6605,4,1453,2021-12-05,0,0,0
6606,1,2529,2024-08-14,1,0,0
6607,8,1788,2023-02-15,0,0,0
6608,3,1226,2021-12-07,1,0,0
6609,4,2465,2021-12-04,1,0,0
6610,7,3256,2024-12-31,1,0,0
6611,10,860,2024-01-19,1,0,0
6612,5,1292,2025-06-14,1,0,0
6613,10,1184,2024-01-15,1,1,0
6614,9,1672,2021-09-02,1,1,1
6615,4,480,2021-12-10,0,0,0
6616,3,3190,2021-12-13,0,0,0
6617,1,3425,2024-08-03,0,0,0
6618,3,4811,2021-12-01,0,0,0
6619,8,3352,2023-01-27,1,0,0
6620,4,2536,2021-11-28,1,0,0
6621,1,4062,2024-08-10,1,0,0
6622,4,1380,2021-11-26,1,0,0
6623,10,2413,2024-02-04,1,0,0
6624,10,3275,2024-01-16,0,0,0
6625,10,1354,2024-02-01,1,0,0
6626,10,3874,2024-01-24,1,1,0
6627,7,906,2024-12-29,1,0,0
6628,10,407,2024-02-04,0,0,0
6629,7,3700,2024-12-12,1,0,0
6630,1,3619,2024-08-05,1,1,1
6631,9,3215,2021-09-18,1,1,0
6632,3,3688,2021-12-03,0,0,0
6633,4,2150,2021-12-08,1,0,0
6634,1,3737,2024-08-10,1,1,1
6635,1,640,2024-07-31,1,0,0
6636,5,457,2025-06-07,0,0,0
6637,6,1059,2021-07-08,0,0,0
6638,6,4358,2021-07-08,0,0,0
6639,1,628,2024-08-06,0,0,0
6640,2,628,2026-01-14,0,0,0
6641,6,3747,2021-07-20,1,1,0
6642,4,2651,2021-12-11,0,0,0
6643,8,2855,2023-01-29,0,0,0
6644,3,1561,2021-12-08,1,0,0
6645,6,3833,2021-07-17,0,0,0
6646,1,2200,2024-07-31,1,0,0
6647,9,561,2021-09-20,1,0,0
6648,5,2776,2025-06-09,0,0,0
6649,8,2330,2023-02-08,1,0,0
6650,7,4600,2025-01-01,0,0,0
6651,1,1379,2024-07-29,1,0,0
6652,7,4012,2025-01-04,0,0,0
6653,1,4802,2024-08-01,1,0,0
6654,4,4064,2021-11-23,1,0,0
6655,5,3555,2025-06-08,1,1,0
6656,3,3103,2021-11-30,1,0,0
6657,8,1428,2023-02-15,1,0,0
6658,4,450,2021-11-22,0,0,0
6659,10,2920,2024-02-03,1,0,0
6660,4,645,2021-12-09,1,0,0
6661,2,218,2026-01-16,0,0,0
6662,8,377,2023-02-13,1,0,0
6663,9,1641,2021-10-01,0,0,0
6664,10,2535,2024-02-02,1,1,0
6665,2,1886,2026-01-07,1,0,0
6666,3,1675,2021-12-15,1,0,0
6667,9,3034,2021-09-19,0,0,0
6668,9,2258,2021-10-02,0,0,0
6669,5,1887,2025-06-22,0,0,0
6670,10,3930,2024-01-26,1,0,0
6671,1,637,2024-08-07,1,1,0
6672,9,2485,2021-10-11,1,0,0
6673,10,2169,2024-01-31,1,1,0
6674,2,1997,2026-01-15,1,1,0
6675,9,3370,2021-09-23,0,0,0
6676,10,4932,2024-01-21,0,0,0
6677,1,107,2024-08-05,1,0,0
6678,6,2007,2021-07-24,0,0,0
6679,3,1016,2021-11-30,1,1,0
6680,10,1535,2024-02-01,0,0,0
6681,5,3413,2025-06-13,1,0,0
6682,10,1157,2024-01-21,1,0,0
6683,6,3512,2021-07-25,0,0,0
6684,7,1293,2024-12-31,1,0,0
6685,10,4155,2024-01-22,1,0,0
6686,5,4618,2025-06-21,0,0,0
6687,1,2649,2024-08-01,1,0,0
6688,8,1203,2023-02-02,0,0,0
6689,9,907,2021-09-22,0,0,0
6690,4,2955,2021-12-09,1,0,0
6691,10,1587,2024-01-14,0,0,0
6692,9,2567,2021-09-19,0,0,0
6693,9,3221,2021-09-23,1,0,0
6694,2,1231,2026-01-08,0,0,0
6695,8,483,2023-02-06,0,0,0
6696,2,2280,2026-01-17,0,0,0
6697,2,1005,2026-01-14,1,0,0
6698,8,1491,2023-02-12,1,1,0
6699,3,835,2021-12-15,0,0,0
6700,5,4231,2025-06-15,1,0,0
6701,7,4327,2024-12-17,1,0,0
6702,3,1743,2021-12-05,0,0,0
6703,1,4689,2024-08-14,1,0,0
6704,7,572,2024-12-18,1,0,0
6705,5,329,2025-06-16,0,0,0
6706,2,3183,2026-01-15,1,0,0
6707,10,3500,2024-01-23,0,0,0
6708,8,3599,2023-02-08,0,0,0
6709,10,1091,2024-02-02,0,0,0
6710,5,449,2025-06-16,0,0,0
6711,10,1981,2024-02-01,0,0,0
6712,3,1058,2021-11-29,1,0,0
6713,10,1778,2024-01-31,0,0,0
6714,3,4241,2021-11-28,0,0,0
6715,8,1800,2023-01-23,1,1,0
6716,3,1441,2021-11-27,0,0,0
6717,4,2864,2021-12-02,0,0,0
6718,7,3089,2024-12-16,1,0,0
6719,8,4083,2023-01-24,0,0,0
6720,4,446,2021-11-23,0,0,0
6721,6,3153,2021-07-11,1,1,0
6722,2,4045,2026-01-10,1,0,0
6723,1,4255,2024-08-04,1,0,0
6724,1,2124,2024-08-05,1,1,0
6725,7,3910,2024-12-24,0,0,0
6726,10,4342,2024-01-27,0,0,0
6727,9,3535,2021-10-11,1,1,0
6728,10,654,2024-01-18,1,1,0
6729,6,3652,2021-07-10,1,0,0
6730,5,759,2025-06-09,1,0,0
6731,4,4572,2021-12-10,1,1,0
6732,2,3502,2026-01-12,1,1,1
6733,6,4994,2021-07-17,0,0,0
6734,10,389,2024-02-01,1,0,0
6735,6,3708,2021-07-19,1,0,0
6736,9,2188,2021-09-25,1,1,0
6737,6,1905,2021-07-23,1,0,0
6738,9,4010,2021-10-07,1,1,1
6739,1,3183,2024-08-07,1,0,0
6740,3,2918,2021-12-06,0,0,0
6741,4,1790,2021-12-11,0,0,0
6742,3,4236,2021-12-01,1,0,0
6743,2,3731,2026-01-11,1,0,0
6744,6,2182,2021-07-13,0,0,0
6745,6,1607,2021-07-24,1,0,0
6746,7,1233,2024-12-31,1,0,0
6747,4,563,2021-12-01,1,1,0
6748,5,484,2025-06-15,0,0,0
6749,9,3697,2021-09-21,1,0,0
6750,3,798,2021-11-28,0,0,0
6751,9,1766,2021-10-11,1,0,0
6752,1,2438,2024-08-09,1,0,0
6753,7,814,2025-01-03,1,0,0
6754,10,1246,2024-01-25,0,0,0
6755,2,1469,2026-01-11,1,0,0
6756,6,2605,2021-07-12,0,0,0
6757,4,823,2021-11-29,1,0,0
6758,6,1200,2021-07-14,1,1,0
6759,5,3811,2025-06-21,0,0,0
6760,10,646,2024-01-30,0,0,0
6761,9,1907,2021-09-06,0,0,0
6762,4,4515,2021-12-05,1,0,0
6763,10,3832,2024-01-24,1,1,0
6764,3,200,2021-12-13,1,0,0
6765,5,3883,2025-06-06,1,0,0
6766,7,1623,2024-12-25,1,0,0
6767,9,2115,2021-09-08,1,1,1
6768,9,4500,2021-10-09,1,0,0
6769,9,2455,2021-09-06,0,0,0
6770,8,4768,2023-02-11,1,1,0
6771,2,3853,2026-01-10,1,0,0
6772,7,4368,2024-12-15,1,1,0
6773,9,4190,2021-09-28,0,0,0
6774,9,3141,2021-10-05,0,0,0
6775,8,3286,2023-02-03,0,0,0
6776,1,4642,2024-08-15,1,1,0
6777,2,4003,2026-01-07,0,0,0
6778,10,543,2024-01-15,1,0,0
6779,4,1014,2021-12-03,0,0,0
6780,6,192,2021-07-18,1,0,0
6781,5,113,2025-06-06,0,0,0
6782,1,2706,2024-08-08,1,0,0
6783,4,4153,2021-12-08,0,0,0
6784,4,3887,2021-11-23,0,0,0
6785,4,2371,2021-12-02,1,0,0
6786,2,2175,2026-01-16,1,0,0
6787,1,3764,2024-08-16,1,0,0
6788,6,942,2021-07-11,1,0,0
6789,6,1655,2021-07-11,0,0,0
6790,1,1263,2024-08-04,1,1,1
6791,8,46,2023-02-03,0,0,0
6792,5,993,2025-06-12,1,1,0
6793,7,1730,2025-01-03,0,0,0
6794,8,4992,2023-01-23,0,0,0
6795,5,328,2025-06-22,1,0,0
6796,6,4999,2021-07-18,1,0,0
6797,3,4403,2021-12-09,0,0,0
6798,7,4406,2025-01-01,1,0,0
6799,1,2900,2024-08-16,1,1,0
6800,2,1292,2026-01-16,1,1,0
6801,2,853,2026-01-20,1,0,0
6802,2,300,2026-01-14,0,0,0
6803,6,4340,2021-07-20,0,0,0
6804,8,2278,2023-02-11,0,0,0
6805,2,3308,2026-01-07,1,1,1
6806,1,1374,2024-08-12,0,0,0
6807,9,1354,2021-09-19,1,1,0
6808,2,4443,2026-01-17,0,0,0
6809,5,3340,2025-06-11,0,0,0
6810,7,3832,2025-01-03,0,0,0
6811,6,1047,2021-07-11,1,0,0
6812,9,347,2021-09-29,0,0,0
6813,4,941,2021-12-11,1,1,0
6814,10,242,2024-01-28,0,0,0
6815,1,3318,2024-08-15,0,0,0
6816,10,3956,2024-01-22,1,1,0
6817,4,686,2021-11-26,1,0,0
6818,5,895,2025-06-12,1,1,1
6819,4,3689,2021-12-05,1,1,0
6820,6,4160,2021-07-24,0,0,0
6821,2,397,2026-01-12,1,1,0
6822,9,1637,2021-10-04,1,0,0
6823,1,1346,2024-08-04,0,0,0
6824,7,344,2024-12-31,0,0,0
6825,2,2934,2026-01-16,1,0,0
6826,7,2599,2024-12-23,0,0,0
6827,7,4509,2024-12-11,1,1,0
6828,2,938,2026-01-19,1,0,0
6829,1,4837,2024-07-30,0,0,0
6830,8,2248,2023-01-22,0,0,0
6831,1,1219,2024-08-12,1,0,0
6832,2,3633,2026-01-13,1,0,0
6833,9,1778,2021-09-03,0,0,0
6834,10,1173,2024-01-26,0,0,0
6835,10,3203,2024-01-14,1,1,0
6836,5,3227,2025-06-13,0,0,0
6837,10,1650,2024-02-05,0,0,0
6838,1,2493,2024-08-03,1,0,0
6839,3,3605,2021-11-30,1,1,0
6840,4,1712,2021-12-08,1,0,0
6841,4,4705,2021-11-24,1,1,1
6842,7,1175,2024-12-23,1,0,0
6843,2,4469,2026-01-11,1,0,0
6844,6,3228,2021-07-08,1,0,0
6845,1,3234,2024-08-02,1,0,0
6846,9,3867,2021-09-27,0,0,0
6847,1,2043,2024-08-06,1,0,0
6848,7,238,2024-12-22,0,0,0
6849,9,875,2021-09-28,1,0,0
6850,8,1005,2023-01-25,0,0,0
6851,5,4020,2025-06-11,1,0,0
6852,3,158,2021-12-13,0,0,0
6853,7,934,2024-12-10,0,0,0
6854,3,65,2021-12-13,0,0,0
6855,7,30,2024-12-18,1,1,0
6856,9,2600,2021-10-03,0,0,0
6857,9,3976,2021-10-02,1,1,0
6858,3,4486,2021-12-02,0,0,0
6859,7,2862,2024-12-29,0,0,0
6860,3,4585,2021-12-06,0,0,0
6861,6,2876,2021-07-09,0,0,0
6862,3,2889,2021-12-11,0,0,0
6863,10,2561,2024-01-16,1,0,0
6864,8,1866,2023-01-26,1,0,0
6865,9,4458,2021-09-30,1,0,0
6866,4,412,2021-11-24,1,0,0
6867,1,2690,2024-08-10,1,0,0
6868,6,4679,2021-07-19,1,1,1
6869,6,4504,2021-07-10,0,0,0
6870,6,850,2021-07-11,1,0,0
6871,4,3333,2021-11-27,1,0,0
6872,2,4922,2026-01-10,0,0,0
6873,4,3032,2021-12-02,1,1,0
6874,8,2680,2023-01-30,0,0,0
6875,10,3487,2024-02-03,1,1,1
6876,6,3840,2021-07-08,1,0,0
6877,2,3193,2026-01-16,1,0,0
6878,2,2344,2026-01-07,1,1,0
6879,4,722,2021-12-10,1,0,0
6880,5,2800,2025-06-20,1,0,0
6881,3,4308,2021-12-15,1,1,0
6882,4,4497,2021-11-25,1,1,1
6883,2,4332,2026-01-18,1,0,0
6884,3,1993,2021-12-04,0,0,0
6885,1,3099,2024-07-28,0,0,0
6886,8,2921,2023-02-07,0,0,0
6887,10,2380,2024-01-21,1,0,0
6888,3,3572,2021-11-27,0,0,0
6889,4,1157,2021-11-24,0,0,0
6890,3,538,2021-11-28,0,0,0
6891,5,2729,2025-06-13,0,0,0
6892,8,2882,2023-02-18,0,0,0
6893,8,597,2023-01-22,0,0,0
6894,3,3462,2021-12-12,1,0,0
6895,6,1048,2021-07-25,1,1,0
6896,1,3350,2024-08-15,0,0,0
6897,3,2204,2021-12-07,1,0,0
6898,1,4976,2024-08-10,1,1,0
6899,4,2318,2021-12-11,0,0,0
6900,1,4374,2024-08-11,0,0,0
6901,7,806,2025-01-04,1,1,0
6902,3,1651,2021-12-10,0,0,0
6903,1,288,2024-07-31,0,0,0
6904,5,5,2025-06-09,1,1,1
6905,9,4415,2021-09-07,1,1,0
6906,2,4739,2026-01-08,1,1,0
6907,8,3282,2023-02-02,1,1,0
6908,8,4064,2023-02-13,1,0,0
6909,9,4620,2021-09-06,0,0,0
6910,10,562,2024-01-29,0,0,0
6911,7,4852,2024-12-26,0,0,0
6912,1,2730,2024-08-15,0,0,0
6913,3,1216,2021-11-30,0,0,0
6914,7,3901,2024-12-30,0,0,0
6915,9,3518,2021-09-06,0,0,0
6916,2,1433,2026-01-20,1,1,0
6917,8,3293,2023-01-24,1,0,0
6918,5,4135,2025-06-19,1,1,1
6919,5,2422,2025-06-14,1,0,0
6920,5,796,2025-06-06,0,0,0
6921,9,4786,2021-10-02,1,1,1
6922,1,604,2024-08-16,1,0,0
6923,5,4421,2025-06-22,1,0,0
6924,1,2717,2024-07-30,0,0,0
6925,3,4743,2021-12-05,0,0,0
6926,7,1852,2024-12-16,0,0,0
6927,1,4405,2024-08-04,1,0,0
6928,8,1821,2023-02-14,0,0,0
6929,5,1821,2025-06-08,1,1,1
6930,2,1089,2026-01-15,0,0,0
6931,6,784,2021-07-17,0,0,0
6932,8,2385,2023-01-27,0,0,0
6933,9,3124,2021-09-07,0,0,0
6934,8,446,2023-01-27,1,0,0
6935,10,3912,2024-01-16,1,1,1
6936,6,4668,2021-07-19,1,1,0
6937,6,3431,2021-07-06,1,0,0
6938,10,2537,2024-01-16,0,0,0
6939,1,1088,2024-08-05,0,0,0
6940,4,4032,2021-12-04,1,0,0
6941,1,3841,2024-08-04,0,0,0
6942,7,596,2024-12-28,0,0,0
6943,2,951,2026-01-06,1,0,0
6944,9,1692,2021-09-25,1,0,0
6945,7,154,2025-01-03,1,1,0
6946,3,535,2021-12-06,1,0,0
6947,1,862,2024-07-29,0,0,0
6948,2,2265,2026-01-10,0,0,0
6949,4,1595,2021-12-08,0,0,0
6950,5,2137,2025-06-10,1,0,0
6951,5,2688,2025-06-21,0,0,0
6952,9,4546,2021-10-07,0,0,0
6953,6,1049,2021-07-10,0,0,0
6954,2,2246,2026-01-12,1,0,0
6955,1,4701,2024-07-28,1,0,0
6956,6,4417,2021-07-19,0,0,0
6957,3,1874,2021-11-29,1,0,0
6958,10,4736,2024-01-24,0,0,0
6959,4,4151,2021-12-07,0,0,0
6960,7,1613,2025-01-04,1,1,0
6961,2,3395,2026-01-06,1,0,0
6962,3,3985,2021-12-14,0,0,0
6963,5,2017,2025-06-07,1,0,0
6964,1,1765,2024-07-30,1,0,0
6965,3,2953,2021-12-02,0,0,0
6966,1,4320,2024-08-16,0,0,0
6967,3,4636,2021-12-15,0,0,0
6968,4,1138,2021-11-22,1,0,0
6969,3,2043,2021-12-12,1,0,0
6970,2,3497,2026-01-18,0,0,0
6971,4,2795,2021-11-29,1,0,0
6972,10,2573,2024-01-21,0,0,0
6973,7,1245,2024-12-13,1,1,0
6974,1,3084,2024-08-12,1,1,0
6975,1,4281,2024-07-28,0,0,0
6976,8,591,2023-01-28,0,0,0
6977,8,4011,2023-02-07,1,0,0
6978,7,1992,2024-12-14,0,0,0
6979,6,2620,2021-07-15,1,1,0
6980,8,1634,2023-02-09,1,0,0
6981,9,4945,2021-10-05,0,0,0
6982,1,1898,2024-08-11,1,0,0
6983,8,2198,2023-02-16,0,0,0
6984,1,4939,2024-08-10,1,0,0
6985,2,3513,2026-01-07,0,0,0
6986,7,3806,2024-12-14,1,1,0
6987,5,4403,2025-06-20,0,0,0
6988,2,3113,2026-01-15,1,0,0
6989,7,3675,2024-12-12,1,1,0
6990,9,922,2021-09-23,0,0,0
6991,10,4917,2024-02-02,0,0,0
6992,7,839,2024-12-17,1,0,0
6993,7,2178,2024-12-14,0,0,0
6994,1,622,2024-08-04,1,1,1
6995,8,3214,2023-02-16,0,0,0
6996,7,4685,2024-12-20,1,0,0
6997,7,1514,2024-12-11,0,0,0
6998,6,253,2021-07-11,0,0,0
6999,6,831,2021-07-25,1,1,0
7000,6,4769,2021-07-18,1,0,0
7001,4,3842,2021-12-02,1,0,0
7002,7,4439,2024-12-18,1,0,0
7003,6,1949,2021-07-24,0,0,0
7004,7,1172,2024-12-24,0,0,0
7005,3,1333,2021-11-27,1,0,0
7006,9,3600,2021-09-01,0,0,0
7007,5,1415,2025-06-21,1,0,0
7008,9,2334,2021-09-29,1,0,0
7009,2,3756,2026-01-19,1,1,1
7010,3,2333,2021-12-05,1,0,0
7011,2,631,2026-01-09,1,0,0
7012,6,4619,2021-07-12,1,1,0
7013,4,1105,2021-12-07,1,0,0
7014,2,3373,2026-01-10,0,0,0
7015,10,2128,2024-01-20,1,0,0
7016,4,4692,2021-12-09,1,1,0
7017,4,3093,2021-11-28,0,0,0
7018,4,1696,2021-12-10,0,0,0
7019,8,4443,2023-02-04,0,0,0
7020,1,36,2024-08-14,0,0,0
7021,10,755,2024-01-15,1,1,0
7022,5,820,2025-06-08,1,1,0
7023,7,4909,2024-12-24,0,0,0
7024,9,1814,2021-10-13,1,1,1
7025,2,3482,2026-01-17,0,0,0
7026,2,4742,2026-01-20,1,0,0
7027,4,164,2021-12-02,1,0,0
7028,9,2415,2021-09-04,1,0,0
7029,10,390,2024-01-31,1,0,0
7030,2,1045,2026-01-16,0,0,0
7031,1,4686,2024-08-08,1,1,0
7032,5,1688,2025-06-07,1,1,0
7033,3,420,2021-12-06,0,0,0
7034,1,782,2024-07-31,0,0,0
7035,7,817,2024-12-21,0,0,0
7036,4,4842,2021-12-06,1,0,0
7037,9,2344,2021-09-13,1,0,0
7038,9,4155,2021-09-22,0,0,0
7039,2,4954,2026-01-15,0,0,0
7040,1,4143,2024-08-14,1,1,0
7041,4,3023,2021-11-29,0,0,0
7042,1,599,2024-08-01,1,0,0
7043,6,4468,2021-07-08,0,0,0
7044,7,1275,2025-01-04,0,0,0
7045,6,4352,2021-07-22,0,0,0
7046,6,3700,2021-07-19,1,0,0
7047,4,3981,2021-12-05,0,0,0
7048,7,4313,2024-12-27,1,1,1
7049,9,583,2021-10-08,1,1,0
7050,7,1563,2025-01-02,1,1,1
7051,2,1481,2026-01-06,0,0,0
7052,10,3264,2024-02-03,1,0,0
7053,6,1852,2021-07-13,1,1,0
7054,9,772,2021-09-26,0,0,0
7055,9,1431,2021-10-01,1,0,0
7056,8,2950,2023-02-14,1,1,0
7057,7,2743,2024-12-15,1,1,1
7058,7,2355,2024-12-18,1,1,0
7059,10,655,2024-01-14,0,0,0
7060,9,2674,2021-09-12,1,1,1
7061,2,2960,2026-01-20,0,0,0
7062,8,381,2023-02-05,1,1,1
7063,7,1919,2024-12-31,0,0,0
7064,3,146,2021-12-13,1,1,1
7065,5,275,2025-06-18,1,0,0
7066,5,1223,2025-06-13,1,0,0
7067,10,745,2024-01-16,0,0,0
7068,2,2219,2026-01-12,0,0,0
7069,1,4413,2024-08-03,0,0,0
7070,7,536,2024-12-29,1,1,0
7071,2,3904,2026-01-08,1,0,0
7072,3,2167,2021-12-05,1,0,0
7073,9,1615,2021-10-13,0,0,0
7074,8,793,2023-01-28,1,1,0
7075,1,818,2024-08-07,0,0,0
7076,4,4169,2021-12-10,0,0,0
7077,2,4332,2026-01-16,1,1,0
7078,5,1278,2025-06-20,0,0,0
7079,5,4567,2025-06-16,0,0,0
7080,2,3537,2026-01-20,0,0,0
7081,3,3305,2021-12-15,0,0,0
7082,5,2595,2025-06-21,1,1,1
7083,5,2490,2025-06-17,1,0,0
7084,1,1112,2024-07-30,1,0,0
7085,1,2764,2024-08-08,0,0,0
7086,1,401,2024-08-11,0,0,0
7087,6,1802,2021-07-07,0,0,0
7088,9,4058,2021-09-21,0,0,0
7089,5,4012,2025-06-11,1,1,0
7090,6,4500,2021-07-07,1,0,0
7091,4,2080,2021-11-23,1,1,0
7092,1,4631,2024-08-08,0,0,0
7093,3,1136,2021-12-03,0,0,0
7094,5,421,2025-06-10,1,1,0
7095,7,1202,2024-12-12,1,0,0
7096,10,2208,2024-01-31,0,0,0
7097,7,3127,2024-12-10,1,1,1
7098,7,2059,2024-12-12,1,0,0
7099,8,1444,2023-02-12,0,0,0
7100,10,3615,2024-02-03,0,0,0
7101,4,4107,2021-12-02,0,0,0
7102,9,119,2021-10-09,1,0,0
7103,7,3833,2024-12-28,1,0,0
7104,4,3243,2021-11-23,0,0,0
7105,2,3957,2026-01-05,0,0,0
7106,5,172,2025-06-07,0,0,0
7107,2,2257,2026-01-08,1,1,0
7108,3,4122,2021-12-10,1,1,1
7109,2,520,2026-01-17,0,0,0
7110,5,1570,2025-06-19,0,0,0
7111,9,4227,2021-09-02,0,0,0
7112,7,951,2024-12-12,0,0,0
7113,10,912,2024-01-28,1,1,0
7114,3,429,2021-12-03,0,0,0
7115,5,4234,2025-06-22,0,0,0
7116,5,1468,2025-06-13,0,0,0
7117,2,3483,2026-01-05,1,0,0
7118,9,4419,2021-09-05,1,1,1
7119,4,3051,2021-12-02,0,0,0
7120,6,2140,2021-07-06,1,0,0
7121,8,323,2023-02-12,1,0,0
7122,6,2009,2021-07-24,0,0,0
7123,4,2838,2021-11-23,0,0,0
7124,9,4735,2021-09-25,1,0,0
7125,1,3688,2024-08-02,1,0,0
7126,8,889,2023-02-09,0,0,0
7127,6,3407,2021-07-15,1,0,0
7128,10,1499,2024-01-19,0,0,0
7129,1,3266,2024-08-01,1,1,0
7130,4,1721,2021-11-22,1,1,0
7131,4,3142,2021-12-06,0,0,0
7132,9,4845,2021-08-31,1,0,0
7133,10,4957,2024-01-31,1,1,0
7134,2,551,2026-01-19,0,0,0
7135,6,4322,2021-07-11,0,0,0
7136,1,177,2024-08-04,0,0,0
7137,1,4199,2024-08-15,0,0,0
7138,10,2674,2024-01-27,0,0,0
7139,9,1994,2021-09-27,0,0,0
7140,6,4486,2021-07-13,1,0,0
7141,10,3913,2024-01-14,1,0,0
7142,4,4626,2021-11-25,0,0,0
7143,10,464,2024-01-14,1,1,0
7144,5,4141,2025-06-22,0,0,0
7145,4,195,2021-11-25,1,1,0
7146,10,1415,2024-01-25,1,0,0
7147,1,4857,2024-08-16,0,0,0
7148,8,1921,2023-01-27,0,0,0
7149,10,921,2024-01-30,1,0,0
7150,7,3664,2024-12-19,0,0,0
7151,6,3477,2021-07-13,1,0,0
7152,3,4310,2021-12-07,0,0,0
7153,10,2083,2024-01-24,1,1,0
7154,5,348,2025-06-22,0,0,0
7155,9,4302,2021-09-22,0,0,0
7156,9,1303,2021-09-17,0,0,0
7157,4,3131,2021-12-04,0,0,0
7158,10,1830,2024-02-02,1,0,0
7159,5,2707,2025-06-18,0,0,0
7160,4,4005,2021-11-27,0,0,0
7161,5,2089,2025-06-13,0,0,0
7162,1,4258,2024-08-01,1,0,0
7163,3,2451,2021-12-04,1,0,0
7164,3,1288,2021-12-08,1,0,0
7165,8,649,2023-02-02,0,0,0
7166,4,3016,2021-11-25,1,0,0
7167,2,4262,2026-01-16,1,0,0
7168,4,3457,2021-11-27,1,1,0
7169,10,2238,2024-01-19,0,0,0
7170,4,1001,2021-12-10,1,1,0
7171,6,1770,2021-07-21,1,1,0
7172,2,4086,2026-01-05,1,1,0
7173,4,3265,2021-11-28,1,0,0
7174,3,1422,2021-12-12,0,0,0
7175,6,1603,2021-07-17,1,1,0
7176,10,1753,2024-01-16,1,0,0
7177,1,43,2024-07-28,1,0,0
7178,3,2588,2021-11-29,1,0,0
7179,9,472,2021-09-21,1,1,0
7180,4,4487,2021-11-26,0,0,0
7181,9,2025,2021-09-11,1,0,0
7182,8,3123,2023-01-26,0,0,0
7183,5,2517,2025-06-09,1,0,0
7184,4,158,2021-11-29,0,0,0
7185,10,1115,2024-01-24,1,1,1
7186,7,2053,2024-12-19,0,0,0
7187,3,2288,2021-12-04,1,1,0
7188,4,4679,2021-12-04,1,0,0
7189,9,3976,2021-09-29,1,0,0
7190,6,379,2021-07-07,1,1,0
7191,9,1020,2021-09-16,0,0,0
7192,2,3448,2026-01-17,0,0,0
7193,10,4604,2024-01-23,0,0,0
7194,4,3931,2021-11-24,1,1,0
7195,8,3690,2023-02-04,0,0,0
7196,6,4121,2021-07-08,1,1,0
7197,8,3554,2023-01-28,1,0,0
7198,4,819,2021-12-02,1,0,0
7199,3,1426,2021-12-03,1,1,0
7200,6,3654,2021-07-14,1,0,0
7201,10,2262,2024-01-29,1,0,0
7202,10,3146,2024-01-24,1,1,0
7203,2,2446,2026-01-11,1,0,0
7204,6,2603,2021-07-24,0,0,0
7205,5,2757,2025-06-15,1,1,0
7206,2,1678,2026-01-19,1,1,0
7207,3,4640,2021-12-02,0,0,0
7208,8,3661,2023-01-23,0,0,0
7209,1,3108,2024-07-31,0,0,0
7210,4,3150,2021-12-06,0,0,0
7211,1,118,2024-08-01,1,0,0
7212,7,2361,2024-12-27,0,0,0
7213,6,642,2021-07-09,0,0,0
7214,3,2552,2021-12-14,1,0,0
7215,9,1972,2021-09-03,0,0,0
7216,9,2975,2021-09-04,0,0,0
7217,1,2226,2024-08-11,1,0,0
7218,2,1179,2026-01-16,0,0,0
7219,8,3245,2023-01-25,0,0,0
7220,10,577,2024-01-22,0,0,0
7221,6,2723,2021-07-07,1,0,0
7222,7,4975,2024-12-17,0,0,0
7223,5,3103,2025-06-14,1,0,0
7224,9,4429,2021-08-31,1,0,0
7225,7,1552,2024-12-14,1,1,0
7226,4,1127,2021-11-28,1,1,1
7227,7,422,2024-12-30,1,0,0
7228,9,4838,2021-09-21,1,1,0
7229,7,3832,2024-12-30,0,0,0
7230,7,2401,2024-12-18,0,0,0
7231,10,356,2024-02-04,0,0,0
7232,1,1060,2024-08-10,1,1,1
7233,1,88,2024-08-11,1,0,0
7234,9,4427,2021-09-24,1,0,0
7235,9,286,2021-08-31,1,0,0
7236,4,3387,2021-12-01,0,0,0
7237,7,4844,2024-12-25,0,0,0
7238,5,3515,2025-06-07,1,0,0
7239,2,3344,2026-01-06,0,0,0
7240,9,3583,2021-10-04,1,1,0
7241,9,2366,2021-09-29,1,0,0
7242,2,4014,2026-01-16,0,0,0
7243,4,2594,2021-11-22,1,0,0
7244,4,2058,2021-12-01,1,0,0
7245,4,3790,2021-11-24,1,0,0
7246,9,3290,2021-09-07,0,0,0
7247,6,1771,2021-07-23,0,0,0
7248,5,4,2025-06-20,0,0,0
7249,9,2827,2021-09-17,1,0,0
7250,1,592,2024-08-16,1,1,0
7251,8,4452,2023-01-25,0,0,0
7252,3,3143,2021-12-02,1,0,0
7253,8,3131,2023-02-11,1,1,0
7254,1,1521,2024-08-07,0,0,0
7255,4,3713,2021-12-07,1,0,0
7256,6,2175,2021-07-13,1,0,0
7257,1,1868,2024-08-07,0,0,0
7258,2,1412,2026-01-13,0,0,0
7259,10,2595,2024-01-22,1,0,0
7260,3,3600,2021-12-05,1,0,0
7261,5,2,2025-06-08,0,0,0
7262,8,2268,2023-02-09,1,1,1
7263,6,362,2021-07-25,0,0,0
7264,7,2691,2024-12-18,0,0,0
7265,4,3487,2021-11-24,0,0,0
7266,3,644,2021-12-02,1,0,0
7267,3,3786,2021-12-02,0,0,0
7268,4,3457,2021-12-01,0,0,0
7269,2,3507,2026-01-14,1,1,0
7270,3,1322,2021-12-05,1,0,0
7271,3,2880,2021-12-09,1,1,0
7272,5,2066,2025-06-06,1,1,0
7273,2,47,2026-01-15,0,0,0
7274,4,4228,2021-12-07,1,0,0
7275,10,1099,2024-01-15,0,0,0
7276,6,3707,2021-07-16,1,0,0
7277,7,4073,2024-12-12,1,0,0
7278,8,2520,2023-02-06,0,0,0
7279,1,2041,2024-08-08,1,0,0
7280,10,127,2024-01-27,1,1,0
7281,6,1106,2021-07-08,0,0,0
7282,6,2467,2021-07-22,0,0,0
7283,5,2868,2025-06-09,1,0,0
7284,9,3686,2021-09-27,1,0,0
7285,9,1276,2021-09-30,1,0,0
7286,1,2830,2024-08-09,1,0,0
7287,8,4100,2023-01-26,1,0,0
7288,7,2942,2024-12-29,1,0,0
7289,5,4307,2025-06-14,1,1,0
7290,10,1645,2024-01-26,1,1,0
7291,2,194,2026-01-10,1,1,0
7292,7,4235,2025-01-04,1,0,0
7293,3,4093,2021-11-29,1,0,0
7294,6,329,2021-07-24,1,0,0
7295,9,2636,2021-09-20,0,0,0
7296,9,2243,2021-09-03,0,0,0
7297,5,3900,2025-06-15,1,1,0
7298,4,3264,2021-11-23,1,1,1
7299,1,2035,2024-08-15,1,0,0
7300,9,3698,2021-09-05,1,0,0
7301,8,4219,2023-02-11,1,0,0
7302,8,1544,2023-01-29,0,0,0
7303,5,3750,2025-06-09,1,0,0
7304,6,244,2021-07-06,0,0,0
7305,8,1855,2023-02-07,0,0,0
7306,6,2643,2021-07-09,1,1,1
7307,3,4051,2021-12-15,1,1,1
7308,2,226,2026-01-08,1,0,0
7309,2,2536,2026-01-09,1,1,0
7310,4,3553,2021-11-28,0,0,0
7311,8,1237,2023-02-14,0,0,0
7312,7,2061,2024-12-18,1,1,1
7313,3,3071,2021-12-08,1,0,0
7314,10,1587,2024-02-04,0,0,0
7315,10,1316,2024-01-30,0,0,0
7316,5,3172,2025-06-12,0,0,0
7317,2,1150,2026-01-17,0,0,0
7318,4,565,2021-11-26,1,0,0
7319,2,4853,2026-01-07,0,0,0
7320,4,2628,2021-11-30,1,1,0
7321,5,1251,2025-06-17,0,0,0
7322,6,2693,2021-07-24,0,0,0
7323,7,2673,2024-12-28,1,0,0
7324,7,683,2024-12-13,0,0,0
7325,7,2114,2025-01-03,0,0,0
7326,2,3011,2026-01-15,1,0,0
7327,7,4626,2024-12-20,1,0,0
7328,7,1738,2024-12-31,1,0,0
7329,1,1282,2024-08-13,1,0,0
7330,2,3782,2026-01-05,1,0,0
7331,8,1568,2023-02-09,0,0,0
7332,3,1121,2021-12-02,1,0,0
7333,4,42,2021-11-24,1,1,0
7334,9,350,2021-09-07,1,1,0
7335,5,3942,2025-06-19,0,0,0
7336,9,718,2021-10-05,0,0,0
7337,3,4889,2021-11-28,1,0,0
7338,4,2463,2021-11-22,1,1,1
7339,6,1608,2021-07-12,0,0,0
7340,4,1624,2021-12-09,1,0,0
7341,2,3808,2026-01-05,0,0,0
7342,7,1716,2024-12-24,1,1,0
7343,10,1299,2024-02-03,1,0,0
7344,1,1628,2024-08-10,0,0,0
7345,10,2502,2024-01-25,1,1,1
7346,4,4669,2021-12-02,1,0,0
7347,7,3595,2024-12-30,0,0,0
7348,4,1865,2021-12-02,0,0,0
7349,7,4904,2024-12-30,1,0,0
7350,10,4416,2024-02-03,1,0,0
7351,8,4853,2023-02-14,0,0,0
7352,6,2903,2021-07-19,1,0,0
7353,7,377,2024-12-20,0,0,0
7354,9,763,2021-09-18,1,1,0
7355,5,4065,2025-06-11,0,0,0
7356,6,4805,2021-07-15,1,0,0
7357,1,1672,2024-08-09,0,0,0
7358,10,3477,2024-01-24,0,0,0
7359,10,4446,2024-02-02,1,0,0
7360,9,1700,2021-09-23,1,1,0
7361,2,167,2026-01-13,1,0,0
7362,7,1723,2025-01-01,0,0,0
7363,4,1082,2021-12-01,1,0,0
7364,5,638,2025-06-09,0,0,0
7365,6,307,2021-07-11,0,0,0
7366,9,3578,2021-09-22,0,0,0
7367,8,2064,2023-02-18,1,1,0
7368,5,1079,2025-06-22,0,0,0
7369,6,4123,2021-07-16,1,1,1
7370,4,1987,2021-11-29,1,1,0
7371,1,470,2024-08-16,0,0,0
7372,2,901,2026-01-13,1,0,0
7373,2,3281,2026-01-05,0,0,0
7374,5,1943,2025-06-12,1,0,0
7375,7,4669,2024-12-15,1,0,0
7376,3,4278,2021-11-30,0,0,0
7377,9,3458,2021-09-14,1,0,0
7378,3,2935,2021-12-02,1,0,0
7379,5,1001,2025-06-18,0,0,0
7380,4,4624,2021-12-02,1,0,0
7381,5,2599,2025-06-20,1,1,0
7382,10,4065,2024-02-05,1,0,0
7383,9,3511,2021-10-11,1,0,0
7384,6,4413,2021-07-24,0,0,0
7385,5,3234,2025-06-19,0,0,0
7386,4,4273,2021-11-22,1,1,0
7387,5,170,2025-06-08,0,0,0
7388,2,4380,2026-01-14,1,1,0
7389,9,2445,2021-09-24,0,0,0
7390,6,1934,2021-07-13,1,0,0
7391,4,282,2021-11-28,0,0,0
7392,3,3831,2021-11-29,1,0,0
7393,1,3378,2024-08-09,0,0,0
7394,10,1042,2024-01-24,0,0,0
7395,5,3662,2025-06-12,1,0,0
7396,3,1869,2021-12-01,1,1,1
7397,6,400,2021-07-12,1,0,0
7398,9,2943,2021-09-04,0,0,0
7399,5,97,2025-06-13,1,1,0
7400,8,3108,2023-02-17,1,0,0
7401,6,4269,2021-07-24,0,0,0
7402,2,2429,2026-01-11,0,0,0
7403,2,3068,2026-01-17,1,1,0
7404,5,1537,2025-06-15,0,0,0
7405,5,1370,2025-06-12,1,0,0
7406,2,2711,2026-01-15,1,1,1
7407,3,3545,2021-12-07,1,1,1
7408,4,2987,2021-11-24,0,0,0
7409,10,3880,2024-01-30,1,1,0
7410,4,1145,2021-11-30,1,1,1
7411,3,3104,2021-12-14,1,0,0
7412,10,561,2024-01-15,0,0,0
7413,10,2717,2024-01-30,0,0,0
7414,7,242,2024-12-23,0,0,0
7415,10,801,2024-01-13,1,0,0
7416,9,27,2021-08-31,0,0,0
7417,9,612,2021-10-06,1,0,0
7418,10,4275,2024-01-19,0,0,0
7419,7,3073,2024-12-30,1,0,0
7420,7,3425,2024-12-11,1,1,0
7421,6,1680,2021-07-07,1,0,0
7422,8,1958,2023-02-12,1,1,1
7423,7,4678,2025-01-05,1,1,0
7424,10,891,2024-01-15,1,0,0
7425,5,1005,2025-06-17,1,0,0
7426,3,2640,2021-12-14,0,0,0
7427,10,4719,2024-01-22,1,0,0
7428,7,2328,2024-12-25,1,0,0
7429,3,2251,2021-12-11,0,0,0
7430,5,1567,2025-06-18,0,0,0
7431,4,4533,2021-11-27,1,0,0
7432,4,3027,2021-12-05,1,1,1
7433,6,4564,2021-07-23,0,0,0
7434,7,656,2024-12-26,1,0,0
7435,2,493,2026-01-07,1,0,0
7436,6,1556,2021-07-25,1,0,0
7437,5,4194,2025-06-22,1,1,0
7438,1,2729,2024-08-16,1,0,0
7439,7,2846,2024-12-25,1,0,0
7440,6,4371,2021-07-14,1,1,0
7441,8,125,2023-02-06,0,0,0
7442,4,1955,2021-12-09,0,0,0
7443,3,1932,2021-12-10,0,0,0
7444,4,997,2021-11-24,1,0,0
7445,7,128,2024-12-25,1,0,0
7446,1,2815,2024-08-02,0,0,0
7447,2,2128,2026-01-18,0,0,0
7448,9,806,2021-10-04,0,0,0
7449,6,2587,2021-07-24,1,0,0
7450,2,3000,2026-01-08,1,0,0
7451,1,3617,2024-08-08,0,0,0
7452,4,2660,2021-11-28,1,1,0
7453,2,2349,2026-01-14,1,0,0
7454,6,2031,2021-07-22,1,1,0
7455,2,509,2026-01-17,0,0,0
7456,1,957,2024-08-07,0,0,0
7457,10,1627,2024-02-02,0,0,0
7458,4,3714,2021-12-07,1,0,0
7459,7,3276,2025-01-05,0,0,0
7460,2,2546,2026-01-09,1,1,0
7461,9,620,2021-09-02,1,1,0
7462,2,1815,2026-01-16,1,0,0
7463,5,3873,2025-06-19,0,0,0
7464,10,2738,2024-01-29,1,1,0
7465,9,1220,2021-09-03,0,0,0
7466,5,2195,2025-06-21,1,0,0
7467,2,4752,2026-01-13,1,1,0
7468,8,628,2023-01-25,1,1,0
7469,8,2069,2023-01-25,0,0,0
7470,8,4073,2023-02-05,1,1,0
7471,5,3966,2025-06-11,1,0,0
7472,3,2053,2021-12-04,1,1,0
7473,2,930,2026-01-06,1,0,0
7474,4,989,2021-12-07,1,0,0
7475,2,849,2026-01-15,0,0,0
7476,8,2997,2023-02-05,1,0,0
7477,10,4184,2024-01-15,0,0,0
7478,10,4065,2024-01-20,0,0,0
7479,10,1828,2024-01-21,0,0,0
7480,7,3053,2025-01-01,1,0,0
7481,4,2310,2021-12-06,1,0,0
7482,1,3567,2024-08-16,0,0,0
7483,5,1649,2025-06-09,1,0,0
7484,1,3752,2024-08-11,1,0,0
7485,7,1882,2024-12-26,0,0,0
7486,1,1899,2024-08-14,0,0,0
7487,3,2471,2021-11-28,0,0,0
7488,4,2121,2021-12-09,0,0,0
7489,6,2530,2021-07-17,1,1,0
7490,9,1265,2021-09-26,1,0,0
7491,1,3158,2024-08-12,1,1,0
7492,3,884,2021-12-14,1,1,0
7493,9,419,2021-10-09,1,1,0
7494,3,1212,2021-12-09,1,1,0
7495,5,4781,2025-06-18,1,0,0
7496,2,3521,2026-01-10,1,1,0
7497,7,1818,2024-12-12,1,0,0
7498,3,275,2021-12-04,1,0,0
7499,8,4820,2023-01-31,1,1,0
7500,9,3801,2021-09-20,1,1,1
7501,4,4493,2021-11-29,0,0,0
7502,10,4063,2024-02-01,1,1,1
7503,2,1634,2026-01-05,1,1,0
7504,10,3721,2024-01-29,1,1,0
7505,5,3735,2025-06-08,1,1,1
7506,1,1077,2024-08-11,0,0,0
7507,6,2364,2021-07-11,1,1,0
7508,4,4099,2021-11-25,0,0,0
7509,6,1359,2021-07-24,0,0,0
7510,6,1886,2021-07-17,1,1,0
7511,5,1162,2025-06-15,0,0,0
7512,10,1234,2024-01-31,1,1,0
7513,9,3731,2021-09-23,1,0,0
7514,1,404,2024-08-13,0,0,0
7515,3,3307,2021-12-14,0,0,0
7516,1,2488,2024-08-07,0,0,0
7517,5,230,2025-06-20,0,0,0
7518,7,484,2024-12-10,1,1,0
7519,6,725,2021-07-07,1,0,0
7520,6,2783,2021-07-25,0,0,0
7521,8,2331,2023-01-25,0,0,0
7522,9,4691,2021-09-30,1,0,0
7523,8,134,2023-02-08,1,0,0
7524,10,1805,2024-01-26,0,0,0
7525,4,3284,2021-12-11,1,1,0
7526,5,4951,2025-06-10,1,1,1
7527,7,2343,2024-12-19,0,0,0
7528,8,3084,2023-01-24,1,1,0
7529,10,4503,2024-01-30,0,0,0
7530,5,4339,2025-06-07,1,0,0
7531,1,4347,2024-08-15,0,0,0
7532,2,4106,2026-01-10,0,0,0
7533,6,2099,2021-07-24,1,0,0
7534,4,665,2021-12-10,1,0,0
7535,4,4644,2021-12-10,1,1,0
7536,3,3587,2021-12-13,1,0,0
7537,8,4337,2023-02-17,0,0,0
7538,5,3377,2025-06-07,0,0,0
7539,10,4416,2024-02-02,1,0,0
7540,4,2744,2021-12-07,1,1,0
7541,2,1512,2026-01-15,1,1,0
7542,6,1591,2021-07-20,0,0,0
7543,4,5,2021-11-24,1,1,0
7544,9,2525,2021-09-29,1,1,0
7545,9,1345,2021-09-29,0,0,0
7546,2,231,2026-01-08,0,0,0
7547,8,1742,2023-02-09,1,0,0
7548,7,2977,2025-01-04,0,0,0
7549,10,2455,2024-01-29,0,0,0
7550,8,817,2023-02-05,0,0,0
7551,10,4607,2024-01-30,1,1,0
7552,2,3475,2026-01-20,1,0,0
7553,6,3017,2021-07-18,1,0,0
7554,7,4064,2024-12-15,1,0,0
7555,5,4854,2025-06-12,0,0,0
7556,10,4764,2024-01-21,0,0,0
7557,6,1367,2021-07-12,1,1,0
7558,4,4191,2021-11-30,1,0,0
7559,5,3708,2025-06-19,0,0,0
7560,7,274,2024-12-29,1,1,0
7561,1,2416,2024-08-13,1,1,0
7562,2,1622,2026-01-13,1,0,0
7563,9,78,2021-09-23,1,0,0
7564,2,1614,2026-01-06,1,1,1
7565,6,1835,2021-07-17,0,0,0
7566,5,1099,2025-06-17,0,0,0
7567,9,2074,2021-09-07,1,0,0
7568,5,2319,2025-06-13,0,0,0
7569,6,1839,2021-07-16,0,0,0
7570,4,3083,2021-12-10,1,1,1
7571,1,4119,2024-08-16,1,1,0
7572,6,1890,2021-07-11,1,1,0
7573,2,2000,2026-01-16,1,0,0
7574,4,1710,2021-12-01,0,0,0
7575,3,411,2021-12-15,0,0,0
7576,2,3517,2026-01-08,1,1,1
7577,7,4685,2024-12-24,0,0,0
7578,9,562,2021-09-06,1,0,0
7579,5,2807,2025-06-07,0,0,0
7580,1,542,2024-08-05,1,0,0
7581,6,3744,2021-07-09,1,1,0
7582,9,1097,2021-09-16,0,0,0
7583,8,3012,2023-02-15,1,1,1
7584,2,3977,2026-01-19,0,0,0
7585,8,1209,2023-02-15,0,0,0
7586,8,2261,2023-01-26,0,0,0
7587,3,3349,2021-12-11,1,0,0
7588,3,996,2021-11-28,0,0,0
7589,6,3183,2021-07-06,1,1,0
7590,6,3899,2021-07-10,1,1,0
7591,9,1440,2021-09-17,1,1,1
7592,7,149,2024-12-29,1,1,0
7593,2,2763,2026-01-20,1,1,0
7594,10,554,2024-01-21,0,0,0
7595,8,3238,2023-01-21,1,1,0
7596,5,3492,2025-06-16,1,0,0
7597,3,1674,2021-12-01,1,0,0
7598,5,1893,2025-06-16,0,0,0
7599,7,3594,2024-12-25,1,1,0
7600,7,1443,2024-12-28,0,0,0
7601,3,2308,2021-12-06,0,0,0
7602,10,2658,2024-01-16,1,0,0
7603,2,3742,2026-01-09,0,0,0
7604,9,3495,2021-10-13,1,0,0
7605,8,4625,2023-01-28,1,1,1
7606,8,2731,2023-02-12,1,0,0
7607,3,4670,2021-12-13,1,0,0
7608,9,1592,2021-09-23,1,0,0
7609,5,4838,2025-06-06,1,1,1
7610,10,1836,2024-02-05,1,0,0
7611,4,3650,2021-12-03,1,0,0
7612,2,555,2026-01-10,1,1,0
7613,6,1345,2021-07-17,0,0,0
7614,7,2201,2024-12-22,1,0,0
7615,4,1042,2021-11-25,0,0,0
7616,1,3904,2024-07-29,0,0,0
7617,1,787,2024-08-02,0,0,0
7618,9,1366,2021-09-09,0,0,0
7619,5,3038,2025-06-22,0,0,0
7620,2,1349,2026-01-18,1,1,0
7621,8,1925,2023-02-12,0,0,0
7622,8,3115,2023-01-28,1,1,0
7623,10,4238,2024-01-26,1,0,0
7624,6,1945,2021-07-25,0,0,0
7625,8,3438,2023-02-18,0,0,0
7626,4,2783,2021-12-11,0,0,0
7627,10,3067,2024-01-18,1,0,0
7628,7,3857,2025-01-04,0,0,0
7629,2,425,2026-01-20,0,0,0
7630,7,2860,2024-12-14,1,0,0
7631,8,2667,2023-02-01,1,0,0
7632,4,3650,2021-11-24,1,0,0
7633,8,1021,2023-01-26,1,1,0
7634,3,95,2021-12-08,1,1,1
7635,8,1358,2023-01-29,1,0,0
7636,2,2708,2026-01-07,0,0,0
7637,7,4283,2024-12-28,0,0,0
7638,2,3533,2026-01-17,1,1,1
7639,7,2672,2024-12-31,1,0,0
7640,6,2059,2021-07-13,1,0,0
7641,10,2733,2024-02-03,0,0,0
7642,9,1891,2021-09-27,1,0,0
7643,2,2351,2026-01-14,0,0,0
7644,4,2170,2021-11-23,1,1,0
7645,8,22,2023-01-29,1,0,0
7646,2,3732,2026-01-17,1,1,0
7647,3,3611,2021-12-04,1,0,0
7648,5,65,2025-06-06,1,0,0
7649,5,2255,2025-06-15,1,0,0
7650,9,4109,2021-09-28,1,1,0
7651,8,3038,2023-01-28,0,0,0
7652,7,1115,2025-01-05,0,0,0
7653,4,507,2021-12-07,1,1,1
7654,5,597,2025-06-14,1,1,0
7655,6,1487,2021-07-23,0,0,0
7656,10,3160,2024-02-03,0,0,0
7657,5,442,2025-06-16,0,0,0
7658,3,4334,2021-11-28,0,0,0
7659,4,2193,2021-11-27,1,0,0
7660,5,3010,2025-06-10,0,0,0
7661,8,3288,2023-02-14,1,1,0
7662,5,1376,2025-06-14,0,0,0
7663,4,4942,2021-11-22,0,0,0
7664,4,3513,2021-11-27,1,1,1
7665,6,2738,2021-07-19,1,0,0
7666,9,551,2021-09-28,0,0,0
7667,6,684,2021-07-14,0,0,0
7668,1,1913,2024-08-04,1,1,0
7669,10,2731,2024-02-06,1,1,0
7670,3,2482,2021-12-07,0,0,0
7671,1,982,2024-08-14,0,0,0
7672,6,932,2021-07-19,0,0,0
7673,10,1486,2024-02-02,1,0,0
7674,9,3077,2021-10-10,1,0,0
7675,1,712,2024-08-16,0,0,0
7676,7,3216,2024-12-30,1,1,0
7677,2,4167,2026-01-12,0,0,0
7678,2,3097,2026-01-06,0,0,0
7679,2,2933,2026-01-18,1,0,0
7680,7,120,2024-12-24,0,0,0
7681,5,27,2025-06-22,1,0,0
7682,7,4698,2024-12-26,0,0,0
7683,9,527,2021-09-14,0,0,0
7684,2,911,2026-01-15,1,1,0
7685,6,270,2021-07-19,1,1,0
7686,5,4936,2025-06-17,1,1,0
7687,6,843,2021-07-18,0,0,0
7688,1,2975,2024-08-07,0,0,0
7689,1,130,2024-08-11,1,0,0
7690,8,2663,2023-02-18,1,0,0
7691,3,3063,2021-12-07,0,0,0
7692,8,4996,2023-02-17,0,0,0
7693,7,153,2024-12-17,1,0,0
7694,10,1983,2024-01-30,0,0,0
7695,7,128,2024-12-18,0,0,0
7696,1,1647,2024-08-06,1,1,1
7697,3,4862,2021-11-29,1,0,0
7698,3,1742,2021-12-11,0,0,0
7699,6,1920,2021-07-19,1,1,0
7700,5,3538,2025-06-20,1,0,0
7701,10,641,2024-01-15,0,0,0
7702,2,4802,2026-01-05,1,0,0
7703,1,3375,2024-08-05,0,0,0
7704,10,1518,2024-01-20,1,1,0
7705,1,3436,2024-08-12,0,0,0
7706,3,477,2021-12-13,0,0,0
7707,4,3940,2021-12-11,1,0,0
7708,10,4091,2024-02-04,1,0,0
7709,2,4791,2026-01-06,0,0,0
7710,4,3976,2021-11-23,0,0,0
7711,7,3686,2024-12-16,1,1,0
7712,8,2243,2023-01-26,0,0,0
7713,1,4362,2024-08-08,0,0,0
7714,8,979,2023-02-17,1,0,0
7715,4,1075,2021-12-08,1,0,0
7716,4,3721,2021-12-06,1,0,0
7717,9,892,2021-09-09,1,0,0
7718,1,531,2024-08-15,1,0,0
7719,1,1184,2024-08-15,1,1,0
7720,4,3793,2021-11-22,1,0,0
7721,4,4364,2021-12-05,1,0,0
7722,10,509,2024-01-22,1,0,0
7723,5,805,2025-06-21,1,0,0
7724,8,2789,2023-02-15,0,0,0
7725,10,860,2024-01-16,0,0,0
7726,3,2410,2021-12-10,1,1,0
7727,5,3414,2025-06-22,0,0,0
7728,7,2295,2024-12-31,1,0,0
7729,8,3761,2023-01-25,0,0,0
7730,7,4860,2024-12-25,1,0,0
7731,7,492,2024-12-18,0,0,0
7732,6,2722,2021-07-24,0,0,0
7733,8,2381,2023-02-01,0,0,0
7734,9,1738,2021-09-16,1,1,1
7735,8,1716,2023-02-05,0,0,0
7736,6,2767,2021-07-16,0,0,0
7737,8,2650,2023-02-15,0,0,0
7738,8,4897,2023-02-14,1,0,0
7739,2,2639,2026-01-10,0,0,0
7740,1,990,2024-08-11,1,1,0
7741,5,1585,2025-06-20,1,0,0
7742,3,3180,2021-12-12,0,0,0
7743,1,2941,2024-08-02,0,0,0
7744,10,3543,2024-01-22,0,0,0
7745,4,1517,2021-12-04,0,0,0
7746,5,2265,2025-06-19,0,0,0
7747,6,2158,2021-07-23,1,1,0
7748,7,58,2024-12-18,0,0,0
7749,7,642,2024-12-23,1,0,0
7750,6,3200,2021-07-11,0,0,0
7751,2,4995,2026-01-15,0,0,0
7752,9,897,2021-09-23,0,0,0
7753,5,889,2025-06-22,0,0,0
7754,7,1820,2024-12-10,0,0,0
7755,8,4605,2023-01-29,1,0,0
7756,6,2304,2021-07-08,0,0,0
7757,6,642,2021-07-20,0,0,0
7758,6,967,2021-07-21,0,0,0
7759,9,2190,2021-09-10,0,0,0
7760,1,2337,2024-08-13,0,0,0
7761,8,647,2023-01-28,1,0,0
7762,3,3458,2021-11-28,1,0,0
7763,5,137,2025-06-16,1,1,0
7764,2,2214,2026-01-07,1,0,0
7765,6,4561,2021-07-11,0,0,0
7766,1,2957,2024-07-30,0,0,0
7767,8,1149,2023-01-23,1,0,0
7768,1,1001,2024-08-01,1,0,0
7769,1,648,2024-07-29,0,0,0
7770,3,4053,2021-12-15,1,1,0
7771,1,4843,2024-08-12,1,1,0
7772,7,2464,2025-01-04,1,0,0
7773,9,2890,2021-09-20,0,0,0
7774,2,2542,2026-01-13,0,0,0
7775,2,559,2026-01-15,0,0,0
7776,5,1880,2025-06-20,1,1,0
7777,6,1769,2021-07-20,0,0,0
7778,10,88,2024-02-03,0,0,0
7779,5,992,2025-06-13,1,0,0
7780,2,4016,2026-01-16,1,0,0
7781,6,663,2021-07-06,1,1,1
7782,4,1098,2021-12-07,1,1,1
7783,5,4101,2025-06-16,0,0,0
7784,8,1630,2023-01-23,0,0,0
7785,9,2268,2021-09-26,0,0,0
7786,7,1785,2024-12-23,1,1,0
7787,4,1605,2021-12-10,0,0,0
7788,7,389,2024-12-11,0,0,0
7789,4,1344,2021-12-10,0,0,0
7790,5,112,2025-06-12,0,0,0
7791,5,970,2025-06-17,1,0,0
7792,9,3923,2021-09-24,0,0,0
7793,4,1225,2021-12-04,0,0,0
7794,7,1808,2024-12-29,1,0,0
7795,7,3916,2024-12-31,0,0,0
7796,9,965,2021-10-09,0,0,0
7797,6,2703,2021-07-14,0,0,0
7798,6,1828,2021-07-22,1,0,0
7799,7,1931,2024-12-12,0,0,0
7800,9,3056,2021-10-02,0,0,0
7801,4,4545,2021-12-03,1,1,0
7802,3,1496,2021-11-27,1,0,0
7803,3,3049,2021-11-28,0,0,0
7804,10,3597,2024-01-14,1,0,0
7805,1,1142,2024-08-03,1,0,0
7806,9,1472,2021-09-09,1,0,0
7807,1,1868,2024-08-03,1,0,0
7808,2,3316,2026-01-07,0,0,0
7809,10,4753,2024-02-06,0,0,0
7810,1,3225,2024-07-30,1,0,0
7811,4,4078,2021-11-29,1,1,1
7812,7,850,2024-12-30,0,0,0
7813,1,612,2024-08-01,1,0,0
7814,9,823,2021-09-28,0,0,0
7815,2,136,2026-01-08,0,0,0
7816,9,1140,2021-09-02,0,0,0
7817,1,2968,2024-08-07,1,0,0
7818,10,3223,2024-01-28,1,1,0
7819,4,3570,2021-11-24,0,0,0
7820,3,1240,2021-12-07,1,0,0
7821,2,1555,2026-01-05,1,0,0
7822,7,4031,2025-01-01,1,0,0
7823,1,4700,2024-08-08,1,1,0
7824,6,508,2021-07-23,0,0,0
7825,2,288,2026-01-09,1,1,0
7826,1,4567,2024-08-08,0,0,0
7827,5,2618,2025-06-10,1,0,0
7828,7,571,2024-12-21,0,0,0
7829,6,4233,2021-07-16,0,0,0
7830,2,1296,2026-01-18,1,0,0
7831,4,1442,2021-11-28,1,0,0
7832,2,1606,2026-01-19,1,1,0
7833,10,3532,2024-01-24,0,0,0
7834,8,863,2023-01-23,0,0,0
7835,8,4768,2023-02-03,0,0,0
7836,1,1392,2024-08-14,1,1,0
7837,6,4048,2021-07-20,0,0,0
7838,7,736,2024-12-11,1,1,0
7839,6,240,2021-07-24,0,0,0
7840,6,2400,2021-07-06,0,0,0
7841,5,4949,2025-06-15,0,0,0
7842,3,4018,2021-12-04,0,0,0
7843,3,4163,2021-12-04,1,0,0
7844,10,853,2024-02-06,1,0,0
7845,7,2038,2024-12-29,1,1,0
7846,4,744,2021-12-07,0,0,0
7847,4,3266,2021-12-02,0,0,0
7848,3,630,2021-12-08,1,0,0
7849,3,2558,2021-12-14,0,0,0
7850,2,1926,2026-01-16,0,0,0
7851,5,1861,2025-06-08,1,0,0
7852,9,3434,2021-10-10,1,0,0
7853,9,4612,2021-09-21,1,0,0
7854,5,1452,2025-06-18,1,1,0
7855,2,2275,2026-01-08,1,1,0
7856,10,4510,2024-01-23,0,0,0
7857,9,2149,2021-09-05,1,0,0
7858,6,3998,2021-07-23,1,0,0
7859,5,2790,2025-06-10,0,0,0
7860,8,1080,2023-02-17,1,0,0
7861,1,4377,2024-07-29,1,0,0
7862,10,4849,2024-01-31,0,0,0
7863,7,1362,2025-01-04,0,0,0
7864,5,456,2025-06-11,0,0,0
7865,8,2402,2023-02-05,1,0,0
7866,2,793,2026-01-11,1,1,0
7867,1,4922,2024-08-10,1,0,0
7868,3,3381,2021-11-28,0,0,0
7869,7,569,2024-12-29,0,0,0
7870,7,1628,2024-12-22,0,0,0
7871,8,504,2023-02-18,0,0,0
7872,6,1047,2021-07-09,1,1,0
7873,3,230,2021-11-27,1,0,0
7874,7,2229,2024-12-10,1,0,0
7875,1,4365,2024-08-05,1,0,0
7876,1,1509,2024-08-08,1,1,0
7877,3,2831,2021-12-09,0,0,0
7878,5,3563,2025-06-08,1,1,0
7879,9,4399,2021-09-25,0,0,0
7880,6,2422,2021-07-12,1,0,0
7881,7,133,2025-01-02,1,1,0
7882,8,4188,2023-02-14,1,0,0
7883,4,3754,2021-11-30,1,1,0
7884,4,3732,2021-12-02,0,0,0
7885,8,1487,2023-02-04,1,0,0
7886,8,4610,2023-02-12,0,0,0
7887,1,2082,2024-07-30,0,0,0
7888,5,1942,2025-06-14,1,1,0
7889,4,1365,2021-12-11,0,0,0
7890,7,278,2025-01-01,1,1,0
7891,9,3711,2021-09-25,1,1,0
7892,10,861,2024-01-14,0,0,0
7893,1,2678,2024-07-28,1,1,1
7894,4,1039,2021-12-02,0,0,0
7895,4,4872,2021-12-10,1,1,0
7896,7,1378,2024-12-27,1,0,0
7897,1,3984,2024-08-01,1,0,0
7898,2,3674,2026-01-19,0,0,0
7899,5,720,2025-06-16,0,0,0
7900,9,100,2021-09-15,0,0,0
7901,10,3178,2024-02-04,0,0,0
7902,9,3038,2021-10-09,1,0,0
7903,5,969,2025-06-15,1,0,0
7904,5,2492,2025-06-15,1,0,0
7905,5,4275,2025-06-07,1,1,1
7906,4,1454,2021-11-30,0,0,0
7907,9,75,2021-09-28,0,0,0
7908,6,4989,2021-07-23,1,0,0
7909,3,812,2021-12-05,1,1,1
7910,5,2450,2025-06-19,0,0,0
7911,8,3000,2023-02-05,1,0,0
7912,5,2217,2025-06-17,0,0,0
7913,10,3789,2024-01-26,1,0,0
7914,10,349,2024-01-31,0,0,0
7915,7,4399,2024-12-29,0,0,0
7916,5,1025,2025-06-08,1,1,0
7917,8,24,2023-02-02,1,0,0
7918,6,2478,2021-07-14,0,0,0
7919,7,2792,2025-01-01,1,1,0
7920,8,2101,2023-01-22,0,0,0
7921,3,1427,2021-12-02,0,0,0
7922,5,701,2025-06-13,1,0,0
7923,5,1259,2025-06-14,1,1,1
7924,8,4031,2023-01-21,1,1,1
7925,7,4544,2025-01-04,0,0,0
7926,1,3531,2024-08-02,0,0,0
7927,3,2984,2021-11-29,1,1,0
7928,7,542,2024-12-16,1,0,0
7929,3,4056,2021-11-29,0,0,0
7930,7,1251,2024-12-26,1,0,0
7931,10,4471,2024-01-19,1,0,0
7932,2,2884,2026-01-17,0,0,0
7933,3,3244,2021-12-08,0,0,0
7934,10,2861,2024-01-20,0,0,0
7935,7,3949,2024-12-21,0,0,0
7936,2,851,2026-01-14,1,1,0
7937,7,2961,2024-12-14,1,1,1
7938,10,3070,2024-01-14,0,0,0
7939,1,945,2024-08-16,0,0,0
7940,2,3730,2026-01-09,0,0,0
7941,8,1520,2023-02-15,1,0,0
7942,4,3786,2021-11-29,1,0,0
7943,5,187,2025-06-19,1,0,0
7944,1,724,2024-07-31,0,0,0
7945,2,1083,2026-01-10,1,0,0
7946,8,377,2023-02-02,0,0,0
7947,3,4820,2021-12-13,0,0,0
7948,6,1372,2021-07-08,1,0,0
7949,7,2549,2025-01-05,1,1,0
7950,6,4819,2021-07-25,0,0,0
7951,7,650,2024-12-17,0,0,0
7952,7,3903,2024-12-19,1,0,0
7953,1,974,2024-08-16,1,0,0
7954,6,2421,2021-07-12,0,0,0
7955,7,1952,2024-12-29,1,0,0
7956,4,4315,2021-11-28,0,0,0
7957,8,3786,2023-02-02,1,0,0
7958,2,2059,2026-01-06,1,1,0
7959,7,2461,2024-12-18,0,0,0
7960,3,2484,2021-11-29,1,0,0
7961,8,4099,2023-02-01,1,1,0
7962,6,1819,2021-07-08,0,0,0
7963,7,3505,2024-12-10,0,0,0
7964,8,3552,2023-01-31,0,0,0
7965,1,686,2024-08-07,1,0,0
7966,7,3372,2024-12-21,1,0,0
7967,7,1561,2024-12-24,1,1,0
7968,10,3213,2024-02-02,0,0,0
7969,10,1732,2024-01-20,1,0,0
7970,2,2504,2026-01-07,0,0,0
7971,3,2249,2021-12-14,0,0,0
7972,4,3179,2021-11-29,1,0,0
7973,9,1988,2021-09-03,0,0,0
7974,9,3076,2021-09-21,1,0,0
7975,2,4275,2026-01-16,1,0,0
7976,9,2628,2021-10-12,1,1,1
7977,5,3014,2025-06-14,1,1,0
7978,7,330,2025-01-01,1,0,0
7979,8,4297,2023-02-09,1,0,0
7980,3,1249,2021-11-30,1,0,0
7981,4,3198,2021-11-24,0,0,0
7982,10,2188,2024-02-01,1,0,0
7983,1,2952,2024-08-10,1,0,0
7984,7,676,2024-12-30,1,0,0
7985,1,4293,2024-07-31,1,0,0
7986,4,3249,2021-12-10,1,0,0
7987,7,2067,2024-12-15,1,1,1
7988,4,3351,2021-11-27,0,0,0
7989,1,2710,2024-08-08,0,0,0
7990,8,1326,2023-01-28,1,1,0
7991,2,3850,2026-01-14,1,0,0
7992,6,4854,2021-07-23,1,0,0
7993,4,4174,2021-12-06,0,0,0
7994,7,4587,2025-01-01,0,0,0
7995,3,117,2021-12-05,0,0,0
7996,9,4233,2021-09-15,1,0,0
7997,9,1542,2021-10-01,1,0,0
7998,5,4529,2025-06-17,0,0,0
7999,5,4973,2025-06-20,0,0,0
8000,1,3770,2024-08-13,0,0,0
