customer_id,first_name,last_name,email,phone,gender,date_of_birth,signup_date,country,state,city,acquisition_channel,is_active,created_at
1,Danielle,Johnson,john21@example.net,001-581-896-0013x3890,Other,1967-05-23,2021-04-13,USA,New York,New York City,Paid Ad,0,2021-04-13
2,Bridget,Pacheco,blakeerik@example.com,942-335-1161x55940,Male,2007-04-14,2023-07-04,India,Maharashtra,Mumbai,Partner,1,2023-07-04
3,Nicholas,Arnold,barbara10@example.net,441.731.6475,Other,1974-07-15,2021-12-23,USA,New York,New York City,Social Media,1,2021-12-23
4,Elizabeth,Miles,lynchgeorge@example.net,527.264.8350,Male,1998-05-17,2021-05-03,USA,California,Los Angeles,Referral,1,2021-05-03
5,Richard,Jones,jason76@example.net,724.523.8849x696,Other,2008-07-26,2021-04-19,India,Maharashtra,Mumbai,Referral,1,2021-04-19
6,Devon,Snyder,callahaneric@example.org,+1-669-716-6978x48018,Male,1961-08-14,2025-09-15,Australia,NSW,Sydney,Social Media,0,2025-09-15
7,Ryan,Chavez,teresa28@example.org,+1-948-293-2528x8095,Male,1961-08-20,2024-02-14,Germany,Bavaria,Munich,Referral,0,2024-02-14
8,Michael,Galloway,john39@example.org,671-882-2782,Female,2006-10-27,2024-10-25,UK,England,London,Referral,1,2024-10-25
9,Sarah,Campos,jenniferross@example.net,+1-557-587-1331x5098,Male,1956-02-02,2024-10-10,India,Maharashtra,Mumbai,Organic,1,2024-10-10
10,Jean,Brown,whiteheadmichele@example.org,334.373.8299x73763,Female,1990-08-20,2022-02-01,UK,England,London,Paid Ad,1,2022-02-01
11,Michael,Jenkins,nuneztracey@example.org,4658133387,Male,1965-06-07,2023-12-20,Germany,Bavaria,Munich,Partner,1,2023-12-20
12,Steven,Baxter,ramosmichelle@example.net,908-501-3267,Female,2001-07-14,2022-05-27,Canada,Ontario,Toronto,Organic,0,2022-05-27
13,Rachel,Martin,gallowayjoseph@example.com,268-272-3430x9805,Other,1986-09-02,2024-04-15,Australia,NSW,Sydney,Email Campaign,1,2024-04-15
14,Wesley,Farrell,brianromero@example.org,291-336-1939,Other,1977-12-04,2023-02-27,India,Karnataka,Bengaluru,Organic,1,2023-02-27
15,Brandy,Mills,james53@example.com,(524)675-1079x9118,Female,1962-09-23,2023-07-23,USA,California,Los Angeles,Organic,0,2023-07-23
16,Michael,Jones,mikemoore@example.net,001-449-680-8412x411,Female,1970-08-22,2022-02-18,India,Maharashtra,Mumbai,Paid Ad,0,2022-02-18
17,Jason,Cooper,william40@example.org,+1-264-300-5242x7868,Male,1959-09-11,2025-02-03,Canada,Ontario,Toronto,Paid Ad,1,2025-02-03
18,Nicole,Mckee,davenportbrandi@example.org,(420)545-0533x15869,Other,2001-07-13,2023-05-09,India,Karnataka,Bengaluru,Paid Ad,1,2023-05-09
19,Theresa,Cochran,vjohnson@example.com,(534)221-6073x37543,Other,1990-09-09,2022-12-02,USA,New York,New York City,Partner,1,2022-12-02
20,Raymond,Ramirez,rasmussenjoshua@example.net,768.750.1429x40196,Female,1978-11-02,2022-11-01,India,Maharashtra,Mumbai,Social Media,0,2022-11-01
21,Tracey,Wilson,jonathanfletcher@example.org,783.856.1595x14846,Other,1992-08-29,2023-06-19,India,Tamil Nadu,Chennai,Paid Ad,1,2023-06-19
22,Angela,Lee,lbyrd@example.net,001-746-980-4436,Male,1979-02-14,2023-07-28,USA,California,Los Angeles,Paid Ad,1,2023-07-28
23,Emma,Dixon,donnacampbell@example.net,+1-395-913-4332x0037,Male,1977-09-03,2024-01-02,UK,England,London,Referral,1,2024-01-02
24,Crystal,Lee,psnyder@example.org,+1-401-963-2870x8317,Male,1991-02-02,2024-07-12,Germany,Bavaria,Munich,Partner,0,2024-07-12
25,Vanessa,Larson,usalazar@example.net,(387)627-7434x87347,Other,1968-02-19,2025-06-09,Canada,Ontario,Toronto,Social Media,1,2025-06-09
26,Matthew,Orozco,taylorjesse@example.net,(231)566-5876,Male,1999-11-07,2023-12-21,USA,Texas,Houston,Referral,1,2023-12-21
27,Perry,Carrillo,gateskathy@example.com,805.946.6889x3734,Other,1957-03-30,2023-12-13,Australia,NSW,Sydney,Email Campaign,1,2023-12-13
28,Matthew,Shelton,dramsey@example.org,+1-280-669-9016x272,Female,1975-10-20,2025-06-24,UK,England,London,Referral,1,2025-06-24
29,Jason,Murphy,aramirez@example.com,270-580-5310,Male,1966-04-10,2026-07-15,USA,Texas,Houston,Organic,1,2026-07-15
30,Andrew,Hernandez,thomaswilson@example.org,645.829.9124x190,Other,1976-09-23,2022-09-19,USA,New York,New York City,Referral,0,2022-09-19
31,Jennifer,Jones,curtisbarton@example.net,+1-819-905-8651x850,Female,1961-04-20,2021-09-18,UK,England,London,Social Media,1,2021-09-18
32,Susan,Reid,bzimmerman@example.org,001-684-998-7769x4531,Other,1968-08-18,2026-04-02,Germany,Bavaria,Munich,Paid Ad,1,2026-04-02
33,Steven,Bishop,frogers@example.com,(273)554-5494,Other,1960-03-30,2021-02-17,Australia,NSW,Sydney,Partner,0,2021-02-17
34,Jennifer,Freeman,hannahbrewer@example.com,701.843.6349x578,Other,2008-07-12,2023-12-29,USA,New York,New York City,Paid Ad,1,2023-12-29
35,Andrea,Bell,qnelson@example.org,635-618-2337,Female,2007-09-04,2024-04-17,USA,New York,New York City,Referral,1,2024-04-17
36,Marissa,Phillips,harry08@example.org,900-984-2710x947,Other,1973-10-06,2021-01-14,Canada,Ontario,Toronto,Partner,1,2021-01-14
37,Tammy,King,ewilson@example.com,519.802.2941x3186,Male,1979-08-02,2026-08-13,India,Tamil Nadu,Chennai,Email Campaign,0,2026-08-13
38,Scott,Dalton,ntorres@example.org,+1-213-834-1232x812,Other,1979-08-02,2024-05-07,USA,New York,New York City,Email Campaign,1,2024-05-07
39,Brittney,Carter,keithcampbell@example.com,434-693-6183,Male,1999-07-09,2023-03-26,Germany,Bavaria,Munich,Paid Ad,1,2023-03-26
40,Charles,Martin,brooke94@example.com,374-264-8877,Other,2002-11-06,2021-01-03,USA,Texas,Houston,Paid Ad,0,2021-01-03
41,Jessica,Munoz,davissuzanne@example.net,001-604-490-2787,Male,2008-07-18,2021-03-21,Canada,Ontario,Toronto,Paid Ad,1,2021-03-21
42,Ryan,Olsen,harrisonricky@example.com,+1-712-356-7468x07154,Male,2007-02-16,2023-09-08,India,Tamil Nadu,Chennai,Referral,1,2023-09-08
43,Richard,Robertson,sandovalamy@example.com,6384597703,Male,2004-11-15,2021-11-19,Germany,Bavaria,Munich,Partner,0,2021-11-19
44,Samuel,Wolfe,johnsoncrystal@example.org,001-424-980-8613x171,Other,2005-02-20,2021-10-11,Canada,Ontario,Toronto,Referral,0,2021-10-11
45,Kelly,Thornton,edavenport@example.org,682.263.9821x465,Other,1970-09-12,2026-05-01,USA,Texas,Houston,Referral,1,2026-05-01
46,Kenneth,Matthews,cgrimes@example.net,855.288.6753x3963,Male,1972-07-27,2025-09-30,India,Tamil Nadu,Chennai,Email Campaign,0,2025-09-30
47,Thomas,Mcintyre,qhughes@example.net,(370)928-9517,Female,1956-07-09,2024-06-30,India,Maharashtra,Mumbai,Partner,0,2024-06-30
48,Douglas,Pitts,charlesharrington@example.com,696-515-8657x80913,Other,1995-04-15,2025-11-30,India,Karnataka,Bengaluru,Social Media,1,2025-11-30
49,Ryan,Garcia,wallaceheather@example.org,8504455623,Male,1964-09-18,2023-10-13,USA,New York,New York City,Organic,0,2023-10-13
50,Christian,Pitts,tyleraguilar@example.org,647.840.7482x175,Other,1992-04-17,2021-03-28,India,Karnataka,Bengaluru,Email Campaign,0,2021-03-28
51,Stephen,Turner,gcastaneda@example.org,(995)694-4064x0909,Male,1996-10-27,2023-06-22,India,Maharashtra,Mumbai,Organic,0,2023-06-22
52,Jerry,Pham,danaoliver@example.net,001-421-504-7095x21456,Male,1962-09-17,2023-07-27,USA,California,Los Angeles,Organic,1,2023-07-27
53,Amber,Mata,maria47@example.com,001-651-371-2368x5160,Other,1979-10-24,2021-10-18,India,Karnataka,Bengaluru,Referral,1,2021-10-18
54,Emily,Chambers,xcarson@example.org,+1-437-209-8593x17461,Male,2005-11-10,2026-06-12,India,Tamil Nadu,Chennai,Email Campaign,0,2026-06-12
55,Kevin,Vasquez,youngamanda@example.com,258.769.2617x964,Male,1967-03-23,2026-04-21,USA,Texas,Houston,Social Media,1,2026-04-21
56,Sean,Young,cory58@example.net,(706)543-1713x900,Male,2008-02-12,2023-02-19,UK,England,London,Organic,0,2023-02-19
57,Kristin,Harris,brendali@example.org,729-504-2284x21020,Female,1986-12-01,2024-12-22,UK,England,London,Social Media,1,2024-12-22
58,Alfred,Baker,judyfox@example.net,577-258-9178,Other,1994-04-02,2021-08-10,Canada,Ontario,Toronto,Partner,1,2021-08-10
59,Regina,Hopkins,stephen00@example.com,(761)877-1159x2124,Female,2008-06-03,2021-09-06,USA,New York,New York City,Partner,1,2021-09-06
60,Alyssa,Chavez,sgarcia@example.org,+1-883-767-3657x6615,Male,1990-12-16,2022-03-24,India,Karnataka,Bengaluru,Referral,1,2022-03-24
61,Nicholas,Hernandez,fjones@example.org,(215)628-0988x51656,Male,1987-07-13,2026-01-12,India,Maharashtra,Mumbai,Social Media,0,2026-01-12
62,Michael,Lane,ericolson@example.org,(285)614-9368x998,Female,1957-03-29,2024-02-15,USA,Texas,Houston,Referral,0,2024-02-15
63,Joshua,Farmer,michael22@example.net,+1-661-720-1836x67525,Other,1996-11-17,2025-12-21,USA,New York,New York City,Organic,1,2025-12-21
64,Ashley,Miller,moorekaren@example.org,+1-814-376-7976x43815,Male,1970-09-20,2021-03-02,USA,California,Los Angeles,Referral,0,2021-03-02
65,Erika,Tucker,brandon69@example.org,2349324451,Female,1995-04-20,2025-07-23,USA,Texas,Houston,Social Media,1,2025-07-23
66,Gregory,James,vincentwhitaker@example.com,860-860-7159,Male,1993-04-24,2025-07-01,India,Maharashtra,Mumbai,Referral,1,2025-07-01
67,Robert,Wilson,burchgeorge@example.net,651.761.3696x816,Female,1967-06-14,2021-01-09,UK,England,London,Paid Ad,1,2021-01-09
68,Kimberly,Jones,schmidtjames@example.com,(923)912-4329x212,Female,1995-09-11,2024-03-14,Canada,Ontario,Toronto,Partner,1,2024-03-14
69,Kathleen,Cole,michelle52@example.com,377-644-9058,Male,1980-03-06,2026-06-17,Australia,NSW,Sydney,Referral,0,2026-06-17
70,Benjamin,Wood,chase19@example.net,267.998.0793x59782,Male,1961-03-11,2023-06-11,India,Tamil Nadu,Chennai,Email Campaign,0,2023-06-11
71,Rachel,Cooper,wagnergerald@example.org,001-777-288-9255x466,Other,1997-07-15,2021-09-07,Australia,NSW,Sydney,Paid Ad,1,2021-09-07
72,Deborah,Jones,grantpaul@example.com,001-692-851-9254x6291,Other,1989-10-24,2021-07-25,USA,California,Los Angeles,Social Media,1,2021-07-25
73,Mark,Anderson,lucasrodney@example.com,4544235733,Male,1959-10-18,2022-10-07,Australia,NSW,Sydney,Email Campaign,1,2022-10-07
74,Megan,Garcia,stanleynancy@example.net,(296)822-2927,Male,1975-01-06,2023-02-01,USA,New York,New York City,Email Campaign,0,2023-02-01
75,Jennifer,Montes,karen73@example.net,847.835.9774,Female,2006-12-02,2023-08-22,USA,New York,New York City,Organic,1,2023-08-22
76,Lisa,Solis,moniquewilliams@example.com,(881)381-4124x782,Other,2005-11-13,2023-10-06,Germany,Bavaria,Munich,Email Campaign,0,2023-10-06
77,Jeffrey,Hayes,sarah60@example.com,653.961.5305x15220,Female,1992-08-07,2021-12-02,USA,California,Los Angeles,Partner,1,2021-12-02
78,Dominic,Thornton,fgilbert@example.org,232-589-8614x341,Female,1977-12-16,2024-07-19,Germany,Bavaria,Munich,Referral,0,2024-07-19
79,Laura,Bryant,copelandvincent@example.net,7895324609,Female,1985-12-14,2023-09-05,India,Karnataka,Bengaluru,Social Media,1,2023-09-05
80,Jacob,Barnett,carlos88@example.net,380.767.0654x05153,Female,1962-10-11,2024-05-13,USA,Texas,Houston,Paid Ad,1,2024-05-13
81,Michael,Morgan,mariacohen@example.net,822.917.0430x3054,Female,1969-02-17,2021-02-08,USA,New York,New York City,Email Campaign,1,2021-02-08
82,Karen,Lee,michelle05@example.com,956-767-6527,Male,2004-09-11,2022-02-14,Germany,Bavaria,Munich,Email Campaign,0,2022-02-14
83,April,Owen,mmiller@example.org,-6702,Male,1992-04-07,2023-12-23,India,Maharashtra,Mumbai,Paid Ad,0,2023-12-23
84,Michael,Williams,christina64@example.net,9162582029,Female,1962-05-25,2023-09-28,USA,New York,New York City,Paid Ad,1,2023-09-28
85,Joel,Brewer,patrick90@example.net,(775)857-1928,Other,1972-05-15,2025-11-30,USA,Texas,Houston,Partner,0,2025-11-30
86,Joshua,Horne,fitzgeraldvictor@example.com,-4807,Other,1962-11-25,2021-02-02,India,Tamil Nadu,Chennai,Email Campaign,1,2021-02-02
87,Charles,Thompson,zosborn@example.net,451-588-4422x58313,Male,1997-08-06,2022-03-01,India,Tamil Nadu,Chennai,Paid Ad,1,2022-03-01
88,Anthony,Spencer,tanner82@example.net,314-467-8669,Other,2007-03-31,2022-03-15,USA,New York,New York City,Email Campaign,1,2022-03-15
89,Dawn,Cole,david89@example.org,001-626-380-1824x22535,Female,1968-12-27,2024-01-21,USA,Texas,Houston,Email Campaign,1,2024-01-21
90,Cynthia,Pierce,colleenmendez@example.org,629.592.2995x90010,Male,1996-05-10,2024-11-05,India,Maharashtra,Mumbai,Partner,1,2024-11-05
91,Robert,Fowler,ismall@example.com,+1-947-536-4710x2767,Female,1973-09-26,2026-06-25,India,Tamil Nadu,Chennai,Organic,0,2026-06-25
92,Douglas,Hensley,jessica56@example.org,001-258-681-5371x47321,Female,2005-10-24,2025-10-01,USA,New York,New York City,Organic,0,2025-10-01
93,Michelle,Barnes,lisapeck@example.net,532-578-7747x01687,Male,1986-08-16,2024-09-28,USA,California,Los Angeles,Partner,1,2024-09-28
94,Brandon,Campbell,amitchell@example.org,(624)356-5060x98358,Other,1976-03-08,2022-10-24,India,Tamil Nadu,Chennai,Social Media,1,2022-10-24
95,Shannon,Pierce,andersoncolin@example.com,985-923-9868x00025,Other,1963-08-08,2025-10-18,Australia,NSW,Sydney,Organic,0,2025-10-18
96,Patricia,Taylor,francisco94@example.net,688-287-9470x55169,Other,1987-05-06,2021-11-05,USA,New York,New York City,Referral,1,2021-11-05
97,Joseph,Rios,jennifersilva@example.org,896.523.0913x07562,Female,1977-06-16,2021-05-28,Australia,NSW,Sydney,Email Campaign,0,2021-05-28
98,Kimberly,Knapp,thorntonapril@example.net,578-565-2785x85497,Female,1970-06-30,2022-08-30,Australia,NSW,Sydney,Referral,1,2022-08-30
99,Kenneth,David,kellie37@example.com,258.644.1986x6524,Female,2006-05-04,2024-06-16,USA,California,Los Angeles,Organic,1,2024-06-16
100,Christian,Bradshaw,julie33@example.net,584-221-9933x083,Other,1961-01-06,2023-05-11,India,Karnataka,Bengaluru,Referral,0,2023-05-11
101,Mark,Kennedy,adampierce@example.org,(877)434-5401x93802,Other,2005-03-16,2024-12-19,USA,New York,New York City,Social Media,0,2024-12-19
102,Benjamin,Huff,vlopez@example.com,9044991547,Male,2000-10-24,2022-09-26,Germany,Bavaria,Munich,Referral,1,2022-09-26
103,Taylor,Lee,riverajessica@example.net,720-354-9329x668,Male,1976-12-13,2025-08-16,USA,Texas,Houston,Referral,1,2025-08-16
104,Cody,Holden,pmorris@example.org,563-274-5499x045,Other,1991-02-06,2025-08-14,India,Karnataka,Bengaluru,Partner,0,2025-08-14
105,Steven,Moore,hannah45@example.net,932.572.7956,Male,1996-02-01,2023-12-29,India,Maharashtra,Mumbai,Partner,1,2023-12-29
106,Erin,Larson,foxallison@example.com,491-408-8398,Male,1973-02-05,2025-04-16,USA,New York,New York City,Social Media,1,2025-04-16
107,Abigail,Wilson,jenniferburns@example.net,207.828.6790x874,Female,1969-03-12,2023-03-29,India,Maharashtra,Mumbai,Paid Ad,0,2023-03-29
108,Aaron,Robinson,williamsmelvin@example.org,-6192,Male,2008-04-30,2023-07-22,India,Tamil Nadu,Chennai,Organic,0,2023-07-22
109,Patrick,Kane,rbennett@example.net,-9418,Female,1995-10-14,2025-06-21,India,Maharashtra,Mumbai,Paid Ad,1,2025-06-21
110,Tiffany,Ford,opatel@example.org,352.343.1069x033,Female,1987-03-10,2024-02-18,USA,New York,New York City,Partner,1,2024-02-18
111,Sean,Powers,sanchezbradley@example.com,783.702.8439,Other,1968-04-06,2025-06-26,Australia,NSW,Sydney,Email Campaign,1,2025-06-26
112,Nancy,Odom,roberthill@example.net,001-726-887-0568,Male,1977-05-06,2021-04-24,India,Karnataka,Bengaluru,Paid Ad,1,2021-04-24
113,Kevin,White,oallen@example.com,001-627-508-6688x263,Male,1973-03-18,2023-12-24,USA,Texas,Houston,Organic,0,2023-12-24
114,Christian,Cole,christopher30@example.com,(299)501-3983x7354,Female,2005-05-18,2025-11-15,Germany,Bavaria,Munich,Partner,1,2025-11-15
115,Suzanne,Wilson,srocha@example.net,001-636-738-5467x854,Other,1982-11-20,2025-11-23,India,Karnataka,Bengaluru,Email Campaign,1,2025-11-23
116,Tyler,Garcia,ugill@example.org,(856)609-3204x899,Other,1963-10-14,2025-04-27,USA,New York,New York City,Referral,1,2025-04-27
117,Mark,James,victorpena@example.net,247-377-2522x87280,Other,2005-10-20,2021-07-01,India,Tamil Nadu,Chennai,Social Media,1,2021-07-01
118,Elizabeth,Duran,otaylor@example.org,920-938-7509,Female,1956-07-16,2023-03-19,USA,California,Los Angeles,Social Media,0,2023-03-19
119,Amanda,Jenkins,morenojoshua@example.com,5866211823,Other,1998-11-30,2024-09-14,USA,New York,New York City,Paid Ad,1,2024-09-14
120,Joseph,Sanders,susan79@example.org,001-234-410-1666x870,Other,1960-02-02,2024-05-15,USA,New York,New York City,Paid Ad,1,2024-05-15
121,Megan,Newman,ariel18@example.org,239.474.0148,Female,2004-12-06,2024-08-29,UK,England,London,Partner,1,2024-08-29
122,Leonard,Ali,karenmarquez@example.com,842-493-9685,Male,1997-08-09,2022-06-06,India,Tamil Nadu,Chennai,Social Media,1,2022-06-06
123,Hannah,Miller,brian63@example.org,899-496-5047x73586,Other,1991-09-25,2022-12-14,UK,England,London,Email Campaign,1,2022-12-14
124,Donna,Miller,lauren11@example.com,(662)965-5110,Other,1974-10-13,2025-07-22,India,Tamil Nadu,Chennai,Organic,0,2025-07-22
125,Joseph,Anderson,ryanhawkins@example.net,(810)315-8199x56046,Male,1994-02-15,2024-03-21,India,Tamil Nadu,Chennai,Social Media,1,2024-03-21
126,Anita,Haney,ashleyjackson@example.com,(824)644-7212,Female,1978-01-10,2024-08-12,Germany,Bavaria,Munich,Social Media,0,2024-08-12
127,Todd,Jones,sheryl79@example.net,871.724.0659,Other,1979-01-15,2023-05-26,Canada,Ontario,Toronto,Social Media,1,2023-05-26
128,Ryan,Colon,kevinmorrison@example.net,575.726.5479,Female,1975-08-22,2021-12-14,USA,Texas,Houston,Email Campaign,1,2021-12-14
129,Lisa,Long,frederickjames@example.net,(980)473-7416,Male,1989-04-10,2024-10-04,Germany,Bavaria,Munich,Referral,1,2024-10-04
130,John,Hopkins,emccormick@example.com,+1-379-368-8680x589,Male,1996-06-18,2023-07-10,India,Tamil Nadu,Chennai,Referral,1,2023-07-10
131,Diane,Kelly,hartdeanna@example.net,(556)910-1438x8899,Male,1975-07-15,2021-07-09,USA,California,Los Angeles,Social Media,1,2021-07-09
132,Steven,Frazier,michaeljohnson@example.org,961-312-5457x3875,Female,1978-12-06,2021-10-26,Germany,Bavaria,Munich,Social Media,0,2021-10-26
133,Heather,Flores,bradley10@example.com,+1-812-438-2825x8673,Other,1965-08-02,2023-03-08,Germany,Bavaria,Munich,Partner,1,2023-03-08
134,Diane,Foster,shannonjordan@example.org,001-933-341-9182x553,Female,1969-08-11,2026-07-18,UK,England,London,Referral,1,2026-07-18
135,Michelle,Rose,candice96@example.net,355-479-2499,Male,1972-04-21,2021-01-23,USA,Texas,Houston,Social Media,0,2021-01-23
136,John,Wilson,heather86@example.com,+1-629-466-2782x827,Other,1965-08-16,2022-12-22,India,Maharashtra,Mumbai,Email Campaign,1,2022-12-22
137,Megan,Harvey,stephanie72@example.org,(588)676-7677x2190,Other,1957-06-09,2021-07-25,Canada,Ontario,Toronto,Referral,1,2021-07-25
138,Jeffrey,Roberts,xcunningham@example.com,-6129,Male,1984-08-30,2026-02-13,USA,New York,New York City,Social Media,1,2026-02-13
139,Veronica,Garcia,kennethkidd@example.com,451-571-3395x962,Female,1998-10-29,2024-07-23,Australia,NSW,Sydney,Email Campaign,0,2024-07-23
140,Linda,Hudson,candice25@example.net,449-748-1260x4223,Other,1999-08-14,2025-10-14,Australia,NSW,Sydney,Social Media,1,2025-10-14
141,Kathleen,Lowe,othomas@example.com,+1-266-371-1684x5775,Female,1994-06-13,2026-04-29,USA,Texas,Houston,Paid Ad,1,2026-04-29
142,Stephen,Beck,melissa86@example.org,(237)345-4589x29750,Other,1988-11-23,2024-02-10,India,Maharashtra,Mumbai,Social Media,1,2024-02-10
143,Mary,Smith,scottsmith@example.com,724.424.1541,Female,1958-06-14,2024-01-30,India,Maharashtra,Mumbai,Organic,1,2024-01-30
144,Connie,Barber,rubendavis@example.org,2372129387,Female,1992-07-29,2023-08-19,India,Tamil Nadu,Chennai,Paid Ad,1,2023-08-19
145,Lisa,Mcneil,ebenson@example.org,861.411.5542,Male,1989-09-17,2021-11-27,India,Karnataka,Bengaluru,Referral,0,2021-11-27
146,Erica,Jones,bishopfrank@example.com,001-732-869-7311x2196,Other,1972-05-17,2025-04-18,India,Maharashtra,Mumbai,Referral,1,2025-04-18
147,Donald,Hill,wrightcarolyn@example.net,+1-540-943-8983x640,Female,1976-02-28,2021-09-21,India,Maharashtra,Mumbai,Social Media,1,2021-09-21
148,John,Little,ricetiffany@example.com,626-596-5827x10910,Female,1957-10-26,2026-03-24,India,Karnataka,Bengaluru,Organic,0,2026-03-24
149,Bruce,Mccormick,courtney86@example.com,001-561-488-9241x418,Female,1984-02-19,2025-09-17,India,Maharashtra,Mumbai,Email Campaign,1,2025-09-17
150,Peter,Walters,collinssamuel@example.org,6314617990,Female,1962-01-14,2025-04-08,USA,California,Los Angeles,Organic,0,2025-04-08
151,Jean,Miles,tylerreed@example.net,001-642-352-4105x6481,Female,1982-01-01,2024-05-08,India,Karnataka,Bengaluru,Social Media,1,2024-05-08
152,William,Brown,michaelscott@example.org,001-913-780-0030,Female,1976-01-03,2023-06-23,Australia,NSW,Sydney,Referral,1,2023-06-23
153,Edward,Velazquez,tranrobin@example.net,+1-263-453-6541x9518,Female,1967-07-15,2025-11-21,India,Tamil Nadu,Chennai,Organic,1,2025-11-21
154,Zachary,Williams,djones@example.com,001-945-718-7053x49493,Other,1987-01-25,2024-10-08,UK,England,London,Partner,1,2024-10-08
155,Trevor,Barton,jessicapayne@example.org,(206)803-8505,Female,2000-09-14,2022-11-08,UK,England,London,Referral,1,2022-11-08
156,Jessica,Garcia,robertwoodward@example.org,001-441-803-8657x191,Female,1959-09-03,2021-04-21,Germany,Bavaria,Munich,Email Campaign,1,2021-04-21
157,Ashley,Graham,joelgreen@example.com,(455)974-3132x9121,Male,1980-05-29,2021-04-22,Germany,Bavaria,Munich,Partner,0,2021-04-22
158,Richard,Herrera,shannonford@example.org,524-790-3521,Female,1976-09-15,2022-07-10,UK,England,London,Referral,1,2022-07-10
159,Brandon,Evans,anthonysullivan@example.com,-2009,Female,1962-08-20,2023-12-02,USA,California,Los Angeles,Paid Ad,1,2023-12-02
160,Madison,Watson,aguilarjonathan@example.org,9132721510,Female,1964-08-11,2026-02-06,India,Maharashtra,Mumbai,Paid Ad,0,2026-02-06
161,Audrey,Underwood,ycrawford@example.net,(625)932-4472x09993,Female,1977-07-17,2024-02-14,UK,England,London,Paid Ad,0,2024-02-14
162,Andrea,Brown,patrick63@example.net,638.406.5787x59856,Male,1957-02-01,2026-04-11,USA,New York,New York City,Partner,1,2026-04-11
163,Carla,Johnson,brian78@example.com,001-493-421-3348x03965,Female,1968-03-30,2021-08-02,Australia,NSW,Sydney,Referral,1,2021-08-02
164,Louis,Rojas,robin05@example.net,001-229-337-8427,Male,1958-09-07,2021-06-14,USA,New York,New York City,Referral,1,2021-06-14
165,Carolyn,Smith,nsmith@example.org,(352)750-0292,Other,2006-08-14,2021-03-25,India,Maharashtra,Mumbai,Referral,1,2021-03-25
166,Nathaniel,Mcmahon,vwillis@example.com,622-667-5289x53926,Female,1962-06-16,2022-06-02,India,Maharashtra,Mumbai,Partner,0,2022-06-02
167,Jessica,Rush,xrosales@example.net,4297593917,Female,1995-03-19,2023-06-12,USA,New York,New York City,Partner,1,2023-06-12
168,John,Haas,daisymccarty@example.net,+1-957-804-3315x41006,Male,2007-01-26,2025-02-19,India,Tamil Nadu,Chennai,Email Campaign,0,2025-02-19
169,Nicole,Snyder,ybell@example.org,793.427.1040x5411,Male,2002-10-08,2022-04-15,Germany,Bavaria,Munich,Paid Ad,1,2022-04-15
170,Eugene,Jones,morgantricia@example.com,001-806-629-6201x533,Female,1990-09-20,2021-04-16,USA,New York,New York City,Email Campaign,1,2021-04-16
171,Kenneth,Davis,farmstrong@example.org,3502614973,Other,1966-09-04,2025-06-13,UK,England,London,Referral,1,2025-06-13
172,Danielle,Rowland,tanthony@example.com,674.918.6256x5270,Male,1980-05-10,2023-09-22,USA,New York,New York City,Partner,0,2023-09-22
173,Jeremy,Adams,hernandezheather@example.org,858-969-3806,Other,1986-01-23,2022-05-11,India,Tamil Nadu,Chennai,Organic,1,2022-05-11
174,Joe,Evans,torr@example.org,898.399.2172x23320,Other,2008-02-02,2025-10-21,India,Karnataka,Bengaluru,Paid Ad,0,2025-10-21
175,Ryan,Osborn,maryscott@example.net,916-286-8548,Male,1997-05-24,2024-10-29,USA,New York,New York City,Social Media,1,2024-10-29
176,Cindy,Mills,jrodriguez@example.org,001-799-811-9148,Female,1969-09-15,2022-03-09,Canada,Ontario,Toronto,Paid Ad,0,2022-03-09
177,Diana,Armstrong,rjohnson@example.com,(999)660-6530,Female,2003-04-02,2022-09-19,Canada,Ontario,Toronto,Referral,0,2022-09-19
178,Andrew,Roth,larry71@example.org,(947)554-6913,Other,2004-02-14,2024-01-12,Australia,NSW,Sydney,Email Campaign,1,2024-01-12
179,Richard,Washington,lori82@example.org,986-228-9023x3030,Female,2004-05-13,2026-03-20,Canada,Ontario,Toronto,Partner,0,2026-03-20
180,Janet,Hill,owagner@example.org,+1-603-357-9727x98552,Female,1970-10-25,2024-01-05,Germany,Bavaria,Munich,Referral,1,2024-01-05
181,Paul,Martin,mercedesholland@example.net,246.580.0722,Female,1969-01-31,2024-02-17,USA,New York,New York City,Referral,1,2024-02-17
182,Linda,Torres,rodney65@example.com,637-648-9691x085,Female,1991-12-25,2025-04-02,Canada,Ontario,Toronto,Organic,0,2025-04-02
183,Timothy,Rogers,danielle44@example.net,001-943-628-3096x520,Male,1969-06-16,2024-08-24,Canada,Ontario,Toronto,Social Media,1,2024-08-24
184,Robert,Price,aguilarwanda@example.org,638-475-8428x24172,Female,2005-11-23,2024-12-24,India,Maharashtra,Mumbai,Paid Ad,1,2024-12-24
185,Rachel,Pena,michaelgarner@example.com,(955)549-4717x09991,Other,1982-03-26,2024-02-06,India,Tamil Nadu,Chennai,Organic,1,2024-02-06
186,Mikayla,James,robert22@example.org,969-672-5217x52500,Male,1966-10-21,2023-02-22,Australia,NSW,Sydney,Referral,1,2023-02-22
187,Kim,Johnston,tracygallagher@example.org,(296)566-6760,Other,1994-06-07,2026-06-25,UK,England,London,Referral,0,2026-06-25
188,Stephanie,Mcclain,andrewsmith@example.net,635.442.1689,Female,1959-03-02,2026-07-04,Canada,Ontario,Toronto,Organic,1,2026-07-04
189,Brandon,Fry,mluna@example.net,262-457-5326x03323,Male,1962-03-27,2024-04-20,USA,New York,New York City,Social Media,1,2024-04-20
190,Jennifer,Conner,qmcdowell@example.net,+1-609-901-0016x761,Other,1992-11-27,2024-06-08,India,Maharashtra,Mumbai,Email Campaign,1,2024-06-08
191,Jamie,Jennings,turnerdorothy@example.net,549.592.6189x14117,Other,1996-12-09,2026-04-23,India,Karnataka,Bengaluru,Email Campaign,0,2026-04-23
192,Marie,Dudley,jade42@example.org,-4348,Other,1963-08-12,2025-10-09,India,Karnataka,Bengaluru,Email Campaign,1,2025-10-09
193,Christopher,Hunt,conwaydawn@example.com,247-201-2045x5611,Other,2000-11-11,2024-12-12,India,Karnataka,Bengaluru,Social Media,0,2024-12-12
194,Elizabeth,Jackson,patricia94@example.net,855-921-6674,Female,1998-02-07,2024-06-09,India,Tamil Nadu,Chennai,Referral,0,2024-06-09
195,Deborah,Robles,andersonjessica@example.org,769-279-7296,Female,2001-06-04,2023-02-28,USA,New York,New York City,Organic,0,2023-02-28
196,Nichole,Acosta,timothyfreeman@example.com,301.845.0899x358,Male,1990-10-12,2023-01-29,Australia,NSW,Sydney,Referral,1,2023-01-29
197,John,Reed,jhernandez@example.net,7025877217,Other,1973-03-30,2024-02-07,Canada,Ontario,Toronto,Email Campaign,1,2024-02-07
198,Joshua,Hunter,ppowell@example.org,879.871.7751x701,Male,1957-08-09,2024-03-05,Australia,NSW,Sydney,Referral,1,2024-03-05
199,Andrea,Petersen,pamela83@example.net,+1-375-350-3758x99757,Female,1995-12-14,2023-07-21,India,Tamil Nadu,Chennai,Referral,0,2023-07-21
200,Jeffrey,Peterson,amy51@example.org,(372)861-4933,Other,1967-02-18,2021-02-27,India,Tamil Nadu,Chennai,Email Campaign,1,2021-02-27
201,Makayla,Lee,daniel60@example.net,+1-991-477-9827x08086,Male,1992-05-16,2024-01-29,USA,Texas,Houston,Organic,1,2024-01-29
202,Glenn,Ochoa,hughescaroline@example.com,666.793.4654x72269,Other,1993-06-09,2024-04-11,Australia,NSW,Sydney,Referral,1,2024-04-11
203,Selena,Chen,jasonklein@example.net,(822)688-5158x799,Male,2002-03-20,2022-02-25,Canada,Ontario,Toronto,Email Campaign,1,2022-02-25
204,Robert,Smith,johnsondustin@example.net,5342244204,Female,1974-09-19,2026-04-07,India,Tamil Nadu,Chennai,Social Media,1,2026-04-07
205,Shaun,Jensen,juliahoffman@example.org,540.766.6580x04397,Male,1995-09-24,2023-01-26,India,Karnataka,Bengaluru,Paid Ad,1,2023-01-26
206,Amy,Morrison,kellythompson@example.net,622-481-6064,Male,1964-03-27,2022-04-13,Canada,Ontario,Toronto,Social Media,0,2022-04-13
207,Meghan,Smith,jmckinney@example.org,(759)309-4798,Other,1997-04-06,2021-10-31,Canada,Ontario,Toronto,Partner,1,2021-10-31
208,Louis,Robinson,abigailhartman@example.org,(988)261-5335x55439,Male,1961-10-14,2022-09-14,USA,California,Los Angeles,Email Campaign,1,2022-09-14
209,Michael,Allen,susanfleming@example.com,(216)648-4085x8877,Male,2003-04-26,2021-12-15,India,Tamil Nadu,Chennai,Organic,1,2021-12-15
210,James,Palmer,jacksonstephanie@example.net,-7271,Other,1995-04-18,2025-09-01,Australia,NSW,Sydney,Email Campaign,1,2025-09-01
211,Eric,Stevens,benjamin10@example.org,281-893-4667x665,Other,1991-05-24,2023-07-14,Germany,Bavaria,Munich,Social Media,1,2023-07-14
212,Amanda,May,avilabrenda@example.net,958-814-4914,Female,1976-08-24,2025-12-19,Canada,Ontario,Toronto,Email Campaign,1,2025-12-19
213,Donna,Wells,derekmyers@example.net,824-350-8821x0099,Other,1971-11-09,2024-06-04,UK,England,London,Email Campaign,1,2024-06-04
214,Kaitlin,Berger,jason82@example.org,(939)343-1290,Male,1971-02-10,2022-02-11,USA,California,Los Angeles,Partner,1,2022-02-11
215,Carlos,Garcia,wlynn@example.org,+1-431-749-1357x75949,Other,1998-07-08,2023-12-20,India,Maharashtra,Mumbai,Organic,1,2023-12-20
216,Susan,Jackson,john36@example.com,(325)677-7547x812,Male,2001-03-21,2023-09-10,USA,Texas,Houston,Email Campaign,1,2023-09-10
217,Donald,Ryan,jessica11@example.org,709.896.9308x48872,Male,1967-07-17,2022-10-04,USA,New York,New York City,Social Media,0,2022-10-04
218,Kelsey,Quinn,dennis88@example.org,(458)903-9282x7229,Female,2005-06-26,2026-04-09,Canada,Ontario,Toronto,Organic,1,2026-04-09
219,Billy,Juarez,bryanwood@example.org,+1-438-856-7700x51844,Other,1990-05-09,2024-03-26,India,Maharashtra,Mumbai,Paid Ad,0,2024-03-26
220,Michael,Valdez,blacknicholas@example.org,665.557.7908x27231,Other,1963-09-02,2021-10-19,Canada,Ontario,Toronto,Referral,1,2021-10-19
221,Eric,Guzman,guerrerorobert@example.com,001-417-477-3926x0302,Female,1989-01-27,2023-03-22,India,Tamil Nadu,Chennai,Organic,1,2023-03-22
222,Benjamin,Armstrong,jacksonsandra@example.net,(899)404-1379x7723,Other,1997-10-27,2023-07-10,Australia,NSW,Sydney,Referral,1,2023-07-10
223,Lori,White,gary57@example.net,001-813-466-2103,Male,1987-10-20,2022-08-06,India,Tamil Nadu,Chennai,Organic,1,2022-08-06
224,Gregory,Valenzuela,richamanda@example.org,772-298-0686,Other,1992-09-06,2024-06-13,USA,Texas,Houston,Partner,0,2024-06-13
225,Roy,Mays,yclarke@example.com,001-691-862-4731,Female,1969-05-15,2024-03-28,Germany,Bavaria,Munich,Organic,0,2024-03-28
226,Adam,Manning,lanedavid@example.org,(735)665-1269x4486,Other,2008-04-10,2024-05-30,Canada,Ontario,Toronto,Social Media,0,2024-05-30
227,Raymond,Harris,jwhite@example.net,844.795.6213x7213,Other,1998-02-25,2026-08-12,India,Tamil Nadu,Chennai,Social Media,1,2026-08-12
228,Christina,Cohen,martintamara@example.org,727-396-1143,Other,1987-12-27,2021-11-26,Canada,Ontario,Toronto,Organic,1,2021-11-26
229,Jenny,Arias,hmendez@example.com,001-590-427-7038x430,Other,1991-06-07,2024-08-13,UK,England,London,Paid Ad,1,2024-08-13
230,Michael,Pena,christopherhill@example.com,(766)793-8011x848,Male,2006-10-06,2022-01-10,USA,California,Los Angeles,Partner,0,2022-01-10
231,Joshua,Obrien,shawnpowell@example.org,626-681-8184x518,Other,1992-07-01,2021-03-26,Germany,Bavaria,Munich,Paid Ad,0,2021-03-26
232,Tammy,Hart,katherineali@example.com,+1-279-607-1416x33565,Male,1968-11-12,2021-06-14,Germany,Bavaria,Munich,Social Media,1,2021-06-14
233,Christopher,Nunez,charles27@example.com,(539)542-3733x343,Female,1999-12-17,2025-12-17,Australia,NSW,Sydney,Referral,0,2025-12-17
234,Mary,Kelly,wilsonchristian@example.net,490.680.7595x7947,Other,1976-10-17,2025-11-21,Germany,Bavaria,Munich,Social Media,1,2025-11-21
235,Karen,Anderson,imendoza@example.org,356.727.1875x00369,Female,1974-11-15,2026-04-10,USA,New York,New York City,Social Media,1,2026-04-10
236,Michelle,Lopez,joel79@example.com,(427)563-6556x472,Other,1998-11-10,2024-08-08,India,Karnataka,Bengaluru,Organic,1,2024-08-08
237,Jennifer,Brock,mchase@example.org,001-627-202-6728x8574,Female,1976-10-27,2024-09-12,USA,Texas,Houston,Partner,0,2024-09-12
238,Hannah,Brown,thomas17@example.net,445-658-8450x61593,Other,1974-07-12,2024-03-26,Canada,Ontario,Toronto,Social Media,1,2024-03-26
239,Emily,Freeman,ypreston@example.net,572-725-6996x1125,Female,1972-07-02,2021-05-31,Australia,NSW,Sydney,Organic,1,2021-05-31
240,Kelly,Adams,cnelson@example.com,001-498-876-2202x3413,Female,1961-03-02,2023-10-31,India,Karnataka,Bengaluru,Organic,1,2023-10-31
241,Caleb,Johns,johnsonrandy@example.org,649-921-6433,Other,1988-11-29,2021-01-05,UK,England,London,Email Campaign,1,2021-01-05
242,David,Roberson,johnsonmichael@example.com,878.648.7282x9979,Male,2003-11-18,2025-08-20,Canada,Ontario,Toronto,Referral,1,2025-08-20
243,Timothy,Perez,ramosmichael@example.com,(240)908-2547,Other,2005-11-24,2025-01-21,Australia,NSW,Sydney,Social Media,1,2025-01-21
244,Thomas,Smith,myates@example.org,4858368663,Male,1999-08-13,2021-07-31,Canada,Ontario,Toronto,Paid Ad,0,2021-07-31
245,Jeffrey,Miller,zacharymarsh@example.net,001-944-984-6312x241,Female,1970-02-17,2022-06-21,Australia,NSW,Sydney,Social Media,1,2022-06-21
246,Cindy,Lopez,hernandeztara@example.org,(414)242-7031,Male,1981-11-13,2022-05-13,Canada,Ontario,Toronto,Partner,1,2022-05-13
247,Matthew,Collins,dbolton@example.net,9514204618,Other,1965-11-22,2023-09-08,Germany,Bavaria,Munich,Referral,1,2023-09-08
248,Mckenzie,Roth,martinezkayla@example.org,(473)203-7183x7645,Other,1995-03-07,2021-02-26,India,Tamil Nadu,Chennai,Social Media,0,2021-02-26
249,Andrea,Martinez,mlittle@example.com,3318365024,Male,1997-07-14,2023-07-10,USA,New York,New York City,Social Media,1,2023-07-10
250,Albert,Williams,jbarker@example.com,001-413-927-1950x05281,Female,1968-01-15,2022-09-23,USA,New York,New York City,Partner,1,2022-09-23
251,Tina,Kramer,linda73@example.org,001-565-424-0778x487,Female,1984-07-08,2024-01-25,India,Tamil Nadu,Chennai,Social Media,0,2024-01-25
252,Mario,Mcdonald,caseymoore@example.com,585-770-8620x959,Female,1993-12-02,2023-09-26,Canada,Ontario,Toronto,Email Campaign,1,2023-09-26
253,Dominique,Ryan,rlee@example.com,001-482-294-5651x18102,Male,1966-06-02,2025-04-21,USA,Texas,Houston,Email Campaign,0,2025-04-21
254,Todd,Garcia,hbarrett@example.net,001-994-205-3910x371,Male,1974-11-02,2022-07-14,Australia,NSW,Sydney,Paid Ad,0,2022-07-14
255,Julia,Zamora,laura09@example.com,501.441.3811x38633,Other,1985-04-21,2024-10-24,UK,England,London,Paid Ad,1,2024-10-24
256,Angela,Reese,emily61@example.org,(786)785-2897,Other,1984-11-11,2024-03-04,USA,California,Los Angeles,Paid Ad,1,2024-03-04
257,Wendy,Kirk,bduran@example.net,293-698-3684x57760,Male,1987-04-14,2026-06-29,Germany,Bavaria,Munich,Social Media,1,2026-06-29
258,Zachary,Holder,adam33@example.com,2489889921,Female,1974-07-23,2026-06-07,Australia,NSW,Sydney,Paid Ad,1,2026-06-07
259,Devon,Richardson,jesseshepherd@example.org,001-369-631-5727,Female,1957-09-08,2025-03-26,Australia,NSW,Sydney,Paid Ad,1,2025-03-26
260,Lindsey,James,weeksmatthew@example.com,(713)590-6048x05892,Other,1963-10-29,2023-09-06,India,Maharashtra,Mumbai,Social Media,1,2023-09-06
261,Emily,Osborn,kmullins@example.net,936-246-2251,Male,1984-10-04,2025-08-10,India,Maharashtra,Mumbai,Paid Ad,0,2025-08-10
262,Jose,Ross,iayala@example.org,683.876.9389x8331,Female,1972-11-05,2025-04-11,Canada,Ontario,Toronto,Partner,1,2025-04-11
263,Sandra,Davis,whenderson@example.org,559-704-2597x92703,Male,1963-12-22,2026-07-22,USA,Texas,Houston,Referral,1,2026-07-22
264,Jessica,Miller,sanchezchristine@example.org,605-914-7705x3833,Male,1988-09-23,2024-09-21,Australia,NSW,Sydney,Social Media,0,2024-09-21
265,Victoria,Neal,bennettrebecca@example.net,9422043940,Male,1959-03-28,2026-02-15,USA,New York,New York City,Partner,0,2026-02-15
266,Donna,Alvarado,michelle04@example.net,(936)281-5798x1238,Other,1957-10-24,2025-08-07,USA,Texas,Houston,Referral,1,2025-08-07
267,Sandra,Torres,klong@example.org,(655)543-8404x608,Female,1963-09-30,2026-04-08,USA,New York,New York City,Paid Ad,1,2026-04-08
268,Penny,Sandoval,blairabigail@example.net,+1-436-539-2649x578,Other,1990-04-16,2025-06-17,Germany,Bavaria,Munich,Organic,1,2025-06-17
269,Bianca,Sutton,michelleparker@example.net,226.729.2518x81252,Female,2002-05-10,2025-04-06,India,Karnataka,Bengaluru,Partner,0,2025-04-06
270,Robert,Jenkins,oreese@example.net,523-512-2099x499,Other,1967-12-12,2021-05-28,Canada,Ontario,Toronto,Organic,1,2021-05-28
271,Anthony,Miller,manderson@example.com,001-252-667-7223x306,Male,2006-01-25,2024-03-23,India,Maharashtra,Mumbai,Partner,0,2024-03-23
272,Jeffrey,Powers,katherinejones@example.com,+1-275-373-6609x656,Male,1979-08-23,2025-11-13,USA,New York,New York City,Partner,1,2025-11-13
273,Margaret,Williams,aprilfoster@example.net,6866803476,Male,1980-02-28,2025-12-23,USA,New York,New York City,Partner,1,2025-12-23
274,Roberto,Austin,vaughnrebecca@example.com,+1-271-481-2982x6657,Male,1979-10-02,2021-04-29,India,Tamil Nadu,Chennai,Paid Ad,1,2021-04-29
275,Peggy,Huang,udavis@example.net,+1-821-811-7518x6892,Female,1958-01-12,2024-04-16,USA,California,Los Angeles,Paid Ad,1,2024-04-16
276,George,Rogers,fernandothomas@example.net,5642474212,Male,1988-09-14,2022-08-20,UK,England,London,Email Campaign,0,2022-08-20
277,Johnny,Ellis,astephens@example.net,633.597.7671x9903,Male,1958-04-20,2023-01-08,UK,England,London,Referral,1,2023-01-08
278,Eddie,Delgado,thomasantonio@example.net,+1-445-910-1622x499,Other,1995-06-04,2025-04-16,USA,New York,New York City,Partner,1,2025-04-16
279,Michael,Johnson,marcus61@example.com,-2843,Other,1992-08-02,2026-08-01,India,Maharashtra,Mumbai,Referral,1,2026-08-01
280,Cheryl,Rodriguez,webbhaley@example.net,969-954-8995x2997,Other,1998-07-13,2026-03-04,India,Maharashtra,Mumbai,Paid Ad,1,2026-03-04
281,Nicole,Hall,tiffany01@example.org,513.696.6055x830,Other,1969-03-11,2023-11-12,Canada,Ontario,Toronto,Organic,1,2023-11-12
282,Carlos,Evans,katie15@example.com,(499)902-3557x7027,Other,2002-12-27,2024-03-24,Canada,Ontario,Toronto,Email Campaign,0,2024-03-24
283,Amanda,Rogers,dreilly@example.net,295-788-0395x5124,Female,2007-11-03,2021-10-30,USA,Texas,Houston,Paid Ad,1,2021-10-30
284,Courtney,Kirby,hlopez@example.com,001-650-446-1735x743,Other,1961-08-27,2024-05-10,Germany,Bavaria,Munich,Social Media,1,2024-05-10
285,Kristen,Strickland,wallaceangel@example.com,923.857.8452x18230,Female,1993-07-14,2026-02-15,India,Tamil Nadu,Chennai,Referral,1,2026-02-15
286,Alexandra,Smith,mcdanielbrooke@example.org,670-718-4094x35334,Male,1996-08-31,2026-06-03,UK,England,London,Referral,1,2026-06-03
287,Emily,Nelson,joshuasmith@example.net,-6972,Other,1986-02-18,2025-01-10,UK,England,London,Paid Ad,1,2025-01-10
288,George,Collins,amber02@example.org,701.660.1662x9979,Other,1973-04-27,2021-03-31,India,Tamil Nadu,Chennai,Social Media,0,2021-03-31
289,James,Chang,beltrankatelyn@example.com,001-521-571-7477,Other,1963-04-29,2021-02-03,India,Tamil Nadu,Chennai,Partner,0,2021-02-03
290,Paula,Scott,philip55@example.com,401.371.5772x4599,Female,1977-03-17,2026-07-28,USA,California,Los Angeles,Referral,0,2026-07-28
291,Jennifer,Rodriguez,sparksamanda@example.com,001-363-793-8276,Male,1966-09-29,2024-12-14,Germany,Bavaria,Munich,Partner,0,2024-12-14
292,Heather,Reynolds,vbradley@example.net,001-332-919-7199x758,Other,1965-01-16,2023-10-24,India,Maharashtra,Mumbai,Partner,1,2023-10-24
293,Stephanie,Jones,jenningscandace@example.com,970-513-2902x27846,Other,1966-08-10,2022-02-02,USA,Texas,Houston,Partner,1,2022-02-02
294,Natalie,Evans,samantha65@example.org,001-209-286-2405,Female,1992-12-26,2024-06-19,USA,California,Los Angeles,Organic,1,2024-06-19
295,Lori,Howard,michelle36@example.net,001-465-966-6683,Other,1963-01-29,2025-02-03,Germany,Bavaria,Munich,Referral,0,2025-02-03
296,Angela,Bridges,mary24@example.net,(320)410-2762,Female,1989-09-30,2024-04-23,USA,New York,New York City,Partner,1,2024-04-23
297,Robert,Bryant,dhanson@example.net,(687)865-3269x09738,Male,2004-10-25,2022-12-21,UK,England,London,Referral,0,2022-12-21
298,Barbara,Johnson,carrolljanet@example.org,001-371-528-4781,Other,1980-09-30,2025-02-07,Australia,NSW,Sydney,Email Campaign,1,2025-02-07
299,Judith,Horne,suttonamber@example.net,790-658-0778x7956,Female,1971-01-13,2022-11-05,India,Tamil Nadu,Chennai,Social Media,1,2022-11-05
300,Austin,Livingston,jessica94@example.org,+1-379-629-0490x4712,Male,1969-01-24,2024-10-19,India,Tamil Nadu,Chennai,Social Media,1,2024-10-19
301,Christina,Hill,alexis19@example.org,001-227-752-4372,Male,2007-11-12,2022-07-31,USA,New York,New York City,Partner,0,2022-07-31
302,Tammy,Larson,marymullins@example.com,001-863-972-3950x41027,Male,1971-09-06,2025-02-07,UK,England,London,Social Media,0,2025-02-07
303,Julie,Goodwin,noahthornton@example.com,728-860-4765x801,Other,1988-01-24,2023-12-20,USA,California,Los Angeles,Organic,1,2023-12-20
304,Denise,Nelson,joseph14@example.net,001-767-239-3852,Other,1991-05-14,2025-02-18,Canada,Ontario,Toronto,Partner,1,2025-02-18
305,Marie,Smith,foxgina@example.com,544.330.0910,Other,1993-03-27,2025-04-10,India,Tamil Nadu,Chennai,Paid Ad,1,2025-04-10
306,David,Gates,nicholasgallagher@example.net,001-621-824-4717,Female,1992-05-24,2023-08-16,USA,New York,New York City,Organic,0,2023-08-16
307,Elizabeth,Carrillo,fernando14@example.org,(465)904-4271x7396,Other,1961-06-15,2024-09-05,Germany,Bavaria,Munich,Referral,0,2024-09-05
308,Amber,Reynolds,gainesjennifer@example.org,2112947072,Other,1990-12-07,2026-03-17,USA,New York,New York City,Paid Ad,0,2026-03-17
309,Joseph,Graves,gandrews@example.net,001-777-766-1830x67198,Male,1991-11-05,2022-04-23,UK,England,London,Organic,1,2022-04-23
310,Richard,Chen,diazmelissa@example.com,674-832-8063,Female,2003-03-22,2024-05-31,USA,California,Los Angeles,Organic,0,2024-05-31
311,Crystal,Howard,mccluresamuel@example.org,(603)909-3761,Other,1984-01-03,2023-08-20,USA,New York,New York City,Referral,0,2023-08-20
312,Mary,Cole,johnsonbrian@example.net,5613387829,Female,1957-08-29,2026-02-02,UK,England,London,Partner,1,2026-02-02
313,Donald,Valdez,nmeadows@example.org,420.320.4179,Other,1999-01-19,2025-09-13,Australia,NSW,Sydney,Partner,1,2025-09-13
314,Daniel,Crawford,bryanharris@example.com,001-365-319-8253x0925,Other,1970-03-23,2025-08-27,USA,Texas,Houston,Organic,1,2025-08-27
315,Katherine,Jackson,angela73@example.net,2212962071,Female,1965-03-20,2025-07-30,Canada,Ontario,Toronto,Organic,1,2025-07-30
316,Christopher,Pearson,robert72@example.org,(448)976-3290,Female,1988-02-23,2023-06-09,India,Karnataka,Bengaluru,Social Media,1,2023-06-09
317,Christopher,Serrano,michael08@example.org,918.519.5883,Male,1970-05-11,2025-01-25,India,Maharashtra,Mumbai,Partner,0,2025-01-25
318,James,Hogan,kjimenez@example.net,9052436459,Male,1961-03-29,2025-01-09,India,Karnataka,Bengaluru,Social Media,1,2025-01-09
319,Brian,Medina,kristenwashington@example.org,537-399-5635,Male,1972-12-28,2023-02-17,India,Tamil Nadu,Chennai,Social Media,1,2023-02-17
320,Corey,Rojas,nicholaswalker@example.com,001-870-762-3972,Other,1962-12-08,2023-05-19,USA,New York,New York City,Partner,1,2023-05-19
321,Jennifer,Chen,james20@example.net,001-704-521-7762,Male,2002-09-08,2021-03-29,Germany,Bavaria,Munich,Paid Ad,1,2021-03-29
322,Cassandra,Clarke,belindatran@example.org,268-873-9774,Other,1994-09-22,2022-05-31,India,Maharashtra,Mumbai,Referral,1,2022-05-31
323,John,Murphy,patriciavargas@example.org,001-806-900-7806,Other,1998-08-16,2023-04-29,USA,New York,New York City,Referral,1,2023-04-29
324,Heather,Garcia,jallen@example.org,001-963-225-4310x742,Male,2007-06-17,2024-09-07,India,Maharashtra,Mumbai,Email Campaign,1,2024-09-07
325,Steven,Taylor,xlopez@example.net,501.365.8046x498,Male,1988-08-04,2024-02-10,USA,California,Los Angeles,Referral,0,2024-02-10
326,Matthew,Randolph,pamela16@example.com,590.355.2818x325,Male,1990-02-08,2023-10-24,Australia,NSW,Sydney,Organic,1,2023-10-24
327,Jo,Goodwin,karenhodges@example.com,(348)964-0155x778,Male,1993-04-30,2022-06-24,USA,California,Los Angeles,Paid Ad,1,2022-06-24
328,Erika,Patel,shannon51@example.org,911.462.4112x412,Male,2002-01-30,2024-08-19,India,Maharashtra,Mumbai,Referral,0,2024-08-19
329,Abigail,Burton,robert82@example.com,(767)704-3103x856,Male,1981-06-22,2021-08-03,India,Tamil Nadu,Chennai,Partner,0,2021-08-03
330,Elizabeth,Moreno,kellis@example.org,424-637-5402x5472,Other,1965-05-14,2022-04-11,UK,England,London,Organic,1,2022-04-11
331,Gregory,Erickson,evanwilson@example.com,001-727-745-2380,Female,1963-07-20,2026-01-11,Canada,Ontario,Toronto,Email Campaign,0,2026-01-11
332,Shane,Cantrell,david06@example.com,001-927-752-0885x47492,Female,1992-03-26,2022-03-23,Germany,Bavaria,Munich,Email Campaign,1,2022-03-23
333,Jessica,Mccullough,ericawilson@example.org,(693)575-1509x3983,Other,1956-11-25,2021-06-27,India,Maharashtra,Mumbai,Partner,1,2021-06-27
334,Amanda,Griffin,daughertypreston@example.com,799-780-5626x56504,Female,1972-01-14,2024-05-20,Australia,NSW,Sydney,Partner,1,2024-05-20
335,Sean,Hoffman,jessicawallace@example.com,942.766.2991x234,Female,1959-03-18,2021-09-07,USA,California,Los Angeles,Social Media,1,2021-09-07
336,Susan,Avila,smithdanielle@example.com,(628)979-2326x48704,Female,1985-05-08,2022-03-19,UK,England,London,Partner,1,2022-03-19
337,Steven,Johnson,moorekevin@example.net,+1-771-946-2730x1471,Male,1985-09-06,2021-10-29,Canada,Ontario,Toronto,Paid Ad,1,2021-10-29
338,Miranda,Burton,hmccann@example.com,690.742.9025x72520,Male,1977-12-10,2022-08-31,Germany,Bavaria,Munich,Referral,1,2022-08-31
339,Rhonda,Kelly,kelly18@example.org,001-721-492-8554x45189,Female,1956-05-22,2024-08-24,India,Tamil Nadu,Chennai,Email Campaign,0,2024-08-24
340,April,Watson,kjenkins@example.org,328.833.8988,Female,1980-02-11,2024-04-22,Australia,NSW,Sydney,Email Campaign,1,2024-04-22
341,Charles,Fuentes,mendozalarry@example.com,(579)485-2401,Male,2001-02-13,2025-10-29,Germany,Bavaria,Munich,Partner,1,2025-10-29
342,Douglas,Perez,jasonzavala@example.com,001-211-907-6031x089,Female,1962-01-04,2023-05-31,USA,New York,New York City,Social Media,1,2023-05-31
343,Johnny,Jones,websterkimberly@example.net,793.725.0124,Female,1964-03-20,2025-08-22,India,Maharashtra,Mumbai,Social Media,1,2025-08-22
344,Vincent,Chandler,williamjones@example.net,001-408-933-4280x13875,Other,1991-05-28,2025-08-31,UK,England,London,Organic,1,2025-08-31
345,Daniel,Davenport,gcoleman@example.org,(715)917-1827x54801,Female,1961-11-03,2025-10-15,India,Karnataka,Bengaluru,Partner,1,2025-10-15
346,Justin,Burke,gloria73@example.net,(346)331-7520x71678,Male,1963-04-22,2025-03-14,India,Tamil Nadu,Chennai,Partner,0,2025-03-14
347,Richard,Garza,figueroapatricia@example.org,853-953-9613,Male,1970-06-20,2021-10-02,Canada,Ontario,Toronto,Organic,1,2021-10-02
348,Jennifer,Perkins,katelyn65@example.com,+1-496-278-4271x14773,Male,1960-12-26,2025-11-04,USA,New York,New York City,Partner,1,2025-11-04
349,Brian,Jones,stantonpatrick@example.net,624-799-1187x73477,Other,1998-08-11,2022-06-17,India,Karnataka,Bengaluru,Organic,0,2022-06-17
350,Amber,Smith,ewingnicole@example.org,(875)467-7002x8427,Other,1972-04-07,2024-09-12,Germany,Bavaria,Munich,Organic,0,2024-09-12
351,Paul,Gallagher,rkeller@example.net,001-977-882-8064,Other,1988-05-28,2024-12-19,UK,England,London,Social Media,0,2024-12-19
352,Michael,Levine,bryan90@example.org,(259)505-6165x565,Other,1968-10-30,2024-03-24,USA,California,Los Angeles,Paid Ad,1,2024-03-24
353,Deborah,Watkins,meltondanny@example.org,6852076986,Other,1992-08-05,2022-03-01,India,Karnataka,Bengaluru,Email Campaign,0,2022-03-01
354,Brianna,Odom,uhudson@example.net,671-735-7852,Other,2007-02-02,2022-09-26,India,Maharashtra,Mumbai,Social Media,0,2022-09-26
355,James,Reid,pittmanamanda@example.com,604-396-3919x195,Female,1985-09-23,2022-03-20,India,Maharashtra,Mumbai,Email Campaign,1,2022-03-20
356,Amanda,Simmons,laura48@example.com,(485)936-6498x78208,Female,1966-12-29,2022-04-16,India,Karnataka,Bengaluru,Email Campaign,0,2022-04-16
357,Suzanne,Harmon,oadams@example.net,+1-869-808-3572x324,Other,1972-08-05,2025-10-24,India,Maharashtra,Mumbai,Email Campaign,1,2025-10-24
358,Maria,Brown,meghanadams@example.com,+1-924-993-6312x3034,Other,1985-05-18,2021-04-18,Germany,Bavaria,Munich,Partner,0,2021-04-18
359,Ryan,Lucas,harrisjoseph@example.org,348-820-7001x594,Male,2003-03-28,2021-04-29,India,Tamil Nadu,Chennai,Paid Ad,1,2021-04-29
360,Emily,Blackwell,uhahn@example.org,919.381.8984,Female,1968-04-28,2024-10-23,India,Tamil Nadu,Chennai,Organic,1,2024-10-23
361,David,Roman,marisa63@example.com,221.923.4764,Other,1983-12-25,2022-08-10,USA,Texas,Houston,Partner,1,2022-08-10
362,Holly,Rodriguez,pwells@example.com,(557)654-0900,Male,1985-01-01,2021-10-13,UK,England,London,Partner,1,2021-10-13
363,Kyle,Mullen,rebecca18@example.org,760.864.4134x327,Other,1997-07-17,2022-01-11,USA,California,Los Angeles,Email Campaign,0,2022-01-11
364,Joshua,Miller,aruiz@example.com,001-961-224-8156x985,Female,1996-02-04,2025-03-21,India,Maharashtra,Mumbai,Social Media,0,2025-03-21
365,Danielle,White,igibbs@example.org,(734)959-1123x8296,Female,1981-01-22,2022-10-07,India,Karnataka,Bengaluru,Paid Ad,1,2022-10-07
366,Jill,Green,lauren31@example.com,(926)569-3008x931,Male,1969-07-31,2021-12-14,India,Karnataka,Bengaluru,Referral,0,2021-12-14
367,Melissa,Williams,jburke@example.org,(529)610-8677x133,Other,1970-12-20,2021-07-23,USA,Texas,Houston,Organic,0,2021-07-23
368,Troy,Anderson,carolcarney@example.com,001-736-926-2044x3973,Other,1960-04-01,2025-12-20,India,Tamil Nadu,Chennai,Social Media,0,2025-12-20
369,Taylor,Savage,tmcdaniel@example.com,001-769-241-1800x537,Female,1955-12-28,2025-12-16,Canada,Ontario,Toronto,Paid Ad,1,2025-12-16
370,William,James,ilambert@example.net,4923428757,Female,1972-07-10,2022-04-12,India,Maharashtra,Mumbai,Social Media,0,2022-04-12
371,Alyssa,Thomas,edwardstiffany@example.com,956-444-9485x625,Other,1985-02-27,2024-03-06,USA,New York,New York City,Partner,1,2024-03-06
372,Sandra,Fields,jbrown@example.org,920.274.2761,Other,1979-02-09,2026-06-17,Germany,Bavaria,Munich,Partner,0,2026-06-17
373,Vanessa,Hoffman,uvasquez@example.org,551-234-2284,Male,1983-08-03,2021-07-06,India,Tamil Nadu,Chennai,Social Media,1,2021-07-06
374,Ashley,Butler,sancheztyler@example.org,904-616-5915x20177,Male,1987-03-15,2021-08-13,Germany,Bavaria,Munich,Referral,1,2021-08-13
375,Adam,Booker,unguyen@example.net,001-823-304-5018,Male,1976-11-05,2023-05-16,India,Tamil Nadu,Chennai,Paid Ad,0,2023-05-16
376,Gregory,Hanna,ndavis@example.org,(764)521-4764x9251,Male,1981-08-28,2024-09-05,India,Tamil Nadu,Chennai,Organic,1,2024-09-05
377,Nicole,Alvarez,bdavis@example.com,+1-326-661-0857x327,Male,1980-07-10,2025-10-30,Canada,Ontario,Toronto,Referral,0,2025-10-30
378,Christian,Solis,edgar24@example.org,964.690.8108x18661,Other,1974-07-19,2023-08-01,UK,England,London,Email Campaign,1,2023-08-01
379,Brenda,Mack,wilsondorothy@example.org,(960)616-4597,Female,1973-10-18,2021-10-23,India,Karnataka,Bengaluru,Partner,1,2021-10-23
380,Samantha,Patrick,jacobburgess@example.net,816-980-0610x277,Male,1971-10-03,2025-11-22,USA,California,Los Angeles,Social Media,0,2025-11-22
381,Lisa,Jensen,fballard@example.org,(403)510-3037,Other,1978-10-21,2024-07-06,USA,New York,New York City,Social Media,1,2024-07-06
382,Connie,Tyler,christophercarrillo@example.org,560.612.2777x0793,Other,1985-11-20,2025-07-15,Germany,Bavaria,Munich,Partner,1,2025-07-15
383,Martha,Williams,garciamelanie@example.com,(579)298-4076x78997,Male,1983-09-16,2024-03-31,UK,England,London,Social Media,1,2024-03-31
384,Robert,Stewart,adamsdeborah@example.com,579-957-6024,Male,1973-12-06,2024-08-23,USA,California,Los Angeles,Email Campaign,1,2024-08-23
385,Jesse,Robinson,sandra72@example.com,001-566-457-2934x1722,Male,1987-10-24,2025-01-22,Canada,Ontario,Toronto,Social Media,1,2025-01-22
386,Craig,Perry,ntorres@example.net,3057452280,Female,1978-07-13,2023-09-24,USA,New York,New York City,Email Campaign,1,2023-09-24
387,Christina,Martinez,tomchaney@example.com,001-308-242-8910x77119,Female,1982-08-05,2021-11-19,UK,England,London,Paid Ad,1,2021-11-19
388,Gary,Wilson,rhondamoore@example.com,001-878-271-2552x137,Female,1968-09-16,2023-06-27,India,Karnataka,Bengaluru,Referral,0,2023-06-27
389,Lisa,Peterson,christopherwatson@example.com,(732)286-3266x678,Other,1979-03-01,2022-04-13,USA,New York,New York City,Email Campaign,1,2022-04-13
390,Kayla,Robbins,millerleroy@example.org,(706)202-9084x66845,Female,1999-07-16,2024-12-02,India,Maharashtra,Mumbai,Partner,1,2024-12-02
391,Rachel,Bishop,isabellagriffin@example.org,-7414,Male,1976-05-17,2023-08-26,USA,Texas,Houston,Referral,1,2023-08-26
392,Jennifer,Hobbs,jason88@example.com,752.600.8943x46810,Male,1988-12-08,2023-03-20,India,Tamil Nadu,Chennai,Email Campaign,1,2023-03-20
393,Michael,Williams,westashley@example.org,453.899.8935x449,Male,1983-04-02,2021-11-05,USA,Texas,Houston,Partner,1,2021-11-05
394,John,Murphy,mackenzieward@example.org,(566)911-0627,Other,1959-11-05,2026-03-16,Canada,Ontario,Toronto,Email Campaign,1,2026-03-16
395,Erica,Powell,lwiggins@example.com,+1-367-576-2282x7728,Other,1979-11-05,2024-08-16,Canada,Ontario,Toronto,Paid Ad,0,2024-08-16
396,Antonio,Moore,sandra19@example.com,715-694-0821,Male,2008-03-26,2025-12-07,USA,Texas,Houston,Social Media,1,2025-12-07
397,Kevin,Tucker,douglaslawrence@example.org,643-927-0185x1067,Female,2003-06-04,2024-05-25,Canada,Ontario,Toronto,Email Campaign,1,2024-05-25
398,Kimberly,Alvarez,kathleenwagner@example.com,001-277-925-1996x63658,Other,1994-09-17,2024-12-12,USA,California,Los Angeles,Organic,1,2024-12-12
399,Debbie,Cline,armstronglaura@example.net,981-281-3989x0983,Female,1962-01-30,2026-03-07,India,Tamil Nadu,Chennai,Organic,1,2026-03-07
400,Sharon,White,hilljamie@example.net,001-971-289-5690,Female,1973-09-22,2025-02-19,USA,California,Los Angeles,Organic,1,2025-02-19
401,Henry,Johnson,patrick11@example.org,-5369,Female,1958-10-30,2025-04-24,USA,New York,New York City,Email Campaign,1,2025-04-24
402,Susan,White,evanscorey@example.org,(854)361-0339x93788,Female,1969-12-24,2021-06-18,Australia,NSW,Sydney,Email Campaign,1,2021-06-18
403,Lucas,Tran,washingtonrick@example.org,8489913824,Other,1960-02-26,2024-08-09,India,Maharashtra,Mumbai,Social Media,1,2024-08-09
404,Cynthia,Harris,nathanielgalloway@example.org,-1531,Male,1958-11-23,2022-09-10,Australia,NSW,Sydney,Social Media,1,2022-09-10
405,Sandra,Nelson,mary65@example.net,698.340.2891,Other,1976-08-28,2024-11-07,USA,New York,New York City,Organic,1,2024-11-07
406,David,Taylor,natalie39@example.net,254-974-3553x79502,Male,1955-12-07,2022-12-08,Australia,NSW,Sydney,Referral,1,2022-12-08
407,Albert,Thompson,ifarmer@example.org,+1-318-907-1569x5620,Other,1975-05-06,2025-12-05,Canada,Ontario,Toronto,Email Campaign,1,2025-12-05
408,James,Smith,changerin@example.net,(531)294-3375x047,Female,1966-02-06,2022-10-13,Germany,Bavaria,Munich,Paid Ad,0,2022-10-13
409,Lori,Foster,ashley72@example.net,499.692.1921,Female,2005-03-09,2025-05-06,India,Tamil Nadu,Chennai,Paid Ad,1,2025-05-06
410,Melissa,Ibarra,james08@example.net,987-906-0566x418,Other,1974-11-12,2021-08-03,Germany,Bavaria,Munich,Partner,0,2021-08-03
411,Katherine,Stephenson,brandonhull@example.net,550.563.5190x361,Female,1964-06-04,2021-09-27,India,Karnataka,Bengaluru,Organic,1,2021-09-27
412,Lance,Garrett,johnsonryan@example.org,001-754-531-7350,Female,2005-09-19,2025-05-03,Australia,NSW,Sydney,Paid Ad,1,2025-05-03
413,Kimberly,Harvey,garrettbeth@example.org,6068512070,Female,1959-03-12,2022-09-08,Germany,Bavaria,Munich,Organic,1,2022-09-08
414,Erica,Hansen,melissa61@example.net,001-263-999-0767x69915,Female,1983-02-13,2022-08-03,Germany,Bavaria,Munich,Paid Ad,0,2022-08-03
415,Briana,Rodriguez,larsoncarlos@example.org,001-428-545-6797,Other,1963-01-02,2022-06-13,UK,England,London,Partner,1,2022-06-13
416,Bradley,Anderson,ppalmer@example.com,498-222-7495x4508,Other,1968-04-15,2024-06-22,USA,New York,New York City,Social Media,1,2024-06-22
417,Lori,Hansen,hendersonjames@example.org,+1-631-853-7795x9959,Other,1973-02-14,2022-06-08,India,Karnataka,Bengaluru,Partner,1,2022-06-08
418,Daniel,Walter,crawfordsamantha@example.net,537.893.3756,Other,1965-06-21,2022-01-18,Australia,NSW,Sydney,Partner,0,2022-01-18
419,Veronica,Cox,howardangela@example.org,473-795-0033x4234,Male,2000-08-17,2025-01-22,UK,England,London,Paid Ad,1,2025-01-22
420,John,Gonzalez,meganlozano@example.org,+1-826-315-3473x55289,Male,1961-12-26,2023-01-09,India,Tamil Nadu,Chennai,Paid Ad,1,2023-01-09
421,Nicole,Anderson,jamesgray@example.com,696-430-9938x42530,Male,2000-11-02,2023-02-26,Canada,Ontario,Toronto,Referral,0,2023-02-26
422,Tanya,Blackwell,jessicamueller@example.net,+1-712-986-8578x725,Female,1993-08-21,2021-11-13,USA,Texas,Houston,Organic,1,2021-11-13
423,Troy,Adams,ylittle@example.net,+1-403-733-7363x4669,Other,1969-03-13,2021-06-04,Australia,NSW,Sydney,Paid Ad,1,2021-06-04
424,Christopher,Walton,sean53@example.net,8787956776,Other,1998-05-07,2022-06-21,Germany,Bavaria,Munich,Social Media,1,2022-06-21
425,Logan,Reyes,scottbaker@example.org,(714)288-8143x111,Male,1984-08-24,2022-10-27,USA,Texas,Houston,Partner,1,2022-10-27
426,Matthew,Leonard,kevin43@example.net,+1-928-440-4456x690,Other,2001-07-30,2022-11-10,Germany,Bavaria,Munich,Social Media,0,2022-11-10
427,Jeremy,Cummings,thomasblack@example.net,001-777-451-5366x37780,Female,1986-04-25,2025-08-10,USA,California,Los Angeles,Partner,1,2025-08-10
428,David,Harding,porterdonna@example.com,736-866-8459x09022,Other,2007-08-29,2025-12-25,India,Maharashtra,Mumbai,Paid Ad,0,2025-12-25
429,James,Myers,glopez@example.com,001-974-212-1820,Other,1965-08-08,2023-08-17,Canada,Ontario,Toronto,Referral,0,2023-08-17
430,Chad,Mccarty,jamie48@example.org,805.980.2566x212,Male,1995-02-04,2026-04-06,India,Tamil Nadu,Chennai,Paid Ad,1,2026-04-06
431,Paul,Berger,davidharris@example.com,001-272-499-4938x743,Female,1979-05-01,2025-12-10,Germany,Bavaria,Munich,Paid Ad,0,2025-12-10
432,Makayla,Jacobs,aliciakent@example.com,879.501.4754x692,Male,1965-03-23,2025-09-11,UK,England,London,Referral,1,2025-09-11
433,Christine,Reynolds,lbartlett@example.net,001-316-503-2484,Female,2003-11-15,2022-07-21,Germany,Bavaria,Munich,Organic,0,2022-07-21
434,Robert,Gill,carneycharles@example.org,756.872.4380x70176,Other,2001-01-23,2025-03-01,Canada,Ontario,Toronto,Organic,1,2025-03-01
435,Randy,Smith,fletcherderek@example.net,001-477-271-1837x2742,Female,1987-11-17,2022-05-26,Australia,NSW,Sydney,Organic,1,2022-05-26
436,Gregory,Martinez,qjackson@example.org,+1-842-675-2308x37081,Female,1979-03-29,2024-01-23,USA,Texas,Houston,Email Campaign,0,2024-01-23
437,Carly,Williams,pwang@example.com,331.506.0053,Male,2006-07-10,2025-11-27,USA,Texas,Houston,Referral,1,2025-11-27
438,Colin,Conley,jenniferwilliams@example.net,855-383-9386,Male,1968-01-10,2024-12-02,Canada,Ontario,Toronto,Social Media,1,2024-12-02
439,Daniel,Morris,moralesleslie@example.com,573.814.9501,Other,1971-09-09,2025-06-12,USA,California,Los Angeles,Paid Ad,0,2025-06-12
440,Carol,Bird,marquezkylie@example.net,(741)995-6252,Male,1959-04-14,2025-05-01,India,Maharashtra,Mumbai,Paid Ad,1,2025-05-01
441,Andres,Barr,oreyes@example.net,589.803.0914,Female,1995-11-04,2021-04-26,India,Maharashtra,Mumbai,Organic,1,2021-04-26
442,Christine,Brown,victor32@example.com,203.897.5245,Male,1990-01-20,2022-08-22,India,Karnataka,Bengaluru,Organic,1,2022-08-22
443,Keith,Johnson,matthew38@example.org,+1-233-496-8527x01713,Other,2005-06-09,2026-04-20,India,Tamil Nadu,Chennai,Referral,1,2026-04-20
444,David,Thompson,joelmiller@example.net,942.533.6293x449,Other,1970-02-11,2026-01-12,Canada,Ontario,Toronto,Organic,0,2026-01-12
445,Kimberly,Miller,raymond27@example.com,(489)662-7066x14982,Female,1975-11-15,2021-03-19,USA,New York,New York City,Referral,0,2021-03-19
446,Kevin,Campbell,ijones@example.net,832.930.0857x6665,Male,1972-01-08,2025-09-30,USA,Texas,Houston,Paid Ad,1,2025-09-30
447,Vanessa,Jones,riddledavid@example.net,(836)845-8750,Male,1994-09-12,2024-05-18,India,Maharashtra,Mumbai,Organic,0,2024-05-18
448,John,Johnson,crystal02@example.com,+1-872-343-9920x116,Other,1983-03-11,2025-09-16,India,Maharashtra,Mumbai,Email Campaign,1,2025-09-16
449,Jacob,Henderson,tking@example.net,-2309,Male,1995-05-23,2021-09-15,Canada,Ontario,Toronto,Social Media,1,2021-09-15
450,Sarah,Sanders,adam27@example.org,716-486-4622,Other,1993-01-08,2021-03-09,Germany,Bavaria,Munich,Email Campaign,1,2021-03-09
451,James,White,hayeslisa@example.org,402.334.6791,Other,1971-03-30,2023-09-18,Germany,Bavaria,Munich,Referral,1,2023-09-18
452,Nicholas,Hill,anthony37@example.com,+1-610-904-0901x38069,Male,1980-10-15,2025-10-25,India,Tamil Nadu,Chennai,Email Campaign,1,2025-10-25
453,Matthew,Jordan,evelyn55@example.org,(266)390-5510x762,Other,2001-10-07,2023-09-13,India,Karnataka,Bengaluru,Social Media,1,2023-09-13
454,Joshua,Lyons,miguelmontgomery@example.net,986.830.5050x5739,Other,1994-11-20,2021-12-17,USA,Texas,Houston,Paid Ad,1,2021-12-17
455,Laura,Bailey,shatfield@example.org,001-664-993-2898x0271,Female,1964-08-12,2021-03-25,USA,New York,New York City,Social Media,0,2021-03-25
456,Sean,Wilson,johnjackson@example.net,001-311-460-2564x347,Female,2004-08-12,2025-05-04,USA,California,Los Angeles,Paid Ad,0,2025-05-04
457,Cynthia,Vasquez,monica99@example.org,+1-356-768-6334x1411,Male,1994-12-16,2025-01-02,USA,California,Los Angeles,Paid Ad,1,2025-01-02
458,Sharon,Garner,berrydavid@example.com,(590)340-9836x6552,Other,1976-08-28,2022-03-01,India,Maharashtra,Mumbai,Partner,1,2022-03-01
459,Amanda,Murray,lisaphillips@example.org,972.594.2095x4814,Male,1981-12-11,2022-07-01,India,Karnataka,Bengaluru,Paid Ad,1,2022-07-01
460,Janet,Bennett,eric33@example.net,001-702-876-4208x6567,Other,1976-06-07,2024-10-18,Australia,NSW,Sydney,Referral,1,2024-10-18
461,Allison,Campbell,jacquelinekelley@example.org,(959)904-7292,Other,1971-02-19,2026-05-15,Canada,Ontario,Toronto,Referral,0,2026-05-15
462,Duane,Robinson,jillsmith@example.net,001-912-466-2015,Other,2005-10-18,2021-09-16,USA,Texas,Houston,Social Media,1,2021-09-16
463,David,Robertson,brittney26@example.org,3139674926,Male,2001-07-19,2024-04-16,USA,California,Los Angeles,Organic,0,2024-04-16
464,Debra,Hill,hrichardson@example.org,917-683-0999,Female,1992-06-22,2021-06-21,India,Maharashtra,Mumbai,Paid Ad,0,2021-06-21
465,Cody,Watkins,pwashington@example.net,(949)321-5182x60688,Other,1983-03-18,2025-06-20,Australia,NSW,Sydney,Social Media,1,2025-06-20
466,Brenda,Reeves,molinajared@example.net,229-420-8751,Other,1986-03-09,2021-05-30,India,Tamil Nadu,Chennai,Referral,1,2021-05-30
467,Denise,Miller,melissa01@example.org,445.982.6034x08487,Male,1992-07-19,2025-01-02,India,Tamil Nadu,Chennai,Partner,0,2025-01-02
468,Alexandra,Andersen,catherine83@example.net,503-703-2432,Male,1970-05-30,2024-01-25,India,Karnataka,Bengaluru,Paid Ad,1,2024-01-25
469,Jessica,Henderson,jorge26@example.com,746-428-3143,Other,1977-12-13,2025-06-27,UK,England,London,Social Media,1,2025-06-27
470,Eric,Riddle,mgray@example.org,341-781-8615,Male,2003-11-25,2024-10-20,UK,England,London,Social Media,1,2024-10-20
471,Kimberly,Thomas,joshuagarcia@example.org,(611)328-4971x8594,Other,2003-03-24,2025-02-13,Canada,Ontario,Toronto,Paid Ad,1,2025-02-13
472,George,Potts,zwhite@example.net,+1-888-696-7924x08222,Male,1958-07-05,2025-10-05,USA,New York,New York City,Social Media,1,2025-10-05
473,Jessica,Villegas,erikabarnes@example.com,(575)678-4468,Other,1989-05-25,2023-01-10,Germany,Bavaria,Munich,Paid Ad,1,2023-01-10
474,Christopher,Torres,megan11@example.net,212.890.1487,Male,1991-08-04,2022-02-25,India,Karnataka,Bengaluru,Paid Ad,1,2022-02-25
475,Sarah,Taylor,rrobertson@example.net,001-216-909-3068x538,Female,2006-11-01,2024-06-09,India,Tamil Nadu,Chennai,Email Campaign,1,2024-06-09
476,Emily,Macias,gregoryrichardson@example.org,650.967.6251x53814,Other,1971-04-07,2022-11-14,UK,England,London,Social Media,1,2022-11-14
477,Jason,Rojas,trobinson@example.net,207.797.0509x75451,Male,2002-11-21,2026-01-06,India,Karnataka,Bengaluru,Partner,1,2026-01-06
478,Jacob,Gomez,jordanjames@example.net,826.417.0243x76545,Female,1984-02-20,2025-11-17,India,Karnataka,Bengaluru,Partner,1,2025-11-17
479,Joseph,Mayo,wmartin@example.net,(505)931-3402x66502,Other,2006-07-28,2021-11-04,USA,California,Los Angeles,Partner,0,2021-11-04
480,Tonya,Wilson,zpierce@example.net,001-725-268-6211x022,Other,1996-05-18,2025-01-28,UK,England,London,Partner,1,2025-01-28
481,Joel,Gregory,russell90@example.com,344.671.6392x8234,Male,2008-05-27,2021-05-08,USA,Texas,Houston,Email Campaign,1,2021-05-08
482,John,Hoover,thomaspatton@example.org,001-689-523-9231x260,Male,2004-12-13,2021-05-23,Canada,Ontario,Toronto,Organic,1,2021-05-23
483,Ronald,Jensen,linomar@example.net,733-656-7086x0414,Female,2005-09-08,2025-02-09,India,Maharashtra,Mumbai,Social Media,1,2025-02-09
484,Jennifer,Wright,whiteaaron@example.net,001-753-647-4916x2475,Other,1961-08-14,2021-05-13,Germany,Bavaria,Munich,Referral,0,2021-05-13
485,Elizabeth,Vega,markfigueroa@example.com,001-398-295-3439x6112,Female,1986-10-18,2025-02-28,Canada,Ontario,Toronto,Social Media,1,2025-02-28
486,Rhonda,Pena,jamesgriffin@example.org,289-454-7382,Other,1965-11-13,2022-07-18,USA,New York,New York City,Paid Ad,1,2022-07-18
487,Andrea,King,patricia71@example.com,476-688-0294,Other,1958-02-11,2024-07-11,UK,England,London,Paid Ad,1,2024-07-11
488,Ashlee,Bauer,joysanders@example.net,-10193,Male,1966-09-03,2022-04-10,India,Maharashtra,Mumbai,Partner,1,2022-04-10
489,Adam,Armstrong,suarezkrystal@example.com,684.243.4481x23083,Other,1989-08-10,2026-08-07,USA,Texas,Houston,Social Media,1,2026-08-07
490,Sheri,Ramirez,josephgibbs@example.net,338.610.5955,Female,1993-12-23,2022-04-28,Australia,NSW,Sydney,Paid Ad,1,2022-04-28
491,Ricky,Carr,tracie05@example.org,001-942-540-8916x4983,Other,1972-11-22,2023-05-29,Canada,Ontario,Toronto,Paid Ad,1,2023-05-29
492,James,Soto,omoore@example.net,001-965-427-1727x2239,Male,1990-01-11,2023-03-31,Canada,Ontario,Toronto,Referral,0,2023-03-31
493,Andrew,Martin,lisamcdaniel@example.org,421-263-7618,Male,1987-09-07,2026-01-26,USA,New York,New York City,Partner,1,2026-01-26
494,Nicholas,Smith,hinesdeanna@example.org,(731)342-9001,Other,1966-06-06,2021-12-26,Canada,Ontario,Toronto,Paid Ad,1,2021-12-26
495,Timothy,Hart,tochoa@example.com,323.808.4810x0184,Other,1963-03-23,2021-09-23,India,Karnataka,Bengaluru,Email Campaign,1,2021-09-23
496,Rhonda,Johnson,wcruz@example.net,736-317-2131x4519,Male,1974-10-24,2024-05-13,India,Tamil Nadu,Chennai,Partner,1,2024-05-13
497,Sandy,Miller,munozgregory@example.net,392-262-4945x14754,Other,2001-05-18,2025-01-20,USA,Texas,Houston,Referral,1,2025-01-20
498,Tiffany,Strickland,lukemyers@example.net,711.996.4215x2265,Male,1978-03-03,2023-04-04,USA,New York,New York City,Referral,0,2023-04-04
499,Heather,Gutierrez,devon36@example.com,-10100,Female,1983-08-21,2021-04-18,Canada,Ontario,Toronto,Email Campaign,1,2021-04-18
500,Kimberly,Shepherd,jacquelineyoung@example.org,705.487.2105,Female,1971-04-30,2025-02-20,Germany,Bavaria,Munich,Email Campaign,0,2025-02-20
501,Douglas,Castaneda,osanchez@example.org,001-421-226-0650x1917,Male,1963-06-29,2021-12-20,USA,Texas,Houston,Paid Ad,1,2021-12-20
502,Donald,Sanchez,carrolllisa@example.org,001-227-228-4765x70412,Other,1987-09-24,2026-05-15,UK,England,London,Social Media,1,2026-05-15
503,Glenn,Martin,rwall@example.com,-4856,Male,2007-07-16,2021-10-30,UK,England,London,Paid Ad,1,2021-10-30
504,David,Lewis,robinsonisaiah@example.net,-6729,Female,1989-12-24,2026-01-18,USA,New York,New York City,Partner,0,2026-01-18
505,James,Rodriguez,coxkimberly@example.com,2346281139,Male,1965-08-28,2024-11-12,Australia,NSW,Sydney,Email Campaign,1,2024-11-12
506,James,Hickman,josephdavila@example.net,7976005140,Male,2006-07-10,2023-01-16,Germany,Bavaria,Munich,Social Media,0,2023-01-16
507,Vincent,Edwards,iswanson@example.net,+1-615-468-1820x96790,Male,1963-09-27,2021-08-15,Australia,NSW,Sydney,Email Campaign,1,2021-08-15
508,Steven,Mcclure,cisnerosjesse@example.org,+1-822-288-9857x25459,Male,2002-11-30,2024-05-30,USA,Texas,Houston,Referral,1,2024-05-30
509,Kim,Hughes,wendylawson@example.org,001-371-902-4817,Female,1972-05-02,2023-07-13,India,Karnataka,Bengaluru,Email Campaign,1,2023-07-13
510,Sarah,Martin,barbara51@example.org,(974)274-7219,Female,1974-12-21,2021-11-20,India,Tamil Nadu,Chennai,Referral,1,2021-11-20
511,Justin,Ortiz,scotthunt@example.net,351-668-7409x03802,Male,1975-08-17,2024-01-30,Australia,NSW,Sydney,Partner,1,2024-01-30
512,Ashley,Nash,paulford@example.org,(877)787-1121x663,Other,1959-02-15,2022-01-18,India,Tamil Nadu,Chennai,Partner,1,2022-01-18
513,Matthew,Munoz,jacquelinealvarez@example.com,208.727.2359x096,Male,1997-07-22,2022-09-24,USA,Texas,Houston,Partner,1,2022-09-24
514,Tiffany,Lewis,mirandacisneros@example.net,(544)621-2146x14768,Other,1965-06-18,2024-10-14,Germany,Bavaria,Munich,Organic,0,2024-10-14
515,Brian,Jacobson,wpeterson@example.com,(735)867-7826,Male,1999-04-30,2021-11-29,USA,California,Los Angeles,Partner,1,2021-11-29
516,Ann,English,christiancontreras@example.net,(355)802-7275,Other,1969-08-20,2023-12-21,Germany,Bavaria,Munich,Referral,0,2023-12-21
517,Jennifer,Mcneil,cynthiafowler@example.net,503-736-8296,Other,1966-10-28,2025-09-03,Germany,Bavaria,Munich,Partner,1,2025-09-03
518,James,Frazier,woodmichael@example.com,381-477-6655x8685,Other,1980-01-10,2026-08-02,USA,California,Los Angeles,Email Campaign,1,2026-08-02
519,Nathan,Tran,amyjames@example.net,001-964-391-1110x961,Female,1989-04-14,2024-05-22,India,Tamil Nadu,Chennai,Referral,1,2024-05-22
520,Wesley,Shaffer,melissa33@example.com,-2673,Female,2005-07-05,2024-05-03,UK,England,London,Organic,0,2024-05-03
521,Kimberly,Romero,nichole44@example.com,+1-830-560-0025x89552,Female,1985-02-28,2022-10-10,USA,California,Los Angeles,Social Media,1,2022-10-10
522,Peter,Jensen,zpoole@example.net,(826)626-5826x31281,Male,2000-02-02,2026-03-18,Canada,Ontario,Toronto,Paid Ad,1,2026-03-18
523,Erik,Morris,davissamuel@example.net,001-592-509-8196x02752,Female,1971-06-12,2022-08-12,Germany,Bavaria,Munich,Partner,0,2022-08-12
524,Amanda,Sanchez,qtownsend@example.org,612-609-1179x112,Female,2003-02-14,2024-11-15,India,Karnataka,Bengaluru,Referral,1,2024-11-15
525,Christopher,Snyder,roberta36@example.org,606.217.1366x5722,Female,2003-08-08,2022-03-11,India,Karnataka,Bengaluru,Referral,1,2022-03-11
526,Donna,Welch,wilsonmatthew@example.com,299.480.2841x3908,Female,1967-03-04,2022-05-17,Canada,Ontario,Toronto,Social Media,0,2022-05-17
527,Michael,Roach,murphyjeffrey@example.net,001-824-847-3158x477,Male,2004-08-04,2022-08-01,India,Maharashtra,Mumbai,Organic,1,2022-08-01
528,John,Gonzalez,suzanne19@example.net,823-876-7694x5919,Other,1966-04-17,2025-04-23,India,Tamil Nadu,Chennai,Social Media,1,2025-04-23
529,Michael,Hurst,colepamela@example.net,896-449-8560x125,Female,1974-09-01,2022-10-17,India,Maharashtra,Mumbai,Email Campaign,1,2022-10-17
530,Charles,Sandoval,dustin51@example.org,505-337-9538x16493,Male,1985-06-09,2023-02-17,India,Karnataka,Bengaluru,Social Media,1,2023-02-17
531,Jennifer,Shah,berrydebbie@example.net,001-965-453-3077x04611,Female,1987-08-02,2026-03-28,Australia,NSW,Sydney,Paid Ad,1,2026-03-28
532,Brittany,Young,mitchelldawn@example.net,7742260880,Male,1959-05-22,2021-04-05,Canada,Ontario,Toronto,Social Media,1,2021-04-05
533,Cody,Lang,joshua56@example.org,-7623,Male,2005-05-29,2026-02-16,Australia,NSW,Sydney,Referral,1,2026-02-16
534,Curtis,Walker,taylorvictoria@example.net,001-263-621-3580x0401,Male,1959-09-07,2024-12-16,Germany,Bavaria,Munich,Organic,0,2024-12-16
535,Mark,Salazar,knelson@example.org,001-371-525-2967,Other,1986-05-03,2026-07-21,India,Tamil Nadu,Chennai,Partner,1,2026-07-21
536,Donna,Bray,kendra73@example.org,241-558-3311x703,Other,1980-07-08,2024-03-16,Canada,Ontario,Toronto,Organic,1,2024-03-16
537,Paul,Freeman,jason98@example.net,847-528-1235x67983,Male,1959-05-06,2025-11-01,USA,New York,New York City,Paid Ad,1,2025-11-01
538,Rodney,Parks,thomasnancy@example.net,930-772-4078,Female,1969-10-13,2025-07-10,India,Karnataka,Bengaluru,Organic,0,2025-07-10
539,Sara,Miller,zlewis@example.net,(885)407-4510x66343,Other,1987-03-12,2021-07-29,UK,England,London,Email Campaign,1,2021-07-29
540,Alyssa,Snyder,drodriguez@example.net,313.310.0943,Other,1970-04-22,2025-01-24,India,Maharashtra,Mumbai,Paid Ad,0,2025-01-24
541,Nicole,Lyons,gmyers@example.org,001-947-632-3549x4012,Other,2000-11-22,2025-05-02,USA,New York,New York City,Social Media,1,2025-05-02
542,Hailey,Jackson,jacksonmartin@example.com,(407)265-0241,Other,1987-03-11,2024-02-20,Australia,NSW,Sydney,Partner,0,2024-02-20
543,Tara,Aguilar,emarks@example.org,3093438822,Male,1971-11-07,2022-05-02,Germany,Bavaria,Munich,Organic,1,2022-05-02
544,Jill,Chavez,veronica47@example.com,(270)454-5897x148,Female,2007-07-30,2025-03-09,UK,England,London,Email Campaign,1,2025-03-09
545,Melissa,Hopkins,michaeljohnson@example.net,001-665-731-3614x8782,Male,2002-10-09,2022-08-14,India,Karnataka,Bengaluru,Email Campaign,0,2022-08-14
546,Peter,Butler,kyle09@example.net,001-459-916-7954x107,Other,1991-10-18,2025-07-03,Australia,NSW,Sydney,Organic,1,2025-07-03
547,Alexandra,Roberts,kevinroberts@example.com,6702349107,Male,1978-07-07,2021-06-09,USA,California,Los Angeles,Partner,1,2021-06-09
548,Donna,Smith,devin48@example.net,001-782-514-2369x14307,Other,1998-09-23,2026-04-25,India,Karnataka,Bengaluru,Social Media,1,2026-04-25
549,Dana,Henderson,orozcosamantha@example.net,629-665-9234x2683,Female,1960-03-30,2022-07-27,USA,Texas,Houston,Email Campaign,1,2022-07-27
550,Ashley,Fuller,nicholasliu@example.com,828-975-8575,Female,1977-12-29,2022-10-28,India,Karnataka,Bengaluru,Email Campaign,0,2022-10-28
551,Robert,Johnson,bernardrobert@example.org,+1-843-498-5298x940,Other,1977-01-23,2024-10-09,India,Tamil Nadu,Chennai,Email Campaign,0,2024-10-09
552,Adam,Aguirre,fcombs@example.org,215-591-4975x019,Other,1983-01-26,2026-06-30,Australia,NSW,Sydney,Email Campaign,1,2026-06-30
553,Anna,Coffey,jeffreylowe@example.org,340-579-3110x2918,Male,1966-07-14,2026-04-30,India,Tamil Nadu,Chennai,Paid Ad,1,2026-04-30
554,Thomas,Wall,hmyers@example.com,(472)438-4979x1620,Female,1999-02-03,2022-03-25,India,Karnataka,Bengaluru,Email Campaign,1,2022-03-25
555,Diane,Jackson,thomasroberts@example.net,897-854-6617,Other,1963-07-24,2021-04-20,India,Tamil Nadu,Chennai,Social Media,1,2021-04-20
556,Justin,Wilson,tsmith@example.org,+1-597-705-2774x0258,Other,2003-07-18,2023-07-22,India,Tamil Nadu,Chennai,Organic,0,2023-07-22
557,Alicia,Palmer,dianabell@example.net,001-857-924-4617,Male,1987-10-26,2026-05-22,Germany,Bavaria,Munich,Email Campaign,0,2026-05-22
558,Henry,Erickson,david59@example.net,(999)761-0023x117,Male,1995-12-26,2025-04-07,Germany,Bavaria,Munich,Partner,1,2025-04-07
559,Tina,Stokes,danielgilmore@example.net,(461)709-4101x7590,Other,1961-05-31,2021-05-10,India,Maharashtra,Mumbai,Partner,0,2021-05-10
560,Shannon,Anderson,jameshenry@example.net,433-226-8319x0130,Male,1974-10-06,2023-02-21,USA,New York,New York City,Social Media,0,2023-02-21
561,Ricky,Payne,petersonfaith@example.net,+1-387-933-9785x5982,Male,1978-05-14,2025-09-12,India,Karnataka,Bengaluru,Social Media,1,2025-09-12
562,Nicholas,Jones,martinezzachary@example.org,673-609-8503,Other,1976-05-26,2025-08-08,India,Maharashtra,Mumbai,Email Campaign,1,2025-08-08
563,Michael,Brennan,tammyjones@example.net,389.984.6908,Other,2005-05-13,2021-09-13,Canada,Ontario,Toronto,Referral,0,2021-09-13
564,Traci,Delgado,morganjose@example.com,001-302-838-5037x19905,Other,1987-05-30,2023-04-30,Australia,NSW,Sydney,Paid Ad,1,2023-04-30
565,Cheyenne,Miller,rpotts@example.net,6105783567,Female,1956-11-04,2025-03-24,Canada,Ontario,Toronto,Referral,1,2025-03-24
566,Brian,Ayala,amandadalton@example.net,+1-308-770-6626x68217,Other,1974-05-09,2024-11-03,Canada,Ontario,Toronto,Paid Ad,1,2024-11-03
567,Matthew,Hull,jessechapman@example.org,(789)700-3010x27240,Male,1987-08-21,2026-06-07,India,Tamil Nadu,Chennai,Referral,1,2026-06-07
568,Pamela,Bolton,catherinemendoza@example.org,+1-511-648-3753x74584,Male,1972-08-09,2024-05-07,India,Tamil Nadu,Chennai,Paid Ad,1,2024-05-07
569,Amber,Garcia,rachel97@example.com,732-483-4831,Other,1957-08-10,2023-04-30,India,Tamil Nadu,Chennai,Partner,1,2023-04-30
570,Joe,Alexander,bbenton@example.com,8449964104,Female,1956-09-14,2024-07-22,Canada,Ontario,Toronto,Paid Ad,1,2024-07-22
571,Patrick,Wallace,jamielopez@example.com,-6206,Female,1995-11-04,2024-01-26,Australia,NSW,Sydney,Organic,1,2024-01-26
572,Matthew,Calderon,yglenn@example.net,001-401-886-4876x9984,Female,1980-06-23,2025-04-05,Germany,Bavaria,Munich,Paid Ad,1,2025-04-05
573,Victoria,Allen,campbellfelicia@example.com,638-745-9609,Male,1969-12-13,2024-04-04,USA,Texas,Houston,Paid Ad,0,2024-04-04
574,John,Delgado,martinezashley@example.com,527-870-7070x578,Female,1958-10-24,2024-11-19,USA,New York,New York City,Partner,1,2024-11-19
575,Sheila,Hill,stephanie72@example.com,001-944-772-3229x03102,Male,1957-12-06,2026-05-17,India,Tamil Nadu,Chennai,Referral,1,2026-05-17
576,Jennifer,Brown,theresa05@example.net,001-509-535-1187x181,Other,1972-12-21,2024-01-16,Australia,NSW,Sydney,Partner,1,2024-01-16
577,Nathan,Carson,bjones@example.com,(605)295-5657,Male,1964-03-15,2022-07-17,India,Tamil Nadu,Chennai,Email Campaign,1,2022-07-17
578,Bradley,Conrad,rodriguezjason@example.com,889.353.6902x61139,Male,2000-08-18,2023-09-08,Germany,Bavaria,Munich,Organic,0,2023-09-08
579,Allison,Williams,hhopkins@example.com,943-894-3535x37513,Other,1974-11-20,2023-07-14,Australia,NSW,Sydney,Referral,1,2023-07-14
580,Michael,Wagner,denise93@example.com,(339)328-3692x94455,Female,1977-05-11,2022-02-15,USA,California,Los Angeles,Paid Ad,0,2022-02-15
581,William,Hernandez,xchen@example.org,(370)421-6487,Other,2001-10-15,2022-02-16,Canada,Ontario,Toronto,Referral,1,2022-02-16
582,Mary,Johnson,veronicaanderson@example.net,(365)226-8341x5599,Female,1959-08-13,2022-10-09,USA,California,Los Angeles,Partner,1,2022-10-09
583,Samantha,Dodson,vmccoy@example.com,872-729-8120x9957,Other,1978-12-14,2026-05-10,Canada,Ontario,Toronto,Referral,1,2026-05-10
584,William,Chapman,halltrevor@example.org,001-788-498-6456,Female,2006-03-31,2024-08-08,India,Tamil Nadu,Chennai,Partner,1,2024-08-08
585,Bobby,Landry,russellramirez@example.net,315-542-1447x73244,Other,1991-01-11,2022-01-02,USA,California,Los Angeles,Email Campaign,0,2022-01-02
586,Donald,Clark,anthonyorr@example.net,-7148,Male,1983-04-25,2021-06-02,India,Maharashtra,Mumbai,Social Media,1,2021-06-02
587,Mariah,Phillips,moransamantha@example.org,767.441.2415x131,Female,1982-08-01,2021-05-29,USA,Texas,Houston,Social Media,0,2021-05-29
588,Joshua,Mccoy,mannleroy@example.org,(618)953-8003x29633,Male,1963-09-25,2024-03-31,USA,Texas,Houston,Organic,1,2024-03-31
589,Lisa,Gross,david18@example.net,001-830-561-7893x2064,Female,1989-07-04,2022-03-16,India,Tamil Nadu,Chennai,Paid Ad,1,2022-03-16
590,Todd,Sandoval,nataliepittman@example.com,+1-977-769-5874x13146,Male,1968-10-26,2026-07-17,Canada,Ontario,Toronto,Email Campaign,0,2026-07-17
591,Roger,Thompson,donna56@example.net,(577)896-3044,Male,1958-12-06,2024-01-23,Canada,Ontario,Toronto,Organic,1,2024-01-23
592,Kelsey,Green,robert76@example.com,404-573-5047x639,Other,1997-01-09,2022-10-28,India,Karnataka,Bengaluru,Social Media,0,2022-10-28
593,Daniel,Donaldson,david80@example.net,5617558108,Male,1984-02-02,2023-02-02,India,Tamil Nadu,Chennai,Partner,1,2023-02-02
594,Tracie,Massey,oheath@example.com,(255)363-8300,Other,1982-04-15,2024-04-23,India,Karnataka,Bengaluru,Partner,1,2024-04-23
595,Lacey,Williams,kevin33@example.org,216-462-4111x860,Other,1960-10-08,2022-12-20,India,Maharashtra,Mumbai,Partner,1,2022-12-20
596,Brianna,Myers,kristen68@example.net,8446731497,Other,1978-06-22,2025-10-18,UK,England,London,Paid Ad,0,2025-10-18
597,Jeffrey,Russell,timothy88@example.org,(907)765-8173x9063,Other,1980-12-23,2025-06-30,USA,New York,New York City,Organic,0,2025-06-30
598,Daniel,Collins,lisadaugherty@example.org,-4627,Female,1958-10-30,2022-07-30,USA,Texas,Houston,Paid Ad,1,2022-07-30
599,Trevor,Jenkins,mary05@example.net,001-996-704-3878,Female,2006-07-24,2021-01-28,India,Maharashtra,Mumbai,Social Media,1,2021-01-28
600,Joe,Murray,vrobertson@example.net,316-416-2028,Female,1966-03-02,2026-01-04,India,Maharashtra,Mumbai,Paid Ad,1,2026-01-04
601,Molly,Wilson,osimpson@example.net,728.466.0416x4485,Female,1963-03-17,2021-02-16,India,Tamil Nadu,Chennai,Partner,1,2021-02-16
602,Alexandra,Harris,april47@example.com,452.428.7056,Male,1980-08-23,2023-08-26,India,Karnataka,Bengaluru,Partner,0,2023-08-26
603,Victoria,Smith,jamesdavis@example.com,610-697-9215x83503,Female,1999-03-17,2026-03-22,USA,New York,New York City,Referral,0,2026-03-22
604,Miranda,Silva,michael64@example.net,-2364,Other,1962-06-03,2024-06-27,UK,England,London,Organic,1,2024-06-27
605,Alexa,Newman,xrivera@example.net,+1-449-473-2033x192,Other,1980-11-27,2025-02-14,India,Tamil Nadu,Chennai,Referral,1,2025-02-14
606,Aaron,Miller,taylorlindsay@example.com,+1-775-348-1386x66754,Female,2002-07-10,2022-07-02,India,Maharashtra,Mumbai,Referral,1,2022-07-02
607,Megan,Moses,jennifer68@example.com,541.886.5205x7563,Female,1975-07-17,2025-03-11,Canada,Ontario,Toronto,Partner,0,2025-03-11
608,Sarah,Cowan,scottfox@example.org,001-645-215-4809,Other,1990-01-04,2026-04-13,Australia,NSW,Sydney,Partner,1,2026-04-13
609,Darlene,Sanders,joshua09@example.org,001-479-477-2781x050,Other,2001-11-13,2023-10-11,India,Maharashtra,Mumbai,Email Campaign,1,2023-10-11
610,David,Barnes,browndana@example.org,818-843-9055x29580,Other,2000-02-09,2026-01-04,USA,New York,New York City,Partner,0,2026-01-04
611,Elizabeth,Brown,jessicamiller@example.com,6497386204,Other,1961-12-11,2021-11-16,India,Karnataka,Bengaluru,Organic,1,2021-11-16
612,Steven,Huff,knightsteven@example.org,521-725-9020,Other,1980-02-08,2023-04-09,USA,California,Los Angeles,Email Campaign,1,2023-04-09
613,Natalie,Harding,mary32@example.com,5645242956,Female,1970-03-02,2022-11-05,USA,Texas,Houston,Email Campaign,1,2022-11-05
614,James,Krause,heidi41@example.com,(595)858-7209x628,Other,1974-02-04,2022-04-22,Canada,Ontario,Toronto,Referral,1,2022-04-22
615,Lisa,Hogan,matthewschmitt@example.net,001-941-483-4374x0182,Male,1980-06-21,2026-06-26,Germany,Bavaria,Munich,Email Campaign,1,2026-06-26
616,Marcus,Elliott,morrisdaniel@example.com,6264755125,Female,1980-06-13,2021-08-16,Canada,Ontario,Toronto,Referral,1,2021-08-16
617,Jacob,Johnson,swatkins@example.com,001-367-834-5957x6403,Female,1978-04-12,2025-08-29,Australia,NSW,Sydney,Email Campaign,1,2025-08-29
618,Joseph,Ray,martingarrett@example.com,+1-983-892-2501x425,Other,1964-06-20,2026-03-09,USA,California,Los Angeles,Paid Ad,1,2026-03-09
619,Aaron,Hernandez,kevinmiller@example.org,461.732.8507,Female,1961-01-01,2025-06-10,USA,California,Los Angeles,Organic,1,2025-06-10
620,Andrea,Long,robertabarnett@example.com,001-831-362-5265x469,Male,1974-02-03,2021-10-27,India,Maharashtra,Mumbai,Social Media,1,2021-10-27
621,Elizabeth,Cordova,walkercharlotte@example.org,(555)280-9961x327,Other,1966-11-26,2021-09-19,India,Karnataka,Bengaluru,Organic,1,2021-09-19
622,Ryan,Morgan,ronaldmitchell@example.com,+1-870-246-2268x17151,Male,1964-03-26,2026-04-18,USA,New York,New York City,Paid Ad,1,2026-04-18
623,David,Hunter,psmith@example.net,(760)346-4197x8575,Male,1997-05-04,2023-01-08,UK,England,London,Partner,1,2023-01-08
624,Tina,Schmidt,fberg@example.org,2599438976,Female,1970-08-21,2025-03-14,UK,England,London,Social Media,1,2025-03-14
625,David,Burns,brendan95@example.com,(254)308-4245x60754,Male,1974-08-22,2025-03-19,UK,England,London,Partner,0,2025-03-19
626,Benjamin,Rodgers,gregorynichols@example.org,001-327-764-5793x8970,Other,1975-06-19,2022-06-29,Australia,NSW,Sydney,Paid Ad,1,2022-06-29
627,Dwayne,Davila,reyestina@example.org,546-260-2416x13944,Other,1975-07-17,2023-01-02,USA,New York,New York City,Social Media,1,2023-01-02
628,Thomas,Hodges,shill@example.org,880-496-2440x630,Other,1970-04-09,2022-06-06,Australia,NSW,Sydney,Referral,0,2022-06-06
629,Steven,Tyler,colton30@example.net,231-794-9796x95867,Female,1973-10-04,2021-04-04,USA,California,Los Angeles,Social Media,0,2021-04-04
630,Michael,Wallace,fdickerson@example.org,-1988,Other,1966-09-15,2025-10-04,Australia,NSW,Sydney,Social Media,1,2025-10-04
631,Traci,Wood,karen77@example.org,(299)629-5966,Female,1985-03-14,2023-10-11,India,Maharashtra,Mumbai,Paid Ad,0,2023-10-11
632,Travis,Young,nicholasrush@example.org,863-831-9422,Male,1974-05-13,2024-02-04,USA,Texas,Houston,Partner,1,2024-02-04
633,Jeff,Lester,luis51@example.net,+1-858-688-6367x74722,Other,1955-11-19,2021-05-12,USA,New York,New York City,Social Media,1,2021-05-12
634,Maria,Hines,francesgarcia@example.net,+1-866-263-0932x9981,Male,1972-12-07,2021-03-06,Germany,Bavaria,Munich,Referral,1,2021-03-06
635,John,Hudson,xcohen@example.org,001-796-488-3275x3273,Other,1971-03-27,2022-02-18,USA,New York,New York City,Organic,1,2022-02-18
636,Patricia,Clark,rstevens@example.net,232.278.1952x371,Male,1991-11-09,2021-07-19,Canada,Ontario,Toronto,Partner,1,2021-07-19
637,Richard,Meyer,eatkins@example.com,781-898-0770x460,Female,1993-09-09,2025-07-06,USA,California,Los Angeles,Referral,1,2025-07-06
638,William,Banks,gcobb@example.org,391-725-6523x734,Male,1989-09-26,2023-06-09,Australia,NSW,Sydney,Referral,1,2023-06-09
639,Charles,Nolan,wgoodwin@example.com,247-557-4949x02284,Male,2002-05-11,2024-03-30,Australia,NSW,Sydney,Partner,1,2024-03-30
640,Anna,Reeves,shirley29@example.net,577-642-2294x6430,Other,1963-07-28,2024-07-30,Germany,Bavaria,Munich,Email Campaign,1,2024-07-30
641,Alexander,Diaz,kwoods@example.com,+1-929-885-8567x2872,Female,1956-06-17,2023-08-29,India,Karnataka,Bengaluru,Referral,0,2023-08-29
642,Stacey,Peterson,jamie24@example.net,001-313-757-7908x33506,Female,1982-08-08,2023-06-25,Australia,NSW,Sydney,Paid Ad,1,2023-06-25
643,Joseph,Nixon,wallerbrian@example.net,333.542.3372x09484,Other,1994-07-29,2021-09-07,India,Tamil Nadu,Chennai,Email Campaign,1,2021-09-07
644,Samantha,Escobar,alexandrabrown@example.org,399.577.1805,Other,1981-01-21,2025-10-16,USA,Texas,Houston,Social Media,0,2025-10-16
645,Scott,Alvarez,danielsjason@example.com,890-696-1739x9704,Other,1981-10-25,2024-11-11,USA,California,Los Angeles,Partner,1,2024-11-11
646,Gregory,Hunter,stephanie44@example.net,954.288.4712,Other,1972-08-16,2024-07-29,UK,England,London,Social Media,1,2024-07-29
647,Terri,Ruiz,haroldhodges@example.net,717-958-2313x3484,Female,1961-02-28,2022-09-04,UK,England,London,Social Media,0,2022-09-04
648,Kevin,Lynch,mariolee@example.com,(629)525-8796,Male,2005-02-23,2026-04-24,USA,Texas,Houston,Referral,0,2026-04-24
649,Thomas,Chase,nathan45@example.net,(757)446-9660x606,Female,2007-05-20,2022-08-15,India,Tamil Nadu,Chennai,Organic,1,2022-08-15
650,Katie,Smith,jasonmoran@example.com,(905)666-5883x398,Female,1961-05-15,2025-08-18,Australia,NSW,Sydney,Email Campaign,1,2025-08-18
651,John,Nguyen,ldavid@example.com,3672349960,Female,1989-08-10,2022-07-04,Australia,NSW,Sydney,Referral,1,2022-07-04
652,Joshua,Wood,daniel21@example.com,001-662-629-4938x17359,Female,1992-04-03,2023-04-13,India,Tamil Nadu,Chennai,Partner,1,2023-04-13
653,Donald,Carrillo,susan57@example.net,625.673.7553,Female,1987-09-13,2026-01-17,USA,New York,New York City,Organic,1,2026-01-17
654,Sarah,Taylor,zsimmons@example.com,7809850960,Male,1970-09-08,2023-02-20,Australia,NSW,Sydney,Paid Ad,0,2023-02-20
655,Matthew,Jones,cunninghamterri@example.org,-9377,Male,1980-05-22,2021-06-11,UK,England,London,Referral,1,2021-06-11
656,Pamela,Gamble,debrajones@example.net,001-257-886-0694,Female,1956-09-15,2023-06-08,Germany,Bavaria,Munich,Referral,1,2023-06-08
657,Jeffrey,Simmons,melissa95@example.net,239.259.2323x421,Male,1997-01-07,2024-05-26,India,Karnataka,Bengaluru,Referral,1,2024-05-26
658,Amber,Blevins,monica33@example.org,926-543-3502x7160,Other,1975-11-14,2022-04-26,India,Maharashtra,Mumbai,Social Media,1,2022-04-26
659,Sean,Ross,kellilawrence@example.org,928-798-1231,Female,1995-06-11,2023-04-18,India,Maharashtra,Mumbai,Referral,0,2023-04-18
660,Logan,Lee,marshmichael@example.com,617.500.6661x55416,Female,2008-09-10,2024-08-10,Australia,NSW,Sydney,Social Media,0,2024-08-10
661,Christopher,Schneider,bliu@example.com,001-250-223-2902x8227,Female,1987-04-22,2025-01-11,Canada,Ontario,Toronto,Paid Ad,0,2025-01-11
662,Jason,Singh,nathan62@example.com,(928)522-5120,Female,1971-12-06,2026-07-30,India,Karnataka,Bengaluru,Organic,1,2026-07-30
663,Colleen,Stout,christy00@example.com,4704260869,Male,1961-01-05,2024-08-04,Canada,Ontario,Toronto,Paid Ad,0,2024-08-04
664,Michael,Walker,hmcneil@example.com,768.772.9047x742,Male,2006-06-04,2025-08-23,India,Karnataka,Bengaluru,Email Campaign,1,2025-08-23
665,Elizabeth,Davis,kgoodman@example.org,(638)322-3116,Male,1968-12-11,2022-08-21,India,Maharashtra,Mumbai,Paid Ad,0,2022-08-21
666,John,Blair,mark79@example.net,294.425.6529x06032,Female,1989-05-05,2025-09-07,Australia,NSW,Sydney,Referral,0,2025-09-07
667,Mary,Young,kmorris@example.com,653.796.7379x4871,Male,1973-07-31,2024-09-13,India,Maharashtra,Mumbai,Social Media,1,2024-09-13
668,Patricia,Scott,dingram@example.net,458-341-5608,Female,1967-09-29,2023-10-04,Germany,Bavaria,Munich,Email Campaign,1,2023-10-04
669,Stephen,Rodriguez,david54@example.com,(481)282-6832x30358,Female,1998-02-14,2023-11-21,India,Karnataka,Bengaluru,Partner,0,2023-11-21
670,Michael,Hall,nicholasgarcia@example.org,+1-893-928-9634x0646,Male,1980-07-06,2026-03-03,Canada,Ontario,Toronto,Partner,0,2026-03-03
671,Derek,Hurley,jonesjeanette@example.net,439-891-0622x7236,Male,1976-06-06,2022-11-25,India,Karnataka,Bengaluru,Partner,1,2022-11-25
672,James,Flowers,perezstacy@example.org,(319)923-7245x0184,Male,1968-01-05,2026-06-24,Australia,NSW,Sydney,Email Campaign,0,2026-06-24
673,Samuel,Short,whernandez@example.net,340-364-1769x27438,Male,2008-07-31,2021-05-19,USA,California,Los Angeles,Partner,0,2021-05-19
674,Carrie,George,john76@example.com,7143448564,Female,1956-05-23,2021-01-27,USA,California,Los Angeles,Referral,1,2021-01-27
675,Jennifer,Washington,bwalker@example.net,317-389-9698x609,Other,1986-03-20,2021-10-06,India,Maharashtra,Mumbai,Referral,0,2021-10-06
676,David,Gallagher,betty96@example.com,001-405-277-9806x603,Other,1989-02-15,2023-06-15,USA,California,Los Angeles,Social Media,1,2023-06-15
677,Mark,Carter,upham@example.com,555-753-4705x742,Other,1994-12-19,2021-09-05,India,Karnataka,Bengaluru,Partner,1,2021-09-05
678,Karen,Norman,megangates@example.com,(498)835-4116x597,Other,1966-06-03,2026-06-03,Germany,Bavaria,Munich,Social Media,0,2026-06-03
679,Melissa,Washington,linda52@example.org,301-539-4884x88269,Other,1960-08-27,2021-01-28,USA,California,Los Angeles,Email Campaign,1,2021-01-28
680,Jennifer,Melendez,jphelps@example.net,285-562-6149x91537,Male,1984-10-01,2021-02-18,UK,England,London,Email Campaign,1,2021-02-18
681,Elizabeth,Hill,swalker@example.org,937.932.0430,Male,1977-09-04,2024-03-20,India,Tamil Nadu,Chennai,Email Campaign,1,2024-03-20
682,Andrea,Carroll,hlopez@example.net,(396)445-4655x3585,Male,1972-10-03,2023-01-05,UK,England,London,Organic,0,2023-01-05
683,Maria,Park,colinlowery@example.net,001-278-951-9358x374,Male,1988-07-03,2022-09-02,Australia,NSW,Sydney,Referral,0,2022-09-02
684,Tyler,Graham,andrewwest@example.net,6572215149,Female,1993-07-12,2023-10-31,Germany,Bavaria,Munich,Paid Ad,0,2023-10-31
685,Travis,Padilla,valerielewis@example.com,284-753-9862x8950,Female,1986-11-04,2021-11-20,UK,England,London,Social Media,1,2021-11-20
686,Kim,Jones,morenojessica@example.net,339.322.0715,Other,2005-11-08,2023-09-24,Canada,Ontario,Toronto,Referral,1,2023-09-24
687,Audrey,Rush,yballard@example.net,625.821.4526x4712,Other,1966-05-04,2021-11-27,India,Tamil Nadu,Chennai,Partner,0,2021-11-27
688,Michael,Holland,morgankaren@example.net,209-708-0512x080,Female,1976-02-06,2022-01-18,USA,California,Los Angeles,Social Media,0,2022-01-18
689,Anthony,Stein,michele23@example.net,+1-972-483-5129x592,Male,1982-08-06,2026-05-04,UK,England,London,Partner,0,2026-05-04
690,Lisa,Wallace,mcconnellpamela@example.org,741-952-9821x7392,Male,2004-12-03,2022-12-03,USA,California,Los Angeles,Social Media,0,2022-12-03
691,Amy,Price,qraymond@example.net,253-752-3736,Other,1958-10-24,2024-09-18,UK,England,London,Organic,1,2024-09-18
692,Toni,Castillo,abbottchristopher@example.net,689-898-8683x45273,Male,1977-02-17,2021-06-24,Australia,NSW,Sydney,Referral,1,2021-06-24
693,Nicholas,Henry,jgarcia@example.com,+1-464-774-0803x149,Female,1994-11-21,2026-05-02,Germany,Bavaria,Munich,Organic,0,2026-05-02
694,Amanda,Williams,paul58@example.org,+1-368-582-8503x17235,Other,1981-12-16,2024-02-23,USA,New York,New York City,Email Campaign,0,2024-02-23
695,Ashley,Austin,weeksjamie@example.net,840-235-2635,Female,1963-12-21,2023-01-05,USA,California,Los Angeles,Organic,1,2023-01-05
696,Carol,Howell,nicole69@example.net,+1-243-846-0666x4374,Other,1957-12-03,2022-08-14,India,Maharashtra,Mumbai,Social Media,0,2022-08-14
697,Katie,Anderson,chadwilson@example.org,612.385.2464x8449,Male,1996-01-15,2024-05-10,USA,New York,New York City,Email Campaign,0,2024-05-10
698,Ralph,Blackwell,stephaniepeters@example.com,228.807.7113,Other,1965-06-26,2025-05-13,India,Maharashtra,Mumbai,Email Campaign,1,2025-05-13
699,Kathryn,Drake,ryanwood@example.net,(279)408-3350,Other,1973-10-19,2025-04-22,India,Karnataka,Bengaluru,Referral,1,2025-04-22
700,Stephanie,Weeks,steven06@example.com,(248)913-2357,Other,1959-05-21,2026-08-14,USA,New York,New York City,Paid Ad,1,2026-08-14
701,John,Rice,douglasbrandt@example.org,716-288-0925,Female,1963-04-24,2022-02-05,USA,California,Los Angeles,Referral,0,2022-02-05
702,Dale,Hall,dsmith@example.com,001-891-930-9810x79649,Other,2003-12-14,2024-10-27,USA,New York,New York City,Email Campaign,1,2024-10-27
703,John,Henry,michael77@example.org,885.632.4264x250,Female,1963-05-04,2025-06-13,Germany,Bavaria,Munich,Organic,1,2025-06-13
704,Steve,Page,vanessamartinez@example.net,(736)866-7776x755,Female,1962-10-05,2026-01-20,India,Tamil Nadu,Chennai,Referral,1,2026-01-20
705,Alyssa,Sanchez,ashleygould@example.net,+1-995-678-6543x62718,Female,2003-08-28,2025-03-18,India,Karnataka,Bengaluru,Referral,1,2025-03-18
706,Stephanie,Berg,nwilliams@example.com,-4014,Male,1970-03-12,2025-04-06,Germany,Bavaria,Munich,Email Campaign,1,2025-04-06
707,Julie,Elliott,danielleandrews@example.org,(265)373-2759,Other,1997-06-01,2023-10-07,India,Tamil Nadu,Chennai,Organic,1,2023-10-07
708,Christopher,Smith,riverachristopher@example.com,923.941.5959,Male,1973-08-27,2024-01-03,USA,New York,New York City,Social Media,0,2024-01-03
709,Gregory,Turner,rachelhernandez@example.com,589-362-8874,Female,1990-11-22,2025-05-15,USA,Texas,Houston,Paid Ad,1,2025-05-15
710,Dwayne,Wallace,taylorparker@example.com,720.795.7992x7079,Male,2008-01-24,2022-01-10,USA,New York,New York City,Paid Ad,1,2022-01-10
711,Olivia,Jones,clairebyrd@example.org,835-441-5970,Female,1975-01-24,2025-01-14,Canada,Ontario,Toronto,Organic,1,2025-01-14
712,Johnny,Palmer,burnsrebecca@example.org,+1-234-447-6504x7158,Male,2001-12-04,2021-12-24,USA,Texas,Houston,Social Media,0,2021-12-24
713,Sara,Smith,turnerjames@example.com,(660)546-5586x6525,Male,1981-08-13,2025-07-30,Canada,Ontario,Toronto,Organic,0,2025-07-30
714,Joseph,Gentry,trujillorobin@example.net,402-513-1251,Other,1996-12-27,2024-12-20,USA,New York,New York City,Organic,0,2024-12-20
715,Michelle,Smith,doylematthew@example.net,429-575-1910,Female,2004-05-12,2024-08-21,Germany,Bavaria,Munich,Organic,1,2024-08-21
716,Sara,Lopez,smithlatasha@example.org,901.465.8373,Female,1980-07-29,2025-08-22,India,Tamil Nadu,Chennai,Organic,1,2025-08-22
717,Jessica,Vargas,ramoswilliam@example.org,(534)428-9311,Other,2000-09-07,2023-09-22,Australia,NSW,Sydney,Email Campaign,0,2023-09-22
718,Katelyn,Perez,lreid@example.com,+1-668-443-6453x804,Male,1959-02-18,2025-04-09,USA,Texas,Houston,Referral,1,2025-04-09
719,Bryan,Cooper,harveylisa@example.org,+1-970-715-9591x94575,Female,1982-03-11,2024-05-18,India,Tamil Nadu,Chennai,Social Media,0,2024-05-18
720,Kathryn,Edwards,jeremyjackson@example.net,(867)275-6777x226,Male,2001-12-30,2021-09-17,USA,Texas,Houston,Social Media,1,2021-09-17
721,Kristina,James,reginaldsmith@example.net,(429)623-1067,Female,1973-08-02,2025-09-21,India,Tamil Nadu,Chennai,Social Media,1,2025-09-21
722,Andrew,Myers,maria84@example.org,779.376.6270,Female,1959-04-03,2025-01-19,USA,New York,New York City,Referral,1,2025-01-19
723,Marcus,Woods,donald87@example.org,(670)742-5496x91928,Female,1994-02-13,2023-03-12,Canada,Ontario,Toronto,Organic,1,2023-03-12
724,Lindsay,Shields,annette71@example.org,756.533.5357x485,Male,2003-07-05,2024-06-01,USA,Texas,Houston,Social Media,0,2024-06-01
725,Tammy,Harrington,jeanlynch@example.org,997.905.8162x9518,Female,1987-08-24,2025-04-06,India,Karnataka,Bengaluru,Social Media,1,2025-04-06
726,Patricia,Mullen,carl63@example.com,001-425-607-3305x597,Other,2006-05-31,2025-10-30,India,Karnataka,Bengaluru,Email Campaign,1,2025-10-30
727,Todd,Edwards,madisonbrewer@example.net,+1-614-603-8843x660,Female,1966-07-13,2024-05-15,USA,Texas,Houston,Email Campaign,1,2024-05-15
728,Kenneth,Johnson,dmiller@example.org,968.629.7514x743,Female,1964-05-04,2026-05-17,India,Maharashtra,Mumbai,Referral,0,2026-05-17
729,David,Blanchard,williamsmark@example.com,(225)668-0656x259,Female,1972-11-17,2024-07-31,UK,England,London,Partner,1,2024-07-31
730,Katherine,Williams,sharpjennifer@example.com,712-721-8231,Female,1973-08-18,2023-09-20,Canada,Ontario,Toronto,Social Media,1,2023-09-20
731,Robert,Potter,dmorales@example.net,(262)281-3721x43308,Female,1989-10-12,2025-05-29,India,Tamil Nadu,Chennai,Organic,1,2025-05-29
732,Heidi,Mendoza,robinsonjesse@example.org,(985)256-6084,Other,1991-03-14,2023-03-30,Germany,Bavaria,Munich,Email Campaign,0,2023-03-30
733,Heidi,Pierce,gonzalezbarry@example.org,001-870-551-9582,Other,1963-10-11,2021-04-21,USA,Texas,Houston,Social Media,1,2021-04-21
734,Adrian,Burton,joseph58@example.com,(339)645-3546,Female,1979-08-24,2025-12-01,India,Maharashtra,Mumbai,Partner,0,2025-12-01
735,Sean,Faulkner,hharris@example.org,(613)539-4394x5703,Other,1982-10-18,2025-08-03,USA,New York,New York City,Social Media,1,2025-08-03
736,Kyle,Robinson,michelleclark@example.net,(357)269-2778x9431,Male,2000-11-25,2024-05-25,USA,Texas,Houston,Paid Ad,1,2024-05-25
737,Christine,Vincent,sarah47@example.com,001-292-610-5336x5146,Female,1996-07-17,2025-09-30,USA,Texas,Houston,Organic,1,2025-09-30
738,Rachel,Turner,stephen31@example.net,001-207-920-1137x9844,Other,1959-01-23,2026-05-17,Canada,Ontario,Toronto,Social Media,1,2026-05-17
739,Heather,Lewis,bgregory@example.org,667.262.0901x4473,Other,1991-04-14,2025-09-10,Australia,NSW,Sydney,Organic,1,2025-09-10
740,Sylvia,Lopez,ppatrick@example.org,001-768-973-0451,Male,1999-03-17,2021-12-15,India,Karnataka,Bengaluru,Referral,0,2021-12-15
741,Amy,Brooks,jessica82@example.com,001-856-729-6575x4278,Other,2006-08-30,2022-11-13,India,Karnataka,Bengaluru,Email Campaign,1,2022-11-13
742,Christopher,King,marvinhoward@example.com,482.505.8295x829,Female,1999-06-02,2025-06-25,USA,California,Los Angeles,Social Media,0,2025-06-25
743,Randy,Colon,mooneyamy@example.net,390-748-2357,Male,1994-06-30,2021-02-13,USA,New York,New York City,Paid Ad,0,2021-02-13
744,Laura,Kelley,zmills@example.org,001-356-913-7230,Female,1963-05-11,2023-06-25,India,Maharashtra,Mumbai,Paid Ad,1,2023-06-25
745,Charles,Clements,katelynturner@example.org,-1125,Other,1959-04-05,2026-03-12,UK,England,London,Email Campaign,1,2026-03-12
746,Shaun,Wilson,dorothy09@example.com,965-734-6997x99070,Female,1974-05-03,2022-09-10,Australia,NSW,Sydney,Organic,1,2022-09-10
747,Jonathan,Wells,xmullins@example.org,(399)557-0607x17481,Female,1994-02-04,2022-03-05,Canada,Ontario,Toronto,Social Media,1,2022-03-05
748,Jennifer,Nielsen,vjames@example.org,+1-470-254-8739x610,Other,2005-04-17,2022-04-21,USA,New York,New York City,Referral,1,2022-04-21
749,Sean,Shaw,khill@example.com,-9821,Female,1957-10-25,2024-07-01,India,Karnataka,Bengaluru,Social Media,1,2024-07-01
750,Carolyn,Simmons,tanyajones@example.com,530.962.6042x3597,Female,1998-07-22,2026-06-02,India,Maharashtra,Mumbai,Social Media,0,2026-06-02
751,Stacy,Wilson,donaldyang@example.net,001-307-875-6085,Other,1980-10-23,2025-11-30,USA,New York,New York City,Partner,1,2025-11-30
752,Joshua,Grant,fjones@example.com,+1-957-768-3210x21923,Male,1985-04-01,2024-07-30,Canada,Ontario,Toronto,Paid Ad,0,2024-07-30
753,Timothy,Arellano,brandiwilson@example.org,232.342.6050,Male,1983-07-06,2022-04-17,USA,California,Los Angeles,Paid Ad,1,2022-04-17
754,Joseph,Moreno,nicole25@example.org,433.477.7312x6881,Other,2001-03-05,2022-11-05,USA,New York,New York City,Referral,1,2022-11-05
755,Dustin,Hodges,epalmer@example.net,(236)753-4606,Other,1997-01-30,2022-12-16,Australia,NSW,Sydney,Referral,0,2022-12-16
756,Anthony,Powers,peter93@example.net,(679)986-2398,Female,1996-09-06,2025-10-13,India,Karnataka,Bengaluru,Referral,0,2025-10-13
757,Ryan,Johnson,hoffmanjanet@example.org,001-905-846-4754x89547,Male,1995-11-07,2023-01-26,UK,England,London,Partner,0,2023-01-26
758,Mary,Lawrence,taylordavis@example.com,588-591-4444x98355,Male,1974-03-06,2025-06-09,UK,England,London,Partner,0,2025-06-09
759,Kirk,Petersen,mramirez@example.com,+1-439-324-3588x53798,Female,1994-02-10,2023-03-20,Germany,Bavaria,Munich,Email Campaign,1,2023-03-20
760,Nancy,Little,carlyschultz@example.com,(775)436-7497,Male,1969-03-17,2025-05-12,UK,England,London,Partner,0,2025-05-12
761,Charles,Martinez,zli@example.org,834-577-8948,Female,1969-10-15,2023-04-23,India,Maharashtra,Mumbai,Partner,1,2023-04-23
762,Tina,Fuller,elarson@example.com,(651)422-1500x1418,Other,1997-04-02,2022-02-21,USA,New York,New York City,Referral,1,2022-02-21
763,Sara,Mcdaniel,billkeller@example.org,5156944633,Male,2004-11-19,2024-08-28,India,Karnataka,Bengaluru,Social Media,0,2024-08-28
764,Michael,Young,spencerlevi@example.org,(663)989-0219,Other,1962-04-23,2023-12-11,USA,New York,New York City,Social Media,1,2023-12-11
765,John,Russell,stephenmartin@example.org,841.903.4699,Other,1967-01-06,2024-07-07,Australia,NSW,Sydney,Social Media,0,2024-07-07
766,Craig,Miller,vramos@example.com,+1-960-884-3768x550,Other,2000-02-19,2025-05-27,Germany,Bavaria,Munich,Organic,0,2025-05-27
767,Catherine,Watson,burkeholly@example.com,(663)535-5643,Female,1975-10-26,2024-12-12,India,Karnataka,Bengaluru,Email Campaign,0,2024-12-12
768,Natalie,Yu,debbiebrown@example.net,9698556076,Other,1960-06-12,2024-05-03,USA,Texas,Houston,Email Campaign,1,2024-05-03
769,Jonathan,Perez,rhonda47@example.org,(739)289-8306,Female,1996-01-10,2022-07-03,USA,New York,New York City,Organic,1,2022-07-03
770,Christopher,Moon,gilbertangela@example.com,484-572-4264,Male,1977-05-29,2024-06-04,India,Maharashtra,Mumbai,Referral,1,2024-06-04
771,Garrett,Jones,oliverashley@example.net,(348)376-2303,Other,1996-09-01,2022-08-03,India,Karnataka,Bengaluru,Social Media,0,2022-08-03
772,Joseph,Logan,maxwellangela@example.com,001-222-882-3052x4808,Other,1962-11-10,2022-07-19,UK,England,London,Social Media,0,2022-07-19
773,Brandon,Moore,johnlynch@example.com,001-247-337-2132,Female,2007-10-20,2023-01-31,UK,England,London,Partner,0,2023-01-31
774,Derek,Mitchell,zbyrd@example.net,-7541,Other,1964-07-20,2022-12-11,Australia,NSW,Sydney,Referral,0,2022-12-11
775,Michaela,Martinez,clarkcarol@example.com,519-866-6450x5730,Male,1996-10-14,2024-03-29,Canada,Ontario,Toronto,Referral,1,2024-03-29
776,Karen,Cole,deborahturner@example.org,(703)574-7677,Other,1980-04-06,2026-01-22,India,Karnataka,Bengaluru,Organic,0,2026-01-22
777,Robert,Williams,pennylivingston@example.com,(905)276-6194x588,Female,2005-03-17,2021-02-09,India,Karnataka,Bengaluru,Referral,0,2021-02-09
778,Misty,Mendoza,mark48@example.org,7122840083,Other,1979-06-21,2025-04-22,India,Maharashtra,Mumbai,Email Campaign,0,2025-04-22
779,Matthew,Austin,christy45@example.org,791.977.6808x98126,Other,1994-06-23,2025-08-03,Canada,Ontario,Toronto,Social Media,1,2025-08-03
780,Cynthia,Thomas,christopherreyes@example.com,500.840.2369,Female,1998-01-29,2025-12-24,UK,England,London,Referral,1,2025-12-24
781,Nicole,Simmons,veronica30@example.org,(304)371-3727,Male,1991-03-10,2021-05-07,USA,New York,New York City,Paid Ad,1,2021-05-07
782,Lisa,Cooper,melissa49@example.net,-10985,Male,1998-11-25,2024-01-31,USA,California,Los Angeles,Email Campaign,0,2024-01-31
783,Ryan,Nelson,victor60@example.net,741-828-3337x2188,Female,1995-01-23,2022-11-20,India,Tamil Nadu,Chennai,Email Campaign,1,2022-11-20
784,Robert,Rivera,sanchezcindy@example.net,250-766-6267,Other,2005-05-26,2022-04-09,Canada,Ontario,Toronto,Organic,0,2022-04-09
785,David,Young,zreilly@example.net,466.734.3925,Other,1987-02-28,2025-02-11,India,Tamil Nadu,Chennai,Organic,1,2025-02-11
786,Melissa,Garcia,hoganalan@example.net,(371)220-0720x24559,Female,1964-06-18,2023-06-15,Canada,Ontario,Toronto,Organic,1,2023-06-15
787,Kyle,Garcia,mcneilchristina@example.org,(367)614-9498,Male,1963-01-20,2024-05-04,India,Maharashtra,Mumbai,Social Media,1,2024-05-04
788,Steven,Phelps,dawngraves@example.org,693.840.6527x7584,Male,1977-11-10,2024-11-28,India,Tamil Nadu,Chennai,Social Media,0,2024-11-28
789,Sarah,Bauer,elizabeth33@example.com,(920)410-9121,Male,1963-08-15,2023-08-29,USA,New York,New York City,Partner,0,2023-08-29
790,Charles,Townsend,beth76@example.com,889-543-7052,Other,1973-12-30,2024-12-07,Germany,Bavaria,Munich,Email Campaign,1,2024-12-07
791,Brandon,Randall,perry77@example.net,(357)925-6592x0246,Other,2002-02-10,2022-11-11,UK,England,London,Referral,1,2022-11-11
792,Matthew,Williams,johnmunoz@example.com,726.200.5595,Male,1961-04-01,2023-04-28,India,Maharashtra,Mumbai,Email Campaign,1,2023-04-28
793,Kelsey,Costa,jasoncook@example.net,001-684-986-8999x3607,Other,1958-01-24,2024-02-26,India,Karnataka,Bengaluru,Email Campaign,1,2024-02-26
794,Marvin,Russell,wellsnatalie@example.com,+1-693-859-3744x039,Other,1969-10-09,2024-08-18,USA,Texas,Houston,Paid Ad,1,2024-08-18
795,Alyssa,Williams,aallen@example.com,2149886084,Other,2008-02-13,2024-01-01,India,Tamil Nadu,Chennai,Partner,1,2024-01-01
796,Jason,Stanley,kimberly36@example.net,001-452-683-0615x3701,Female,1964-08-31,2022-07-10,USA,New York,New York City,Organic,0,2022-07-10
797,Kelly,Scott,rebeccaharris@example.org,(314)648-8112x103,Other,2006-11-11,2022-06-04,India,Tamil Nadu,Chennai,Referral,1,2022-06-04
798,Daniel,Hayes,masonmary@example.net,581.679.4151x526,Other,1994-02-24,2022-08-23,India,Maharashtra,Mumbai,Paid Ad,0,2022-08-23
799,Rhonda,Oliver,gayfrancis@example.com,(888)337-5056,Female,1998-06-30,2025-05-28,India,Maharashtra,Mumbai,Referral,1,2025-05-28
800,Kimberly,Powell,jameswalsh@example.net,001-513-278-7655x3007,Other,1985-12-19,2024-01-06,Germany,Bavaria,Munich,Social Media,1,2024-01-06
801,Andre,Beck,deborah60@example.com,712.319.8819x277,Male,1988-10-30,2026-01-26,UK,England,London,Partner,1,2026-01-26
802,Antonio,Conley,john86@example.com,7108424624,Other,2007-09-20,2025-07-09,USA,New York,New York City,Partner,0,2025-07-09
803,Theresa,Cox,tparker@example.com,3047521289,Female,1961-09-18,2025-02-20,India,Tamil Nadu,Chennai,Social Media,1,2025-02-20
804,Theresa,Tate,pamela29@example.org,001-613-604-4881,Other,1961-01-11,2021-01-11,India,Karnataka,Bengaluru,Organic,1,2021-01-11
805,Richard,Galvan,samantha61@example.net,340-621-1901x70756,Male,1964-02-15,2025-01-07,Canada,Ontario,Toronto,Email Campaign,1,2025-01-07
806,Sheila,Jacobson,christopherjackson@example.net,001-810-273-2283,Female,1991-10-28,2023-06-12,UK,England,London,Referral,0,2023-06-12
807,Nancy,Ray,travisyoung@example.com,896.638.4526,Female,1969-12-25,2024-01-05,Canada,Ontario,Toronto,Paid Ad,1,2024-01-05
808,Christina,Preston,mscott@example.com,3165934292,Other,1962-09-23,2022-06-19,India,Karnataka,Bengaluru,Social Media,0,2022-06-19
809,Billy,Bolton,simongabriella@example.org,341.790.3106,Male,1966-08-23,2021-07-18,India,Karnataka,Bengaluru,Organic,1,2021-07-18
810,Drew,Ramsey,meltonmark@example.com,(684)873-2365x3377,Male,1958-04-20,2021-03-08,Canada,Ontario,Toronto,Referral,1,2021-03-08
811,Aaron,Ford,harringtonmartha@example.net,284.936.1424x426,Male,1997-05-08,2026-02-13,Canada,Ontario,Toronto,Social Media,1,2026-02-13
812,Alyssa,Willis,kevin37@example.org,001-947-864-2737x203,Other,1967-04-23,2022-06-25,India,Maharashtra,Mumbai,Paid Ad,1,2022-06-25
813,Stacy,Hicks,danielgriffith@example.net,614-584-6019x134,Male,1995-11-14,2024-01-28,USA,Texas,Houston,Partner,1,2024-01-28
814,Elizabeth,Hawkins,courtneymadden@example.org,(505)486-9507,Male,1961-06-15,2023-10-23,India,Karnataka,Bengaluru,Paid Ad,1,2023-10-23
815,Kirk,Duran,heather49@example.org,+1-269-799-5167x9335,Female,1974-08-15,2021-08-01,USA,Texas,Houston,Partner,1,2021-08-01
816,Katherine,Patel,jperez@example.org,001-311-392-3603x768,Female,1991-10-19,2023-08-18,India,Tamil Nadu,Chennai,Partner,1,2023-08-18
817,Theresa,Alexander,jeffreylewis@example.com,904-509-6149,Male,1960-08-29,2022-01-25,USA,New York,New York City,Referral,1,2022-01-25
818,Sandra,Carr,trujillokylie@example.net,001-330-574-8207x3651,Male,2004-09-21,2021-11-16,Canada,Ontario,Toronto,Email Campaign,1,2021-11-16
819,Joshua,Simmons,sarah78@example.net,(501)290-4322,Male,1994-07-12,2025-12-28,India,Maharashtra,Mumbai,Organic,1,2025-12-28
820,James,Clark,kennethbrown@example.com,492.301.3546,Female,1999-11-22,2022-05-09,India,Karnataka,Bengaluru,Partner,0,2022-05-09
821,Erik,Gray,nicholaspatel@example.net,(711)923-1261x63248,Male,1964-01-19,2026-05-11,USA,Texas,Houston,Referral,1,2026-05-11
822,Wendy,Patel,stephaniecoleman@example.net,945.349.3036x468,Other,2002-01-25,2022-01-01,UK,England,London,Organic,1,2022-01-01
823,Darrell,Neal,hallisabella@example.org,-1895,Female,1968-06-14,2024-07-07,USA,New York,New York City,Paid Ad,0,2024-07-07
824,Brent,Garrison,allenandrea@example.com,581.344.5822x06732,Male,1983-02-28,2025-04-17,USA,Texas,Houston,Partner,1,2025-04-17
825,Colleen,Jones,rojasmarc@example.org,+1-345-500-0000x15291,Other,1981-03-10,2021-10-08,USA,Texas,Houston,Email Campaign,1,2021-10-08
826,Linda,Gonzales,brian90@example.net,(455)361-8444,Female,1984-08-19,2022-11-04,USA,California,Los Angeles,Paid Ad,0,2022-11-04
827,Dylan,Barnett,hmitchell@example.org,(224)889-0567,Female,1980-06-22,2022-09-13,India,Maharashtra,Mumbai,Email Campaign,1,2022-09-13
828,Bradley,Williams,nina65@example.net,615-584-8266x91362,Male,2008-03-19,2023-06-09,Canada,Ontario,Toronto,Organic,1,2023-06-09
829,Mike,Williams,lorraine96@example.net,9807706336,Other,1997-05-24,2022-05-20,USA,Texas,Houston,Partner,1,2022-05-20
830,Andre,Weber,davidbrown@example.org,664-481-8804,Female,1984-09-21,2024-12-10,UK,England,London,Paid Ad,0,2024-12-10
831,Thomas,Gilmore,zacharygray@example.org,616.843.2126x94289,Female,1971-06-24,2023-10-12,USA,Texas,Houston,Partner,0,2023-10-12
832,Andrew,Suarez,michealhardy@example.net,(631)244-1706x46255,Other,1965-08-06,2023-10-14,USA,New York,New York City,Email Campaign,1,2023-10-14
833,Kristina,Griffith,matthew24@example.org,001-201-576-4644x8988,Other,1994-06-10,2024-03-13,Germany,Bavaria,Munich,Organic,1,2024-03-13
834,Micheal,Hawkins,mariahill@example.net,(579)505-0404,Other,2004-04-13,2023-04-22,India,Tamil Nadu,Chennai,Email Campaign,1,2023-04-22
835,Jason,Hubbard,james84@example.net,216-532-1119x78718,Other,1968-06-26,2023-02-12,Australia,NSW,Sydney,Social Media,0,2023-02-12
836,Christopher,Shelton,zrobinson@example.net,830-260-1198x75617,Male,1956-04-09,2021-08-12,India,Tamil Nadu,Chennai,Social Media,1,2021-08-12
837,Jack,Hoover,willismatthew@example.com,982-998-0365,Male,1969-09-10,2022-04-07,UK,England,London,Social Media,1,2022-04-07
838,Justin,Werner,hornerebecca@example.org,+1-336-659-5201x491,Other,1961-06-23,2021-10-18,Germany,Bavaria,Munich,Organic,1,2021-10-18
839,Kelly,Hall,bcooper@example.net,(463)322-3998,Male,1968-06-07,2024-07-20,India,Karnataka,Bengaluru,Social Media,1,2024-07-20
840,Joshua,Morgan,davissarah@example.net,001-842-888-6050x5376,Female,2006-12-03,2025-09-20,Germany,Bavaria,Munich,Email Campaign,1,2025-09-20
841,Julia,Stone,wilsondavid@example.org,3302835669,Male,1976-03-07,2026-04-14,USA,Texas,Houston,Organic,1,2026-04-14
842,Gail,Jones,corythompson@example.org,955-806-8826x917,Male,1996-02-24,2021-10-04,Germany,Bavaria,Munich,Paid Ad,0,2021-10-04
843,Dawn,Thomas,traceyguerra@example.com,001-901-434-8087x3543,Male,1977-04-20,2021-06-13,India,Maharashtra,Mumbai,Social Media,1,2021-06-13
844,Jason,Brewer,brownelizabeth@example.com,001-409-208-5991x449,Other,1993-08-01,2024-03-19,Australia,NSW,Sydney,Partner,0,2024-03-19
845,Shawn,Scott,richardharper@example.net,+1-669-496-4899x718,Female,1984-01-29,2025-08-29,Australia,NSW,Sydney,Partner,0,2025-08-29
846,Michael,Cruz,dylancunningham@example.com,4845993231,Other,1971-04-24,2021-12-04,UK,England,London,Email Campaign,0,2021-12-04
847,Donald,Costa,delliott@example.com,+1-508-672-6176x072,Female,1985-06-23,2022-09-18,Australia,NSW,Sydney,Organic,0,2022-09-18
848,Virginia,Perez,markbates@example.com,+1-838-728-0405x6129,Other,1957-04-17,2021-11-20,India,Tamil Nadu,Chennai,Referral,1,2021-11-20
849,Linda,Bowers,wgarza@example.net,+1-926-841-8696x56130,Female,1960-11-30,2024-08-31,USA,Texas,Houston,Email Campaign,1,2024-08-31
850,Maria,Khan,lindsayedwards@example.com,001-214-434-6823x94840,Other,1981-01-23,2024-06-24,USA,New York,New York City,Social Media,1,2024-06-24
851,Jeffrey,Smith,yburke@example.org,7162831139,Male,1958-03-31,2021-08-26,India,Maharashtra,Mumbai,Organic,1,2021-08-26
852,Carl,Rose,christopher91@example.net,607-662-8397x62053,Female,1956-08-06,2022-04-21,UK,England,London,Email Campaign,1,2022-04-21
853,Tyler,Ramos,peter07@example.org,001-266-429-2508x1776,Female,1985-09-03,2021-08-14,Germany,Bavaria,Munich,Partner,1,2021-08-14
854,Sarah,Jones,andrew88@example.com,733-437-3125,Male,1966-06-12,2022-05-05,USA,Texas,Houston,Partner,1,2022-05-05
855,Ruth,Morales,fstephens@example.com,3325119206,Male,1995-06-23,2021-02-16,USA,Texas,Houston,Social Media,1,2021-02-16
856,John,Palmer,david78@example.net,(261)433-7184x449,Male,2001-07-12,2023-11-28,India,Karnataka,Bengaluru,Paid Ad,1,2023-11-28
857,Marcus,Thomas,ccarter@example.org,(944)903-7341x67812,Other,1991-01-27,2024-01-06,USA,Texas,Houston,Organic,1,2024-01-06
858,George,Lopez,flowersdanielle@example.com,001-782-913-4862,Female,1997-04-13,2024-10-04,USA,California,Los Angeles,Paid Ad,1,2024-10-04
859,Gloria,Kim,odelacruz@example.net,518.928.5605,Female,2006-07-30,2021-09-19,Australia,NSW,Sydney,Partner,0,2021-09-19
860,Andrew,Floyd,hpowell@example.com,406.373.6820x5068,Female,1990-08-18,2021-11-12,Germany,Bavaria,Munich,Social Media,1,2021-11-12
861,George,Walker,mark21@example.com,+1-350-458-7146x92182,Male,1973-01-21,2025-01-15,Australia,NSW,Sydney,Social Media,0,2025-01-15
862,Raymond,Bryant,grantamanda@example.net,736-299-8480x220,Female,2006-02-18,2022-11-15,Germany,Bavaria,Munich,Referral,0,2022-11-15
863,Heather,Hall,mproctor@example.net,001-348-642-4959x881,Other,1974-02-01,2022-02-26,India,Tamil Nadu,Chennai,Partner,0,2022-02-26
864,Connie,Romero,dominguezscott@example.com,(438)267-6738,Other,2005-03-16,2023-07-25,USA,New York,New York City,Email Campaign,1,2023-07-25
865,Shannon,James,stuartbryan@example.net,+1-477-498-7682x99687,Male,1972-09-03,2021-06-30,USA,California,Los Angeles,Referral,1,2021-06-30
866,Barbara,Snyder,gibbsamanda@example.net,906.223.5040x56695,Female,1957-05-01,2026-04-17,USA,California,Los Angeles,Social Media,0,2026-04-17
867,David,Ramirez,kimberlycooper@example.com,642-486-7963x259,Male,1989-07-15,2023-01-04,USA,Texas,Houston,Email Campaign,1,2023-01-04
868,Cynthia,Anderson,kristine33@example.net,001-715-962-4152,Female,1965-02-18,2023-07-09,UK,England,London,Referral,0,2023-07-09
869,Sierra,Price,richardlawrence@example.net,858.795.1381,Female,1975-02-04,2024-08-03,UK,England,London,Organic,1,2024-08-03
870,Stephanie,Burns,stephanie85@example.org,+1-357-344-3034x918,Male,2004-02-22,2025-03-08,Germany,Bavaria,Munich,Email Campaign,1,2025-03-08
871,Carol,Martin,adriennebush@example.net,740.615.3641,Male,1979-10-02,2023-01-05,USA,California,Los Angeles,Email Campaign,0,2023-01-05
872,Mark,Murphy,robinsonglenn@example.net,267.281.3675,Male,2006-07-30,2025-07-01,USA,California,Los Angeles,Social Media,1,2025-07-01
873,Joseph,Bradford,campbellkayla@example.org,9522769819,Female,1987-10-11,2024-06-26,India,Tamil Nadu,Chennai,Organic,1,2024-06-26
874,Mary,Todd,nelsondavid@example.net,885.962.2586x60598,Male,1984-04-08,2026-02-14,Australia,NSW,Sydney,Paid Ad,1,2026-02-14
875,Joshua,Huffman,trevormorgan@example.com,001-648-359-6559x4282,Other,2006-12-29,2024-04-09,India,Maharashtra,Mumbai,Paid Ad,1,2024-04-09
876,Lisa,Patterson,anthony00@example.org,(345)739-3132,Female,2001-09-27,2023-09-21,Germany,Bavaria,Munich,Paid Ad,1,2023-09-21
877,Chad,Smith,timothy83@example.net,+1-968-421-4448x8966,Male,1982-03-09,2026-07-14,Germany,Bavaria,Munich,Partner,1,2026-07-14
878,Melissa,Mooney,rodneynolan@example.com,001-546-420-2582x5431,Male,1993-03-17,2023-10-02,Australia,NSW,Sydney,Organic,1,2023-10-02
879,Lindsey,Rodriguez,jamesbrown@example.org,+1-820-649-1060x183,Male,1981-08-26,2021-04-08,UK,England,London,Email Campaign,1,2021-04-08
880,James,Tran,andrew27@example.com,417.822.5775x45847,Female,1963-11-28,2021-02-09,India,Karnataka,Bengaluru,Organic,1,2021-02-09
881,Ashley,Johnson,christinedixon@example.net,001-476-383-1608x2717,Male,1979-12-09,2024-06-13,UK,England,London,Referral,0,2024-06-13
882,Jason,Ramos,sararios@example.org,8524229993,Female,2006-05-05,2023-09-03,Australia,NSW,Sydney,Social Media,0,2023-09-03
883,Jessica,Lloyd,bowmanjoel@example.net,(732)655-3983,Other,1969-11-05,2022-08-07,USA,California,Los Angeles,Paid Ad,0,2022-08-07
884,David,Hardy,fmclaughlin@example.org,(964)330-9544,Male,1965-04-09,2021-06-29,USA,New York,New York City,Email Campaign,0,2021-06-29
885,Sean,Summers,ksmith@example.org,912.705.3978x713,Female,1963-01-13,2025-03-06,UK,England,London,Partner,1,2025-03-06
886,Stephanie,Bautista,davidjohnson@example.net,001-912-956-0832x00487,Other,1974-03-22,2022-01-27,USA,New York,New York City,Referral,1,2022-01-27
887,Jason,Singh,elizabeth52@example.org,+1-786-300-3044x3619,Other,1980-02-06,2021-11-03,UK,England,London,Email Campaign,1,2021-11-03
888,Michael,Wiggins,monicaduncan@example.org,5299295014,Other,1970-05-26,2025-11-17,USA,California,Los Angeles,Referral,1,2025-11-17
889,Miranda,Dixon,salazarjames@example.org,001-367-413-9719,Female,1976-10-16,2024-04-09,India,Maharashtra,Mumbai,Paid Ad,0,2024-04-09
890,Cynthia,Dennis,clarkdavid@example.net,001-876-372-0191x116,Female,1962-07-28,2024-08-29,UK,England,London,Social Media,1,2024-08-29
891,Henry,Martinez,griffinjennifer@example.net,001-787-533-9304x9366,Male,1984-02-15,2023-08-15,India,Tamil Nadu,Chennai,Referral,1,2023-08-15
892,Donna,Gibson,kimberly12@example.com,(711)240-8682,Male,1986-04-05,2022-03-23,USA,Texas,Houston,Organic,1,2022-03-23
893,Mark,Taylor,nicholas09@example.org,001-955-261-0399x529,Female,1996-11-08,2026-01-16,USA,Texas,Houston,Paid Ad,0,2026-01-16
894,Jeremy,Chavez,joshuacoleman@example.com,-5243,Other,2002-10-11,2022-05-10,UK,England,London,Paid Ad,0,2022-05-10
895,Kimberly,Johnson,bconrad@example.org,(292)973-8740x299,Female,1993-10-22,2026-01-26,India,Maharashtra,Mumbai,Social Media,1,2026-01-26
896,Tamara,Reynolds,gutierrezdavid@example.com,715.854.2034x03010,Male,2006-05-29,2022-05-07,India,Tamil Nadu,Chennai,Referral,0,2022-05-07
897,Anne,Tate,yrichardson@example.com,+1-915-379-5546x234,Male,1962-12-17,2021-06-15,India,Tamil Nadu,Chennai,Paid Ad,1,2021-06-15
898,Lisa,Murray,rodriguezangela@example.org,410.830.6831x76417,Other,1983-01-26,2022-01-09,USA,Texas,Houston,Referral,1,2022-01-09
899,Amy,Black,seth29@example.org,001-215-907-1380x6713,Other,1993-06-23,2025-06-12,India,Karnataka,Bengaluru,Organic,1,2025-06-12
900,Martin,Novak,michael84@example.com,736-921-3009x6258,Male,1978-04-13,2023-12-02,India,Tamil Nadu,Chennai,Organic,1,2023-12-02
901,Ruben,King,harrisanna@example.com,839.462.7466,Other,1959-11-22,2026-01-27,UK,England,London,Partner,1,2026-01-27
902,Brenda,Warren,hollyalvarez@example.org,2463661459,Male,1997-11-06,2023-10-21,Australia,NSW,Sydney,Social Media,1,2023-10-21
903,Brent,Chapman,qmartinez@example.org,2497388194,Male,1968-12-02,2022-07-27,USA,New York,New York City,Organic,0,2022-07-27
904,Whitney,Jones,bobbybishop@example.net,5943976987,Male,1966-03-27,2023-06-30,USA,California,Los Angeles,Referral,1,2023-06-30
905,Brittany,Jennings,jreyes@example.net,616-561-2374x0779,Other,1968-01-27,2025-03-05,UK,England,London,Partner,1,2025-03-05
906,Grant,Morris,jasonbarker@example.net,+1-499-249-9197x01426,Male,1967-01-25,2023-11-27,USA,New York,New York City,Organic,0,2023-11-27
907,Brent,Murray,danieljenkins@example.org,+1-904-418-1359x98989,Other,2003-04-10,2023-03-21,USA,New York,New York City,Social Media,1,2023-03-21
908,Christopher,Wallace,simonamanda@example.net,001-448-401-8644,Female,1995-11-15,2022-01-12,USA,Texas,Houston,Organic,0,2022-01-12
909,Shannon,Beard,alejandra39@example.com,957.308.2004x80675,Male,1999-08-20,2026-03-04,USA,California,Los Angeles,Referral,1,2026-03-04
910,Hector,Lopez,evansrichard@example.net,+1-812-987-9429x68827,Other,1990-12-06,2025-11-10,Germany,Bavaria,Munich,Social Media,1,2025-11-10
911,Brendan,Williams,jerome14@example.org,001-461-956-0783,Female,1970-10-07,2021-05-01,Canada,Ontario,Toronto,Partner,0,2021-05-01
912,Patricia,Vazquez,mathewbennett@example.org,001-579-662-4096x49668,Female,2005-04-17,2022-12-09,UK,England,London,Referral,1,2022-12-09
913,Ruben,Baker,edward70@example.org,-4105,Female,1984-06-19,2024-02-01,USA,Texas,Houston,Social Media,1,2024-02-01
914,David,Shaw,josephross@example.net,339.806.2467x28799,Other,1956-11-15,2021-05-22,USA,Texas,Houston,Email Campaign,1,2021-05-22
915,Marissa,Davis,lewismaria@example.net,001-435-592-3613x37605,Other,1958-01-10,2023-10-04,Germany,Bavaria,Munich,Paid Ad,1,2023-10-04
916,Jonathan,Hawkins,moraleskimberly@example.net,3258447241,Other,1972-07-21,2025-08-15,Canada,Ontario,Toronto,Social Media,0,2025-08-15
917,Anthony,Lee,joshua96@example.com,277-218-2498,Female,2001-08-15,2021-12-26,USA,California,Los Angeles,Social Media,1,2021-12-26
918,Steven,Arnold,nelsonscott@example.com,513.859.2664x86989,Male,1992-08-15,2025-09-14,USA,Texas,Houston,Partner,0,2025-09-14
919,Andrea,Collins,sbradley@example.org,759-545-0119x29207,Other,1992-08-25,2023-10-18,Australia,NSW,Sydney,Email Campaign,1,2023-10-18
920,Patrick,Neal,daniel71@example.com,+1-603-798-8636x53621,Other,1975-06-12,2025-04-16,USA,California,Los Angeles,Paid Ad,1,2025-04-16
921,Brian,Washington,johnsondiana@example.net,824-889-4204x6648,Female,1982-01-28,2026-06-09,Canada,Ontario,Toronto,Email Campaign,0,2026-06-09
922,Brendan,Mccormick,evan45@example.com,(277)858-0974x533,Female,1962-08-23,2024-08-10,Australia,NSW,Sydney,Paid Ad,1,2024-08-10
923,Melody,Wood,yliu@example.org,+1-226-254-0165x9953,Female,1992-07-13,2021-04-17,USA,Texas,Houston,Email Campaign,1,2021-04-17
924,Emma,Martin,davidhernandez@example.org,001-376-477-4625x91601,Female,1970-08-06,2021-05-01,India,Maharashtra,Mumbai,Organic,1,2021-05-01
925,Tonya,Davis,amanda86@example.org,9804179867,Other,1966-02-02,2025-01-04,Canada,Ontario,Toronto,Referral,1,2025-01-04
926,Christian,Lane,scott04@example.com,(264)526-1212,Male,1983-09-25,2022-02-15,USA,Texas,Houston,Partner,0,2022-02-15
927,Jeremy,Wolf,bpeterson@example.com,001-496-680-7852x548,Other,1962-06-27,2023-12-28,India,Maharashtra,Mumbai,Partner,0,2023-12-28
928,Emily,Neal,wesleyjohns@example.com,001-340-406-4454x75231,Other,2005-10-06,2023-06-18,USA,California,Los Angeles,Social Media,0,2023-06-18
929,Eric,Marquez,imitchell@example.net,001-579-817-7633x42720,Male,1992-01-07,2022-12-13,India,Karnataka,Bengaluru,Referral,1,2022-12-13
930,Lori,Hurst,jennifer80@example.org,+1-463-604-5306x935,Other,1988-10-14,2024-07-26,Germany,Bavaria,Munich,Partner,1,2024-07-26
931,Jerome,Abbott,alexander18@example.org,001-667-678-4816x524,Other,2004-04-19,2021-04-26,India,Karnataka,Bengaluru,Partner,0,2021-04-26
932,Stephanie,Green,ibrown@example.org,-10007,Other,1989-09-21,2022-08-06,India,Karnataka,Bengaluru,Referral,1,2022-08-06
933,Debra,Lozano,john91@example.org,-10060,Male,2002-08-08,2024-06-19,Canada,Ontario,Toronto,Social Media,1,2024-06-19
934,Kathy,George,victoria57@example.net,001-827-614-7246x301,Male,1964-12-25,2022-01-05,USA,California,Los Angeles,Referral,1,2022-01-05
935,David,Harris,brittanymartin@example.org,491.521.8706,Male,2007-10-30,2023-06-16,Germany,Bavaria,Munich,Email Campaign,0,2023-06-16
936,Zachary,Robertson,josephangela@example.org,(221)201-0232,Female,1959-01-18,2021-01-03,Canada,Ontario,Toronto,Email Campaign,1,2021-01-03
937,Alexa,Murray,bwilson@example.net,+1-398-676-1081x4356,Female,1958-12-23,2022-06-19,India,Maharashtra,Mumbai,Partner,1,2022-06-19
938,Jenny,Hurst,sarah31@example.net,207.246.8235x46951,Male,1966-03-25,2024-08-18,USA,Texas,Houston,Organic,1,2024-08-18
939,Kendra,Smith,amoon@example.com,859-667-1500x666,Male,1960-08-01,2022-08-04,USA,Texas,Houston,Email Campaign,1,2022-08-04
940,Alexander,Holland,kerry11@example.net,640.978.5169,Female,1957-12-06,2021-10-25,India,Karnataka,Bengaluru,Partner,1,2021-10-25
941,Christina,Richardson,russellkelley@example.com,-11776,Female,1997-04-23,2022-02-18,UK,England,London,Paid Ad,1,2022-02-18
942,Allison,Fernandez,kennedywanda@example.net,+1-979-815-0596x2571,Male,1956-12-11,2022-07-13,India,Karnataka,Bengaluru,Partner,0,2022-07-13
943,Brooke,Martinez,andersonnicole@example.com,789.482.6041x809,Other,2005-07-26,2026-06-19,UK,England,London,Paid Ad,1,2026-06-19
944,Kristen,Ward,teresa17@example.com,441.627.4692x118,Male,1960-07-30,2025-01-01,USA,Texas,Houston,Partner,1,2025-01-01
945,Jennifer,Powell,ryanthompson@example.org,+1-375-789-1704x542,Female,1991-10-20,2022-12-20,Germany,Bavaria,Munich,Paid Ad,1,2022-12-20
946,Nathan,Bass,floreskimberly@example.org,2923257090,Male,1989-03-18,2022-06-06,India,Tamil Nadu,Chennai,Partner,1,2022-06-06
947,Jeffrey,Padilla,robert07@example.org,724.672.8289,Other,1955-12-22,2025-05-23,USA,California,Los Angeles,Organic,0,2025-05-23
948,Christopher,Meyer,eugenegreen@example.com,912.361.6850,Other,1958-10-30,2024-07-27,USA,Texas,Houston,Referral,0,2024-07-27
949,Michael,Hart,davisautumn@example.org,+1-927-211-5261x053,Female,1999-03-19,2022-03-03,Germany,Bavaria,Munich,Referral,1,2022-03-03
950,Derek,Williams,bjones@example.net,900-874-1894x85432,Male,1987-02-21,2021-11-15,India,Karnataka,Bengaluru,Paid Ad,1,2021-11-15
951,Ashley,Grimes,mcooper@example.com,371-561-9827x348,Other,2003-07-01,2022-11-19,India,Karnataka,Bengaluru,Organic,1,2022-11-19
952,Jessica,Jones,martin25@example.net,+1-796-432-1743x57483,Male,1978-01-01,2026-01-04,India,Karnataka,Bengaluru,Paid Ad,0,2026-01-04
953,Bruce,Atkins,bwilliams@example.com,698.434.4883,Other,1972-07-22,2023-10-20,India,Maharashtra,Mumbai,Organic,1,2023-10-20
954,Jeremy,Morse,richard28@example.org,750-877-4065x79551,Male,1964-02-27,2023-11-18,India,Karnataka,Bengaluru,Partner,1,2023-11-18
955,Anne,Daniel,wheeleramber@example.com,001-851-307-4091x31117,Female,1987-07-25,2021-07-17,USA,California,Los Angeles,Social Media,1,2021-07-17
956,Gloria,Thomas,janet76@example.org,+1-422-406-9535x41201,Female,1978-11-28,2022-11-13,UK,England,London,Social Media,1,2022-11-13
957,Lee,Leon,monica00@example.org,(201)951-5325x94795,Other,1970-09-06,2024-12-09,UK,England,London,Social Media,1,2024-12-09
958,Stephanie,Vasquez,ipadilla@example.com,+1-680-559-5031x006,Other,2007-02-10,2026-05-18,USA,New York,New York City,Partner,1,2026-05-18
959,Kendra,Smith,smithmichael@example.org,660.389.4118,Female,2006-05-06,2022-10-29,India,Maharashtra,Mumbai,Organic,1,2022-10-29
960,Veronica,Rogers,susanhoward@example.org,(295)220-5610x067,Male,1976-10-15,2024-04-22,USA,California,Los Angeles,Paid Ad,0,2024-04-22
961,Roy,Sloan,jonespaul@example.com,740.537.8423x3944,Male,1956-10-17,2022-03-05,India,Tamil Nadu,Chennai,Paid Ad,0,2022-03-05
962,Philip,Ellis,matthewsmith@example.org,+1-350-917-3654x2624,Male,1984-03-07,2025-03-18,USA,Texas,Houston,Partner,1,2025-03-18
963,Isaiah,Brown,dorisarmstrong@example.org,234.851.1009,Female,2000-03-03,2022-01-17,USA,New York,New York City,Email Campaign,1,2022-01-17
964,Brandon,Sanchez,pdixon@example.org,(211)666-7329,Other,2003-03-21,2026-06-01,Germany,Bavaria,Munich,Organic,1,2026-06-01
965,Matthew,Hester,kcook@example.net,-2865,Other,1964-08-01,2022-11-07,UK,England,London,Social Media,1,2022-11-07
966,Brandon,Ashley,robertbrock@example.org,9279558214,Male,2002-11-16,2021-08-08,USA,Texas,Houston,Paid Ad,1,2021-08-08
967,Heather,Martinez,zwilson@example.com,(438)302-3621,Female,1974-05-24,2023-02-18,India,Maharashtra,Mumbai,Partner,1,2023-02-18
968,Renee,Floyd,rsharp@example.com,001-716-711-8638,Other,1984-11-14,2023-12-23,Australia,NSW,Sydney,Paid Ad,0,2023-12-23
969,Christopher,Chapman,ashley77@example.org,001-516-388-0053x789,Male,1984-09-21,2023-08-31,India,Tamil Nadu,Chennai,Organic,0,2023-08-31
970,Nicholas,Bender,znolan@example.net,454-501-8227x200,Male,1988-04-21,2026-07-04,UK,England,London,Organic,1,2026-07-04
971,Amanda,Garrett,derekdougherty@example.org,714-547-4328x116,Female,1992-11-12,2021-01-16,India,Karnataka,Bengaluru,Organic,1,2021-01-16
972,Emily,Fitzgerald,andersoncynthia@example.org,523-222-7752x135,Male,2003-05-01,2026-05-22,India,Tamil Nadu,Chennai,Organic,1,2026-05-22
973,Katherine,Gordon,drogers@example.com,863-300-5937x775,Male,1988-02-05,2023-04-28,USA,California,Los Angeles,Partner,1,2023-04-28
974,Jeffrey,Tate,pearsonvicki@example.org,(517)646-9029x83104,Female,1959-04-02,2021-12-02,India,Tamil Nadu,Chennai,Organic,1,2021-12-02
975,Paul,Martin,solisjames@example.org,(570)880-5685x66706,Female,2004-12-28,2025-06-17,India,Tamil Nadu,Chennai,Social Media,0,2025-06-17
976,Christopher,Hunt,dcox@example.com,001-644-540-7663,Other,1993-09-21,2022-01-09,India,Tamil Nadu,Chennai,Email Campaign,1,2022-01-09
977,Ashley,Cooper,deborah62@example.com,422.662.6114,Female,1967-03-07,2023-01-28,UK,England,London,Social Media,1,2023-01-28
978,Robert,Taylor,shelley85@example.com,+1-521-688-0879x91962,Female,2003-10-21,2023-02-04,India,Karnataka,Bengaluru,Organic,1,2023-02-04
979,Jennifer,Barrett,mbaker@example.net,532-247-2505x83334,Female,1998-07-31,2025-12-07,India,Tamil Nadu,Chennai,Paid Ad,0,2025-12-07
980,John,Miller,melinda87@example.com,7549576947,Other,1976-12-24,2024-01-06,India,Maharashtra,Mumbai,Organic,1,2024-01-06
981,Jennifer,Le,jennifer53@example.com,865.397.4669,Male,1978-07-18,2022-02-01,USA,Texas,Houston,Partner,1,2022-02-01
982,Rebecca,Martinez,matthewwood@example.net,001-409-759-4815x269,Other,1997-05-24,2025-08-23,India,Karnataka,Bengaluru,Referral,0,2025-08-23
983,Nathan,James,megan21@example.org,4748235914,Female,1962-03-15,2021-09-07,Australia,NSW,Sydney,Email Campaign,0,2021-09-07
984,Lisa,Williams,debra93@example.org,(861)545-4307,Other,1990-07-28,2026-04-29,UK,England,London,Referral,1,2026-04-29
985,Stephen,Garcia,johnsondebbie@example.net,978-352-2115,Male,2004-04-06,2024-05-09,Canada,Ontario,Toronto,Social Media,1,2024-05-09
986,Angela,Flores,michaelmontes@example.com,001-226-887-4470x1732,Male,1997-12-06,2022-08-27,USA,California,Los Angeles,Social Media,1,2022-08-27
987,Nancy,Hoover,rebeccaford@example.org,001-366-656-3370,Male,2003-12-29,2022-11-16,USA,Texas,Houston,Referral,1,2022-11-16
988,Debbie,Williams,lisa78@example.org,4554800027,Female,1959-03-11,2021-06-24,USA,Texas,Houston,Organic,1,2021-06-24
989,Jacob,Ford,davidjohnson@example.com,291.536.8172,Other,1962-02-25,2023-04-08,UK,England,London,Referral,0,2023-04-08
990,Nicholas,Reed,aprilmyers@example.net,7925973525,Female,2003-11-30,2023-11-23,Germany,Bavaria,Munich,Partner,0,2023-11-23
991,Eddie,Hernandez,nperez@example.org,899.320.4573x53236,Female,1982-08-05,2021-12-23,USA,New York,New York City,Email Campaign,1,2021-12-23
992,Teresa,Harrison,solomonandrea@example.com,5828697182,Female,1957-10-01,2024-08-28,UK,England,London,Email Campaign,1,2024-08-28
993,Alexis,Martinez,pgarcia@example.net,688.821.7648,Other,1981-01-24,2021-02-20,Canada,Ontario,Toronto,Email Campaign,0,2021-02-20
994,Mark,Molina,dustinpetty@example.org,001-422-428-0194x425,Male,1965-03-05,2025-09-15,Germany,Bavaria,Munich,Social Media,1,2025-09-15
995,Susan,Sullivan,nwhite@example.com,250.663.7311,Other,1976-09-27,2022-08-31,USA,Texas,Houston,Email Campaign,1,2022-08-31
996,Laura,Hill,adamcaldwell@example.org,-3338,Male,1976-12-22,2022-02-15,Germany,Bavaria,Munich,Email Campaign,1,2022-02-15
997,Brian,Mueller,uperez@example.com,+1-356-715-4705x54912,Other,1960-04-16,2024-03-17,USA,New York,New York City,Paid Ad,1,2024-03-17
998,Tiffany,Adams,knightsamantha@example.com,964-709-1969x39578,Female,1998-05-14,2023-12-18,UK,England,London,Partner,0,2023-12-18
999,Brian,Lara,andrewjackson@example.org,+1-801-897-1212x41393,Male,1980-03-26,2026-04-22,Canada,Ontario,Toronto,Referral,1,2026-04-22
1000,Ashley,Gibson,knightalexandra@example.org,426-977-3192,Male,1990-04-07,2025-07-09,India,Tamil Nadu,Chennai,Email Campaign,1,2025-07-09
1001,Emily,Johnson,heather88@example.net,786.653.3943x1916,Male,1965-09-09,2025-07-04,Germany,Bavaria,Munich,Social Media,0,2025-07-04
1002,Stephanie,Powers,hunter12@example.org,(619)615-0576,Male,1985-07-19,2023-09-01,India,Karnataka,Bengaluru,Partner,0,2023-09-01
1003,Stephen,Dorsey,dsmith@example.org,(968)876-4486,Female,1971-06-28,2024-01-06,Canada,Ontario,Toronto,Organic,1,2024-01-06
1004,Seth,Cole,nicole16@example.org,(956)504-5006x3553,Female,1957-09-13,2024-05-26,India,Karnataka,Bengaluru,Paid Ad,1,2024-05-26
1005,Jocelyn,Proctor,djensen@example.com,519-252-9635,Male,1992-07-12,2022-02-07,Canada,Ontario,Toronto,Referral,1,2022-02-07
1006,Brittney,Ball,michealrodriguez@example.net,(676)736-4315,Female,1988-02-17,2025-12-20,India,Tamil Nadu,Chennai,Paid Ad,1,2025-12-20
1007,Michael,Campbell,vwright@example.com,534-641-4916x9993,Male,1970-04-28,2022-01-01,UK,England,London,Social Media,0,2022-01-01
1008,Shannon,Perez,natalie40@example.net,001-682-323-0958x62973,Other,1968-11-29,2025-07-26,India,Maharashtra,Mumbai,Social Media,1,2025-07-26
1009,Dale,Smith,sanderson@example.org,670-875-4853,Male,1975-05-07,2025-03-12,Australia,NSW,Sydney,Email Campaign,1,2025-03-12
1010,Thomas,Richards,benjaminsmith@example.com,496-746-1293x900,Female,1961-05-11,2021-09-26,USA,Texas,Houston,Partner,1,2021-09-26
1011,Kimberly,Harris,zcook@example.com,596.335.9570x86199,Male,1969-07-18,2025-07-11,Australia,NSW,Sydney,Email Campaign,0,2025-07-11
1012,Michael,Evans,heather66@example.org,413-588-5034,Male,1999-08-21,2021-04-29,Germany,Bavaria,Munich,Referral,1,2021-04-29
1013,Eric,Lambert,arthurwright@example.com,842.846.3104x379,Male,1997-02-14,2021-08-25,India,Maharashtra,Mumbai,Organic,1,2021-08-25
1014,Amber,Johnson,jennifer29@example.com,(690)521-7741x7430,Female,2000-04-22,2021-07-27,Canada,Ontario,Toronto,Partner,0,2021-07-27
1015,Brian,Perez,stacey22@example.net,+1-446-565-2752x332,Female,1956-03-14,2024-01-28,India,Maharashtra,Mumbai,Social Media,1,2024-01-28
1016,Allen,Rivera,lewisnatalie@example.org,8339467711,Other,1975-01-23,2025-06-14,Australia,NSW,Sydney,Organic,0,2025-06-14
1017,Lisa,Kim,ethomas@example.net,+1-555-630-2453x012,Female,1998-12-17,2023-09-18,USA,California,Los Angeles,Social Media,0,2023-09-18
1018,George,Johnson,jennifer20@example.org,-1037,Male,1971-03-21,2026-01-02,Germany,Bavaria,Munich,Social Media,0,2026-01-02
1019,Nicole,Brown,qhendricks@example.net,-6608,Female,1958-05-11,2024-12-03,Germany,Bavaria,Munich,Referral,0,2024-12-03
1020,Michael,Weaver,rmoore@example.com,+1-825-681-2259x0956,Female,1993-06-23,2022-01-06,India,Tamil Nadu,Chennai,Organic,0,2022-01-06
1021,Robin,Hardy,staceywashington@example.net,279.312.1211,Male,1983-11-05,2021-07-23,UK,England,London,Email Campaign,1,2021-07-23
1022,Tammy,Williams,toni86@example.net,+1-301-670-7403x925,Other,1992-07-06,2023-06-26,India,Maharashtra,Mumbai,Referral,1,2023-06-26
1023,Gregory,Flores,snydergerald@example.org,464.333.8722x0542,Other,1975-08-14,2024-01-08,India,Maharashtra,Mumbai,Social Media,1,2024-01-08
1024,Nicholas,Flores,brittany63@example.org,001-908-733-4447x0488,Other,1956-04-30,2021-03-24,Australia,NSW,Sydney,Organic,0,2021-03-24
1025,Steven,Brock,daltonchristina@example.com,001-585-419-5377x49266,Other,2005-12-07,2022-06-26,Canada,Ontario,Toronto,Referral,1,2022-06-26
1026,Carla,Stewart,josephchavez@example.com,352.425.9206x1658,Male,1998-08-12,2021-02-04,Germany,Bavaria,Munich,Paid Ad,1,2021-02-04
1027,Dennis,Valdez,edwardmitchell@example.org,463-802-9559x63637,Other,1964-11-03,2024-06-05,Germany,Bavaria,Munich,Partner,1,2024-06-05
1028,Cindy,Phillips,bradbennett@example.com,+1-249-680-8513x31380,Female,1986-02-15,2025-10-02,India,Tamil Nadu,Chennai,Paid Ad,1,2025-10-02
1029,Melissa,Walker,calebday@example.org,(412)815-4815,Male,1984-07-05,2023-10-30,Canada,Ontario,Toronto,Social Media,0,2023-10-30
1030,Amanda,Esparza,patricia19@example.org,954.988.0644x20062,Other,1989-07-15,2025-06-15,India,Tamil Nadu,Chennai,Organic,0,2025-06-15
1031,Timothy,Decker,kimberly66@example.com,(441)496-2342x1926,Other,1959-09-08,2025-03-13,USA,California,Los Angeles,Partner,0,2025-03-13
1032,Isaac,Torres,williamsfrank@example.com,-10788,Female,1963-11-03,2024-03-03,Germany,Bavaria,Munich,Partner,1,2024-03-03
1033,Kathleen,Chapman,barbara81@example.net,(883)818-0036,Male,1956-10-25,2026-05-28,USA,New York,New York City,Paid Ad,1,2026-05-28
1034,Haley,Jackson,brownmichael@example.org,001-428-653-8631x0505,Female,1968-08-26,2024-08-24,India,Tamil Nadu,Chennai,Paid Ad,1,2024-08-24
1035,Alyssa,Young,mcconnellangela@example.org,(592)599-0076x86276,Male,1965-02-07,2023-02-11,India,Tamil Nadu,Chennai,Email Campaign,1,2023-02-11
1036,Angela,Preston,nnunez@example.org,861.685.1862x6713,Other,2006-11-10,2021-08-21,India,Maharashtra,Mumbai,Social Media,0,2021-08-21
1037,Daniel,Dudley,ericwagner@example.org,439.921.8835,Other,1994-10-11,2022-07-28,India,Karnataka,Bengaluru,Organic,0,2022-07-28
1038,Jessica,Brown,wnguyen@example.net,001-206-377-6106x592,Female,2001-02-03,2024-04-25,Canada,Ontario,Toronto,Social Media,1,2024-04-25
1039,Lisa,Wright,howellstuart@example.com,(917)481-5969x83845,Other,1994-08-19,2025-05-10,UK,England,London,Organic,0,2025-05-10
1040,Allen,Moran,jacquelinebennett@example.net,(486)729-5912x5734,Female,1972-12-28,2023-02-17,Germany,Bavaria,Munich,Partner,0,2023-02-17
1041,Carrie,Lambert,gallagherjoanna@example.org,001-890-674-7296,Other,1959-01-16,2026-05-03,India,Maharashtra,Mumbai,Paid Ad,0,2026-05-03
1042,Samuel,Montgomery,asmith@example.net,+1-374-574-8599x464,Male,1998-04-03,2024-05-14,Australia,NSW,Sydney,Partner,0,2024-05-14
1043,Laurie,Boone,jenkinsjohn@example.com,653.769.8816x49804,Female,1956-03-25,2023-01-12,Australia,NSW,Sydney,Organic,0,2023-01-12
1044,Cassidy,Bates,uliu@example.org,602-262-7066,Other,1956-08-30,2022-06-09,Canada,Ontario,Toronto,Paid Ad,0,2022-06-09
1045,Amy,Nelson,michael13@example.org,-2145,Other,1969-08-03,2023-01-20,Australia,NSW,Sydney,Paid Ad,0,2023-01-20
1046,Melissa,Cooley,robert30@example.org,750.500.3056x619,Female,1956-08-15,2023-06-30,USA,New York,New York City,Referral,0,2023-06-30
1047,Tammy,Howard,colton49@example.org,984.467.9087x018,Female,1977-09-03,2025-09-19,India,Tamil Nadu,Chennai,Paid Ad,1,2025-09-19
1048,Dawn,Johnson,welchjames@example.com,001-810-934-4442x990,Female,1970-03-30,2024-04-19,India,Tamil Nadu,Chennai,Organic,0,2024-04-19
1049,Matthew,Henderson,xcardenas@example.org,706-822-1559x9672,Other,1996-06-02,2021-08-08,Canada,Ontario,Toronto,Email Campaign,1,2021-08-08
1050,Jack,Wyatt,lynchmartin@example.org,+1-747-504-7476x4845,Female,1987-07-20,2021-10-19,Germany,Bavaria,Munich,Referral,0,2021-10-19
1051,Mark,Davis,amandaedwards@example.com,224-255-3129,Other,1994-12-25,2022-05-06,Australia,NSW,Sydney,Social Media,1,2022-05-06
1052,Preston,Barrett,ariascarlos@example.net,001-773-727-7264x88395,Female,1985-01-28,2024-05-07,Australia,NSW,Sydney,Organic,1,2024-05-07
1053,George,Silva,george52@example.net,216-218-5759x17105,Male,1974-12-17,2022-07-17,USA,Texas,Houston,Paid Ad,0,2022-07-17
1054,Carol,Green,eparker@example.org,001-653-952-4784x17159,Male,1966-04-11,2026-02-18,UK,England,London,Paid Ad,0,2026-02-18
1055,Keith,Valenzuela,benjaminhall@example.net,-9194,Female,1968-05-29,2021-11-28,USA,Texas,Houston,Paid Ad,1,2021-11-28
1056,Dawn,Sellers,ronaldjohnson@example.com,882.481.5278x73048,Other,1972-06-14,2024-07-07,USA,Texas,Houston,Organic,0,2024-07-07
1057,Bryan,White,aholt@example.com,+1-535-637-8018x91567,Female,1970-07-04,2026-01-26,USA,California,Los Angeles,Referral,1,2026-01-26
1058,Patrick,Miller,yramos@example.org,001-669-814-3362,Female,1989-01-18,2022-10-11,USA,Texas,Houston,Organic,1,2022-10-11
1059,Russell,Bonilla,brian99@example.net,5012089857,Other,1983-11-13,2025-11-12,USA,Texas,Houston,Social Media,1,2025-11-12
1060,Jesus,Velazquez,frank18@example.net,(784)942-4648x84997,Female,1964-10-02,2025-10-24,UK,England,London,Social Media,1,2025-10-24
1061,Renee,Watson,tmurphy@example.net,(982)381-9022x179,Other,1999-03-03,2021-06-04,USA,California,Los Angeles,Referral,0,2021-06-04
1062,Kevin,Fernandez,droach@example.org,398-344-5143x67286,Female,1965-05-13,2021-02-27,India,Karnataka,Bengaluru,Email Campaign,0,2021-02-27
1063,Jeff,Johnson,karen81@example.org,001-239-278-1459,Other,1994-10-25,2021-03-15,India,Maharashtra,Mumbai,Organic,1,2021-03-15
1064,Christina,Stark,marthagriffin@example.net,5557286693,Other,1960-06-12,2023-07-16,India,Maharashtra,Mumbai,Paid Ad,1,2023-07-16
1065,Maria,Edwards,webstersteven@example.net,5533260119,Male,1956-04-05,2022-06-13,India,Tamil Nadu,Chennai,Social Media,1,2022-06-13
1066,Susan,Patel,pparker@example.com,(313)260-9085x818,Male,1970-09-23,2024-06-07,Australia,NSW,Sydney,Organic,0,2024-06-07
1067,Bruce,Taylor,jenniferclark@example.org,587-536-6271x35896,Female,1974-06-06,2024-05-06,USA,California,Los Angeles,Social Media,0,2024-05-06
1068,Lauren,Brown,simsamy@example.com,554-973-1566,Female,1985-10-25,2024-10-15,Australia,NSW,Sydney,Partner,0,2024-10-15
1069,Michael,Clarke,garciakelly@example.com,+1-890-828-3772x70289,Female,1977-06-06,2024-11-04,USA,Texas,Houston,Paid Ad,1,2024-11-04
1070,Matthew,Wright,adrianagray@example.com,616-810-1975x358,Female,1999-08-09,2022-11-07,India,Maharashtra,Mumbai,Organic,0,2022-11-07
1071,Brad,Brooks,johnsonelizabeth@example.net,5278304276,Other,1962-10-29,2023-07-08,India,Maharashtra,Mumbai,Referral,0,2023-07-08
1072,Meredith,Brennan,cynthia47@example.org,693.295.3096x90676,Other,1985-11-25,2021-03-31,India,Maharashtra,Mumbai,Email Campaign,0,2021-03-31
1073,Glen,Herrera,sheena87@example.com,851-335-8727x17430,Female,1997-07-08,2022-05-20,USA,Texas,Houston,Partner,1,2022-05-20
1074,Katherine,Combs,kimberly03@example.com,998.981.8738,Other,1990-04-05,2025-03-17,USA,California,Los Angeles,Paid Ad,1,2025-03-17
1075,Michael,Hunt,jasoncampbell@example.com,804.213.0909x153,Other,1965-07-31,2021-07-19,Australia,NSW,Sydney,Organic,0,2021-07-19
1076,David,Anderson,kristin04@example.org,+1-323-219-0577x2044,Male,1958-09-15,2021-03-22,USA,New York,New York City,Partner,1,2021-03-22
1077,Hannah,Norris,cory32@example.com,(638)910-9794x122,Female,1957-03-14,2025-09-04,USA,New York,New York City,Social Media,1,2025-09-04
1078,Jessica,Grant,juliebird@example.net,(432)825-1742x24043,Female,1960-12-27,2023-11-02,USA,New York,New York City,Partner,1,2023-11-02
1079,Amanda,Howell,leepatrick@example.com,963-407-0286,Other,1958-09-05,2023-04-22,USA,Texas,Houston,Partner,0,2023-04-22
1080,Sarah,Maxwell,wheelerkimberly@example.org,(962)919-5368x9005,Female,1987-10-08,2024-05-18,USA,California,Los Angeles,Partner,1,2024-05-18
1081,Anthony,Davis,derrickmoses@example.net,9074397130,Other,1964-03-14,2024-01-11,USA,New York,New York City,Email Campaign,0,2024-01-11
1082,Daniel,Fernandez,vknight@example.net,916.372.2104x5461,Male,1985-11-21,2025-09-12,USA,Texas,Houston,Email Campaign,1,2025-09-12
1083,Amy,Haney,wellsadam@example.com,836-202-3442x2521,Female,1963-05-06,2022-04-28,Germany,Bavaria,Munich,Organic,0,2022-04-28
1084,Herbert,Pruitt,karina20@example.net,747-372-6903x265,Male,1967-08-12,2026-08-01,USA,New York,New York City,Email Campaign,1,2026-08-01
1085,David,Ortiz,tmorrison@example.net,-7131,Other,1957-09-02,2023-12-14,India,Maharashtra,Mumbai,Referral,1,2023-12-14
1086,Daniel,Andrews,floressarah@example.net,626-986-4986,Female,1985-03-05,2025-08-06,India,Karnataka,Bengaluru,Referral,1,2025-08-06
1087,Kylie,Odonnell,dmartinez@example.com,5089844740,Male,1999-03-20,2026-07-27,USA,California,Los Angeles,Partner,0,2026-07-27
1088,Angela,Davis,armstrongtravis@example.net,001-521-864-0069,Male,1987-12-05,2024-09-16,Canada,Ontario,Toronto,Organic,1,2024-09-16
1089,Jessica,Anderson,kristenpetty@example.com,-7993,Male,1986-02-18,2021-12-31,USA,California,Los Angeles,Email Campaign,1,2021-12-31
1090,Allison,Flores,tlopez@example.org,(212)537-2055,Male,1996-01-23,2022-09-03,Canada,Ontario,Toronto,Email Campaign,0,2022-09-03
1091,Aaron,Smith,swright@example.net,001-367-339-1900x889,Female,1969-01-25,2022-02-19,USA,New York,New York City,Partner,1,2022-02-19
1092,Richard,Smith,cruzkaren@example.net,(932)273-7989,Female,1976-04-13,2026-02-14,India,Maharashtra,Mumbai,Paid Ad,1,2026-02-14
1093,Amber,Quinn,amy18@example.com,846.330.0099x8433,Male,2002-11-23,2021-07-25,Canada,Ontario,Toronto,Referral,1,2021-07-25
1094,Jennifer,Sanchez,gmiller@example.net,451-698-5458,Female,1963-08-30,2024-04-05,USA,California,Los Angeles,Partner,1,2024-04-05
1095,Andrew,Fields,jonesjames@example.org,666-807-5699x944,Other,1978-08-07,2025-10-11,India,Karnataka,Bengaluru,Organic,0,2025-10-11
1096,Eddie,Brown,piercejoseph@example.net,001-202-481-8223x8794,Male,2006-08-22,2021-07-07,USA,New York,New York City,Referral,1,2021-07-07
1097,Peter,Johnson,vincent17@example.com,001-952-273-5364x235,Female,1956-02-26,2024-09-08,USA,Texas,Houston,Social Media,1,2024-09-08
1098,Christopher,Harvey,andrearivera@example.net,861-325-5904,Other,2002-07-12,2024-01-04,Germany,Bavaria,Munich,Organic,1,2024-01-04
1099,Bruce,Guzman,briansimmons@example.org,2123838271,Male,1994-01-18,2024-11-04,India,Karnataka,Bengaluru,Organic,1,2024-11-04
1100,Julie,Thompson,ashleybranch@example.net,(515)612-0485x07665,Female,1972-03-31,2025-06-28,UK,England,London,Paid Ad,1,2025-06-28
1101,Jessica,Arellano,diana27@example.com,246.701.9153,Female,1982-03-02,2026-05-13,UK,England,London,Partner,0,2026-05-13
1102,Julia,Garrett,tamaraparker@example.org,335-486-1768x225,Male,1999-06-28,2022-04-09,USA,Texas,Houston,Partner,0,2022-04-09
1103,Elizabeth,White,ghatfield@example.com,(665)662-2419x76878,Male,1980-10-16,2022-10-15,USA,California,Los Angeles,Social Media,1,2022-10-15
1104,Maria,Bates,fowlermichael@example.org,(618)248-9742x23543,Other,1971-12-28,2026-06-01,Germany,Bavaria,Munich,Partner,1,2026-06-01
1105,Robert,Stevenson,hkelley@example.org,456-249-5254,Other,2007-02-11,2023-01-13,Canada,Ontario,Toronto,Social Media,1,2023-01-13
1106,Donna,Hill,dawn11@example.org,+1-697-538-8182x73063,Other,1973-08-03,2021-04-29,India,Karnataka,Bengaluru,Partner,1,2021-04-29
1107,Brenda,Roberts,jenniferrice@example.com,001-368-306-6405,Female,2008-05-02,2026-06-02,USA,Texas,Houston,Organic,0,2026-06-02
1108,Hunter,Martin,larry41@example.net,(830)216-0498,Male,1999-05-15,2025-12-11,UK,England,London,Organic,1,2025-12-11
1109,John,Thomas,dbrown@example.org,(203)319-7899,Male,1960-06-12,2024-07-11,India,Tamil Nadu,Chennai,Partner,1,2024-07-11
1110,Joshua,Mays,kennethzuniga@example.org,317.819.7860,Other,2002-07-26,2023-07-07,Australia,NSW,Sydney,Paid Ad,1,2023-07-07
1111,Eric,Huerta,gabriela90@example.net,741.594.7855x01137,Female,1973-08-09,2022-01-26,Australia,NSW,Sydney,Partner,1,2022-01-26
1112,Gabriel,Wilson,jlivingston@example.net,+1-878-207-2790x37161,Female,1984-12-28,2026-05-28,India,Maharashtra,Mumbai,Partner,0,2026-05-28
1113,William,Maxwell,jdaugherty@example.org,599.964.7718,Other,1973-08-31,2022-09-01,UK,England,London,Email Campaign,1,2022-09-01
1114,Jeremy,West,gcastro@example.org,(248)208-5578,Other,1964-09-13,2021-02-17,USA,California,Los Angeles,Referral,1,2021-02-17
1115,Jonathan,Parrish,laurentaylor@example.com,(721)969-0696,Female,1969-06-19,2026-04-07,Australia,NSW,Sydney,Referral,1,2026-04-07
1116,Elizabeth,Smith,wfleming@example.org,(891)339-5215x01642,Female,1955-12-10,2026-07-07,USA,New York,New York City,Referral,0,2026-07-07
1117,Sarah,Robinson,brandon84@example.org,531-298-3924x8481,Male,1956-03-31,2024-02-14,India,Karnataka,Bengaluru,Email Campaign,1,2024-02-14
1118,Roberta,Rodgers,cervantesleslie@example.org,8216516758,Female,1977-02-18,2025-03-31,India,Maharashtra,Mumbai,Referral,1,2025-03-31
1119,Laura,Hall,jesse81@example.org,9508147642,Female,2001-01-19,2026-02-24,USA,New York,New York City,Email Campaign,0,2026-02-24
1120,David,Kennedy,manuel12@example.net,001-717-775-1239x59781,Female,1969-06-19,2021-12-27,Canada,Ontario,Toronto,Social Media,0,2021-12-27
1121,Nicholas,Mcmillan,farmerlisa@example.com,(636)802-4465,Female,1996-09-07,2022-05-02,India,Karnataka,Bengaluru,Partner,0,2022-05-02
1122,Taylor,Johnson,alexanderanthony@example.org,5879156478,Female,1990-12-06,2022-02-25,USA,California,Los Angeles,Social Media,1,2022-02-25
1123,Bruce,Davis,kurt38@example.org,001-427-741-4857x26029,Male,1969-06-18,2021-01-01,USA,California,Los Angeles,Email Campaign,1,2021-01-01
1124,Karen,Jennings,czavala@example.org,-7832,Other,1990-04-20,2024-06-01,Germany,Bavaria,Munich,Email Campaign,1,2024-06-01
1125,Nicholas,Clark,tdougherty@example.org,938-267-6259x23868,Female,1977-04-01,2026-02-12,India,Maharashtra,Mumbai,Paid Ad,1,2026-02-12
1126,Emily,Johnson,zachary86@example.net,+1-932-505-5340x50892,Female,1986-04-29,2023-07-03,USA,California,Los Angeles,Paid Ad,0,2023-07-03
1127,Judy,Krueger,caitlyn76@example.com,001-705-635-6707x89775,Other,1964-02-14,2026-04-22,Australia,NSW,Sydney,Partner,1,2026-04-22
1128,Melissa,Willis,allenkimberly@example.com,(227)436-2732,Male,1965-01-02,2026-01-28,India,Karnataka,Bengaluru,Organic,1,2026-01-28
1129,Dawn,Olson,juarezmary@example.com,+1-776-391-7162x0429,Female,1971-01-08,2021-01-09,India,Maharashtra,Mumbai,Paid Ad,1,2021-01-09
1130,Mary,Powell,antoniothompson@example.org,(690)439-2202x69801,Other,1991-09-04,2025-03-12,India,Tamil Nadu,Chennai,Organic,1,2025-03-12
1131,Joseph,Poole,hendersonanthony@example.org,670.531.6370x500,Female,1966-10-07,2022-11-04,USA,California,Los Angeles,Referral,1,2022-11-04
1132,Robert,Ellis,sabrina69@example.org,272-594-7638,Female,2006-06-24,2022-03-15,UK,England,London,Email Campaign,1,2022-03-15
1133,Antonio,Sanders,jordan25@example.net,001-498-351-9393x2727,Male,1964-03-10,2023-02-08,India,Maharashtra,Mumbai,Social Media,1,2023-02-08
1134,Ashley,Short,michaelwilliams@example.net,(502)966-7652x72845,Male,1969-09-27,2026-02-16,India,Maharashtra,Mumbai,Partner,1,2026-02-16
1135,Kaitlyn,Willis,chavezaaron@example.net,(440)267-5602x08019,Female,1964-07-01,2022-03-18,India,Karnataka,Bengaluru,Organic,0,2022-03-18
1136,Kelsey,Strong,nicole39@example.org,548-490-9322x533,Female,1956-01-21,2022-05-20,Germany,Bavaria,Munich,Social Media,1,2022-05-20
1137,Gary,Howard,moorenicholas@example.net,650-519-3545x03698,Female,1988-10-07,2022-07-06,Germany,Bavaria,Munich,Organic,0,2022-07-06
1138,Kari,Sanchez,kellysanchez@example.org,001-562-308-0598,Other,1962-05-27,2021-07-18,Australia,NSW,Sydney,Social Media,1,2021-07-18
1139,Tammy,Adams,christopher90@example.com,001-859-565-9992x01237,Other,1959-09-11,2026-06-02,Germany,Bavaria,Munich,Referral,1,2026-06-02
1140,Steve,Chapman,ernest06@example.org,+1-841-993-7591x922,Other,1959-09-26,2022-12-13,Germany,Bavaria,Munich,Referral,1,2022-12-13
1141,Jeremy,Olson,jenniferanderson@example.com,875-328-6461x209,Other,1979-06-25,2025-05-06,USA,New York,New York City,Email Campaign,1,2025-05-06
1142,Katie,Johnson,donnasuarez@example.com,324-603-2115x35505,Other,1966-10-31,2024-08-11,Germany,Bavaria,Munich,Social Media,0,2024-08-11
1143,Kelsey,Garcia,evanselizabeth@example.org,377.597.2479x25422,Female,1993-03-29,2023-10-14,UK,England,London,Social Media,1,2023-10-14
1144,Jonathan,Yates,isabella81@example.net,(804)587-7067,Female,2006-09-04,2024-04-19,India,Karnataka,Bengaluru,Referral,0,2024-04-19
1145,Nicole,Todd,wgomez@example.net,7257784640,Other,1994-09-04,2025-08-18,USA,Texas,Houston,Partner,0,2025-08-18
1146,Alyssa,Gallegos,teresaflores@example.com,001-472-762-0846x729,Other,1971-11-18,2024-05-09,Australia,NSW,Sydney,Email Campaign,0,2024-05-09
1147,Jay,Deleon,jillian19@example.com,(482)722-5018,Male,1994-05-13,2023-06-10,India,Karnataka,Bengaluru,Referral,1,2023-06-10
1148,Elizabeth,Reid,katherinezhang@example.com,(486)439-4201,Other,1968-09-23,2024-04-05,Germany,Bavaria,Munich,Paid Ad,1,2024-04-05
1149,Joshua,Roberts,brookefrench@example.net,001-266-727-0266x045,Other,1978-07-07,2022-12-30,USA,Texas,Houston,Email Campaign,1,2022-12-30
1150,Jacob,Woods,deborah03@example.net,401-493-3538,Female,1964-03-15,2022-04-18,India,Karnataka,Bengaluru,Email Campaign,1,2022-04-18
1151,Mary,Davis,patricksmith@example.org,(908)827-7056x46160,Other,2001-11-01,2025-09-06,Canada,Ontario,Toronto,Partner,1,2025-09-06
1152,Peter,Robinson,alex95@example.org,523.846.1762x313,Female,1961-10-13,2024-03-17,Australia,NSW,Sydney,Organic,1,2024-03-17
1153,Dawn,Sparks,justin16@example.com,(931)465-4413,Male,1980-04-18,2022-03-13,Australia,NSW,Sydney,Social Media,1,2022-03-13
1154,Donna,Price,thomas60@example.com,001-734-794-2904x617,Other,1961-01-04,2021-08-06,USA,Texas,Houston,Organic,1,2021-08-06
1155,Andrea,Smith,hufftroy@example.net,001-532-942-0248,Male,1972-01-05,2023-12-30,India,Maharashtra,Mumbai,Paid Ad,0,2023-12-30
1156,Kelsey,Miller,rjackson@example.com,(753)586-9479x02548,Male,1975-10-08,2022-08-23,India,Tamil Nadu,Chennai,Partner,0,2022-08-23
1157,Kathleen,Barnes,campbelltaylor@example.org,464.310.0953x85574,Other,1976-06-02,2023-04-16,India,Tamil Nadu,Chennai,Organic,1,2023-04-16
1158,Joshua,Morris,conleyantonio@example.org,681.646.0476x1437,Male,1966-12-16,2026-01-28,India,Karnataka,Bengaluru,Email Campaign,1,2026-01-28
1159,Brett,Luna,danielsshannon@example.net,(664)367-2636x815,Other,1983-03-29,2023-07-08,Australia,NSW,Sydney,Partner,1,2023-07-08
1160,Lisa,Francis,maysedward@example.com,001-229-610-8450x786,Male,2007-06-15,2025-05-12,Australia,NSW,Sydney,Email Campaign,1,2025-05-12
1161,Michael,Mullins,cjohnson@example.org,001-937-546-9833x067,Female,1956-11-19,2021-07-12,India,Tamil Nadu,Chennai,Social Media,1,2021-07-12
1162,Richard,Haynes,kelleyderek@example.net,(966)879-4190,Other,1973-02-23,2024-07-04,UK,England,London,Organic,0,2024-07-04
1163,Wayne,Rivera,hugheskaren@example.net,(434)428-9876x05504,Male,1999-08-13,2023-10-27,USA,California,Los Angeles,Email Campaign,1,2023-10-27
1164,Heather,Brown,whubbard@example.org,-7492,Other,1996-02-24,2023-07-13,Canada,Ontario,Toronto,Partner,1,2023-07-13
1165,Becky,Hayden,wellssherry@example.net,001-328-491-9827,Other,1977-11-24,2023-03-16,India,Karnataka,Bengaluru,Referral,1,2023-03-16
1166,Marcus,Stephenson,kendrahall@example.org,208.564.9426x942,Male,1993-10-05,2026-01-13,India,Tamil Nadu,Chennai,Partner,0,2026-01-13
1167,Brittany,Mcdaniel,teresamiller@example.org,449-301-4599x67069,Male,1988-05-28,2023-02-05,USA,New York,New York City,Partner,0,2023-02-05
1168,Lori,Gonzales,richardsonwendy@example.net,(343)988-4302,Female,1994-02-12,2022-05-04,Australia,NSW,Sydney,Organic,1,2022-05-04
1169,Daniel,Ruiz,hughesnicholas@example.net,331-758-9016x492,Other,1955-10-14,2024-02-18,UK,England,London,Paid Ad,0,2024-02-18
1170,Sheila,Hampton,alvarezsharon@example.org,(840)470-3088x08172,Other,1983-09-23,2022-10-22,USA,Texas,Houston,Paid Ad,1,2022-10-22
1171,Caroline,Perry,denisetownsend@example.com,350.307.2889x59274,Female,1977-11-29,2024-09-15,USA,California,Los Angeles,Partner,1,2024-09-15
1172,Aaron,Giles,ballnicole@example.com,427-266-2080,Male,1968-06-07,2021-06-13,USA,Texas,Houston,Paid Ad,1,2021-06-13
1173,David,Brown,virginiafisher@example.net,244-335-9624x587,Other,1965-03-05,2021-07-28,Germany,Bavaria,Munich,Email Campaign,1,2021-07-28
1174,Jill,Phillips,kennethsandoval@example.com,769.509.1237,Other,1956-03-07,2026-07-03,India,Tamil Nadu,Chennai,Email Campaign,0,2026-07-03
1175,Andrea,Adams,tsullivan@example.org,796.470.2436,Other,2000-06-18,2021-10-26,India,Karnataka,Bengaluru,Paid Ad,1,2021-10-26
1176,Patricia,Parker,graveslisa@example.com,001-540-736-4882x15977,Male,1970-05-11,2023-06-20,Australia,NSW,Sydney,Email Campaign,1,2023-06-20
1177,Jennifer,Jenkins,susanhall@example.org,(667)999-8649x1259,Female,2007-01-01,2022-10-15,USA,New York,New York City,Email Campaign,1,2022-10-15
1178,Melissa,Estrada,denniswilliams@example.com,(498)262-2699,Male,1976-01-19,2025-07-11,Australia,NSW,Sydney,Paid Ad,0,2025-07-11
1179,Raymond,Levy,wthompson@example.com,+1-899-929-9833x587,Other,1993-05-06,2023-05-24,India,Maharashtra,Mumbai,Paid Ad,1,2023-05-24
1180,Shannon,Lopez,hsmith@example.org,582-308-4931x539,Female,1963-11-28,2025-01-17,India,Karnataka,Bengaluru,Referral,1,2025-01-17
1181,David,Smith,princekeith@example.org,+1-676-329-1430x4913,Other,1956-08-03,2026-04-30,Germany,Bavaria,Munich,Partner,1,2026-04-30
1182,Zachary,Andrews,edwin87@example.org,4996865642,Other,2003-11-12,2022-04-15,USA,California,Los Angeles,Paid Ad,1,2022-04-15
1183,Mark,Montes,brianwhite@example.com,609.876.6919,Other,1962-05-03,2023-09-12,Canada,Ontario,Toronto,Email Campaign,1,2023-09-12
1184,Sharon,Bentley,banksmeredith@example.com,-6943,Male,1961-01-12,2023-09-26,Germany,Bavaria,Munich,Partner,1,2023-09-26
1185,Alicia,Armstrong,melissa04@example.org,374-212-5313x7956,Male,1958-06-15,2025-04-12,India,Karnataka,Bengaluru,Social Media,1,2025-04-12
1186,Tracy,Gonzalez,charlesewing@example.com,3365192025,Male,1983-01-14,2024-03-04,India,Tamil Nadu,Chennai,Email Campaign,1,2024-03-04
1187,James,Stevens,kennethwhite@example.com,847-448-9047x6078,Female,1996-10-02,2025-12-31,India,Karnataka,Bengaluru,Organic,0,2025-12-31
1188,Leslie,Jones,holtthomas@example.com,591-470-8517,Female,2001-06-29,2023-02-28,India,Tamil Nadu,Chennai,Email Campaign,1,2023-02-28
1189,Brittany,Miller,patrick40@example.net,385-780-5581,Male,2003-02-26,2022-01-29,USA,New York,New York City,Email Campaign,1,2022-01-29
1190,Shannon,Nelson,pcaldwell@example.net,+1-716-607-7004x09304,Other,1961-12-02,2021-01-31,Australia,NSW,Sydney,Organic,1,2021-01-31
1191,Joshua,Smith,cassandrakramer@example.net,(421)280-3966,Other,1968-05-08,2023-05-24,India,Maharashtra,Mumbai,Social Media,1,2023-05-24
1192,Nathan,Hoover,rcohen@example.net,001-307-888-0265x295,Other,1970-09-05,2023-04-23,USA,New York,New York City,Partner,1,2023-04-23
1193,Samuel,Burke,jennifercooper@example.com,(230)839-7440,Other,1981-07-16,2021-10-23,UK,England,London,Partner,1,2021-10-23
1194,William,Hanna,criddle@example.net,(301)399-1843,Female,1966-04-16,2021-04-08,USA,Texas,Houston,Partner,0,2021-04-08
1195,Melissa,Thomas,ggray@example.com,-1531,Male,1990-08-03,2021-06-05,India,Karnataka,Bengaluru,Organic,1,2021-06-05
1196,Daniel,Douglas,phillipsshawn@example.net,+1-622-905-3970x77454,Female,1994-03-17,2022-12-31,USA,California,Los Angeles,Email Campaign,0,2022-12-31
1197,Susan,Brown,samanthawoodard@example.org,914.861.9953x946,Female,2008-08-04,2023-07-22,USA,New York,New York City,Social Media,0,2023-07-22
1198,David,Russell,markblake@example.com,2534026184,Other,1975-07-12,2026-01-22,UK,England,London,Social Media,0,2026-01-22
1199,Lisa,Solomon,robinsonpaul@example.com,8502630663,Male,1975-05-15,2024-07-19,UK,England,London,Social Media,1,2024-07-19
1200,David,Schmidt,hollandroy@example.org,+1-589-210-3909x120,Other,1963-04-18,2021-01-25,USA,New York,New York City,Partner,1,2021-01-25
1201,Derek,Franklin,eric37@example.com,001-279-253-1926,Other,1988-09-28,2021-09-17,Germany,Bavaria,Munich,Email Campaign,1,2021-09-17
1202,Amanda,Williams,fbailey@example.com,+1-554-349-2054x89445,Female,1962-04-19,2021-10-25,USA,California,Los Angeles,Email Campaign,0,2021-10-25
1203,Allen,Hoffman,wbailey@example.net,744.456.6229,Other,1962-03-30,2024-04-02,USA,New York,New York City,Paid Ad,1,2024-04-02
1204,Christina,Williams,pjames@example.com,662-948-6070,Female,2001-06-26,2021-12-21,Germany,Bavaria,Munich,Social Media,1,2021-12-21
1205,Eric,Fisher,msmith@example.com,358-950-1530,Other,1967-12-02,2025-06-07,UK,England,London,Organic,0,2025-06-07
1206,Jessica,Tapia,gcrawford@example.com,(505)787-9052x24413,Other,1972-01-04,2022-10-03,Canada,Ontario,Toronto,Referral,1,2022-10-03
1207,Ashley,Brown,uschmitt@example.net,(831)857-9057x191,Other,2006-10-28,2025-05-21,USA,Texas,Houston,Paid Ad,0,2025-05-21
1208,Sharon,Abbott,bcarpenter@example.com,(218)733-5974x8768,Other,1992-02-07,2024-05-05,USA,Texas,Houston,Partner,1,2024-05-05
1209,Brandon,Lopez,victoriabenson@example.com,001-818-943-0192x2095,Other,1968-07-11,2021-02-15,India,Karnataka,Bengaluru,Email Campaign,1,2021-02-15
1210,Jake,Roth,rlewis@example.org,796.544.0282,Male,1996-02-25,2022-05-20,USA,Texas,Houston,Organic,1,2022-05-20
1211,Lisa,Donovan,lbennett@example.net,(742)477-3923,Other,1958-03-08,2025-06-03,Germany,Bavaria,Munich,Email Campaign,1,2025-06-03
1212,John,White,kingvictoria@example.org,(493)232-8442x34719,Male,1998-02-03,2024-06-02,USA,New York,New York City,Partner,1,2024-06-02
1213,Timothy,Wilkins,murphyjoseph@example.com,(360)575-6999,Female,1984-12-01,2023-05-18,India,Karnataka,Bengaluru,Partner,1,2023-05-18
1214,Jeffrey,Johnson,pkramer@example.org,+1-222-862-2777x73316,Male,1977-01-01,2022-08-07,Australia,NSW,Sydney,Referral,0,2022-08-07
1215,Kenneth,Mendoza,jsmith@example.com,6364059529,Male,1989-02-08,2023-11-02,India,Maharashtra,Mumbai,Organic,1,2023-11-02
1216,Christopher,Holloway,tmoody@example.net,4278406758,Other,1979-09-28,2021-08-11,USA,Texas,Houston,Social Media,1,2021-08-11
1217,Devin,Carroll,wilkinsonrussell@example.org,8033638564,Female,1970-09-10,2021-10-27,Australia,NSW,Sydney,Partner,1,2021-10-27
1218,Seth,Edwards,nbrewer@example.org,239.797.9849x14986,Male,1998-11-04,2023-10-24,USA,New York,New York City,Referral,0,2023-10-24
1219,Alexis,Campbell,douglasbutler@example.com,332-323-9461x2128,Female,1973-03-04,2026-06-19,Germany,Bavaria,Munich,Paid Ad,0,2026-06-19
1220,Keith,Cantu,johnsmith@example.org,(976)622-3984,Male,1964-11-08,2023-08-19,USA,Texas,Houston,Paid Ad,1,2023-08-19
1221,Pamela,Walsh,raymond78@example.net,718.688.2237x8870,Male,1959-04-12,2021-10-13,Germany,Bavaria,Munich,Paid Ad,0,2021-10-13
1222,Alexa,Cruz,archerjames@example.net,795-864-7998x460,Female,1992-02-07,2026-01-20,Canada,Ontario,Toronto,Email Campaign,1,2026-01-20
1223,Cindy,Bradley,rlee@example.net,209.472.3610,Other,1977-10-26,2022-09-17,India,Tamil Nadu,Chennai,Email Campaign,1,2022-09-17
1224,Patrick,Anderson,barnesmichael@example.com,001-778-364-5786x5557,Female,2008-03-29,2024-07-19,India,Karnataka,Bengaluru,Referral,0,2024-07-19
1225,George,Harrison,adam06@example.net,758.668.2405x166,Male,1972-12-08,2024-07-06,USA,California,Los Angeles,Referral,1,2024-07-06
1226,Eric,Snow,jordan89@example.net,740.923.3868x6083,Female,2001-09-03,2024-02-08,UK,England,London,Referral,1,2024-02-08
1227,Jessica,Chavez,rickywilliams@example.net,542-238-6020x5089,Female,2007-10-25,2026-05-20,India,Karnataka,Bengaluru,Social Media,1,2026-05-20
1228,Kimberly,Ramirez,lewiselizabeth@example.org,001-461-697-9797,Female,1973-07-19,2024-06-05,India,Karnataka,Bengaluru,Email Campaign,0,2024-06-05
1229,Eric,Adams,michaellynch@example.net,6452073567,Other,1986-01-29,2022-12-21,USA,New York,New York City,Email Campaign,1,2022-12-21
1230,Tyrone,Fowler,ashleyrhodes@example.com,001-680-426-0294,Male,1990-03-12,2024-02-24,USA,New York,New York City,Email Campaign,1,2024-02-24
1231,Lindsey,Williams,taragomez@example.net,+1-525-384-9073x420,Other,1985-07-29,2023-12-15,India,Maharashtra,Mumbai,Partner,0,2023-12-15
1232,Scott,Stevens,amanda75@example.net,(414)718-6482x308,Male,1997-05-27,2021-11-05,USA,New York,New York City,Email Campaign,1,2021-11-05
1233,Abigail,Sanders,daniel62@example.org,+1-932-660-5869x4276,Other,2004-11-23,2025-07-18,USA,California,Los Angeles,Referral,1,2025-07-18
1234,Jason,Sweeney,alee@example.com,(629)431-5181x7882,Other,2002-09-07,2023-12-04,USA,California,Los Angeles,Email Campaign,1,2023-12-04
1235,Madeline,Underwood,robert89@example.org,(423)427-2371x79890,Female,1967-10-16,2022-09-01,Canada,Ontario,Toronto,Social Media,1,2022-09-01
1236,Erin,Berry,ericksonlaura@example.com,848-970-8477x95417,Male,1972-05-06,2024-04-06,India,Maharashtra,Mumbai,Social Media,1,2024-04-06
1237,James,Warren,cameronkaitlyn@example.com,815.491.5790x89458,Female,1977-03-04,2022-01-06,Australia,NSW,Sydney,Paid Ad,1,2022-01-06
1238,Andrea,Wagner,hjenkins@example.org,(307)461-2396,Other,1961-10-10,2021-02-13,Australia,NSW,Sydney,Referral,0,2021-02-13
1239,Crystal,Contreras,chenmatthew@example.org,-9570,Other,1990-02-05,2022-11-11,Germany,Bavaria,Munich,Referral,1,2022-11-11
1240,Tracy,Sexton,mespinoza@example.org,407-892-3729,Male,1985-01-11,2022-10-15,Canada,Ontario,Toronto,Email Campaign,1,2022-10-15
1241,Patricia,Walker,mstanley@example.com,8355067578,Other,2008-07-11,2022-08-22,Germany,Bavaria,Munich,Partner,1,2022-08-22
1242,James,Gomez,fsmith@example.com,712.931.5550,Male,1991-07-17,2025-01-09,Canada,Ontario,Toronto,Referral,0,2025-01-09
1243,Antonio,Martinez,warrenchristine@example.net,001-338-644-4045x8831,Male,1959-02-03,2023-08-08,Canada,Ontario,Toronto,Paid Ad,0,2023-08-08
1244,Pam,Tapia,goodwinsharon@example.net,903-968-7156x89109,Male,1988-06-16,2023-08-17,India,Karnataka,Bengaluru,Partner,1,2023-08-17
1245,Amanda,Russo,jessebeltran@example.net,856-884-4679x403,Female,2006-04-05,2025-01-19,India,Maharashtra,Mumbai,Social Media,1,2025-01-19
1246,Lisa,Jones,sharonaustin@example.com,978.431.5975,Male,1987-08-01,2021-07-10,Canada,Ontario,Toronto,Partner,1,2021-07-10
1247,Jacqueline,Thomas,ghall@example.com,-2643,Other,2008-06-29,2022-02-27,India,Karnataka,Bengaluru,Email Campaign,0,2022-02-27
1248,Jeremy,Thompson,bennettvictoria@example.com,285-948-3966,Other,2003-12-17,2023-12-15,India,Tamil Nadu,Chennai,Email Campaign,1,2023-12-15
1249,Kevin,Norton,yfletcher@example.org,001-315-995-8417x4916,Female,1955-11-11,2022-12-14,Germany,Bavaria,Munich,Partner,1,2022-12-14
1250,Alexander,Martin,chasebeck@example.com,001-881-241-3447,Other,1993-01-31,2025-02-05,UK,England,London,Partner,0,2025-02-05
1251,Jonathan,Hart,scochran@example.org,001-229-828-6433x0265,Female,1993-03-08,2023-10-28,USA,New York,New York City,Referral,1,2023-10-28
1252,Jacob,Grant,robertchavez@example.org,+1-466-266-1025x634,Female,1962-10-31,2025-07-21,Australia,NSW,Sydney,Paid Ad,0,2025-07-21
1253,Melinda,Anderson,josephchapman@example.org,237-368-3675,Other,1980-11-05,2026-05-29,Canada,Ontario,Toronto,Organic,1,2026-05-29
1254,Shaun,Jones,cynthiahill@example.com,344-909-2335,Female,1971-10-28,2022-07-24,Australia,NSW,Sydney,Referral,1,2022-07-24
1255,Randall,Ward,donald60@example.org,-7953,Other,2003-01-26,2021-11-12,India,Maharashtra,Mumbai,Partner,1,2021-11-12
1256,Cynthia,Kelly,danielletucker@example.com,(741)349-0038x5025,Male,1994-04-29,2023-05-17,India,Tamil Nadu,Chennai,Referral,1,2023-05-17
1257,Tiffany,Decker,kimberly48@example.com,622.788.3904x7331,Other,1970-05-02,2025-01-23,USA,Texas,Houston,Partner,0,2025-01-23
1258,Jessica,Dominguez,gloria49@example.org,(951)714-9788,Female,1967-01-12,2023-08-02,USA,New York,New York City,Paid Ad,1,2023-08-02
1259,Dennis,Watts,alexis54@example.org,276.361.8308x580,Other,1994-01-12,2026-05-27,USA,New York,New York City,Social Media,1,2026-05-27
1260,Amanda,Hanna,collinsbrandi@example.com,314-236-7862,Other,1981-06-17,2023-05-14,Canada,Ontario,Toronto,Referral,0,2023-05-14
1261,Amy,Dunn,williamsemily@example.net,556.542.5706x80269,Male,2004-09-15,2021-04-02,UK,England,London,Organic,1,2021-04-02
1262,Jennifer,Watson,harold30@example.com,7022302865,Male,1991-07-01,2022-10-22,USA,Texas,Houston,Partner,1,2022-10-22
1263,Ruth,Taylor,joyce14@example.org,7664701514,Other,1956-09-19,2021-06-10,Australia,NSW,Sydney,Referral,1,2021-06-10
1264,Tonya,Morales,jamiesingh@example.org,(422)440-0539,Female,1990-12-11,2022-11-13,USA,California,Los Angeles,Referral,0,2022-11-13
1265,Brandon,Gray,daviselizabeth@example.net,001-401-713-4843x39133,Other,1965-04-30,2025-07-19,Australia,NSW,Sydney,Email Campaign,1,2025-07-19
1266,Nicholas,Dudley,ericquinn@example.com,864-252-3428x64497,Male,1964-11-21,2024-03-07,USA,California,Los Angeles,Referral,1,2024-03-07
1267,Brandy,Jordan,josephmcgee@example.net,001-753-467-7349,Female,1988-08-31,2026-04-15,Canada,Ontario,Toronto,Referral,0,2026-04-15
1268,Maria,Kelly,cookgregory@example.com,(855)891-4762x5380,Other,1971-08-13,2025-08-10,India,Maharashtra,Mumbai,Referral,0,2025-08-10
1269,Joseph,Patton,jeffrey69@example.net,(824)474-6653x538,Other,1996-02-02,2023-01-15,Germany,Bavaria,Munich,Partner,1,2023-01-15
1270,Nicole,Ray,julie24@example.org,001-867-592-4157x127,Male,1995-03-11,2023-12-20,Australia,NSW,Sydney,Partner,1,2023-12-20
1271,Amy,Walker,jason46@example.net,586-339-0616x82497,Other,1977-09-19,2026-02-01,India,Karnataka,Bengaluru,Email Campaign,0,2026-02-01
1272,Michael,Walker,garciapenny@example.net,+1-937-410-3073x7260,Female,1996-10-13,2023-07-31,USA,New York,New York City,Social Media,0,2023-07-31
1273,Kerri,Hahn,amanda67@example.net,001-808-526-4931x214,Male,1987-02-03,2022-03-21,USA,Texas,Houston,Referral,0,2022-03-21
1274,Kenneth,Mejia,pwhite@example.com,(392)964-5633,Male,1963-01-21,2025-09-16,Australia,NSW,Sydney,Email Campaign,1,2025-09-16
1275,Sarah,Valencia,alexander69@example.com,811.526.6497x19670,Female,1967-04-14,2022-12-28,USA,New York,New York City,Email Campaign,0,2022-12-28
1276,Jeffrey,Rodriguez,blancharddaniel@example.com,001-590-616-3994x90133,Other,2007-03-25,2021-06-09,Germany,Bavaria,Munich,Email Campaign,1,2021-06-09
1277,Jason,Lowery,qwhitaker@example.org,+1-548-214-0984x10167,Female,1959-08-16,2022-01-17,USA,New York,New York City,Partner,1,2022-01-17
1278,John,Stephens,moralestheresa@example.net,+1-391-800-4202x8866,Other,2004-04-03,2021-01-05,USA,Texas,Houston,Partner,1,2021-01-05
1279,Yvette,Adkins,waltercarrie@example.org,721-534-8548x4203,Female,1959-08-31,2025-09-20,UK,England,London,Organic,1,2025-09-20
1280,Bryan,Woods,tuckersheila@example.net,338-960-1571,Male,1961-11-08,2025-10-24,Australia,NSW,Sydney,Social Media,0,2025-10-24
1281,Natalie,Patton,aguilarkyle@example.org,(347)302-8814,Other,1962-09-24,2024-12-06,UK,England,London,Partner,0,2024-12-06
1282,Amanda,Rosales,logan71@example.net,567.385.7646,Female,1968-05-13,2022-02-05,Germany,Bavaria,Munich,Referral,0,2022-02-05
1283,Kristina,Miller,hturner@example.net,(319)742-3215x4013,Male,1967-04-02,2026-05-09,India,Tamil Nadu,Chennai,Organic,1,2026-05-09
1284,Brett,Carlson,lchurch@example.com,968-645-5252,Female,2003-01-22,2025-08-01,India,Tamil Nadu,Chennai,Referral,0,2025-08-01
1285,Aaron,Schultz,tommy17@example.net,-9812,Other,2007-09-17,2021-01-30,USA,California,Los Angeles,Email Campaign,1,2021-01-30
1286,Anthony,Rodriguez,ryan56@example.org,(458)742-2717x266,Female,1977-03-06,2021-01-30,USA,New York,New York City,Partner,1,2021-01-30
1287,Anthony,Reyes,alvarezelizabeth@example.org,341-230-6862x4087,Female,1955-11-21,2024-07-17,India,Maharashtra,Mumbai,Paid Ad,1,2024-07-17
1288,Danielle,Hess,dweaver@example.net,317-328-2076x238,Female,1974-04-27,2022-09-26,USA,New York,New York City,Partner,1,2022-09-26
1289,Laura,Martin,douglashernandez@example.org,-5983,Female,2008-09-14,2023-11-05,Germany,Bavaria,Munich,Email Campaign,0,2023-11-05
1290,Brittany,Phillips,nelsonbenjamin@example.net,579-713-5113x505,Other,2006-12-20,2025-02-06,UK,England,London,Paid Ad,0,2025-02-06
1291,Sherry,Pennington,katieschmidt@example.org,9645157809,Female,1957-04-03,2023-04-15,UK,England,London,Email Campaign,1,2023-04-15
1292,Sara,Smith,johnsonkevin@example.net,853-941-9528x1447,Male,1970-12-18,2026-05-31,Australia,NSW,Sydney,Paid Ad,1,2026-05-31
1293,Nicole,Anderson,thompsondarlene@example.net,-4376,Female,1980-05-02,2026-06-05,Australia,NSW,Sydney,Paid Ad,1,2026-06-05
1294,Brenda,Wilson,connorholloway@example.net,001-974-736-9905x5855,Other,1987-02-07,2024-11-11,Germany,Bavaria,Munich,Social Media,0,2024-11-11
1295,Kevin,Tate,jacob06@example.net,(890)745-2898x60610,Other,1977-12-27,2022-05-03,USA,Texas,Houston,Referral,1,2022-05-03
1296,John,Chavez,nathan01@example.com,727-561-3681x49802,Male,1989-05-13,2022-10-25,Canada,Ontario,Toronto,Referral,0,2022-10-25
1297,William,Lee,kgilbert@example.net,+1-464-544-7725x084,Female,1995-02-20,2025-06-29,Australia,NSW,Sydney,Email Campaign,1,2025-06-29
1298,Rachel,Thompson,william04@example.org,724.715.5369x158,Male,1980-01-04,2021-08-02,Germany,Bavaria,Munich,Social Media,0,2021-08-02
1299,Meghan,Richards,cruzmary@example.net,(702)642-5703x3329,Male,1974-09-22,2022-01-09,USA,California,Los Angeles,Social Media,1,2022-01-09
1300,Sarah,Charles,danielle28@example.com,304.902.9662,Male,1964-01-29,2025-11-19,Germany,Bavaria,Munich,Organic,0,2025-11-19
1301,Todd,Bean,mariajohnson@example.org,(278)821-5392x66937,Female,1967-06-08,2023-06-28,India,Tamil Nadu,Chennai,Organic,1,2023-06-28
1302,David,Kelly,maddoxdavid@example.org,001-428-204-8502,Other,1977-11-10,2021-06-04,Germany,Bavaria,Munich,Social Media,1,2021-06-04
1303,Emily,Williams,dawnlewis@example.net,279.471.9000,Other,1993-04-09,2024-03-19,UK,England,London,Email Campaign,0,2024-03-19
1304,Deborah,Jordan,vthomas@example.com,001-447-518-5594x079,Other,1955-09-25,2022-12-19,USA,California,Los Angeles,Social Media,0,2022-12-19
1305,Laura,Cooper,derrickyoung@example.com,+1-277-381-4564x7437,Male,1988-04-19,2021-02-13,Canada,Ontario,Toronto,Partner,1,2021-02-13
1306,Sierra,Gomez,moraelizabeth@example.com,(366)750-5276x12092,Male,1980-12-23,2024-03-17,Australia,NSW,Sydney,Organic,0,2024-03-17
1307,Brian,Bates,moorejohn@example.net,567-787-0676,Other,1968-09-30,2023-08-07,Germany,Bavaria,Munich,Referral,1,2023-08-07
1308,Edward,Sutton,ryanbrenda@example.org,(368)348-5637,Male,1970-11-13,2025-01-13,USA,California,Los Angeles,Partner,0,2025-01-13
1309,Edwin,Collins,williamssheila@example.org,853.798.9231x324,Male,1987-06-24,2022-10-07,USA,California,Los Angeles,Paid Ad,0,2022-10-07
1310,Connie,York,isalazar@example.com,001-484-217-8376x59153,Other,1960-09-13,2024-12-17,UK,England,London,Social Media,1,2024-12-17
1311,Kimberly,Contreras,olsenlinda@example.org,001-466-642-6735x127,Other,1972-06-13,2023-04-01,UK,England,London,Organic,1,2023-04-01
1312,Michael,Rivers,tracydavenport@example.net,(456)497-6487x8496,Other,1970-06-24,2022-01-05,USA,New York,New York City,Paid Ad,1,2022-01-05
1313,Leah,Roberts,maria04@example.com,+1-325-406-9296x5685,Female,1999-01-31,2024-11-26,Australia,NSW,Sydney,Paid Ad,1,2024-11-26
1314,Brian,Fisher,karenliu@example.net,329.435.0979x3442,Female,1986-03-18,2023-03-08,India,Maharashtra,Mumbai,Social Media,0,2023-03-08
1315,Kevin,Melton,rachel22@example.org,677-280-4579x7251,Female,1980-01-12,2021-01-20,Germany,Bavaria,Munich,Referral,0,2021-01-20
1316,James,Santos,claytonchavez@example.net,(333)872-0945,Other,1981-08-01,2022-03-13,UK,England,London,Organic,0,2022-03-13
1317,Katie,Wallace,ogonzalez@example.org,+1-628-463-0112x20084,Female,1976-04-03,2024-04-20,Australia,NSW,Sydney,Organic,1,2024-04-20
1318,Jon,Oconnell,jamesmullins@example.com,896.208.2896x713,Other,2000-11-08,2023-11-22,Australia,NSW,Sydney,Email Campaign,1,2023-11-22
1319,Danielle,King,pamela92@example.org,-1536,Female,1996-03-06,2025-12-19,India,Tamil Nadu,Chennai,Email Campaign,1,2025-12-19
1320,Clayton,Elliott,neilsummers@example.org,215-246-1758,Female,1967-03-12,2023-09-24,Canada,Ontario,Toronto,Social Media,0,2023-09-24
1321,Alexandria,Hicks,mitchelldanielle@example.org,504-331-5668x5135,Female,1970-04-02,2021-04-23,Canada,Ontario,Toronto,Organic,1,2021-04-23
1322,Debbie,Woods,gflores@example.org,609.901.6856,Female,1961-07-15,2021-10-04,India,Tamil Nadu,Chennai,Partner,1,2021-10-04
1323,Mary,Hayes,barry90@example.org,716.898.8371x611,Female,1978-03-12,2023-07-31,India,Maharashtra,Mumbai,Social Media,0,2023-07-31
1324,Lauren,Levine,millerashley@example.com,259.783.3261x705,Other,2007-02-06,2021-02-09,India,Karnataka,Bengaluru,Paid Ad,1,2021-02-09
1325,Amanda,Brooks,michael81@example.net,(465)672-8535x339,Male,1964-02-23,2024-03-22,India,Maharashtra,Mumbai,Social Media,1,2024-03-22
1326,Ricardo,Thomas,swhitehead@example.com,580-215-8466x87930,Other,1963-09-29,2021-11-08,India,Karnataka,Bengaluru,Referral,1,2021-11-08
1327,Zachary,Harris,wwhite@example.com,(698)834-5150x25285,Female,1961-05-08,2024-07-09,Canada,Ontario,Toronto,Referral,0,2024-07-09
1328,John,Lara,ameyers@example.net,001-972-907-3827,Male,1979-11-14,2024-01-08,Germany,Bavaria,Munich,Partner,1,2024-01-08
1329,Julie,Campos,kochwalter@example.org,227-486-3090x07121,Other,1993-09-03,2026-08-06,India,Maharashtra,Mumbai,Referral,1,2026-08-06
1330,Joshua,Lee,tracy05@example.net,+1-877-771-9619x97165,Female,1996-08-13,2023-09-19,India,Maharashtra,Mumbai,Referral,1,2023-09-19
1331,Richard,Gibson,billy96@example.net,434.640.0952,Male,2005-10-16,2023-04-11,India,Maharashtra,Mumbai,Email Campaign,0,2023-04-11
1332,Valerie,James,james79@example.org,001-722-619-1439x070,Male,1981-01-20,2022-10-01,India,Karnataka,Bengaluru,Organic,0,2022-10-01
1333,John,Williams,cookkristina@example.net,815-201-0162,Other,1957-05-02,2026-07-11,USA,New York,New York City,Organic,1,2026-07-11
1334,Antonio,Morales,elizabethkirk@example.com,+1-378-433-5488x357,Female,1961-06-02,2021-06-23,Australia,NSW,Sydney,Paid Ad,0,2021-06-23
1335,Ashley,Kennedy,meyerspatrick@example.net,466.443.2031x72665,Female,1972-02-27,2024-07-15,Germany,Bavaria,Munich,Email Campaign,0,2024-07-15
1336,Amber,Baker,vanessajimenez@example.org,700-302-0860x1460,Male,1986-12-08,2026-07-04,India,Tamil Nadu,Chennai,Email Campaign,1,2026-07-04
1337,Anita,Morgan,madisonsimpson@example.org,(230)233-5636x9301,Male,1993-12-29,2025-06-18,India,Tamil Nadu,Chennai,Email Campaign,0,2025-06-18
1338,Bridget,Fox,cameronramos@example.org,001-404-280-2835x4158,Other,1988-08-27,2021-08-10,USA,Texas,Houston,Social Media,1,2021-08-10
1339,Jerry,Mclean,cynthiabutler@example.org,466.828.0812,Other,1983-04-06,2021-05-14,Canada,Ontario,Toronto,Paid Ad,0,2021-05-14
1340,Michael,Riggs,kimberly47@example.org,(931)510-5833x096,Female,1987-10-03,2022-12-17,UK,England,London,Organic,0,2022-12-17
1341,Christine,Roberts,codyrichards@example.org,001-842-969-3765x0167,Female,1992-04-13,2026-02-28,Australia,NSW,Sydney,Partner,1,2026-02-28
1342,Corey,Simpson,ikane@example.net,883.463.6885x01627,Other,1987-02-02,2021-02-18,USA,California,Los Angeles,Referral,1,2021-02-18
1343,Jack,Reynolds,srobertson@example.net,4932761652,Female,1980-04-15,2022-02-17,UK,England,London,Paid Ad,1,2022-02-17
1344,Beverly,Allen,ariana12@example.com,597-777-2659x76408,Male,2006-07-26,2023-11-30,Germany,Bavaria,Munich,Email Campaign,0,2023-11-30
1345,Amanda,Stewart,sellersshelly@example.com,371-465-7893,Female,1986-12-28,2023-08-30,India,Tamil Nadu,Chennai,Social Media,0,2023-08-30
1346,Stacy,Gomez,fbell@example.net,-9584,Female,1955-12-09,2024-11-06,Germany,Bavaria,Munich,Referral,1,2024-11-06
1347,Carrie,Green,alexandrawest@example.com,(770)230-2930x112,Male,1959-02-02,2025-10-03,Canada,Ontario,Toronto,Social Media,0,2025-10-03
1348,William,Houston,snydergeorge@example.org,(295)822-2336x9318,Female,1964-08-14,2025-02-04,India,Karnataka,Bengaluru,Paid Ad,0,2025-02-04
1349,Bobby,Patton,bfowler@example.org,226-762-4975x374,Other,1981-12-07,2023-01-07,Canada,Ontario,Toronto,Referral,1,2023-01-07
1350,Kimberly,Davis,kevin95@example.com,+1-774-306-8735x44534,Male,1970-08-01,2023-07-26,Germany,Bavaria,Munich,Partner,1,2023-07-26
1351,Diana,Kemp,ggomez@example.org,+1-848-834-8358x62673,Other,1999-09-10,2023-08-24,India,Tamil Nadu,Chennai,Social Media,1,2023-08-24
1352,Zachary,Allen,valencialisa@example.com,(587)608-9432x698,Male,1971-08-25,2023-03-15,UK,England,London,Partner,1,2023-03-15
1353,Monica,Daniel,michelle05@example.org,001-245-905-0928x46720,Male,1966-02-25,2026-04-22,USA,Texas,Houston,Referral,0,2026-04-22
1354,Gerald,Odom,ashleyterry@example.com,272.395.4503,Male,1978-01-21,2026-08-09,UK,England,London,Partner,1,2026-08-09
1355,Matthew,Haney,gomezerica@example.net,001-304-450-2814x353,Female,2003-11-17,2024-07-17,Australia,NSW,Sydney,Paid Ad,1,2024-07-17
1356,Candace,Ingram,madisonchristensen@example.net,001-753-411-1235x90426,Female,2002-08-11,2021-07-15,India,Tamil Nadu,Chennai,Organic,1,2021-07-15
1357,Lisa,Hernandez,ypittman@example.org,+1-751-308-5738x38554,Male,1969-06-18,2021-09-03,USA,Texas,Houston,Paid Ad,0,2021-09-03
1358,Katherine,Davila,richardsmario@example.org,345.855.3706x2728,Female,1979-11-09,2022-01-30,Canada,Ontario,Toronto,Partner,1,2022-01-30
1359,John,Wright,cuevasdonald@example.org,+1-357-956-2641x26084,Female,1976-06-30,2023-12-01,India,Karnataka,Bengaluru,Paid Ad,0,2023-12-01
1360,Alexis,Howell,colemanjim@example.net,(730)439-9516x70450,Female,2004-05-06,2023-11-22,Australia,NSW,Sydney,Organic,1,2023-11-22
1361,David,Byrd,ralexander@example.org,(734)338-8804,Female,1990-07-23,2022-05-12,UK,England,London,Partner,0,2022-05-12
1362,Debra,Brown,cathy36@example.com,(702)982-3134x275,Other,1975-10-10,2023-03-26,Germany,Bavaria,Munich,Email Campaign,1,2023-03-26
1363,Jack,Lynch,higginskelly@example.org,001-344-231-8343x6953,Female,1992-01-19,2022-12-16,Australia,NSW,Sydney,Paid Ad,0,2022-12-16
1364,Melissa,Beck,rwebb@example.net,450-862-9179,Other,2003-08-01,2026-06-20,India,Karnataka,Bengaluru,Social Media,0,2026-06-20
1365,Susan,Lamb,klewis@example.net,462-491-0873,Other,1960-11-24,2025-04-10,USA,New York,New York City,Paid Ad,0,2025-04-10
1366,Andrea,Sanders,buchananscott@example.net,967.610.5298x770,Male,1974-01-22,2022-08-17,Canada,Ontario,Toronto,Partner,1,2022-08-17
1367,Brooke,Montgomery,brooksjames@example.com,250-502-0268x387,Other,1995-03-08,2025-09-24,India,Karnataka,Bengaluru,Email Campaign,1,2025-09-24
1368,Kyle,Reed,jacksonleslie@example.com,760.630.4093x467,Male,1988-11-08,2025-07-16,Germany,Bavaria,Munich,Organic,0,2025-07-16
1369,Amanda,Cummings,kristinaweaver@example.org,7133827210,Male,1968-08-15,2024-11-08,USA,Texas,Houston,Paid Ad,1,2024-11-08
1370,Juan,Brown,erik01@example.org,-3317,Other,1983-06-05,2024-04-08,India,Karnataka,Bengaluru,Paid Ad,0,2024-04-08
1371,Jennifer,Walsh,robertsmith@example.net,001-617-936-9078,Female,1978-05-31,2025-06-08,Germany,Bavaria,Munich,Social Media,1,2025-06-08
1372,Jack,Williams,david41@example.org,307.416.3485x0895,Female,1967-03-11,2026-01-19,India,Karnataka,Bengaluru,Referral,1,2026-01-19
1373,Adam,Watson,khanbreanna@example.org,+1-744-754-5697x296,Male,1976-05-08,2021-04-05,USA,Texas,Houston,Partner,0,2021-04-05
1374,Danny,Lopez,pjimenez@example.com,418.886.2639x561,Other,1996-03-31,2023-10-28,India,Maharashtra,Mumbai,Partner,1,2023-10-28
1375,Patrick,Frank,shelbywatson@example.com,471.438.8740,Male,1967-03-25,2023-05-13,USA,New York,New York City,Social Media,1,2023-05-13
1376,Diana,Love,elizabeth14@example.com,(362)676-3304x1176,Male,1964-12-07,2022-01-27,USA,New York,New York City,Social Media,0,2022-01-27
1377,Emily,Brooks,william19@example.com,-8672,Male,1984-04-03,2021-08-09,Australia,NSW,Sydney,Social Media,1,2021-08-09
1378,Annette,Watkins,nmcintosh@example.com,-6219,Male,1994-05-05,2021-12-07,Australia,NSW,Sydney,Paid Ad,1,2021-12-07
1379,Hannah,Miller,barbara22@example.net,+1-612-270-6593x410,Male,1975-09-11,2022-09-29,Germany,Bavaria,Munich,Partner,1,2022-09-29
1380,Sharon,Thomas,millershannon@example.org,224.971.8301x81796,Male,1973-06-11,2024-06-21,UK,England,London,Referral,1,2024-06-21
1381,Shane,Salazar,marissa74@example.net,+1-679-890-5221x711,Other,1997-08-09,2025-12-21,India,Tamil Nadu,Chennai,Referral,1,2025-12-21
1382,Vanessa,Kelly,tranamanda@example.org,8615735631,Male,1999-08-26,2022-11-30,USA,Texas,Houston,Organic,0,2022-11-30
1383,Gary,Murray,marissa72@example.net,001-561-269-4963x78811,Female,1976-06-25,2024-08-25,India,Karnataka,Bengaluru,Social Media,1,2024-08-25
1384,Tiffany,Jackson,wilsonjamie@example.org,516.375.3216x3361,Other,1980-08-17,2024-01-21,Australia,NSW,Sydney,Social Media,1,2024-01-21
1385,Michelle,Rivera,websterbrandon@example.net,+1-503-772-9545x858,Other,1992-07-14,2022-12-27,USA,Texas,Houston,Email Campaign,0,2022-12-27
1386,Rebecca,Hoover,erinstark@example.net,001-312-474-3922x55174,Other,1972-10-22,2025-11-17,Canada,Ontario,Toronto,Partner,1,2025-11-17
1387,Nicole,Jones,marilyn62@example.org,001-723-660-1863x994,Female,1960-11-18,2024-06-22,Australia,NSW,Sydney,Social Media,1,2024-06-22
1388,Jared,Barton,lucas15@example.com,709.230.7968,Male,1990-03-11,2023-07-20,Australia,NSW,Sydney,Social Media,1,2023-07-20
1389,Roy,Stanley,nicole98@example.com,(940)589-9217,Female,1973-02-14,2025-02-07,India,Tamil Nadu,Chennai,Paid Ad,1,2025-02-07
1390,Sonya,Frost,emorales@example.org,439.373.6707,Male,1981-01-31,2024-05-28,USA,Texas,Houston,Organic,1,2024-05-28
1391,Jeremy,Carter,mccarthyhenry@example.org,+1-822-741-9830x6323,Female,1972-01-23,2022-07-13,Australia,NSW,Sydney,Paid Ad,0,2022-07-13
1392,Alexis,Snow,bankskyle@example.com,(748)242-0243,Other,1992-09-07,2021-02-04,Canada,Ontario,Toronto,Social Media,0,2021-02-04
1393,Kyle,Jenkins,wilsonjill@example.com,+1-315-564-0994x14753,Male,1980-06-25,2024-05-12,Canada,Ontario,Toronto,Social Media,1,2024-05-12
1394,Luis,Rivas,kevinnguyen@example.org,+1-690-482-6110x35659,Male,1995-06-04,2023-08-06,India,Tamil Nadu,Chennai,Email Campaign,1,2023-08-06
1395,Brittney,Thompson,johnreyes@example.com,(696)392-2953x38619,Female,1999-12-14,2023-02-12,India,Karnataka,Bengaluru,Email Campaign,1,2023-02-12
1396,Colleen,Weaver,chelseasmith@example.net,442.542.4066,Male,1970-01-10,2025-06-05,UK,England,London,Referral,1,2025-06-05
1397,James,Shaffer,stephaniescott@example.com,(418)666-9408x654,Male,1968-11-28,2025-03-30,UK,England,London,Paid Ad,1,2025-03-30
1398,Anna,Reyes,angelacooper@example.com,635-909-5288x959,Other,2000-05-31,2025-09-26,USA,New York,New York City,Referral,0,2025-09-26
1399,Michelle,Wright,mroman@example.com,553-259-1765x0471,Female,1957-09-13,2024-01-19,Australia,NSW,Sydney,Partner,1,2024-01-19
1400,Brittany,Chapman,derek87@example.org,649-966-8667x989,Female,1956-07-29,2024-01-07,Australia,NSW,Sydney,Referral,1,2024-01-07
1401,Jaclyn,Ellis,brennanmichelle@example.com,001-501-649-7110,Male,1997-11-26,2023-01-18,USA,New York,New York City,Paid Ad,0,2023-01-18
1402,Stephanie,Randolph,zgarcia@example.com,(866)950-5188x601,Other,1990-10-21,2026-02-09,USA,New York,New York City,Social Media,1,2026-02-09
1403,Jose,Tanner,jamesbenson@example.com,+1-569-985-0450x566,Male,1973-11-23,2026-07-09,India,Tamil Nadu,Chennai,Paid Ad,1,2026-07-09
1404,Brandon,Summers,rachel86@example.org,789.925.7140x2503,Male,1978-05-20,2022-09-16,USA,California,Los Angeles,Email Campaign,0,2022-09-16
1405,Gerald,Bennett,willie16@example.org,349.236.8063x58530,Male,1996-07-04,2023-02-01,USA,California,Los Angeles,Paid Ad,0,2023-02-01
1406,Melissa,Thomas,fburke@example.net,+1-230-548-5277x5867,Other,1976-03-26,2022-05-28,India,Tamil Nadu,Chennai,Social Media,1,2022-05-28
1407,Robert,Williams,julielewis@example.com,+1-443-594-6896x33181,Male,1967-06-29,2023-08-12,USA,California,Los Angeles,Referral,0,2023-08-12
1408,Scott,Fisher,vklein@example.org,431.874.4577x626,Male,1968-09-10,2026-07-15,USA,California,Los Angeles,Paid Ad,1,2026-07-15
1409,Philip,Medina,hicksrachel@example.net,+1-777-447-5944x348,Female,1986-11-04,2024-06-30,UK,England,London,Paid Ad,1,2024-06-30
1410,Melinda,Griffin,bcobb@example.org,967.768.7404x2076,Female,1959-12-22,2021-05-10,Canada,Ontario,Toronto,Organic,1,2021-05-10
1411,Candice,Bell,christopher57@example.org,+1-830-799-0009x4065,Female,1994-03-09,2021-08-18,USA,Texas,Houston,Social Media,1,2021-08-18
1412,Edward,Garner,matthew85@example.net,+1-965-235-2326x60004,Male,2001-01-17,2026-04-10,USA,New York,New York City,Referral,1,2026-04-10
1413,Ashley,Miller,fitzgeraldlisa@example.net,001-356-711-9989x96511,Male,1982-05-02,2025-04-12,India,Tamil Nadu,Chennai,Organic,0,2025-04-12
1414,Kaitlyn,West,richard14@example.net,877-861-8687x0479,Female,1991-04-14,2025-04-26,India,Maharashtra,Mumbai,Referral,0,2025-04-26
1415,Michele,Bass,jeansmith@example.com,001-625-465-9950x891,Female,1992-11-18,2023-03-27,USA,California,Los Angeles,Partner,0,2023-03-27
1416,Heather,Smith,audreylopez@example.com,205-747-3986x2214,Female,1959-04-09,2023-05-04,USA,New York,New York City,Social Media,1,2023-05-04
1417,Nancy,Patel,fjohnson@example.com,933.689.1478x524,Male,2001-07-16,2024-08-16,India,Tamil Nadu,Chennai,Partner,1,2024-08-16
1418,Maria,Smith,catherine41@example.org,001-923-687-3518x6647,Female,1960-10-08,2022-05-16,USA,California,Los Angeles,Social Media,1,2022-05-16
1419,Christopher,Harris,charles30@example.org,(785)434-6581x539,Female,1992-06-23,2023-03-25,India,Tamil Nadu,Chennai,Organic,1,2023-03-25
1420,Tracy,Guzman,natalie90@example.net,441.528.6558x16759,Male,1984-03-22,2022-04-08,India,Maharashtra,Mumbai,Partner,1,2022-04-08
1421,Sherri,Davis,larrygill@example.net,580-603-8146,Male,1962-06-12,2024-08-22,UK,England,London,Referral,1,2024-08-22
1422,Catherine,Velasquez,robin19@example.com,001-773-409-1218,Female,1980-09-24,2022-05-06,India,Tamil Nadu,Chennai,Referral,1,2022-05-06
1423,James,Davis,phillipsrichard@example.org,515.255.3015,Other,1965-10-07,2021-06-22,USA,California,Los Angeles,Partner,1,2021-06-22
1424,Lindsey,Phillips,falexander@example.net,001-810-896-5984x557,Female,1968-04-15,2022-09-27,Canada,Ontario,Toronto,Organic,1,2022-09-27
1425,Lauren,Nguyen,david82@example.net,001-212-869-9452,Female,1971-12-20,2022-10-08,India,Maharashtra,Mumbai,Organic,1,2022-10-08
1426,Christopher,Montgomery,johnsonteresa@example.net,001-866-491-0082x2421,Other,1977-10-30,2024-10-18,Germany,Bavaria,Munich,Organic,0,2024-10-18
1427,Wesley,Martinez,chenvictor@example.net,(326)299-6208x3479,Other,1956-04-18,2024-12-27,USA,California,Los Angeles,Referral,1,2024-12-27
1428,Ashley,Taylor,travis28@example.net,903.422.0074x859,Male,1969-03-04,2022-03-16,Australia,NSW,Sydney,Social Media,1,2022-03-16
1429,James,Ford,thomasmichael@example.com,220-458-0286x06048,Other,1997-08-24,2024-07-21,India,Maharashtra,Mumbai,Partner,1,2024-07-21
1430,Marie,Baker,tlogan@example.com,776-895-0904x189,Other,1976-06-28,2025-12-02,India,Karnataka,Bengaluru,Referral,0,2025-12-02
1431,Gwendolyn,Harris,lestermark@example.com,(523)388-7888x76569,Female,1966-08-17,2025-03-28,USA,California,Los Angeles,Partner,0,2025-03-28
1432,Donna,Williams,nicoletaylor@example.net,6119386047,Male,2003-07-18,2023-10-24,USA,Texas,Houston,Social Media,1,2023-10-24
1433,Christopher,Ray,lewisallen@example.com,648-695-3829,Other,1959-08-07,2024-04-22,Canada,Ontario,Toronto,Partner,1,2024-04-22
1434,Jennifer,Martinez,ulamb@example.org,(534)272-8395x167,Other,1999-03-04,2023-02-17,Canada,Ontario,Toronto,Referral,1,2023-02-17
1435,Mark,Walker,zsnyder@example.net,488-468-6562x925,Female,1983-07-24,2024-11-25,Australia,NSW,Sydney,Partner,1,2024-11-25
1436,Fred,Herrera,wolfdaniel@example.org,(835)630-6885,Other,1991-10-30,2024-02-02,Canada,Ontario,Toronto,Email Campaign,1,2024-02-02
1437,Marie,Washington,gfowler@example.org,+1-964-758-3744x959,Other,1963-06-23,2021-10-10,USA,Texas,Houston,Referral,1,2021-10-10
1438,Jerry,Fields,pacemarcus@example.com,+1-859-428-9748x74114,Female,1978-06-03,2024-04-26,Canada,Ontario,Toronto,Email Campaign,0,2024-04-26
1439,Marcus,Martinez,tylerchristine@example.com,353-849-6551x564,Male,1979-01-22,2026-02-03,India,Karnataka,Bengaluru,Partner,1,2026-02-03
1440,Carol,Young,mcintyrebrendan@example.org,(482)401-6301x597,Other,2004-07-28,2025-04-02,Australia,NSW,Sydney,Referral,1,2025-04-02
1441,Duane,Warren,kevinbates@example.org,666.280.9846x0180,Other,1997-10-08,2025-01-31,USA,California,Los Angeles,Referral,1,2025-01-31
1442,James,Evans,jonesmelissa@example.org,835.286.6715x544,Other,1973-12-29,2021-09-17,India,Karnataka,Bengaluru,Email Campaign,1,2021-09-17
1443,Brenda,Stafford,gilbertsamuel@example.com,001-362-472-0536x4991,Other,1993-05-15,2023-02-17,UK,England,London,Partner,0,2023-02-17
1444,Lori,Bailey,rrodgers@example.org,750.421.5538x30775,Other,1960-06-10,2022-09-24,Canada,Ontario,Toronto,Paid Ad,1,2022-09-24
1445,Eric,White,jeff95@example.com,384.346.0789x0751,Other,1979-11-18,2025-08-06,India,Karnataka,Bengaluru,Paid Ad,1,2025-08-06
1446,Nicholas,Jones,kerry49@example.org,631-964-9828x38597,Other,1979-04-16,2022-01-30,USA,New York,New York City,Partner,1,2022-01-30
1447,Michael,Deleon,olsonmichael@example.com,001-494-434-3687x7156,Male,1994-03-08,2021-06-29,USA,New York,New York City,Referral,1,2021-06-29
1448,Maria,Baker,tuckerstacey@example.net,341.253.5977,Male,1990-11-25,2023-04-08,USA,California,Los Angeles,Social Media,1,2023-04-08
1449,Daniel,Herring,steven34@example.net,731-848-7225x578,Male,1969-03-14,2022-02-09,India,Maharashtra,Mumbai,Email Campaign,1,2022-02-09
1450,Jeffrey,Nelson,zparker@example.net,257-739-5232x85558,Other,1981-06-19,2026-06-30,UK,England,London,Email Campaign,0,2026-06-30
1451,Carla,Wall,sarah16@example.com,5286413623,Male,1979-03-30,2023-11-15,Germany,Bavaria,Munich,Paid Ad,0,2023-11-15
1452,Kevin,Marshall,richard97@example.net,001-714-279-7341x855,Male,1983-03-04,2021-10-18,India,Maharashtra,Mumbai,Referral,0,2021-10-18
1453,Jay,Mcmillan,jennifer60@example.org,203.396.1017x590,Female,1978-12-09,2021-11-24,Canada,Ontario,Toronto,Partner,1,2021-11-24
1454,Austin,Reyes,autumn78@example.com,001-592-885-5162x159,Other,1979-04-21,2025-01-18,USA,California,Los Angeles,Partner,1,2025-01-18
1455,Erica,Gomez,krystaltucker@example.org,(558)696-0707x228,Other,1996-12-31,2025-02-20,UK,England,London,Organic,0,2025-02-20
1456,Tammy,Hall,lori39@example.org,643-509-7427,Other,1978-08-13,2023-12-25,Germany,Bavaria,Munich,Organic,1,2023-12-25
1457,Melissa,Livingston,timothy96@example.com,001-414-880-3007x35658,Male,1999-05-26,2024-05-29,USA,New York,New York City,Referral,0,2024-05-29
1458,William,Mccann,howard63@example.net,494.512.8866x9112,Male,1997-12-08,2022-02-02,Australia,NSW,Sydney,Partner,1,2022-02-02
1459,Gabriel,Baker,marcomoore@example.com,619-878-9259,Male,2007-06-23,2025-04-28,India,Maharashtra,Mumbai,Referral,1,2025-04-28
1460,Katherine,Hayes,crystal46@example.com,001-732-355-4411x818,Other,1967-01-15,2023-10-16,Australia,NSW,Sydney,Partner,0,2023-10-16
1461,Sandra,Lopez,mcdanieldrew@example.org,-8757,Other,2001-05-23,2025-08-28,USA,Texas,Houston,Organic,0,2025-08-28
1462,Sheila,Green,gabrielshah@example.com,+1-583-833-5401x12728,Other,1956-04-24,2025-01-06,Germany,Bavaria,Munich,Social Media,1,2025-01-06
1463,Aaron,Olson,dmora@example.com,9908676183,Male,1963-05-12,2022-03-03,UK,England,London,Referral,1,2022-03-03
1464,Cassandra,Smith,spena@example.org,+1-262-617-2048x8868,Other,1961-03-01,2025-07-03,Australia,NSW,Sydney,Paid Ad,1,2025-07-03
1465,Peter,Andrews,perezmargaret@example.org,(845)264-9674x1991,Female,1972-10-27,2025-12-20,USA,Texas,Houston,Paid Ad,1,2025-12-20
1466,Rebecca,Mullins,hughesrhonda@example.net,9972034251,Female,1962-03-31,2024-08-22,Australia,NSW,Sydney,Social Media,0,2024-08-22
1467,Chad,Boyer,lopezvictoria@example.org,001-567-307-4215,Other,1987-06-03,2024-08-17,UK,England,London,Referral,1,2024-08-17
1468,Dana,Sanders,kimberlypeterson@example.org,(202)421-6908x8754,Female,2001-07-18,2023-05-27,Germany,Bavaria,Munich,Email Campaign,1,2023-05-27
1469,Sarah,Hall,amy84@example.org,+1-891-506-5735x17454,Female,1996-08-06,2025-01-14,India,Tamil Nadu,Chennai,Social Media,1,2025-01-14
1470,Janice,Martinez,jessicatorres@example.org,(983)231-9558,Other,2005-02-02,2021-01-01,UK,England,London,Organic,1,2021-01-01
1471,Matthew,Chang,fgarcia@example.org,603.805.6870x9412,Other,1955-12-18,2021-03-08,India,Tamil Nadu,Chennai,Referral,0,2021-03-08
1472,Christopher,Myers,kathleenwelch@example.net,233-276-8418x76776,Female,1976-04-04,2021-01-27,India,Tamil Nadu,Chennai,Referral,1,2021-01-27
1473,Jeffrey,Nguyen,qrhodes@example.org,873-903-3249,Male,1973-05-16,2024-07-13,India,Maharashtra,Mumbai,Partner,1,2024-07-13
1474,Kari,Porter,virginia51@example.org,884-280-9473x1815,Male,2001-02-05,2022-09-26,India,Tamil Nadu,Chennai,Organic,1,2022-09-26
1475,Megan,Martin,gibsonkimberly@example.net,(894)676-1110x797,Male,2002-05-29,2024-12-27,Canada,Ontario,Toronto,Referral,1,2024-12-27
1476,Michael,Nunez,robert72@example.net,001-772-626-9348,Other,2005-09-13,2025-02-12,India,Tamil Nadu,Chennai,Referral,1,2025-02-12
1477,Erin,Chang,lynchjonathan@example.net,(485)860-6699x2613,Female,1997-02-21,2023-11-16,India,Maharashtra,Mumbai,Organic,1,2023-11-16
1478,Thomas,Weber,dware@example.com,+1-957-403-9962x637,Other,2002-04-25,2025-06-26,Germany,Bavaria,Munich,Referral,0,2025-06-26
1479,Lindsey,Livingston,santiagochristopher@example.com,001-635-512-8962x20682,Female,1964-05-25,2024-08-22,USA,New York,New York City,Referral,1,2024-08-22
1480,James,David,brettthomas@example.net,001-634-546-0606,Other,1991-10-02,2022-01-26,Canada,Ontario,Toronto,Partner,1,2022-01-26
1481,Aaron,Salazar,jameskim@example.com,629-741-2853x70064,Other,1970-12-07,2021-06-03,India,Tamil Nadu,Chennai,Email Campaign,1,2021-06-03
1482,Timothy,Valentine,danielnixon@example.net,001-880-642-5542x80537,Male,2007-02-25,2021-11-18,UK,England,London,Paid Ad,0,2021-11-18
1483,Michael,Owen,bhawkins@example.net,978.260.2039x22131,Female,2003-07-07,2025-11-14,India,Karnataka,Bengaluru,Organic,1,2025-11-14
1484,Christopher,Novak,ann63@example.net,001-492-687-9872x87314,Other,1985-10-11,2021-02-16,India,Maharashtra,Mumbai,Partner,1,2021-02-16
1485,Laura,Thompson,wellselizabeth@example.com,241-260-3328x8807,Female,1972-11-20,2021-08-10,UK,England,London,Email Campaign,1,2021-08-10
1486,Jacqueline,White,rcollins@example.org,(702)620-1754,Other,1959-04-01,2024-07-31,USA,California,Los Angeles,Email Campaign,0,2024-07-31
1487,Joshua,Jimenez,donnahorton@example.org,966-627-5015x269,Other,1970-04-28,2024-08-31,USA,Texas,Houston,Partner,1,2024-08-31
1488,Marcia,Hall,ibrown@example.com,883-230-9587x2383,Male,1978-04-19,2022-09-20,India,Maharashtra,Mumbai,Partner,1,2022-09-20
1489,Laura,Lin,sean92@example.org,(967)214-8581,Other,1960-10-10,2025-12-31,UK,England,London,Email Campaign,0,2025-12-31
1490,Bradley,Rodriguez,ecrawford@example.net,(309)425-1920,Male,1984-11-03,2022-01-04,Australia,NSW,Sydney,Social Media,0,2022-01-04
1491,Jennifer,Martinez,janetmontes@example.com,3497379582,Male,1984-02-03,2025-06-04,India,Tamil Nadu,Chennai,Referral,1,2025-06-04
1492,Sharon,Kerr,lisa16@example.org,+1-671-449-2075x741,Female,1971-07-22,2021-12-05,India,Karnataka,Bengaluru,Email Campaign,1,2021-12-05
1493,Lisa,Serrano,imoore@example.com,+1-818-983-1249x773,Female,1981-02-23,2025-06-24,USA,California,Los Angeles,Organic,1,2025-06-24
1494,Nicole,Scott,cynthiagonzalez@example.com,697-587-2965x7156,Other,2003-02-09,2025-11-15,UK,England,London,Referral,1,2025-11-15
1495,Michelle,Holland,christinaduncan@example.org,680-242-4796x000,Other,1987-08-01,2026-05-24,USA,Texas,Houston,Referral,1,2026-05-24
1496,Robert,Gomez,timothyanderson@example.org,(262)325-4920x3693,Other,1993-10-02,2025-06-08,Canada,Ontario,Toronto,Email Campaign,1,2025-06-08
1497,Joseph,Greer,gaineserika@example.org,731.817.2264x147,Male,1986-01-01,2023-10-06,India,Maharashtra,Mumbai,Organic,1,2023-10-06
1498,Kristin,Koch,boyddavid@example.net,435.598.4742,Female,1999-11-30,2025-10-28,India,Tamil Nadu,Chennai,Partner,1,2025-10-28
1499,Sydney,Holland,christina67@example.com,653-990-2262,Male,1994-04-28,2022-01-02,Germany,Bavaria,Munich,Partner,0,2022-01-02
1500,Joel,Nguyen,cortezdouglas@example.net,6906064761,Female,1963-06-05,2025-10-01,UK,England,London,Paid Ad,0,2025-10-01
1501,Wesley,Wright,louis04@example.org,+1-531-569-7920x6754,Female,1971-11-30,2024-08-06,India,Maharashtra,Mumbai,Email Campaign,1,2024-08-06
1502,Jerry,Andrews,ramirezmelissa@example.net,001-392-552-8783x57338,Male,1968-10-04,2024-06-02,USA,California,Los Angeles,Paid Ad,1,2024-06-02
1503,Sarah,Hall,john30@example.org,264.712.2474,Other,1965-10-28,2025-12-17,Germany,Bavaria,Munich,Referral,1,2025-12-17
1504,Lori,Moore,jerrywilliams@example.org,(902)232-5107x1555,Male,1998-04-27,2021-07-03,Canada,Ontario,Toronto,Referral,1,2021-07-03
1505,Stephanie,Adams,hilledwin@example.net,+1-745-564-1199x25512,Other,1982-10-10,2022-10-01,India,Karnataka,Bengaluru,Organic,1,2022-10-01
1506,Lisa,Pugh,willismegan@example.net,(905)734-9419x715,Male,1974-09-05,2021-08-12,USA,New York,New York City,Email Campaign,1,2021-08-12
1507,Stacy,Shannon,oreynolds@example.org,524.763.0616x21856,Male,1962-09-03,2024-03-24,USA,Texas,Houston,Paid Ad,0,2024-03-24
1508,Morgan,Smith,uayers@example.org,320-659-8685x6977,Female,1965-10-08,2024-06-03,USA,New York,New York City,Social Media,1,2024-06-03
1509,Jason,Brandt,durhamwilliam@example.net,001-390-510-1461x03927,Male,1957-09-25,2024-09-21,USA,California,Los Angeles,Partner,1,2024-09-21
1510,Lauren,Huang,cruzjohn@example.net,868-278-5185,Male,2008-05-03,2023-05-18,Australia,NSW,Sydney,Email Campaign,1,2023-05-18
1511,Courtney,Guerrero,zcook@example.net,-9404,Other,1964-01-03,2023-11-26,Australia,NSW,Sydney,Social Media,0,2023-11-26
1512,Aaron,Little,nunezsherry@example.com,223.573.5640x783,Other,1958-05-05,2022-08-02,Germany,Bavaria,Munich,Partner,0,2022-08-02
1513,Richard,Ramos,dakota45@example.com,+1-883-867-1467x490,Other,1983-08-19,2025-03-23,USA,California,Los Angeles,Partner,1,2025-03-23
1514,Jennifer,Cole,oneillmatthew@example.com,716-845-6059,Female,1966-09-09,2021-06-28,Australia,NSW,Sydney,Referral,1,2021-06-28
1515,Kevin,Howe,gordonsabrina@example.net,539.520.0258x565,Male,1996-07-18,2024-03-09,USA,California,Los Angeles,Partner,1,2024-03-09
1516,Jade,Olson,andrewgonzalez@example.com,287.319.2615x4872,Male,1963-04-26,2024-01-17,Germany,Bavaria,Munich,Social Media,1,2024-01-17
1517,Elizabeth,Taylor,stephanie45@example.com,5059490809,Female,1976-12-25,2021-09-30,USA,California,Los Angeles,Partner,1,2021-09-30
1518,Stephen,Meyer,ytaylor@example.org,(630)534-3830x0091,Male,1972-04-15,2025-01-15,India,Tamil Nadu,Chennai,Organic,0,2025-01-15
1519,Christina,Montgomery,valerievasquez@example.net,917-599-6546x628,Male,1974-09-30,2025-05-03,India,Tamil Nadu,Chennai,Social Media,1,2025-05-03
1520,Alejandra,Lindsey,dustinmoore@example.com,+1-860-902-2302x3405,Female,1979-08-23,2022-02-12,Australia,NSW,Sydney,Social Media,1,2022-02-12
1521,Melanie,Ashley,michaelhopkins@example.net,001-304-818-2805,Male,1977-01-15,2021-12-27,Germany,Bavaria,Munich,Referral,1,2021-12-27
1522,Bradley,Daniels,hornjeff@example.org,388.744.7909x8636,Other,1963-02-26,2026-02-19,Australia,NSW,Sydney,Partner,1,2026-02-19
1523,Peter,Morris,kevin20@example.org,(348)524-8863,Male,2001-09-23,2021-06-12,USA,California,Los Angeles,Email Campaign,1,2021-06-12
1524,Jimmy,Jones,bob11@example.net,5268691419,Female,1956-01-17,2024-09-28,India,Tamil Nadu,Chennai,Social Media,1,2024-09-28
1525,Christopher,Baker,marksashley@example.net,619-992-5692,Female,1977-05-24,2021-03-17,USA,Texas,Houston,Partner,0,2021-03-17
1526,Andrea,Waters,bryan03@example.com,341-631-8118,Other,1956-03-21,2024-12-26,India,Karnataka,Bengaluru,Paid Ad,1,2024-12-26
1527,Tonya,Dorsey,ericfields@example.com,001-204-647-0856,Female,1997-09-14,2026-08-16,India,Maharashtra,Mumbai,Organic,1,2026-08-16
1528,Lindsay,Orr,qgarcia@example.net,983.410.3145x645,Male,2005-11-12,2025-05-05,India,Tamil Nadu,Chennai,Email Campaign,1,2025-05-05
1529,Elijah,Murphy,ygreene@example.org,940.233.7449x998,Male,1987-09-26,2023-07-13,India,Tamil Nadu,Chennai,Paid Ad,1,2023-07-13
1530,Jerry,Franklin,phillipbooker@example.net,712-564-1060x3267,Male,2005-07-18,2022-07-17,UK,England,London,Partner,0,2022-07-17
1531,Jacqueline,Hawkins,tracy63@example.org,+1-801-208-9654x61253,Female,1976-04-18,2023-07-21,UK,England,London,Referral,1,2023-07-21
1532,Keith,Brown,hroberts@example.com,394.986.9894x848,Female,1956-05-07,2022-09-18,Germany,Bavaria,Munich,Paid Ad,1,2022-09-18
1533,Debra,Sullivan,johnsonbrian@example.com,501.277.3759x493,Female,1979-04-01,2024-09-10,Germany,Bavaria,Munich,Email Campaign,1,2024-09-10
1534,Dakota,Huynh,ramosaudrey@example.com,6043902144,Other,2005-10-13,2023-04-27,USA,Texas,Houston,Referral,1,2023-04-27
1535,Lisa,Cook,owest@example.org,384.996.5523,Male,1996-11-04,2023-04-09,Germany,Bavaria,Munich,Paid Ad,1,2023-04-09
1536,Anthony,Clark,michaelmeadows@example.org,999-592-6653x6197,Female,1961-03-16,2022-07-08,Australia,NSW,Sydney,Referral,0,2022-07-08
1537,Shawn,Nixon,kathryn24@example.net,923.385.8653x9276,Female,1969-07-12,2022-10-10,Germany,Bavaria,Munich,Organic,0,2022-10-10
1538,Christian,Schaefer,joshuagonzalez@example.org,001-779-967-0605x58173,Male,1987-11-28,2022-04-30,Australia,NSW,Sydney,Paid Ad,1,2022-04-30
1539,David,Love,btaylor@example.com,001-998-293-5464x639,Female,1961-02-03,2021-05-01,USA,Texas,Houston,Social Media,1,2021-05-01
1540,Kenneth,Rowland,michael03@example.net,001-734-427-1866x925,Female,1987-09-27,2024-05-27,UK,England,London,Partner,1,2024-05-27
1541,Melissa,Brown,howellglenn@example.org,8013101561,Male,2000-07-20,2022-09-15,India,Tamil Nadu,Chennai,Organic,1,2022-09-15
1542,Steve,Hoffman,tammy98@example.org,(613)800-8823,Male,1999-10-25,2023-01-27,USA,Texas,Houston,Email Campaign,0,2023-01-27
1543,Claudia,Duran,mwoods@example.net,510.844.8177,Other,2001-01-29,2023-12-30,Germany,Bavaria,Munich,Email Campaign,0,2023-12-30
1544,Sheila,Montes,ijones@example.org,888-622-0631,Other,1962-02-24,2023-08-04,Germany,Bavaria,Munich,Referral,1,2023-08-04
1545,Patrick,Little,mariamoore@example.com,816-993-6835x991,Female,1978-09-27,2021-04-17,India,Maharashtra,Mumbai,Organic,1,2021-04-17
1546,Alexis,Sanchez,kimberlyestrada@example.net,001-332-452-8267,Other,1975-11-16,2022-07-04,Canada,Ontario,Toronto,Email Campaign,0,2022-07-04
1547,Carrie,Murray,cassidy99@example.com,(625)529-6444,Male,1998-03-08,2025-03-12,Canada,Ontario,Toronto,Social Media,1,2025-03-12
1548,Julie,Patterson,hhunter@example.org,933-306-4098x0587,Male,2000-04-11,2026-04-25,Canada,Ontario,Toronto,Referral,0,2026-04-25
1549,Logan,Bailey,wiserenee@example.net,(378)479-0259,Male,1956-07-18,2023-07-16,India,Maharashtra,Mumbai,Social Media,1,2023-07-16
1550,Jessica,Blevins,taylorwilson@example.org,001-466-703-2358x4180,Female,1973-12-23,2024-01-11,USA,California,Los Angeles,Referral,0,2024-01-11
1551,Christine,Bradley,omcdonald@example.net,693.995.7955x192,Male,1969-12-26,2023-04-18,India,Maharashtra,Mumbai,Referral,0,2023-04-18
1552,Christopher,Brown,vanessarichmond@example.com,3383625676,Other,1964-03-15,2026-06-30,Canada,Ontario,Toronto,Paid Ad,1,2026-06-30
1553,Stacy,Carter,jamiejohnson@example.org,-1896,Female,2008-05-27,2023-10-08,Canada,Ontario,Toronto,Social Media,1,2023-10-08
1554,Angelica,Dixon,suzanneroberson@example.org,507-888-3127,Other,2007-09-25,2025-04-08,USA,California,Los Angeles,Paid Ad,1,2025-04-08
1555,Kathryn,Roberts,edward07@example.org,9196708428,Other,1999-09-05,2021-06-07,UK,England,London,Organic,1,2021-06-07
1556,Chad,Maldonado,tracywolfe@example.org,+1-365-212-9555x1005,Male,1982-11-29,2026-02-15,Canada,Ontario,Toronto,Referral,0,2026-02-15
1557,Christine,Barker,jennifer26@example.org,500.736.0722,Other,1957-09-26,2025-06-09,Australia,NSW,Sydney,Organic,1,2025-06-09
1558,Julie,Rice,thorntonjames@example.com,+1-324-837-5391x69280,Other,1993-04-23,2025-05-06,Australia,NSW,Sydney,Partner,0,2025-05-06
1559,Jeffrey,Henderson,jsalazar@example.com,001-340-833-0454x4106,Female,1976-06-05,2023-02-17,USA,California,Los Angeles,Social Media,1,2023-02-17
1560,Betty,Smith,kelly58@example.org,451-276-4296,Female,1986-10-14,2024-06-01,UK,England,London,Social Media,1,2024-06-01
1561,Kenneth,Wilson,stewartandrew@example.net,(499)261-3152x55232,Female,1972-11-24,2025-09-27,USA,Texas,Houston,Email Campaign,1,2025-09-27
1562,Mary,Lee,owong@example.com,554.704.7625,Female,1958-03-08,2022-08-06,USA,California,Los Angeles,Partner,1,2022-08-06
1563,Daniel,Wilson,kimberly55@example.net,+1-662-277-8882x60317,Other,2007-02-01,2022-01-06,Canada,Ontario,Toronto,Email Campaign,0,2022-01-06
1564,Andrew,Kerr,leah88@example.org,001-797-718-6142x293,Other,2006-07-27,2023-01-07,USA,New York,New York City,Partner,1,2023-01-07
1565,Kayla,Guerrero,caitlyn20@example.com,001-959-567-5779x9113,Female,1956-09-04,2022-07-09,Australia,NSW,Sydney,Social Media,0,2022-07-09
1566,Kevin,Rivera,cmata@example.com,411-460-8958x97015,Male,1961-11-14,2026-01-21,India,Karnataka,Bengaluru,Referral,1,2026-01-21
1567,Jamie,Gray,gbrown@example.org,976-612-8989x930,Female,1976-05-26,2023-04-08,Canada,Ontario,Toronto,Organic,1,2023-04-08
1568,Daniel,Wilson,jessicaarmstrong@example.net,799.427.1560x3387,Other,1982-12-01,2024-08-20,India,Tamil Nadu,Chennai,Partner,1,2024-08-20
1569,Jessica,Richmond,ghunt@example.net,001-643-697-6309x00737,Male,1997-02-22,2022-05-22,USA,Texas,Houston,Organic,1,2022-05-22
1570,Larry,Sutton,molly44@example.org,6765926265,Male,1971-06-27,2025-01-26,Canada,Ontario,Toronto,Email Campaign,1,2025-01-26
1571,Shannon,Gomez,norrisanthony@example.net,835-798-3985x907,Female,1982-07-17,2022-10-17,UK,England,London,Email Campaign,0,2022-10-17
1572,Leon,Romero,sandracrawford@example.com,+1-381-967-8434x07307,Male,1980-05-22,2021-06-29,UK,England,London,Paid Ad,0,2021-06-29
1573,Paul,Beard,lesliejohnson@example.net,5785836922,Male,1993-08-18,2022-09-07,Germany,Bavaria,Munich,Referral,0,2022-09-07
1574,Walter,Campbell,rebeccaortiz@example.net,+1-552-485-0231x265,Female,1980-01-06,2021-07-30,USA,Texas,Houston,Paid Ad,1,2021-07-30
1575,Lawrence,Lambert,lisa49@example.com,(949)903-2234,Female,1959-09-03,2026-01-02,India,Tamil Nadu,Chennai,Partner,1,2026-01-02
1576,Rodney,Salazar,richardsjennifer@example.com,(557)802-0061x741,Male,2007-05-08,2022-04-27,USA,Texas,Houston,Referral,0,2022-04-27
1577,Joseph,Mahoney,anne76@example.org,001-921-889-3912x70650,Male,1961-03-09,2023-11-03,USA,California,Los Angeles,Social Media,1,2023-11-03
1578,Eric,Booth,dianachen@example.com,(744)268-5304x5555,Other,1962-05-22,2026-08-05,Canada,Ontario,Toronto,Organic,0,2026-08-05
1579,Ricky,Thornton,sandra33@example.net,(276)239-9046,Male,1983-03-30,2026-07-15,Germany,Bavaria,Munich,Referral,1,2026-07-15
1580,Heather,Summers,ucunningham@example.net,(969)702-2209,Female,2005-12-31,2026-05-03,Germany,Bavaria,Munich,Social Media,0,2026-05-03
1581,Erica,Morales,cmejia@example.com,+1-670-215-1200x3934,Other,1979-12-07,2021-11-22,Canada,Ontario,Toronto,Email Campaign,0,2021-11-22
1582,Carol,Shannon,reyesjessica@example.net,+1-233-739-1929x6921,Other,1967-08-06,2023-09-30,USA,California,Los Angeles,Paid Ad,0,2023-09-30
1583,Timothy,Moore,dwilliams@example.net,(228)737-7427,Male,1970-11-14,2023-05-01,Germany,Bavaria,Munich,Referral,1,2023-05-01
1584,Anita,Henry,jmccormick@example.org,8632228012,Other,2003-06-28,2021-08-14,USA,Texas,Houston,Paid Ad,1,2021-08-14
1585,Jonathan,Padilla,wesley52@example.net,776-409-6064x724,Male,1974-11-18,2022-08-19,USA,California,Los Angeles,Partner,1,2022-08-19
1586,Jeff,Pierce,taylor88@example.com,9702946577,Female,2008-05-22,2024-05-07,Germany,Bavaria,Munich,Organic,1,2024-05-07
1587,Christopher,Stein,jashley@example.net,326-980-9282x6164,Female,1957-02-16,2022-03-23,USA,California,Los Angeles,Referral,1,2022-03-23
1588,Matthew,Glenn,brewershelly@example.org,366-488-0316x64795,Other,1980-06-01,2024-03-10,USA,Texas,Houston,Partner,1,2024-03-10
1589,Alexandra,Merritt,kathleenbarajas@example.org,-2607,Female,1985-03-08,2022-12-28,Germany,Bavaria,Munich,Partner,0,2022-12-28
1590,Alexa,Smith,ruizheather@example.net,+1-667-515-2077x10740,Male,1967-08-18,2025-01-15,Germany,Bavaria,Munich,Organic,1,2025-01-15
1591,Theresa,Riley,charper@example.net,(246)210-5110,Female,1991-07-21,2024-08-15,India,Tamil Nadu,Chennai,Social Media,1,2024-08-15
1592,Brent,Rodriguez,anthony20@example.com,4252497239,Other,1960-01-18,2025-10-17,USA,New York,New York City,Organic,0,2025-10-17
1593,Veronica,Jackson,ndiaz@example.net,747.453.9659x7442,Male,1976-01-14,2026-04-13,India,Tamil Nadu,Chennai,Organic,0,2026-04-13
1594,Erika,Gilbert,elizabeth20@example.com,764-315-3740,Other,2003-06-07,2024-09-10,India,Tamil Nadu,Chennai,Social Media,0,2024-09-10
1595,Wanda,Allen,mirandaclarke@example.com,001-399-976-8160x8557,Other,1971-09-02,2023-05-10,Australia,NSW,Sydney,Referral,0,2023-05-10
1596,Diane,Marsh,christina68@example.net,744-899-0803,Male,1964-10-06,2021-08-27,Germany,Bavaria,Munich,Email Campaign,1,2021-08-27
1597,Jessica,Craig,vscott@example.org,001-599-786-3245,Female,1963-05-30,2021-12-26,Australia,NSW,Sydney,Partner,1,2021-12-26
1598,Scott,Garza,valenzuelachristopher@example.org,001-585-418-4668x985,Female,1959-10-03,2024-03-22,Germany,Bavaria,Munich,Email Campaign,0,2024-03-22
1599,Michael,Ray,porterjason@example.net,934.480.0226x425,Other,1956-03-01,2023-11-30,India,Karnataka,Bengaluru,Email Campaign,1,2023-11-30
1600,Melissa,Phillips,lynnholmes@example.com,-6288,Male,1971-11-16,2024-12-20,Germany,Bavaria,Munich,Email Campaign,0,2024-12-20
1601,Adam,Thompson,selenamullen@example.com,001-284-672-1461x7275,Other,1973-12-12,2026-07-27,Germany,Bavaria,Munich,Partner,0,2026-07-27
1602,Douglas,Collier,rodneylin@example.com,+1-688-797-9887x754,Male,1982-11-18,2026-07-11,Canada,Ontario,Toronto,Email Campaign,1,2026-07-11
1603,Nicole,Blake,youngadam@example.net,(993)760-5962,Male,1990-11-15,2024-04-04,India,Maharashtra,Mumbai,Organic,0,2024-04-04
1604,Caleb,Wolfe,johnhuang@example.net,+1-701-824-8447x936,Female,1962-01-02,2021-04-09,USA,New York,New York City,Partner,0,2021-04-09
1605,Paige,Zavala,zspencer@example.org,001-723-507-0659x480,Other,1961-02-13,2023-04-30,USA,New York,New York City,Social Media,1,2023-04-30
1606,Austin,Mann,treid@example.org,403.672.7186,Female,1971-07-07,2021-07-06,UK,England,London,Paid Ad,1,2021-07-06
1607,Monica,Bell,michellemarsh@example.org,(913)280-7828,Male,2003-09-26,2023-05-20,Australia,NSW,Sydney,Partner,0,2023-05-20
1608,Robert,Flores,michael85@example.net,(463)756-5418x0288,Female,1963-02-06,2024-02-28,India,Maharashtra,Mumbai,Organic,1,2024-02-28
1609,Sharon,Melendez,creynolds@example.com,+1-646-999-8428x828,Other,2002-07-13,2024-05-14,India,Tamil Nadu,Chennai,Email Campaign,1,2024-05-14
1610,Mark,Williams,santiagomary@example.org,+1-888-671-2320x366,Male,1962-06-05,2021-01-26,India,Karnataka,Bengaluru,Partner,1,2021-01-26
1611,Scott,Salas,igardner@example.com,-9783,Female,1956-01-15,2024-10-30,India,Karnataka,Bengaluru,Partner,1,2024-10-30
1612,Victoria,Webb,mariahkim@example.org,001-806-428-3345x5735,Male,1965-12-05,2021-04-30,Germany,Bavaria,Munich,Referral,1,2021-04-30
1613,Debra,Trevino,tporter@example.org,5452358597,Other,2005-08-10,2024-10-16,India,Karnataka,Bengaluru,Social Media,1,2024-10-16
1614,Kimberly,Walker,georgecooper@example.com,6428402555,Other,1983-05-02,2021-05-26,Canada,Ontario,Toronto,Referral,1,2021-05-26
1615,Jessica,Graves,tinaflynn@example.com,+1-604-811-6788x1596,Other,2001-10-15,2022-09-29,Canada,Ontario,Toronto,Social Media,1,2022-09-29
1616,Steve,Rose,norman04@example.com,746.773.3229x12489,Female,1984-01-17,2024-10-04,Australia,NSW,Sydney,Social Media,1,2024-10-04
1617,Samantha,Kim,hopkinsrodney@example.org,694.259.9426,Other,1981-07-31,2024-05-11,USA,California,Los Angeles,Partner,1,2024-05-11
1618,Andrew,Peters,jamie12@example.net,9333980138,Male,2001-09-01,2021-03-18,India,Karnataka,Bengaluru,Email Campaign,1,2021-03-18
1619,Nicholas,Stephens,michaeldunn@example.org,881-908-0153x37435,Male,1956-10-29,2024-12-19,India,Karnataka,Bengaluru,Referral,1,2024-12-19
1620,Cynthia,Cole,williammurray@example.com,(759)769-5794x5759,Female,2007-06-14,2021-05-08,India,Tamil Nadu,Chennai,Social Media,1,2021-05-08
1621,Anthony,Cooper,haleyhughes@example.net,001-717-414-8541x839,Other,1992-04-05,2022-11-11,Australia,NSW,Sydney,Email Campaign,1,2022-11-11
1622,David,Castaneda,douglas07@example.net,001-988-621-6511x92145,Other,1993-05-14,2023-02-07,UK,England,London,Organic,1,2023-02-07
1623,Luis,Brown,billyroman@example.org,769.547.3088x2403,Other,1964-11-02,2024-07-12,India,Tamil Nadu,Chennai,Organic,0,2024-07-12
1624,Sharon,Floyd,brandilutz@example.com,240.794.1218,Male,1993-10-14,2025-08-23,India,Tamil Nadu,Chennai,Social Media,0,2025-08-23
1625,Donna,Gomez,brandy00@example.com,394.312.3254x6018,Female,1966-07-08,2025-03-03,India,Maharashtra,Mumbai,Paid Ad,0,2025-03-03
1626,Kevin,Richmond,joseshaw@example.com,413.939.9627x6861,Male,1968-05-20,2024-05-23,India,Maharashtra,Mumbai,Organic,1,2024-05-23
1627,Lori,Wilson,hernandezkerri@example.net,638-213-0149,Male,1964-05-01,2021-06-03,India,Karnataka,Bengaluru,Organic,1,2021-06-03
1628,Alicia,Guzman,laneerica@example.com,(523)519-1990x821,Female,1972-09-18,2021-04-13,Canada,Ontario,Toronto,Email Campaign,1,2021-04-13
1629,Tamara,Acosta,clintonhaley@example.org,001-366-970-4171x03891,Female,1971-02-08,2023-02-19,USA,Texas,Houston,Social Media,1,2023-02-19
1630,Manuel,Delacruz,allenjamie@example.org,3346495607,Female,2003-02-10,2024-06-25,Australia,NSW,Sydney,Referral,1,2024-06-25
1631,Thomas,Myers,mckenzietyler@example.com,001-325-372-3163x16037,Male,1990-04-13,2022-06-28,USA,New York,New York City,Partner,1,2022-06-28
1632,Melissa,Garner,stewartpamela@example.com,9392963066,Female,1956-06-06,2026-02-25,USA,California,Los Angeles,Partner,1,2026-02-25
1633,Brittney,Campbell,msanders@example.org,001-223-937-0071x580,Male,2001-08-22,2022-04-20,Australia,NSW,Sydney,Paid Ad,1,2022-04-20
1634,Cameron,Douglas,lgonzalez@example.org,430-565-8744x8883,Female,1980-07-08,2021-12-23,USA,California,Los Angeles,Social Media,1,2021-12-23
1635,Carol,Smith,ginapierce@example.com,001-445-551-3919x6034,Other,1978-05-30,2022-02-27,USA,California,Los Angeles,Partner,0,2022-02-27
1636,Amy,Stout,kgonzalez@example.net,623.980.0436,Other,1975-01-02,2021-04-03,India,Tamil Nadu,Chennai,Paid Ad,0,2021-04-03
1637,Larry,Fisher,zachary74@example.org,(937)912-0631x7552,Male,1976-11-20,2024-08-07,India,Maharashtra,Mumbai,Referral,1,2024-08-07
1638,David,Howard,adam11@example.net,001-844-815-7281x43611,Other,1961-12-22,2024-02-08,India,Tamil Nadu,Chennai,Paid Ad,1,2024-02-08
1639,Kurt,Lowery,nataliejones@example.net,+1-826-505-5546x542,Female,1975-11-02,2022-04-27,Canada,Ontario,Toronto,Referral,1,2022-04-27
1640,Karen,Buckley,vincentdavis@example.com,8348454595,Male,1957-03-23,2024-01-26,USA,Texas,Houston,Organic,0,2024-01-26
1641,Jerry,Smith,davisstephanie@example.net,(627)423-8697,Male,1992-04-20,2022-02-24,Germany,Bavaria,Munich,Email Campaign,1,2022-02-24
1642,Denise,Acosta,zmanning@example.org,(283)385-0957x0934,Female,1977-03-31,2024-07-28,India,Karnataka,Bengaluru,Referral,1,2024-07-28
1643,Samantha,Ward,jonesrobert@example.net,203-848-4843x770,Male,1964-11-10,2023-09-30,India,Tamil Nadu,Chennai,Organic,1,2023-09-30
1644,Tony,Hudson,nancy14@example.org,+1-954-749-6695x421,Other,2000-06-24,2024-10-19,India,Tamil Nadu,Chennai,Social Media,0,2024-10-19
1645,David,Cooper,coffeydaniel@example.net,001-517-734-4794x592,Male,1991-06-10,2022-06-17,USA,California,Los Angeles,Social Media,0,2022-06-17
1646,Lisa,Dawson,madelinehenderson@example.net,697.710.0170x78129,Female,1979-06-23,2022-03-10,USA,California,Los Angeles,Organic,1,2022-03-10
1647,Stephanie,Rojas,blakenelson@example.net,984-414-2355x2833,Female,1991-06-16,2025-10-13,USA,New York,New York City,Referral,0,2025-10-13
1648,Lisa,Marquez,kbarrett@example.net,930-326-5647,Other,1999-08-04,2026-01-01,Germany,Bavaria,Munich,Paid Ad,1,2026-01-01
1649,Matthew,Castro,houstonmichelle@example.com,3898410791,Male,1962-01-10,2024-09-23,India,Tamil Nadu,Chennai,Partner,1,2024-09-23
1650,Kevin,Morales,patrick11@example.net,430.597.5424x73885,Female,1982-01-19,2021-11-18,Australia,NSW,Sydney,Email Campaign,0,2021-11-18
1651,Jennifer,Webb,anita77@example.org,7783812532,Other,1964-01-07,2022-01-16,USA,Texas,Houston,Social Media,1,2022-01-16
1652,Karen,Acosta,piercefrank@example.org,(779)590-9666x0286,Female,1984-10-27,2026-02-10,USA,New York,New York City,Partner,0,2026-02-10
1653,Jason,Duncan,stephen64@example.com,001-982-210-0370x90703,Male,1983-09-05,2026-04-12,Canada,Ontario,Toronto,Referral,1,2026-04-12
1654,William,Quinn,lwalton@example.org,(607)409-8348,Female,1991-05-06,2023-11-23,USA,Texas,Houston,Social Media,1,2023-11-23
1655,Heather,Vasquez,amber62@example.net,(750)674-4565x72676,Female,1960-06-19,2024-09-15,USA,Texas,Houston,Social Media,1,2024-09-15
1656,Carly,Moore,griffinbrenda@example.com,495.800.3452x2026,Male,1988-02-12,2021-05-04,Canada,Ontario,Toronto,Social Media,1,2021-05-04
1657,Tiffany,Brown,meganprice@example.com,(825)573-3090x740,Female,1973-06-18,2024-12-10,USA,New York,New York City,Social Media,0,2024-12-10
1658,Ryan,Cooper,josephross@example.com,(512)858-3799x005,Female,1994-01-16,2024-03-02,USA,Texas,Houston,Email Campaign,1,2024-03-02
1659,Katie,Burke,jamesvasquez@example.org,542.928.5628,Other,1963-02-12,2022-06-06,Germany,Bavaria,Munich,Organic,0,2022-06-06
1660,Kristin,Bond,tylerthompson@example.com,001-593-610-3370x08942,Female,2005-04-18,2022-03-15,UK,England,London,Email Campaign,1,2022-03-15
1661,Austin,Paul,adamsjames@example.org,+1-218-683-8456x12578,Other,1980-05-03,2024-05-22,USA,New York,New York City,Social Media,0,2024-05-22
1662,Scott,Vargas,karen17@example.com,001-668-406-4554,Male,1960-10-14,2025-08-21,UK,England,London,Email Campaign,1,2025-08-21
1663,Tracy,Horton,stevenbarnett@example.com,505-632-7396x8859,Female,1994-03-06,2022-10-14,India,Maharashtra,Mumbai,Social Media,1,2022-10-14
1664,David,Braun,cynthiaarmstrong@example.org,+1-479-397-8331x503,Male,1987-03-08,2024-10-27,USA,New York,New York City,Partner,1,2024-10-27
1665,Neil,Perkins,zmaynard@example.com,001-510-625-0666x86067,Female,1981-11-25,2025-11-01,Germany,Bavaria,Munich,Email Campaign,1,2025-11-01
1666,Thomas,Pitts,jwright@example.net,(491)403-8524x276,Male,1961-03-05,2023-08-26,India,Karnataka,Bengaluru,Partner,0,2023-08-26
1667,Michael,Malone,rebeccaalexander@example.org,001-663-299-4959,Male,1966-05-13,2026-06-17,USA,New York,New York City,Email Campaign,0,2026-06-17
1668,Anna,Flores,robert65@example.org,370-287-3002,Female,1990-10-21,2026-03-12,Germany,Bavaria,Munich,Email Campaign,1,2026-03-12
1669,Jill,Duffy,omarbennett@example.net,001-525-367-3223x4874,Male,1978-04-16,2025-12-29,USA,New York,New York City,Paid Ad,1,2025-12-29
1670,Peter,Robles,johnsonalex@example.net,966.707.3264x47893,Other,1988-04-02,2021-10-13,UK,England,London,Organic,1,2021-10-13
1671,Crystal,Ramirez,yfrey@example.org,+1-609-737-1645x810,Female,1995-07-11,2025-04-02,Germany,Bavaria,Munich,Social Media,1,2025-04-02
1672,Lisa,Baldwin,kgraham@example.com,273-738-7805x289,Male,1976-04-28,2022-01-06,USA,California,Los Angeles,Referral,0,2022-01-06
1673,Melvin,Archer,scottlindsey@example.com,001-777-219-8883x7434,Male,1987-11-03,2021-01-01,Germany,Bavaria,Munich,Partner,1,2021-01-01
1674,Richard,Flores,wesleyfoster@example.net,502-630-8996x46924,Other,1996-10-04,2026-01-30,USA,Texas,Houston,Paid Ad,0,2026-01-30
1675,Jesse,King,llarson@example.org,(215)260-3871,Male,1966-10-25,2026-01-06,UK,England,London,Referral,0,2026-01-06
1676,Mindy,Barnes,patrick04@example.net,3373647476,Other,1978-04-15,2024-05-12,India,Karnataka,Bengaluru,Partner,1,2024-05-12
1677,Jacob,Wilson,bradley39@example.net,(555)586-8190x0415,Other,1967-03-11,2025-11-16,India,Tamil Nadu,Chennai,Paid Ad,0,2025-11-16
1678,David,Stephens,osmith@example.net,450-602-9573x80101,Other,1998-09-03,2021-02-03,USA,New York,New York City,Email Campaign,1,2021-02-03
1679,Melissa,Davis,pruittangelica@example.com,001-719-349-9913x6505,Female,1986-03-19,2022-06-07,UK,England,London,Organic,1,2022-06-07
1680,Emily,Singh,martharay@example.net,418.567.1708x049,Male,1993-03-09,2021-08-06,India,Karnataka,Bengaluru,Partner,1,2021-08-06
1681,Karen,Gould,andre19@example.com,729-433-2134,Male,2006-09-05,2025-01-11,Australia,NSW,Sydney,Paid Ad,1,2025-01-11
1682,Bobby,Savage,blake03@example.com,+1-817-875-8856x27480,Female,1961-05-03,2023-08-22,USA,California,Los Angeles,Partner,0,2023-08-22
1683,Hannah,Kemp,rebeccamccormick@example.net,(703)906-9516,Other,1991-06-02,2025-06-03,Germany,Bavaria,Munich,Paid Ad,1,2025-06-03
1684,Gary,Wilson,pwilliams@example.org,-10566,Female,1972-11-27,2025-07-22,UK,England,London,Social Media,0,2025-07-22
1685,Brandy,Reese,icarpenter@example.org,(823)314-5968x89109,Other,1985-12-15,2023-05-16,Australia,NSW,Sydney,Referral,0,2023-05-16
1686,Richard,Kelley,michael52@example.org,620-336-0816,Male,2005-08-09,2022-07-24,Canada,Ontario,Toronto,Email Campaign,0,2022-07-24
1687,Pamela,Mack,jonathan60@example.net,001-719-671-4083x469,Female,1970-07-28,2025-01-15,UK,England,London,Referral,1,2025-01-15
1688,Nancy,Johnson,rsmith@example.net,780-262-7456x69839,Male,1981-07-10,2022-05-30,India,Tamil Nadu,Chennai,Organic,1,2022-05-30
1689,Donald,Mcgrath,torreselizabeth@example.net,5496577625,Male,1979-10-11,2021-03-06,USA,New York,New York City,Partner,1,2021-03-06
1690,Karen,Jacobs,james16@example.com,828.461.7468x5902,Male,1987-12-21,2025-11-24,Canada,Ontario,Toronto,Organic,0,2025-11-24
1691,Sean,Hughes,blakepaul@example.net,-6450,Female,2002-02-21,2025-08-31,USA,Texas,Houston,Partner,0,2025-08-31
1692,Brooke,Welch,cwebb@example.org,(556)327-7402x1572,Other,1993-09-12,2025-10-10,Germany,Bavaria,Munich,Referral,1,2025-10-10
1693,Dylan,Hernandez,susanpeterson@example.com,001-460-308-5894x9617,Other,1974-11-22,2025-10-04,Canada,Ontario,Toronto,Social Media,1,2025-10-04
1694,Melinda,Morgan,alanward@example.net,853.213.1845,Male,1973-03-01,2024-12-26,UK,England,London,Referral,1,2024-12-26
1695,Susan,Hanson,elizabeth32@example.org,001-610-291-2944x3141,Other,1998-07-03,2021-01-31,UK,England,London,Social Media,1,2021-01-31
1696,Amanda,Tyler,josephmeadows@example.org,+1-577-398-2402x11682,Female,1967-03-18,2024-01-08,India,Maharashtra,Mumbai,Email Campaign,0,2024-01-08
1697,Cindy,Knight,shawdenise@example.org,+1-796-924-2657x89635,Male,1979-08-24,2025-02-12,Germany,Bavaria,Munich,Organic,1,2025-02-12
1698,Justin,Raymond,michelle63@example.net,788-582-3725x4422,Other,1973-01-13,2026-06-03,Germany,Bavaria,Munich,Paid Ad,1,2026-06-03
1699,Carlos,Owens,angelarivera@example.org,955-838-8287x204,Other,1980-10-07,2026-05-27,USA,New York,New York City,Organic,1,2026-05-27
1700,Noah,Gray,patelamber@example.com,758-571-2075x3136,Female,1961-02-24,2024-02-19,USA,Texas,Houston,Email Campaign,1,2024-02-19
1701,Kimberly,Fletcher,qanderson@example.net,2748144301,Male,1960-01-13,2021-12-29,USA,New York,New York City,Social Media,1,2021-12-29
1702,Sandra,Kelly,wvelazquez@example.net,544.533.1997x115,Other,1999-02-05,2024-07-03,USA,New York,New York City,Organic,1,2024-07-03
1703,Paige,Floyd,bmartin@example.net,901.700.3434x499,Female,1994-11-14,2021-02-14,India,Karnataka,Bengaluru,Social Media,0,2021-02-14
1704,Amy,Kelly,usims@example.net,681.578.6021x59927,Other,1979-11-23,2026-04-06,Australia,NSW,Sydney,Partner,1,2026-04-06
1705,Tiffany,Robinson,travisroberts@example.org,631.222.2395,Female,2004-12-18,2025-09-21,India,Karnataka,Bengaluru,Paid Ad,0,2025-09-21
1706,Scott,Roberts,ginahooper@example.net,001-283-568-7477x7407,Male,1977-01-18,2022-11-18,India,Tamil Nadu,Chennai,Partner,0,2022-11-18
1707,Robert,Bolton,richard07@example.com,001-822-482-1282x193,Other,1981-03-10,2024-05-30,Germany,Bavaria,Munich,Email Campaign,1,2024-05-30
1708,Kristy,Farmer,ronalderickson@example.org,+1-833-804-5969x206,Other,1957-06-05,2021-09-09,India,Tamil Nadu,Chennai,Social Media,1,2021-09-09
1709,Joshua,Gomez,codyharris@example.net,735-384-9811x846,Other,1963-11-14,2022-11-24,Germany,Bavaria,Munich,Organic,1,2022-11-24
1710,Jose,Wilson,dcurry@example.net,+1-717-704-8364x81165,Female,1994-10-30,2021-04-22,India,Tamil Nadu,Chennai,Social Media,0,2021-04-22
1711,Lori,Drake,ashley42@example.org,+1-937-493-1363x659,Other,1981-08-13,2022-06-04,USA,New York,New York City,Organic,1,2022-06-04
1712,Steven,Stone,kfreeman@example.org,(786)513-4174x919,Male,1996-10-02,2023-10-30,India,Tamil Nadu,Chennai,Email Campaign,0,2023-10-30
1713,Wendy,Johnson,harold72@example.org,299.307.6150,Female,1959-09-06,2024-02-02,India,Tamil Nadu,Chennai,Organic,1,2024-02-02
1714,Jeffrey,Rodriguez,alicia04@example.com,(236)347-9214,Other,1955-11-04,2022-12-17,USA,New York,New York City,Partner,0,2022-12-17
1715,Jessica,Sampson,mcbridepatrick@example.com,890.949.9157x380,Female,1988-03-14,2026-01-04,USA,Texas,Houston,Referral,1,2026-01-04
1716,Ashley,Murray,paulwhite@example.org,001-661-502-3726,Female,1991-06-19,2023-08-26,India,Tamil Nadu,Chennai,Referral,1,2023-08-26
1717,Brian,Hicks,cbradley@example.org,959-271-5579x327,Female,1961-12-27,2021-05-16,Australia,NSW,Sydney,Organic,1,2021-05-16
1718,Erin,Parker,basssteven@example.com,826.309.6856,Female,1957-07-23,2022-09-24,USA,Texas,Houston,Social Media,1,2022-09-24
1719,Katelyn,Cooper,wgonzalez@example.net,(579)443-3644x7026,Other,1981-09-04,2023-09-02,UK,England,London,Social Media,1,2023-09-02
1720,Mary,Barrett,brooke45@example.net,666.994.9471x553,Other,2003-10-15,2023-05-14,USA,Texas,Houston,Partner,1,2023-05-14
1721,Michelle,Holland,jonhampton@example.org,672.790.8489x653,Other,2002-03-21,2021-08-11,India,Karnataka,Bengaluru,Paid Ad,0,2021-08-11
1722,Joel,Ballard,joshua07@example.net,5534833856,Male,1993-12-14,2021-08-04,USA,New York,New York City,Social Media,1,2021-08-04
1723,David,Russell,vturner@example.net,3407737304,Female,1955-10-11,2026-05-05,UK,England,London,Social Media,1,2026-05-05
1724,Nichole,Robinson,mary51@example.org,001-826-958-3879x6334,Female,1970-08-10,2023-08-16,Australia,NSW,Sydney,Partner,1,2023-08-16
1725,Ronald,Holt,vshields@example.org,332.773.9974,Female,1987-03-23,2026-04-28,UK,England,London,Referral,1,2026-04-28
1726,Kimberly,Erickson,lisa10@example.org,7273607819,Male,1976-06-20,2025-11-16,Australia,NSW,Sydney,Paid Ad,0,2025-11-16
1727,Tiffany,Baker,oalvarez@example.com,583.730.6144,Other,1979-05-30,2025-04-14,Canada,Ontario,Toronto,Paid Ad,1,2025-04-14
1728,Diana,Adams,nrice@example.com,9527602706,Male,1978-08-22,2021-06-18,Australia,NSW,Sydney,Email Campaign,1,2021-06-18
1729,Thomas,Castillo,pughcarol@example.org,001-661-339-1237x7459,Other,1992-10-20,2025-11-04,India,Karnataka,Bengaluru,Partner,1,2025-11-04
1730,Tammy,Blankenship,tyronemcconnell@example.com,7583079106,Female,2002-09-09,2024-10-04,India,Tamil Nadu,Chennai,Paid Ad,1,2024-10-04
1731,Lori,Adams,djohnson@example.net,584.678.4830,Other,1983-02-20,2023-11-12,USA,New York,New York City,Email Campaign,0,2023-11-12
1732,Kayla,Ford,vspears@example.net,304-949-2728x0903,Other,1985-01-27,2026-03-04,UK,England,London,Partner,1,2026-03-04
1733,Lori,Sanchez,qlara@example.org,001-716-578-5984x4408,Other,1956-12-22,2023-03-10,India,Maharashtra,Mumbai,Paid Ad,1,2023-03-10
1734,Wendy,Bonilla,murraypaige@example.com,4525699015,Other,1999-11-17,2024-07-07,USA,Texas,Houston,Organic,1,2024-07-07
1735,Deborah,Nolan,ojames@example.org,+1-323-756-5403x079,Male,1970-04-17,2021-10-06,USA,California,Los Angeles,Social Media,1,2021-10-06
1736,Laura,Brown,feliciaclark@example.org,2122953185,Other,1971-03-12,2022-03-02,USA,New York,New York City,Social Media,1,2022-03-02
1737,James,Beck,hollychang@example.net,(682)904-8109x3054,Other,1967-03-27,2023-06-18,India,Karnataka,Bengaluru,Paid Ad,1,2023-06-18
1738,Zachary,Ramos,ngreene@example.net,524.455.3815x18272,Male,1978-11-05,2023-03-02,India,Tamil Nadu,Chennai,Organic,0,2023-03-02
1739,Joshua,Anderson,miranda18@example.com,(755)276-8815,Male,1968-08-15,2022-01-12,Germany,Bavaria,Munich,Email Campaign,1,2022-01-12
1740,Sharon,Martinez,nluna@example.com,348-776-1504x8849,Other,1994-10-10,2022-05-14,India,Maharashtra,Mumbai,Organic,1,2022-05-14
1741,William,Taylor,keith40@example.org,307-269-5559x35588,Female,1982-08-15,2022-06-17,USA,New York,New York City,Partner,1,2022-06-17
1742,Jennifer,Beck,vgonzales@example.com,577.974.5925x412,Male,1963-07-28,2023-01-27,Germany,Bavaria,Munich,Partner,0,2023-01-27
1743,Keith,Willis,timothyharrison@example.org,6708455948,Female,1980-03-08,2023-11-04,USA,Texas,Houston,Social Media,1,2023-11-04
1744,Joseph,Cortez,grahamdavid@example.net,001-556-771-2559,Female,2003-06-30,2026-02-01,USA,New York,New York City,Social Media,0,2026-02-01
1745,Sarah,Frank,ngriffin@example.net,8647122727,Male,1966-03-02,2023-11-21,India,Karnataka,Bengaluru,Organic,0,2023-11-21
1746,Bryan,Campbell,stacy34@example.org,700.754.5583x4559,Female,2004-08-29,2021-09-13,India,Tamil Nadu,Chennai,Social Media,1,2021-09-13
1747,Laurie,Mullen,qgay@example.org,757.266.8089,Female,1971-09-09,2021-09-04,India,Karnataka,Bengaluru,Paid Ad,1,2021-09-04
1748,Linda,Carpenter,shawkatherine@example.org,931-571-5578x5219,Male,1967-07-13,2025-12-10,USA,Texas,Houston,Social Media,1,2025-12-10
1749,Angela,Eaton,monicabarnett@example.com,2897888501,Male,1975-05-31,2025-05-28,India,Maharashtra,Mumbai,Partner,0,2025-05-28
1750,Kathryn,Gonzalez,davismike@example.org,(502)564-0093,Male,2005-07-20,2022-03-21,Canada,Ontario,Toronto,Email Campaign,1,2022-03-21
1751,Ryan,Porter,lopezaaron@example.net,588.678.2188,Other,1970-09-21,2023-06-14,UK,England,London,Partner,1,2023-06-14
1752,Sheila,Stone,bmejia@example.com,442.608.3481,Other,1965-08-01,2025-12-14,USA,New York,New York City,Paid Ad,0,2025-12-14
1753,Katie,Graham,uramirez@example.com,940-747-8327x9663,Male,1983-03-06,2021-05-23,USA,New York,New York City,Organic,1,2021-05-23
1754,Felicia,Dunn,tsummers@example.com,+1-592-746-8714x469,Female,1968-12-02,2023-10-24,Germany,Bavaria,Munich,Organic,0,2023-10-24
1755,Lisa,Rivera,christinasmith@example.org,+1-369-308-9649x6668,Other,1990-10-03,2022-09-02,Canada,Ontario,Toronto,Partner,1,2022-09-02
1756,Amanda,Franco,johnbarton@example.net,+1-924-668-7220x3733,Other,1958-07-12,2021-06-04,USA,California,Los Angeles,Social Media,0,2021-06-04
1757,Paul,Joseph,xaviervasquez@example.com,001-785-978-3045x596,Other,1990-10-29,2022-09-13,India,Tamil Nadu,Chennai,Paid Ad,0,2022-09-13
1758,Denise,Wade,margaret78@example.com,-2721,Other,1989-08-01,2021-01-16,UK,England,London,Partner,0,2021-01-16
1759,Shelia,Baker,ksexton@example.com,6564146534,Female,1957-12-13,2026-05-13,Canada,Ontario,Toronto,Social Media,1,2026-05-13
1760,Kelly,Miller,dramos@example.net,752-203-5191,Male,1998-05-06,2023-07-15,USA,New York,New York City,Social Media,1,2023-07-15
1761,Robert,Burton,jeffreykoch@example.net,408-914-3229x87663,Other,1991-04-21,2022-05-12,Canada,Ontario,Toronto,Email Campaign,0,2022-05-12
1762,Heather,Williams,david38@example.org,7604891700,Other,1962-06-07,2024-09-27,India,Karnataka,Bengaluru,Paid Ad,1,2024-09-27
1763,Christopher,Adams,pmccullough@example.com,001-265-499-0527,Other,1974-04-30,2021-08-15,UK,England,London,Partner,0,2021-08-15
1764,Christine,Davis,phamjason@example.net,204.807.7513,Other,1959-10-11,2025-02-05,USA,New York,New York City,Paid Ad,0,2025-02-05
1765,Caitlin,Hernandez,danielpierce@example.com,453-971-4732x0431,Female,1970-08-27,2026-02-26,USA,New York,New York City,Partner,1,2026-02-26
1766,Lauren,White,zjenkins@example.org,(233)861-6558,Other,1996-02-20,2022-12-25,India,Maharashtra,Mumbai,Organic,1,2022-12-25
1767,John,Nguyen,edward72@example.org,+1-936-270-2751x00568,Female,1978-04-20,2023-02-22,UK,England,London,Partner,0,2023-02-22
1768,Aaron,Ford,bartonteresa@example.org,001-581-567-9323x539,Other,1956-08-04,2022-03-14,UK,England,London,Partner,1,2022-03-14
1769,Michelle,Nelson,jessica51@example.com,470-879-4321x83024,Male,1991-12-06,2026-06-16,India,Karnataka,Bengaluru,Partner,1,2026-06-16
1770,Robert,Rice,courtney51@example.net,2207411548,Male,1960-12-05,2023-02-16,Canada,Ontario,Toronto,Organic,1,2023-02-16
1771,Catherine,Lee,uhampton@example.org,563.930.5754,Other,1992-11-02,2021-04-14,India,Maharashtra,Mumbai,Email Campaign,0,2021-04-14
1772,Brian,Lane,david43@example.com,402.517.0470x125,Female,2001-06-05,2026-06-27,India,Maharashtra,Mumbai,Organic,1,2026-06-27
1773,Samantha,Burton,pdavis@example.net,(368)917-6975x059,Female,2006-02-26,2024-06-14,Australia,NSW,Sydney,Email Campaign,1,2024-06-14
1774,Joel,Norris,anthonymiles@example.org,+1-855-691-6983x31793,Male,1989-10-26,2021-03-09,Canada,Ontario,Toronto,Paid Ad,1,2021-03-09
1775,Anthony,Guzman,jennifer06@example.com,001-745-225-9357x076,Other,1986-04-07,2024-10-15,USA,California,Los Angeles,Organic,1,2024-10-15
1776,Philip,Booth,pmedina@example.com,(822)271-9260x26118,Male,1994-11-26,2022-04-30,UK,England,London,Partner,1,2022-04-30
1777,Anthony,Obrien,ryansmith@example.net,294-590-8170,Other,2008-06-04,2026-02-21,Australia,NSW,Sydney,Email Campaign,1,2026-02-21
1778,Victor,Sullivan,alisoncooper@example.net,+1-487-377-7014x97268,Male,1961-04-13,2023-08-13,USA,Texas,Houston,Organic,1,2023-08-13
1779,Matthew,Holland,btorres@example.com,735.395.6919x220,Other,2007-03-03,2026-06-26,USA,Texas,Houston,Organic,1,2026-06-26
1780,Micheal,Allen,urobles@example.net,+1-992-550-0751x67486,Male,1974-12-14,2021-07-07,Canada,Ontario,Toronto,Partner,0,2021-07-07
1781,David,Anderson,burnstyler@example.net,547.579.3599x584,Male,1975-06-20,2021-02-28,USA,Texas,Houston,Partner,0,2021-02-28
1782,Cassandra,Garza,thompsonduane@example.org,493-806-4691,Male,1998-08-19,2024-06-12,USA,California,Los Angeles,Social Media,1,2024-06-12
1783,Daniel,Davis,khayden@example.org,553.203.1387,Other,1972-09-19,2022-12-01,Germany,Bavaria,Munich,Organic,1,2022-12-01
1784,Phillip,Anderson,pbrooks@example.com,326-420-2948x74781,Female,1985-04-23,2022-04-13,USA,New York,New York City,Email Campaign,1,2022-04-13
1785,Richard,Bond,kellyrichardson@example.com,992.822.9317,Male,1973-06-30,2023-06-23,Germany,Bavaria,Munich,Referral,0,2023-06-23
1786,Sarah,Mcguire,gina75@example.net,+1-405-657-7791x7431,Other,1966-12-04,2024-10-13,UK,England,London,Partner,0,2024-10-13
1787,Danielle,Clark,wesleydominguez@example.org,001-257-550-9272x094,Male,1975-11-16,2024-08-21,UK,England,London,Partner,1,2024-08-21
1788,Jacqueline,Brooks,victoria29@example.com,739.716.8670,Female,1956-08-01,2022-07-17,Germany,Bavaria,Munich,Referral,1,2022-07-17
1789,Ashley,Nelson,joseph10@example.net,504-727-9749,Female,1970-06-18,2022-12-12,USA,California,Los Angeles,Organic,1,2022-12-12
1790,Brenda,Wilson,rodriguezalicia@example.org,589.669.9132x93575,Male,1997-12-04,2024-01-27,USA,New York,New York City,Social Media,0,2024-01-27
1791,Pam,Jones,nguyenvictor@example.org,775-660-1642x6245,Other,1977-10-07,2025-02-24,USA,Texas,Houston,Referral,0,2025-02-24
1792,Francisco,Barr,rivasmatthew@example.com,(592)623-9407x1734,Other,1976-02-09,2023-09-25,Canada,Ontario,Toronto,Organic,0,2023-09-25
1793,Robin,Hull,marissa47@example.net,9067039810,Other,1961-06-13,2022-02-14,USA,Texas,Houston,Email Campaign,1,2022-02-14
1794,James,Anderson,cynthia12@example.org,(224)717-5616,Male,1978-10-27,2022-10-09,UK,England,London,Social Media,1,2022-10-09
1795,Elizabeth,Miller,joseph33@example.net,366.750.2859,Male,2003-08-30,2021-01-27,USA,New York,New York City,Referral,1,2021-01-27
1796,Heather,Suarez,gonzalescheyenne@example.net,(378)329-0524x922,Female,1989-10-17,2024-03-08,USA,New York,New York City,Partner,1,2024-03-08
1797,Curtis,Campbell,william41@example.com,3136856993,Male,2001-01-03,2022-06-04,Canada,Ontario,Toronto,Referral,0,2022-06-04
1798,Robert,Moore,poolelori@example.org,674-802-0984,Female,1988-06-23,2026-01-19,India,Tamil Nadu,Chennai,Referral,0,2026-01-19
1799,Wesley,Horne,npowell@example.com,-4657,Other,2002-09-18,2021-06-04,USA,Texas,Houston,Referral,1,2021-06-04
1800,Mark,Lawson,gentrylarry@example.com,001-291-753-2180x113,Other,2002-06-28,2021-12-27,Canada,Ontario,Toronto,Paid Ad,1,2021-12-27
1801,Jeff,Howard,paigeyoung@example.org,-5887,Male,1989-01-30,2025-09-12,India,Karnataka,Bengaluru,Email Campaign,0,2025-09-12
1802,Yvette,Moore,lawrencepineda@example.com,(238)667-0776,Male,1996-08-30,2023-02-26,India,Maharashtra,Mumbai,Email Campaign,0,2023-02-26
1803,Christine,Dennis,bbowman@example.net,(674)208-7721x0752,Other,1956-10-16,2025-01-22,USA,New York,New York City,Email Campaign,1,2025-01-22
1804,Marissa,Hale,melissa09@example.net,524.472.5426x5416,Other,1981-06-07,2026-03-17,India,Maharashtra,Mumbai,Partner,1,2026-03-17
1805,Megan,Goodwin,beverlyflores@example.org,581.482.8936,Male,1996-11-22,2024-02-07,India,Maharashtra,Mumbai,Referral,1,2024-02-07
1806,Stephen,Curtis,mendozatonya@example.org,523-357-3189x959,Other,1999-03-15,2022-09-04,USA,New York,New York City,Social Media,1,2022-09-04
1807,Jessica,Maldonado,emilycurtis@example.com,947.705.0707,Male,1956-01-12,2022-12-24,Canada,Ontario,Toronto,Partner,1,2022-12-24
1808,Angelica,Ellison,ashley99@example.net,(735)776-8662x1380,Other,1959-07-29,2021-08-10,USA,California,Los Angeles,Paid Ad,1,2021-08-10
1809,Kimberly,Scott,jodi42@example.org,(695)351-3305x915,Female,1986-07-18,2023-05-09,India,Tamil Nadu,Chennai,Paid Ad,1,2023-05-09
1810,Jared,Barker,mccalljane@example.org,5968745136,Male,1995-10-17,2026-01-31,India,Karnataka,Bengaluru,Organic,0,2026-01-31
1811,Jessica,Smith,jessica41@example.com,972.223.4267,Male,2008-05-04,2022-12-22,USA,California,Los Angeles,Organic,1,2022-12-22
1812,James,Sosa,jaypetersen@example.org,(781)671-8993,Male,1991-06-21,2022-04-21,Canada,Ontario,Toronto,Referral,1,2022-04-21
1813,Judy,York,natalie11@example.org,559.363.7311x493,Female,2003-04-14,2024-08-28,Canada,Ontario,Toronto,Referral,1,2024-08-28
1814,Wendy,Gordon,terribrown@example.com,001-659-740-0381x8036,Male,1993-08-13,2023-08-01,India,Karnataka,Bengaluru,Paid Ad,1,2023-08-01
1815,Erica,Hardin,carloshernandez@example.org,001-840-981-7028x461,Male,1983-12-15,2022-02-06,India,Maharashtra,Mumbai,Partner,0,2022-02-06
1816,Darlene,Chen,katherinecampbell@example.net,001-970-632-0434,Female,1966-12-31,2023-03-31,UK,England,London,Referral,1,2023-03-31
1817,Jamie,Torres,williamsmichael@example.org,3465010413,Other,1973-07-12,2026-04-14,USA,New York,New York City,Social Media,0,2026-04-14
1818,Matthew,Mcgee,dean72@example.net,+1-923-995-6721x76189,Male,1981-09-26,2025-11-21,USA,California,Los Angeles,Referral,0,2025-11-21
1819,Thomas,Kim,michelle38@example.com,412.239.8189x397,Male,1970-06-05,2026-02-07,Germany,Bavaria,Munich,Social Media,1,2026-02-07
1820,Thomas,Williams,daryl45@example.com,001-886-681-7341x8807,Female,1994-04-15,2022-07-13,India,Karnataka,Bengaluru,Partner,1,2022-07-13
1821,Billy,Sims,baileytodd@example.com,659.539.1853x62054,Female,1996-05-15,2025-01-08,India,Maharashtra,Mumbai,Referral,0,2025-01-08
1822,Brandy,West,johnathan63@example.net,267-702-0715x37842,Male,1974-09-26,2022-06-06,India,Karnataka,Bengaluru,Partner,1,2022-06-06
1823,Deborah,Ball,emilyadams@example.org,389.267.7888x922,Female,1994-12-10,2021-09-02,Germany,Bavaria,Munich,Referral,0,2021-09-02
1824,Stanley,Taylor,frostandrew@example.net,671-312-4617x5780,Female,2005-09-01,2026-03-22,USA,New York,New York City,Social Media,1,2026-03-22
1825,Andrew,Benson,andrea67@example.org,864.942.6244x70498,Male,1960-01-23,2024-11-08,USA,Texas,Houston,Paid Ad,0,2024-11-08
1826,Linda,Petty,aowens@example.org,925.570.4430,Other,1962-11-03,2022-10-05,Germany,Bavaria,Munich,Email Campaign,0,2022-10-05
1827,Mary,Hopkins,qsandoval@example.net,+1-403-604-3817x79989,Male,1977-02-11,2023-07-30,USA,Texas,Houston,Social Media,1,2023-07-30
1828,Ashley,Campbell,campbellalison@example.org,+1-730-318-6432x31456,Male,1982-09-29,2026-06-27,Australia,NSW,Sydney,Email Campaign,1,2026-06-27
1829,David,Ford,merrittthomas@example.org,943.674.3256,Female,1957-03-17,2026-03-11,Canada,Ontario,Toronto,Organic,1,2026-03-11
1830,Lisa,Ponce,jason25@example.org,+1-223-811-5411x1902,Male,1956-04-27,2023-10-08,UK,England,London,Paid Ad,1,2023-10-08
1831,Curtis,Mclaughlin,brianjohnson@example.org,(514)642-6735,Other,1991-03-17,2023-06-30,UK,England,London,Referral,1,2023-06-30
1832,Leslie,Coleman,walldaniel@example.net,999-794-4261x84553,Female,1984-01-30,2021-01-21,Germany,Bavaria,Munich,Organic,1,2021-01-21
1833,Eric,Moreno,brian14@example.net,001-740-523-2358,Other,1999-06-17,2026-04-12,USA,California,Los Angeles,Email Campaign,0,2026-04-12
1834,William,Steele,nancy28@example.net,9505750781,Other,1974-10-29,2025-10-10,USA,California,Los Angeles,Social Media,1,2025-10-10
1835,Kristina,Carson,michaelramirez@example.net,677.874.4496x4930,Female,1970-09-02,2022-02-06,Canada,Ontario,Toronto,Social Media,0,2022-02-06
1836,Brian,Graham,gcarroll@example.org,(748)662-7553x7793,Other,1990-04-30,2021-12-07,India,Maharashtra,Mumbai,Organic,1,2021-12-07
1837,Noah,Aguilar,davidblackwell@example.com,2723545396,Male,1995-10-04,2023-06-12,UK,England,London,Paid Ad,0,2023-06-12
1838,Bruce,Bass,donaldchen@example.com,307.892.6251x743,Other,1996-09-20,2023-09-07,India,Tamil Nadu,Chennai,Organic,1,2023-09-07
1839,Jeff,Watson,karagood@example.net,539-888-4427x8952,Other,1960-07-08,2026-05-20,USA,California,Los Angeles,Paid Ad,0,2026-05-20
1840,Melissa,Vargas,ashley45@example.com,+1-659-457-8127x317,Other,1978-12-31,2026-02-25,USA,Texas,Houston,Partner,1,2026-02-25
1841,Daniel,Perez,sarahramirez@example.org,(939)836-2761,Female,2004-05-14,2021-04-10,Germany,Bavaria,Munich,Social Media,0,2021-04-10
1842,Joseph,Johnson,tiffany46@example.com,+1-451-412-8638x11050,Male,1983-11-24,2025-07-19,USA,Texas,Houston,Paid Ad,0,2025-07-19
1843,Carrie,Johnson,erin59@example.com,(582)576-7742,Other,1972-07-30,2021-01-06,Canada,Ontario,Toronto,Organic,1,2021-01-06
1844,Joseph,Lozano,loricooley@example.com,327.783.9692,Other,1962-01-19,2024-09-25,UK,England,London,Organic,0,2024-09-25
1845,Alexander,Gray,kalexander@example.org,734-986-9653x715,Female,1968-11-19,2025-10-11,India,Tamil Nadu,Chennai,Partner,1,2025-10-11
1846,Tara,Kelly,castroanita@example.org,-6160,Other,1980-06-18,2023-04-29,Germany,Bavaria,Munich,Organic,0,2023-04-29
1847,Melissa,Conway,haascheryl@example.org,414-885-0275x908,Other,1984-07-18,2024-10-07,Germany,Bavaria,Munich,Organic,1,2024-10-07
1848,Andrew,Lawson,bhernandez@example.net,+1-871-221-8945x2395,Male,1962-09-02,2025-01-30,Australia,NSW,Sydney,Organic,1,2025-01-30
1849,Jason,Hess,hshah@example.com,(879)203-2308x880,Female,2002-08-31,2025-02-06,UK,England,London,Email Campaign,0,2025-02-06
1850,Justin,Jones,alexander41@example.org,9077886758,Female,1973-10-06,2025-02-06,USA,California,Los Angeles,Referral,1,2025-02-06
1851,Amber,Herring,matthewsbailey@example.org,450-949-7236x6946,Other,1965-02-20,2021-10-02,Australia,NSW,Sydney,Partner,1,2021-10-02
1852,Ruben,Morgan,robertshannah@example.org,538-645-0462x1764,Female,1987-10-05,2022-07-21,India,Maharashtra,Mumbai,Referral,0,2022-07-21
1853,James,Berry,daniel67@example.com,7789869858,Other,1970-01-21,2022-04-11,Australia,NSW,Sydney,Social Media,1,2022-04-11
1854,Charles,Walton,fosterlisa@example.com,726.541.8793x978,Other,1979-10-18,2023-05-10,Germany,Bavaria,Munich,Referral,1,2023-05-10
1855,Brian,Rasmussen,bailey16@example.net,259-682-4378x047,Female,1957-10-15,2024-12-15,India,Karnataka,Bengaluru,Email Campaign,1,2024-12-15
1856,Courtney,Harris,carlos87@example.com,(392)469-2032x7357,Male,1975-01-04,2024-02-10,UK,England,London,Organic,0,2024-02-10
1857,Patricia,Branch,moorejohn@example.org,-6960,Female,1993-02-08,2024-11-15,India,Karnataka,Bengaluru,Social Media,0,2024-11-15
1858,Hunter,Rowe,lsmith@example.net,001-305-578-3690x3034,Female,1999-04-07,2022-05-18,Australia,NSW,Sydney,Partner,0,2022-05-18
1859,Richard,Pena,briannamorris@example.net,-8215,Female,1957-01-09,2024-04-12,Australia,NSW,Sydney,Email Campaign,0,2024-04-12
1860,Joseph,Bennett,kristin37@example.org,9493174436,Male,1990-09-15,2021-09-26,India,Karnataka,Bengaluru,Social Media,1,2021-09-26
1861,Dana,Abbott,sallen@example.com,(321)457-7405x45866,Female,1971-02-07,2021-11-25,USA,New York,New York City,Referral,0,2021-11-25
1862,Amber,Porter,hilltracy@example.com,814.519.8872,Male,1993-04-10,2021-11-12,India,Tamil Nadu,Chennai,Referral,1,2021-11-12
1863,Gina,Jackson,derekreeves@example.net,001-382-515-9007,Other,2001-05-08,2022-04-04,India,Tamil Nadu,Chennai,Referral,0,2022-04-04
1864,Dillon,Horton,jennifer84@example.com,(577)315-4176x60456,Male,2002-12-25,2022-09-09,Canada,Ontario,Toronto,Email Campaign,1,2022-09-09
1865,Richard,Fuentes,mitchell67@example.net,765.476.6647x608,Female,1956-02-26,2024-04-15,USA,California,Los Angeles,Partner,0,2024-04-15
1866,Emily,Hebert,brendacollins@example.com,(917)450-4998,Female,1987-02-25,2022-06-25,Australia,NSW,Sydney,Paid Ad,1,2022-06-25
1867,Walter,Ferrell,vward@example.com,(420)961-8506,Other,1997-03-29,2025-12-24,UK,England,London,Partner,1,2025-12-24
1868,Jesse,Fox,austin67@example.org,366-539-0321x4303,Male,2008-09-12,2024-04-09,USA,California,Los Angeles,Organic,1,2024-04-09
1869,Lori,Allen,princedaniel@example.org,440.665.4885x58755,Other,1974-07-19,2023-08-10,USA,California,Los Angeles,Partner,1,2023-08-10
1870,Ashley,Garcia,hillrobert@example.com,957-383-5179x838,Other,1990-07-07,2025-08-14,India,Karnataka,Bengaluru,Paid Ad,1,2025-08-14
1871,Mark,Novak,bsloan@example.org,+1-238-395-8641x78256,Other,1987-07-05,2026-06-15,India,Karnataka,Bengaluru,Partner,1,2026-06-15
1872,Karen,Kaiser,banderson@example.net,376-929-3684x2685,Female,2006-11-29,2025-12-29,Australia,NSW,Sydney,Paid Ad,0,2025-12-29
1873,Stephen,Hamilton,davisnatalie@example.org,+1-371-490-9520x3872,Female,1962-04-16,2022-06-25,Germany,Bavaria,Munich,Referral,1,2022-06-25
1874,Michelle,Diaz,armstrongcynthia@example.com,001-862-544-6220x1656,Female,1989-03-19,2023-07-18,India,Tamil Nadu,Chennai,Paid Ad,0,2023-07-18
1875,Joe,Lewis,benjamin24@example.org,001-726-725-3814x0307,Male,2005-10-05,2021-07-13,India,Tamil Nadu,Chennai,Paid Ad,1,2021-07-13
1876,Caitlin,Rose,cameron42@example.org,(748)243-5074,Male,1995-12-27,2026-02-11,India,Tamil Nadu,Chennai,Email Campaign,0,2026-02-11
1877,Julie,Lewis,shellyrobertson@example.net,+1-299-970-2440x4310,Male,1981-05-15,2024-03-14,USA,Texas,Houston,Referral,1,2024-03-14
1878,Elizabeth,Thompson,jacqueline32@example.com,737.965.5476x1727,Male,2005-11-25,2022-10-23,USA,Texas,Houston,Organic,0,2022-10-23
1879,Matthew,Collins,robertssharon@example.org,(966)215-3939x2942,Other,1999-10-26,2024-07-20,USA,California,Los Angeles,Referral,1,2024-07-20
1880,Suzanne,Reed,clarkjonathan@example.org,+1-639-906-2798x9582,Female,1980-10-13,2023-12-03,Canada,Ontario,Toronto,Referral,0,2023-12-03
1881,Jason,Wilkerson,guerracarrie@example.net,5377191275,Other,1972-05-28,2021-05-23,India,Maharashtra,Mumbai,Paid Ad,1,2021-05-23
1882,Elizabeth,Miller,laurie11@example.com,+1-622-506-5910x04436,Female,1976-07-01,2022-08-29,India,Karnataka,Bengaluru,Social Media,1,2022-08-29
1883,Kelly,Clark,kaitlynelliott@example.com,001-414-922-0072,Other,1976-10-19,2022-10-28,Australia,NSW,Sydney,Paid Ad,1,2022-10-28
1884,Vincent,Flores,oromero@example.net,285.271.0933x853,Female,1958-01-07,2021-04-13,USA,New York,New York City,Social Media,0,2021-04-13
1885,Bradley,Brown,ilewis@example.com,667.975.4658x61728,Female,1990-05-20,2026-02-20,USA,Texas,Houston,Referral,0,2026-02-20
1886,John,Hill,olittle@example.org,001-746-356-8415x463,Other,1980-05-19,2024-09-18,USA,California,Los Angeles,Partner,1,2024-09-18
1887,Troy,Edwards,rothxavier@example.org,001-276-596-5959x6560,Female,1993-02-02,2026-04-26,India,Tamil Nadu,Chennai,Email Campaign,0,2026-04-26
1888,Seth,Edwards,ashleyfoster@example.com,942.710.9222x51455,Female,2000-03-08,2025-12-16,USA,Texas,Houston,Partner,1,2025-12-16
1889,James,Davidson,toddgutierrez@example.com,942-264-3029,Male,1984-08-07,2026-05-16,USA,New York,New York City,Referral,1,2026-05-16
1890,Jeffrey,Tucker,brittanythomas@example.org,+1-335-624-3922x950,Female,1985-10-19,2022-04-24,Australia,NSW,Sydney,Organic,0,2022-04-24
1891,Rachael,Hawkins,murrayryan@example.net,+1-295-239-0878x34767,Female,2006-02-08,2023-06-22,UK,England,London,Paid Ad,0,2023-06-22
1892,Samuel,Moore,reginald66@example.net,283-760-9438x6825,Male,1973-06-25,2024-08-29,USA,New York,New York City,Email Campaign,1,2024-08-29
1893,Henry,Cobb,emartin@example.org,(469)923-2572x7346,Female,2006-08-21,2023-06-29,India,Maharashtra,Mumbai,Referral,1,2023-06-29
1894,Jessica,Nelson,jamespowers@example.org,346-266-1051x496,Other,2007-09-01,2021-12-09,USA,California,Los Angeles,Social Media,0,2021-12-09
1895,Molly,Foster,vtodd@example.net,001-787-392-4494x039,Male,1983-04-11,2025-06-04,USA,New York,New York City,Social Media,1,2025-06-04
1896,Ronald,Zimmerman,omarsh@example.net,840-588-3318x3801,Other,1969-11-26,2021-08-18,India,Karnataka,Bengaluru,Paid Ad,1,2021-08-18
1897,Robert,Jones,deannatyler@example.org,579.339.8012x2016,Other,1982-04-09,2022-08-29,UK,England,London,Social Media,0,2022-08-29
1898,Michael,Johnson,johngarcia@example.org,413.336.3140,Female,1964-08-10,2025-05-01,India,Karnataka,Bengaluru,Organic,1,2025-05-01
1899,Brandon,Sanchez,cindymunoz@example.org,377-356-9000,Female,2006-02-14,2024-11-13,India,Tamil Nadu,Chennai,Paid Ad,1,2024-11-13
1900,Nicholas,Cooper,lorithompson@example.com,683-843-8715x1547,Male,1988-07-03,2021-12-25,Canada,Ontario,Toronto,Partner,1,2021-12-25
1901,Daniel,Bray,hursthannah@example.com,2275282040,Female,1990-07-08,2025-08-30,Canada,Ontario,Toronto,Paid Ad,1,2025-08-30
1902,Jessica,Stone,justinreeves@example.net,523-421-6005,Other,1969-10-07,2025-10-03,USA,Texas,Houston,Social Media,1,2025-10-03
1903,Charles,Hall,jacob76@example.org,(620)421-3116x795,Male,1983-10-02,2021-12-19,USA,Texas,Houston,Referral,1,2021-12-19
1904,Rebecca,Lewis,bsnyder@example.org,001-216-478-1167x8629,Other,1972-08-29,2026-04-29,India,Tamil Nadu,Chennai,Paid Ad,1,2026-04-29
1905,Mason,Hunter,karen67@example.org,001-202-720-9941x75304,Male,1997-09-06,2025-03-20,USA,New York,New York City,Organic,1,2025-03-20
1906,Chris,Boyd,brownmatthew@example.com,550-984-8528x46770,Female,1982-06-06,2024-01-25,UK,England,London,Referral,1,2024-01-25
1907,Ryan,Bishop,grossangie@example.net,507.764.4058,Other,1973-01-27,2026-03-08,Australia,NSW,Sydney,Email Campaign,0,2026-03-08
1908,Paula,Miller,scottgibson@example.net,732.382.9018x320,Male,1960-06-23,2023-03-28,USA,Texas,Houston,Social Media,1,2023-03-28
1909,Eric,Mckenzie,anthony36@example.net,2198905024,Male,1972-05-23,2026-07-03,India,Tamil Nadu,Chennai,Paid Ad,1,2026-07-03
1910,Carl,Harrison,melissa71@example.net,870-864-8579,Female,2006-03-04,2024-05-29,Germany,Bavaria,Munich,Email Campaign,1,2024-05-29
1911,Crystal,Davis,maria79@example.org,748-813-8819x0114,Male,1982-03-14,2023-07-09,Canada,Ontario,Toronto,Organic,1,2023-07-09
1912,Heather,Marshall,lbarrera@example.com,(449)360-1709,Female,1979-07-20,2023-12-12,USA,Texas,Houston,Partner,0,2023-12-12
1913,Kirk,Jones,dberg@example.org,(923)480-4534,Other,1979-01-19,2022-05-24,Canada,Ontario,Toronto,Partner,1,2022-05-24
1914,Diane,Morris,jessicabrown@example.com,+1-492-984-8987x3587,Male,2006-06-12,2025-09-05,India,Tamil Nadu,Chennai,Social Media,1,2025-09-05
1915,Christine,Walter,jasonhardy@example.net,602.840.9398x6639,Male,1970-11-16,2021-04-27,India,Maharashtra,Mumbai,Paid Ad,1,2021-04-27
1916,Justin,Taylor,jwright@example.org,965-523-9188x67622,Other,1973-05-20,2021-10-01,Canada,Ontario,Toronto,Partner,1,2021-10-01
1917,Tina,Perez,melodyjacobson@example.com,+1-320-716-6334x0142,Other,1976-10-26,2026-05-23,India,Karnataka,Bengaluru,Social Media,1,2026-05-23
1918,James,Khan,gregory63@example.com,(288)662-3357,Other,1970-05-01,2026-05-04,India,Tamil Nadu,Chennai,Organic,1,2026-05-04
1919,Michael,Lloyd,singhnicole@example.com,644.621.1175,Female,1971-03-28,2021-03-13,India,Karnataka,Bengaluru,Referral,1,2021-03-13
1920,Ashley,Woods,garrett18@example.net,001-342-346-3815x129,Male,2007-07-31,2021-08-28,Germany,Bavaria,Munich,Paid Ad,1,2021-08-28
1921,Ricky,Goodwin,rachelguerrero@example.com,(799)587-2473,Female,1990-04-03,2022-07-09,Canada,Ontario,Toronto,Referral,1,2022-07-09
1922,Christy,Rice,pbrooks@example.net,753-300-7514,Female,1997-12-11,2024-01-22,USA,California,Los Angeles,Social Media,1,2024-01-22
1923,Jeffrey,Ramirez,samanthahurst@example.org,678-524-5310x81246,Female,1995-01-28,2021-07-19,India,Karnataka,Bengaluru,Paid Ad,1,2021-07-19
1924,Amanda,Becker,tcase@example.org,001-801-546-0669x6106,Other,1995-06-16,2021-11-11,Australia,NSW,Sydney,Referral,0,2021-11-11
1925,Robin,Lawson,laurenflynn@example.net,290.365.0614x7159,Other,1961-05-27,2022-01-23,USA,Texas,Houston,Referral,0,2022-01-23
1926,Fred,Smith,christopherwilliams@example.com,001-202-872-8986x83212,Female,2002-10-20,2024-08-14,Australia,NSW,Sydney,Partner,1,2024-08-14
1927,Joseph,Miles,donald07@example.net,(669)697-8420x0141,Other,1962-12-08,2024-01-17,India,Tamil Nadu,Chennai,Partner,1,2024-01-17
1928,Philip,May,meganjackson@example.net,-6904,Other,2007-05-26,2022-01-28,India,Karnataka,Bengaluru,Email Campaign,1,2022-01-28
1929,Donna,Terry,paulahurst@example.net,001-598-829-3055x77979,Male,1979-03-21,2022-08-12,India,Karnataka,Bengaluru,Referral,1,2022-08-12
1930,Allen,Collins,williamsbrenda@example.net,281-450-4390x356,Female,1983-11-02,2024-02-27,Australia,NSW,Sydney,Social Media,0,2024-02-27
1931,Katrina,Chen,acoleman@example.net,(635)447-6075x12101,Male,1976-05-06,2024-10-25,UK,England,London,Organic,1,2024-10-25
1932,Elizabeth,James,robin80@example.org,559-740-8593x565,Other,1964-01-20,2022-09-26,India,Maharashtra,Mumbai,Referral,1,2022-09-26
1933,Joshua,Sanchez,lgallagher@example.com,7764557374,Female,1973-03-18,2022-04-12,India,Maharashtra,Mumbai,Social Media,1,2022-04-12
1934,George,Hahn,robert90@example.org,+1-575-822-7929x49652,Male,1982-01-05,2022-04-23,USA,New York,New York City,Organic,1,2022-04-23
1935,Erika,Richards,thomaslori@example.net,654.407.0084x15912,Female,1977-09-11,2024-11-27,Canada,Ontario,Toronto,Partner,0,2024-11-27
1936,Jodi,Harrison,jeffrey85@example.org,001-639-476-3529x461,Female,1994-01-10,2022-07-24,India,Karnataka,Bengaluru,Email Campaign,0,2022-07-24
1937,Julie,Johnson,dixondonald@example.com,934.561.1897,Male,1979-06-30,2024-11-02,Australia,NSW,Sydney,Partner,1,2024-11-02
1938,Adrienne,Curtis,wendy33@example.net,704.619.1716x03330,Other,1970-08-15,2021-04-28,India,Tamil Nadu,Chennai,Organic,1,2021-04-28
1939,Allison,Turner,bdelgado@example.org,+1-520-893-1378x80210,Other,1981-06-10,2022-06-12,India,Maharashtra,Mumbai,Referral,0,2022-06-12
1940,Tiffany,Frederick,yayers@example.com,236.557.6455x459,Male,1968-12-19,2024-06-13,India,Maharashtra,Mumbai,Referral,0,2024-06-13
1941,Sydney,Rodriguez,linda43@example.com,001-411-502-6939x55330,Female,1992-05-03,2021-11-18,USA,Texas,Houston,Partner,1,2021-11-18
1942,Jacob,Shah,harriserika@example.org,885-250-7026x4062,Male,1976-02-21,2021-11-15,USA,New York,New York City,Social Media,1,2021-11-15
1943,Juan,Rodriguez,franciskenneth@example.net,562.216.4834x2797,Male,1964-12-10,2021-06-24,UK,England,London,Organic,1,2021-06-24
1944,Julian,Kim,mandy25@example.org,+1-402-635-8937x71258,Female,1983-11-02,2021-08-31,USA,California,Los Angeles,Organic,1,2021-08-31
1945,Katie,Morrison,vargaspamela@example.net,001-349-651-6599,Male,1972-04-29,2021-06-27,India,Tamil Nadu,Chennai,Paid Ad,0,2021-06-27
1946,Lisa,Douglas,yesenia64@example.com,(639)400-4152,Male,2007-07-23,2022-01-31,USA,California,Los Angeles,Email Campaign,1,2022-01-31
1947,Natasha,Mclaughlin,xsimpson@example.com,670-818-9779x501,Male,1979-08-20,2023-03-31,India,Maharashtra,Mumbai,Partner,0,2023-03-31
1948,Bradley,Mahoney,rodneythomas@example.net,802-280-0417x70734,Male,1991-05-17,2021-04-30,India,Karnataka,Bengaluru,Referral,0,2021-04-30
1949,Daniel,Davis,alexander79@example.net,(716)645-7527,Female,1990-01-11,2024-11-25,India,Tamil Nadu,Chennai,Referral,1,2024-11-25
1950,Jennifer,Dawson,mistywolf@example.com,985.315.0668x8155,Other,1992-05-31,2023-09-18,Australia,NSW,Sydney,Email Campaign,1,2023-09-18
1951,Michael,Perry,amiller@example.com,-5138,Other,1989-08-02,2022-02-10,USA,New York,New York City,Organic,1,2022-02-10
1952,Matthew,Andrade,david61@example.org,739.356.3224,Other,1982-10-11,2023-06-08,Australia,NSW,Sydney,Referral,1,2023-06-08
1953,Nathaniel,Lawson,watkinschristopher@example.org,+1-869-574-8697x8487,Other,1960-03-23,2022-12-05,India,Tamil Nadu,Chennai,Organic,1,2022-12-05
1954,Roger,Walker,fernando04@example.net,669.422.5916,Other,1968-03-01,2023-05-27,USA,New York,New York City,Partner,1,2023-05-27
1955,Shelly,Anderson,richard01@example.com,(731)591-9863x7085,Other,1998-10-05,2025-02-10,Canada,Ontario,Toronto,Email Campaign,0,2025-02-10
1956,Adam,French,jamesgutierrez@example.com,(373)257-7569x42984,Other,1998-01-25,2025-12-06,USA,Texas,Houston,Organic,0,2025-12-06
1957,Nichole,Massey,robinsonjulie@example.com,803.524.8274,Female,1995-05-12,2024-12-24,USA,Texas,Houston,Social Media,1,2024-12-24
1958,Mark,Vega,kristincombs@example.org,788-820-3806,Female,2006-12-09,2023-07-22,India,Maharashtra,Mumbai,Organic,1,2023-07-22
1959,Donna,Hart,samanthafaulkner@example.org,001-811-828-1779x036,Female,1976-07-19,2022-05-22,India,Karnataka,Bengaluru,Organic,0,2022-05-22
1960,Philip,Cortez,timothy81@example.net,526.559.8450,Female,2007-07-02,2022-07-11,Australia,NSW,Sydney,Paid Ad,1,2022-07-11
1961,Travis,Williams,elizabethburke@example.org,675.735.3132,Male,1962-05-24,2021-06-16,India,Tamil Nadu,Chennai,Paid Ad,0,2021-06-16
1962,Hannah,Benton,robert19@example.net,703-405-6878x07126,Female,1970-10-05,2022-04-19,Canada,Ontario,Toronto,Paid Ad,1,2022-04-19
1963,Melissa,Carter,masonernest@example.net,+1-983-988-2015x149,Other,1982-01-11,2024-07-01,Canada,Ontario,Toronto,Social Media,1,2024-07-01
1964,Joseph,Davis,aswanson@example.com,265.428.2261x954,Female,1985-07-13,2025-07-27,India,Maharashtra,Mumbai,Social Media,0,2025-07-27
1965,Anna,Baker,jake45@example.com,366.713.8865x5009,Female,1987-03-17,2021-10-13,India,Maharashtra,Mumbai,Partner,1,2021-10-13
1966,Jennifer,Garner,donaldclark@example.net,+1-859-836-0194x1270,Male,1961-04-30,2023-01-05,India,Karnataka,Bengaluru,Partner,1,2023-01-05
1967,Kimberly,Powers,hjohnson@example.com,-2659,Female,1964-01-29,2022-03-07,Canada,Ontario,Toronto,Social Media,0,2022-03-07
1968,Katherine,Lane,efoster@example.com,572.803.7344,Male,1974-11-15,2021-12-15,Australia,NSW,Sydney,Referral,1,2021-12-15
1969,Timothy,Stevens,rileyheather@example.com,(957)543-9677x0546,Other,1987-07-25,2025-06-29,UK,England,London,Email Campaign,1,2025-06-29
1970,Charles,King,garzajulia@example.com,368-287-3058x868,Male,2000-09-30,2022-11-23,USA,New York,New York City,Paid Ad,1,2022-11-23
1971,Mark,Pollard,tammyowen@example.com,(325)647-8009x58040,Male,1976-03-03,2024-10-19,India,Maharashtra,Mumbai,Email Campaign,0,2024-10-19
1972,Marilyn,Franklin,amack@example.org,7196007388,Male,1976-07-05,2022-05-18,UK,England,London,Social Media,1,2022-05-18
1973,Samantha,Fletcher,jessica43@example.com,001-893-990-8941x31985,Other,1959-04-18,2024-02-15,Canada,Ontario,Toronto,Email Campaign,1,2024-02-15
1974,Jeffery,Rodriguez,belldavid@example.net,-2482,Other,1987-07-27,2024-01-24,Germany,Bavaria,Munich,Social Media,1,2024-01-24
1975,Michelle,Smith,gabriel94@example.org,(459)579-9903,Other,1985-04-09,2026-05-03,India,Karnataka,Bengaluru,Email Campaign,1,2026-05-03
1976,Jenna,Shelton,bprice@example.org,+1-962-589-5134x0399,Other,1983-12-30,2026-06-08,UK,England,London,Paid Ad,1,2026-06-08
1977,Justin,Caldwell,andrewgarcia@example.org,(232)993-9702x66382,Male,1962-03-12,2026-02-06,USA,Texas,Houston,Organic,1,2026-02-06
1978,Sarah,Hansen,david31@example.org,486.205.7767x7192,Female,2002-01-22,2026-06-28,India,Tamil Nadu,Chennai,Referral,1,2026-06-28
1979,Brian,Moore,cflores@example.com,2588923036,Male,1978-12-01,2021-05-02,USA,Texas,Houston,Partner,1,2021-05-02
1980,Alyssa,Rodriguez,josephharper@example.net,(865)957-1364,Female,2005-12-14,2021-10-07,USA,California,Los Angeles,Partner,0,2021-10-07
1981,Helen,Davis,leslie75@example.org,(274)348-8252x699,Female,1998-12-23,2023-01-04,USA,California,Los Angeles,Email Campaign,0,2023-01-04
1982,Michael,Garcia,fuentesleonard@example.com,733.285.1576x4670,Female,1990-09-28,2022-09-18,India,Karnataka,Bengaluru,Email Campaign,1,2022-09-18
1983,Karen,Mathis,walleramy@example.net,001-831-293-4650x2758,Male,1968-11-19,2022-01-30,Germany,Bavaria,Munich,Partner,1,2022-01-30
1984,Connie,Francis,nicholas33@example.net,001-923-249-5245,Female,1973-09-03,2026-07-10,Australia,NSW,Sydney,Referral,0,2026-07-10
1985,Levi,Gilmore,jennifer82@example.com,388.803.2427,Female,1961-07-17,2026-08-02,India,Tamil Nadu,Chennai,Email Campaign,1,2026-08-02
1986,Alicia,Powers,jenniferwatts@example.net,(697)947-6237x0385,Other,1985-05-27,2024-11-08,India,Tamil Nadu,Chennai,Email Campaign,1,2024-11-08
1987,Scott,Berg,robertdavis@example.org,492-229-4123,Female,2001-08-30,2021-05-10,USA,California,Los Angeles,Organic,0,2021-05-10
1988,Kathryn,Wyatt,michaeljennings@example.com,001-518-354-5541x8925,Female,1969-07-22,2026-01-18,UK,England,London,Social Media,1,2026-01-18
1989,Adam,Zamora,richard03@example.org,726.973.5490x47986,Male,1961-01-07,2026-02-26,Canada,Ontario,Toronto,Organic,1,2026-02-26
1990,Maria,Gordon,fpena@example.org,(750)886-2868,Other,1971-03-12,2024-05-26,USA,Texas,Houston,Referral,0,2024-05-26
1991,Colleen,Evans,rwilliams@example.net,-3618,Male,1976-08-23,2025-10-31,Canada,Ontario,Toronto,Paid Ad,0,2025-10-31
1992,Sarah,Beck,zclark@example.org,808.446.0172,Male,1982-12-16,2026-06-20,UK,England,London,Email Campaign,0,2026-06-20
1993,Alexis,Duffy,dcollins@example.net,274-391-1634x3031,Female,1976-04-12,2026-04-09,Canada,Ontario,Toronto,Email Campaign,1,2026-04-09
1994,Jimmy,Bennett,tracimaddox@example.net,455-441-4085x796,Female,2003-02-23,2021-08-17,USA,Texas,Houston,Paid Ad,0,2021-08-17
1995,Michael,Gallagher,schultzwilliam@example.net,(310)966-0026x04690,Other,1969-08-02,2025-03-28,Canada,Ontario,Toronto,Partner,0,2025-03-28
1996,Donna,Gonzalez,stoutjennifer@example.org,441-306-6788x4573,Female,1978-07-12,2024-03-11,India,Karnataka,Bengaluru,Organic,1,2024-03-11
1997,Brian,Thompson,eric38@example.net,954.440.7110,Male,1988-05-20,2021-07-04,USA,California,Los Angeles,Paid Ad,0,2021-07-04
1998,Nicholas,Jackson,mooneydanielle@example.net,5665714853,Other,1996-11-05,2021-04-21,India,Karnataka,Bengaluru,Paid Ad,1,2021-04-21
1999,Victor,Miller,uandrews@example.com,312-798-2492x202,Female,1997-05-16,2022-02-03,UK,England,London,Paid Ad,1,2022-02-03
2000,Henry,Hicks,dillon76@example.net,7122696250,Female,1980-12-31,2025-08-15,India,Karnataka,Bengaluru,Organic,1,2025-08-15
2001,Jeremy,Marquez,kara91@example.org,+1-843-403-2502x749,Male,1997-06-28,2023-10-12,India,Maharashtra,Mumbai,Partner,1,2023-10-12
2002,John,Hall,kenneth37@example.net,(554)539-9942x8580,Other,2007-12-07,2021-12-14,India,Tamil Nadu,Chennai,Organic,1,2021-12-14
2003,Alexandra,Davidson,robertsrobert@example.org,(990)385-0504,Female,1973-06-10,2022-04-14,India,Tamil Nadu,Chennai,Referral,0,2022-04-14
2004,Anthony,Edwards,rhondaowens@example.org,509-307-4447,Male,1992-05-16,2024-08-28,USA,California,Los Angeles,Social Media,1,2024-08-28
2005,Thomas,Washington,melissa00@example.org,001-945-668-8486x573,Female,1997-02-01,2025-09-22,UK,England,London,Organic,1,2025-09-22
2006,Carol,Sullivan,ramosjeffery@example.com,001-804-574-1208x1803,Female,1982-04-07,2021-04-02,Canada,Ontario,Toronto,Social Media,0,2021-04-02
2007,Eric,Larsen,krystalgregory@example.net,+1-740-943-9351x6026,Female,2007-05-06,2025-05-18,Germany,Bavaria,Munich,Email Campaign,0,2025-05-18
2008,Nathaniel,Vaughn,sbarnes@example.net,9317636781,Male,1963-08-18,2026-06-24,USA,New York,New York City,Partner,1,2026-06-24
2009,Mary,Tran,matthewfreeman@example.com,(798)539-3039,Female,1987-06-24,2024-10-08,India,Maharashtra,Mumbai,Email Campaign,0,2024-10-08
2010,Derek,Wolfe,pwilliams@example.net,(932)698-7340x114,Other,1979-11-03,2022-11-14,India,Karnataka,Bengaluru,Paid Ad,0,2022-11-14
2011,Mark,Luna,emilypena@example.com,3496909678,Male,1975-01-12,2025-11-21,India,Karnataka,Bengaluru,Social Media,0,2025-11-21
2012,Latoya,Davila,bailey73@example.net,(210)234-0573x6891,Female,1971-04-03,2023-05-27,USA,New York,New York City,Paid Ad,0,2023-05-27
2013,Daniel,Craig,ruben43@example.org,721.988.7716x9916,Other,1965-04-20,2024-05-02,USA,California,Los Angeles,Social Media,1,2024-05-02
2014,Robert,Parker,wilsonjoseph@example.com,486.371.2657x281,Other,1964-07-08,2022-01-12,India,Maharashtra,Mumbai,Email Campaign,0,2022-01-12
2015,Tracy,Hart,rhonda24@example.net,+1-991-596-0841x58553,Female,1958-12-23,2024-10-11,USA,New York,New York City,Organic,1,2024-10-11
2016,Laura,Lewis,hharris@example.com,(396)670-7169x448,Female,1995-06-12,2026-05-01,Germany,Bavaria,Munich,Referral,0,2026-05-01
2017,Aaron,Brown,barry75@example.com,9234106407,Other,1986-09-04,2021-11-11,India,Karnataka,Bengaluru,Paid Ad,1,2021-11-11
2018,Alexandria,Martin,kara42@example.com,344.997.9925,Female,1992-04-05,2024-05-13,Australia,NSW,Sydney,Partner,0,2024-05-13
2019,Lisa,Russell,victoria75@example.net,283.871.0539x259,Male,1992-06-12,2024-07-07,Australia,NSW,Sydney,Social Media,1,2024-07-07
2020,Tyler,Martinez,james60@example.net,874-230-4025,Other,1958-03-08,2023-10-27,UK,England,London,Email Campaign,1,2023-10-27
2021,David,Mccullough,ffleming@example.com,(827)507-1279x717,Male,1994-12-30,2023-01-10,Canada,Ontario,Toronto,Partner,0,2023-01-10
2022,Mark,Jenkins,gregory72@example.net,001-490-943-8817x6762,Other,1957-07-17,2023-02-04,Australia,NSW,Sydney,Social Media,0,2023-02-04
2023,Joanna,Collins,fostertracey@example.org,001-715-884-6472,Female,1958-07-30,2026-03-30,India,Maharashtra,Mumbai,Partner,1,2026-03-30
2024,Justin,Roman,tinawilliams@example.org,(990)561-5502x61340,Other,1960-08-31,2025-11-12,Australia,NSW,Sydney,Partner,0,2025-11-12
2025,Derek,Mcguire,ochoajennifer@example.com,866.654.0532x421,Female,1967-06-08,2023-04-02,USA,California,Los Angeles,Social Media,1,2023-04-02
2026,Jeffrey,Jackson,dmcintyre@example.net,+1-805-981-3805x73213,Male,2001-02-21,2023-09-12,USA,Texas,Houston,Partner,0,2023-09-12
2027,Katherine,Gaines,vphillips@example.com,(761)951-0705,Female,1956-02-25,2025-11-19,India,Tamil Nadu,Chennai,Paid Ad,1,2025-11-19
2028,Tamara,Moore,barry68@example.com,741-823-5998x962,Female,1987-05-02,2023-04-14,USA,New York,New York City,Paid Ad,0,2023-04-14
2029,Morgan,Wright,yjohnson@example.net,(755)315-1797,Female,2001-08-09,2022-10-20,India,Tamil Nadu,Chennai,Partner,0,2022-10-20
2030,James,Rich,brianna31@example.org,334.545.8019x762,Female,2005-06-02,2023-08-26,Germany,Bavaria,Munich,Referral,1,2023-08-26
2031,Robert,Davis,felicia15@example.org,001-265-332-2247x081,Male,1970-01-02,2022-09-07,USA,New York,New York City,Organic,1,2022-09-07
2032,Hannah,Jackson,jjones@example.net,308-994-3748x126,Female,1995-09-04,2024-06-25,India,Maharashtra,Mumbai,Social Media,0,2024-06-25
2033,Carolyn,Smith,boydandrew@example.net,-8984,Female,1965-11-30,2025-11-22,Australia,NSW,Sydney,Partner,0,2025-11-22
2034,Justin,Franco,virginia81@example.net,001-505-363-5869x9021,Male,1960-11-09,2023-04-08,USA,California,Los Angeles,Paid Ad,1,2023-04-08
2035,Jacqueline,Carroll,ijohnson@example.net,324-467-6428,Female,1993-02-08,2021-04-30,USA,Texas,Houston,Paid Ad,1,2021-04-30
2036,Jennifer,Reed,randymoore@example.com,498-284-9591x260,Other,1968-09-03,2022-12-22,Australia,NSW,Sydney,Organic,0,2022-12-22
2037,Christian,Bridges,rwood@example.com,716.265.7813x0499,Male,1971-10-11,2021-03-23,Canada,Ontario,Toronto,Organic,1,2021-03-23
2038,Sara,Hudson,groberts@example.com,250-986-2953x223,Male,2008-07-03,2024-05-05,India,Karnataka,Bengaluru,Social Media,1,2024-05-05
2039,Victoria,Barry,gcruz@example.org,(713)595-5745x86180,Female,1986-04-08,2022-01-05,India,Karnataka,Bengaluru,Partner,1,2022-01-05
2040,Larry,Brandt,miguelschultz@example.com,(478)285-9881,Male,1978-09-04,2023-08-25,USA,Texas,Houston,Email Campaign,1,2023-08-25
2041,Patrick,James,gregorybeck@example.net,(527)662-2368x31275,Other,1962-03-19,2022-05-10,Australia,NSW,Sydney,Partner,1,2022-05-10
2042,Jamie,Stevenson,tammy78@example.net,001-602-728-0177x10629,Female,2001-09-08,2023-10-29,Germany,Bavaria,Munich,Organic,0,2023-10-29
2043,Andrew,Curry,joseph35@example.net,441.543.9103,Female,1994-09-18,2022-05-16,India,Maharashtra,Mumbai,Paid Ad,1,2022-05-16
2044,David,Rice,kburch@example.net,3663747720,Other,1990-10-15,2025-05-17,Germany,Bavaria,Munich,Partner,0,2025-05-17
2045,Bryan,Smith,williamwright@example.com,-10003,Male,1965-09-10,2025-09-29,India,Maharashtra,Mumbai,Referral,1,2025-09-29
2046,Sarah,Randolph,deanlewis@example.org,+1-622-742-5777x277,Male,1979-05-05,2022-12-19,USA,New York,New York City,Paid Ad,1,2022-12-19
2047,Matthew,Martin,barrettadriana@example.com,(811)548-4603,Female,1983-11-12,2025-07-31,Canada,Ontario,Toronto,Email Campaign,1,2025-07-31
2048,Brandi,Foster,gweaver@example.com,(604)975-9835,Other,1995-08-10,2026-07-02,USA,California,Los Angeles,Paid Ad,0,2026-07-02
2049,Brian,Reyes,feliciathompson@example.com,920.625.4616,Other,1977-07-08,2024-07-20,USA,New York,New York City,Social Media,1,2024-07-20
2050,Vanessa,Newman,meyerkathleen@example.net,(736)913-9594x59211,Female,1964-11-14,2023-10-07,Canada,Ontario,Toronto,Referral,0,2023-10-07
2051,Stephanie,Cook,millerjuan@example.org,979.962.6389x6549,Other,1985-12-05,2026-05-01,India,Karnataka,Bengaluru,Paid Ad,1,2026-05-01
2052,Jean,Spencer,lisabauer@example.org,8818001428,Other,1987-04-21,2021-03-28,India,Tamil Nadu,Chennai,Email Campaign,1,2021-03-28
2053,Randall,Flores,tracy95@example.org,790-996-7108x004,Other,2003-06-03,2021-08-12,USA,California,Los Angeles,Partner,0,2021-08-12
2054,Joshua,Hopkins,phodge@example.com,001-996-365-2948x3051,Other,1986-10-13,2023-11-03,India,Maharashtra,Mumbai,Social Media,0,2023-11-03
2055,Eric,Rivera,denisehancock@example.com,935.936.7577,Other,1966-12-24,2025-01-26,India,Tamil Nadu,Chennai,Organic,0,2025-01-26
2056,Rebecca,Buchanan,paulwhitaker@example.com,-2326,Female,1969-04-25,2023-08-27,Australia,NSW,Sydney,Social Media,1,2023-08-27
2057,Thomas,Woods,michellejohnson@example.com,999-607-4666,Female,1980-11-10,2025-05-29,USA,California,Los Angeles,Paid Ad,1,2025-05-29
2058,Laura,Hurst,stevenskaren@example.org,735-466-8303x2536,Female,2002-07-16,2023-08-23,USA,New York,New York City,Referral,1,2023-08-23
2059,Mark,Griffin,uburns@example.net,6789107283,Other,2000-04-15,2025-12-03,USA,Texas,Houston,Paid Ad,0,2025-12-03
2060,Joseph,Barber,whitenicholas@example.com,+1-693-663-1962x756,Female,1967-07-11,2021-05-19,UK,England,London,Organic,1,2021-05-19
2061,Mikayla,Johnson,bryce95@example.com,(630)206-3621x0516,Other,1979-04-24,2026-04-14,Canada,Ontario,Toronto,Social Media,1,2026-04-14
2062,Steven,Figueroa,pittsmary@example.net,713-453-7396,Male,1981-04-17,2025-09-27,India,Karnataka,Bengaluru,Referral,1,2025-09-27
2063,Courtney,Martin,beverly86@example.com,470.855.4899x071,Female,1987-12-26,2021-09-29,India,Tamil Nadu,Chennai,Social Media,1,2021-09-29
2064,Carolyn,Davis,jane27@example.org,5299331326,Female,1998-12-03,2024-08-31,Germany,Bavaria,Munich,Partner,0,2024-08-31
2065,Robert,Moore,ryangardner@example.net,315-777-1291x8425,Other,1997-12-03,2021-08-02,USA,California,Los Angeles,Partner,1,2021-08-02
2066,Karen,Kennedy,matthew92@example.org,855.528.5870,Other,1956-01-05,2025-12-22,USA,Texas,Houston,Referral,0,2025-12-22
2067,Elizabeth,Saunders,charlenewalker@example.org,(828)678-9715x359,Male,1981-05-19,2025-06-30,USA,California,Los Angeles,Partner,1,2025-06-30
2068,Eric,Fox,melissa74@example.com,755-207-2831x018,Other,1983-08-09,2024-07-09,India,Tamil Nadu,Chennai,Organic,0,2024-07-09
2069,Brandon,Fernandez,richard45@example.org,001-958-910-5801x0886,Male,1998-04-22,2022-10-09,USA,New York,New York City,Email Campaign,1,2022-10-09
2070,Jordan,Porter,chapmansean@example.net,-5754,Female,1971-08-17,2025-08-08,USA,Texas,Houston,Social Media,1,2025-08-08
2071,Sean,Hill,mdickson@example.com,001-722-262-8191,Female,1965-04-26,2022-07-01,Canada,Ontario,Toronto,Referral,1,2022-07-01
2072,Todd,Clark,usanchez@example.org,921-894-0504x72609,Female,1964-05-22,2024-09-03,Germany,Bavaria,Munich,Referral,1,2024-09-03
2073,Charles,Kelly,ahayes@example.com,9986591981,Female,1981-05-25,2025-08-25,USA,New York,New York City,Referral,0,2025-08-25
2074,Jennifer,Price,jamie78@example.net,(687)648-9557x131,Other,1969-09-11,2025-03-26,UK,England,London,Referral,1,2025-03-26
2075,Laura,Burke,bbrown@example.org,001-652-557-4777,Other,1978-12-14,2021-04-05,USA,California,Los Angeles,Partner,1,2021-04-05
2076,Eric,Thomas,zachary75@example.com,991-589-8755,Male,1962-06-06,2023-07-26,Germany,Bavaria,Munich,Social Media,1,2023-07-26
2077,Jacob,Wheeler,hullmario@example.org,345-517-3658x54059,Other,1970-05-27,2023-12-09,India,Maharashtra,Mumbai,Referral,0,2023-12-09
2078,Sara,Roberts,michelestevenson@example.com,523-593-3065,Other,1975-06-01,2025-07-01,USA,California,Los Angeles,Social Media,1,2025-07-01
2079,Lacey,Mcdowell,cheyenne75@example.net,+1-980-796-2821x96087,Male,1989-04-02,2023-12-02,Germany,Bavaria,Munich,Organic,1,2023-12-02
2080,William,Heath,kimberlybuchanan@example.org,863.809.7739x836,Other,1957-02-24,2022-11-28,India,Karnataka,Bengaluru,Organic,0,2022-11-28
2081,Victor,Hudson,ugordon@example.com,8044450729,Female,2005-10-20,2025-11-18,USA,California,Los Angeles,Partner,1,2025-11-18
2082,Patricia,Daniel,parksandre@example.com,+1-832-526-5278x254,Male,1956-07-15,2022-05-01,Canada,Ontario,Toronto,Partner,1,2022-05-01
2083,Christine,Lambert,ronald11@example.com,953.298.7245x819,Female,2007-10-07,2023-02-20,India,Maharashtra,Mumbai,Paid Ad,0,2023-02-20
2084,Emily,Torres,umurphy@example.org,001-580-753-6597x268,Male,1957-06-20,2025-04-14,Canada,Ontario,Toronto,Social Media,1,2025-04-14
2085,Shawn,Wolfe,baileylauren@example.org,(996)272-1281x56838,Female,1999-08-04,2023-06-02,India,Maharashtra,Mumbai,Partner,0,2023-06-02
2086,Isaac,Grimes,jeffrey98@example.org,949-524-1371,Male,1955-11-03,2025-09-10,India,Maharashtra,Mumbai,Social Media,1,2025-09-10
2087,Olivia,Barker,pooleallison@example.net,306.884.8368,Female,1979-03-10,2021-04-28,USA,Texas,Houston,Paid Ad,1,2021-04-28
2088,James,Foster,elizabeth06@example.com,955.495.7354x1057,Male,1974-06-17,2026-01-22,India,Maharashtra,Mumbai,Paid Ad,0,2026-01-22
2089,Alexander,Williams,haley89@example.net,681.708.5587x23578,Male,1997-04-09,2026-02-20,Germany,Bavaria,Munich,Organic,1,2026-02-20
2090,Crystal,Williams,hernandezshelly@example.org,315-807-4931x6608,Female,1996-05-02,2022-06-30,Canada,Ontario,Toronto,Partner,1,2022-06-30
2091,Lynn,Miller,crystal61@example.org,+1-240-447-5000x4584,Other,1962-08-09,2023-05-20,UK,England,London,Social Media,0,2023-05-20
2092,Tim,Sullivan,mcintoshpatrick@example.net,893-656-5803x6383,Male,1981-07-13,2023-11-16,UK,England,London,Organic,1,2023-11-16
2093,Monica,Torres,kellie17@example.org,233.251.4244x96639,Male,1994-05-18,2021-08-29,Australia,NSW,Sydney,Paid Ad,1,2021-08-29
2094,Jordan,Lewis,nelsonteresa@example.net,-6397,Female,1994-11-11,2026-04-13,India,Maharashtra,Mumbai,Email Campaign,0,2026-04-13
2095,Brent,Riley,fclark@example.org,001-281-566-8813,Male,2001-03-06,2021-07-06,Germany,Bavaria,Munich,Paid Ad,1,2021-07-06
2096,Amy,James,sheltonandrea@example.com,7169454662,Female,1967-12-26,2025-04-10,Australia,NSW,Sydney,Social Media,1,2025-04-10
2097,Eric,Bailey,crodriguez@example.com,001-687-962-2957,Other,1970-07-21,2022-06-26,India,Karnataka,Bengaluru,Organic,0,2022-06-26
2098,Benjamin,Brown,owilson@example.net,815.371.6042,Female,1969-10-03,2023-01-05,Germany,Bavaria,Munich,Referral,1,2023-01-05
2099,Rebekah,King,mosleymason@example.com,615-726-4458x296,Female,1969-04-29,2026-07-12,Australia,NSW,Sydney,Social Media,0,2026-07-12
2100,Donna,Combs,conleysarah@example.com,-8721,Female,1979-04-03,2022-01-03,USA,Texas,Houston,Partner,1,2022-01-03
2101,Brooke,Galvan,larrythompson@example.com,+1-560-774-1464x40261,Male,1965-11-05,2025-11-09,Australia,NSW,Sydney,Paid Ad,1,2025-11-09
2102,Eric,Gomez,fcortez@example.org,-2190,Male,2001-11-09,2024-07-07,USA,New York,New York City,Referral,0,2024-07-07
2103,Courtney,Mejia,xmorgan@example.com,-9670,Other,1959-07-07,2024-02-25,Canada,Ontario,Toronto,Paid Ad,1,2024-02-25
2104,Peter,Harris,schwartzjack@example.net,978.513.2672,Female,1968-08-18,2024-03-04,UK,England,London,Email Campaign,1,2024-03-04
2105,Natalie,Martinez,bmoon@example.com,669-458-8194x6877,Female,2007-06-02,2024-07-06,India,Tamil Nadu,Chennai,Referral,1,2024-07-06
2106,Keith,Lawson,kristinharris@example.com,(872)966-8490x536,Male,1989-12-15,2026-07-06,India,Karnataka,Bengaluru,Email Campaign,1,2026-07-06
2107,Jason,Lopez,charlesmartinez@example.net,001-531-577-9053x403,Male,1966-04-17,2021-08-06,Canada,Ontario,Toronto,Referral,1,2021-08-06
2108,Destiny,Pope,huntdaniel@example.com,780-523-6280x193,Male,1959-07-10,2023-07-31,USA,California,Los Angeles,Organic,1,2023-07-31
2109,Michael,Hampton,annastephens@example.org,(873)441-5910x660,Male,1968-03-13,2023-12-02,Canada,Ontario,Toronto,Partner,0,2023-12-02
2110,Norman,Brown,jjohnson@example.com,+1-822-347-8922x5182,Male,2005-09-03,2025-11-23,Canada,Ontario,Toronto,Social Media,1,2025-11-23
2111,Kimberly,Rogers,dmartinez@example.net,301-257-9970x6298,Female,1985-08-13,2025-12-14,USA,California,Los Angeles,Partner,1,2025-12-14
2112,Cheryl,Day,michellehenderson@example.com,(950)583-6816x82140,Female,1980-09-02,2026-06-11,Australia,NSW,Sydney,Social Media,1,2026-06-11
2113,James,Fox,rmiller@example.org,001-703-890-9200,Male,1965-02-03,2022-08-30,USA,New York,New York City,Paid Ad,1,2022-08-30
2114,Laura,Olson,traciwalls@example.com,985-579-8889x2132,Female,1983-12-15,2023-04-15,USA,New York,New York City,Referral,1,2023-04-15
2115,Pamela,Crosby,caitlinmckenzie@example.org,(597)625-4014,Other,1981-08-22,2024-01-23,USA,Texas,Houston,Partner,0,2024-01-23
2116,Nicole,Carter,wagnerrichard@example.com,(594)878-0079x246,Other,1977-06-30,2023-05-20,Germany,Bavaria,Munich,Organic,1,2023-05-20
2117,Carmen,Mills,xkirby@example.net,+1-950-245-8387x5007,Female,1988-05-30,2023-01-10,Australia,NSW,Sydney,Organic,0,2023-01-10
2118,Brian,Lopez,gclarke@example.net,535-398-0433,Other,1998-06-08,2026-08-03,India,Maharashtra,Mumbai,Organic,0,2026-08-03
2119,Nicholas,Fisher,hbaker@example.org,446-201-9335,Female,2000-09-18,2021-04-17,India,Karnataka,Bengaluru,Partner,1,2021-04-17
2120,Ryan,Andersen,kbrown@example.org,864-326-6331,Female,1971-03-24,2025-06-03,USA,New York,New York City,Email Campaign,1,2025-06-03
2121,Rebecca,Ashley,danielbrown@example.org,001-771-299-4574x051,Male,1985-01-27,2024-08-18,USA,New York,New York City,Organic,1,2024-08-18
2122,Carly,Mckinney,skinnerkatherine@example.com,(773)452-6359x51763,Other,1969-09-07,2026-03-01,USA,New York,New York City,Partner,1,2026-03-01
2123,John,Landry,janetdrake@example.net,001-567-710-6656x02492,Other,2002-07-17,2026-02-03,Canada,Ontario,Toronto,Paid Ad,1,2026-02-03
2124,Scott,Roberts,bethany57@example.org,753.922.7997x5261,Female,2005-09-25,2021-01-24,Germany,Bavaria,Munich,Organic,1,2021-01-24
2125,Alexandra,Warner,moralesjessica@example.org,671-351-1142,Female,1964-01-15,2026-01-30,Germany,Bavaria,Munich,Partner,0,2026-01-30
2126,Jacqueline,Mason,olivia67@example.org,837-817-4190,Male,1987-05-10,2022-06-14,Germany,Bavaria,Munich,Organic,1,2022-06-14
2127,Kyle,Raymond,danielsthomas@example.org,240.811.7617,Male,1961-03-26,2024-08-16,India,Tamil Nadu,Chennai,Partner,0,2024-08-16
2128,Debra,Johnson,powersshannon@example.net,918.817.2035,Male,1974-08-30,2025-04-12,USA,New York,New York City,Social Media,1,2025-04-12
2129,Mary,Green,browncaleb@example.net,001-654-526-0782x4116,Male,1970-01-30,2022-12-31,India,Tamil Nadu,Chennai,Social Media,1,2022-12-31
2130,Haley,Turner,huffjon@example.com,346-362-4822x30642,Male,1978-02-10,2021-03-26,USA,New York,New York City,Referral,0,2021-03-26
2131,William,Ross,aprilavery@example.net,(915)692-3466x521,Female,1978-03-20,2025-07-07,UK,England,London,Partner,1,2025-07-07
2132,Mark,Juarez,coreyhamilton@example.com,001-550-960-5411,Female,2007-09-02,2022-05-09,USA,Texas,Houston,Social Media,1,2022-05-09
2133,Sarah,Garcia,darleneroberts@example.com,001-931-807-8907x8695,Other,1958-07-17,2024-06-24,UK,England,London,Email Campaign,1,2024-06-24
2134,Angela,Miranda,traceyhill@example.net,+1-554-847-4733x43597,Other,1995-12-09,2025-01-10,USA,Texas,Houston,Organic,1,2025-01-10
2135,Timothy,Davis,xshaw@example.org,(331)375-0409x370,Female,1983-03-07,2023-03-30,India,Karnataka,Bengaluru,Social Media,0,2023-03-30
2136,Christine,Hawkins,badams@example.net,+1-452-390-5509x579,Female,1983-10-31,2026-05-06,UK,England,London,Email Campaign,1,2026-05-06
2137,Sergio,Hernandez,zwagner@example.org,001-899-424-1611x9540,Male,1994-11-29,2025-09-29,Germany,Bavaria,Munich,Social Media,1,2025-09-29
2138,William,Mcclain,dixonamanda@example.net,001-406-483-1121x7959,Female,1996-12-20,2023-02-03,India,Karnataka,Bengaluru,Partner,1,2023-02-03
2139,Nicole,Clark,lopezpeter@example.com,(450)938-5616,Male,1992-10-08,2022-01-16,UK,England,London,Email Campaign,0,2022-01-16
2140,Susan,Green,joshuathompson@example.net,001-673-423-5737x421,Other,1956-05-02,2026-03-14,India,Karnataka,Bengaluru,Referral,0,2026-03-14
2141,Johnny,Johnson,peggygreen@example.com,+1-787-519-9425x0592,Other,2006-03-08,2026-07-22,USA,Texas,Houston,Partner,0,2026-07-22
2142,Rebecca,Roman,boyerautumn@example.com,001-987-779-9364x273,Female,1979-10-05,2021-12-10,Australia,NSW,Sydney,Social Media,0,2021-12-10
2143,Jeffrey,Griffith,hendersonerin@example.org,(592)513-5111,Female,1958-05-24,2021-11-21,UK,England,London,Paid Ad,1,2021-11-21
2144,Anthony,Murphy,sonia02@example.com,(294)984-1232x2232,Other,1997-05-01,2022-06-08,USA,Texas,Houston,Paid Ad,1,2022-06-08
2145,Alexandra,Morris,xbrown@example.net,001-743-991-3708,Female,2006-07-11,2025-10-18,India,Maharashtra,Mumbai,Email Campaign,0,2025-10-18
2146,Jamie,Williamson,perezvanessa@example.com,001-782-326-0809x9371,Male,1988-10-23,2021-11-10,USA,California,Los Angeles,Email Campaign,1,2021-11-10
2147,Charles,Cole,joseph98@example.net,001-938-203-7473x81133,Female,1991-04-12,2025-10-07,USA,New York,New York City,Organic,0,2025-10-07
2148,Bailey,Foster,megan54@example.org,670.305.3558x823,Female,1991-01-25,2023-11-04,Canada,Ontario,Toronto,Paid Ad,1,2023-11-04
2149,Kimberly,Johnson,annettereese@example.net,502-984-7798x25875,Other,1959-06-05,2021-12-01,Germany,Bavaria,Munich,Organic,1,2021-12-01
2150,Nathan,Carrillo,morrismelissa@example.org,807.506.6670,Male,1996-04-13,2026-03-11,USA,New York,New York City,Referral,0,2026-03-11
2151,Jesse,Garcia,higginsheidi@example.org,001-355-530-9373,Male,1969-04-03,2021-07-05,UK,England,London,Social Media,1,2021-07-05
2152,Brian,Freeman,kaufmanalan@example.org,493.206.1892x0045,Other,1980-12-23,2024-07-09,India,Tamil Nadu,Chennai,Partner,1,2024-07-09
2153,Lindsay,Myers,shane42@example.com,(284)773-2550x65299,Other,1993-09-06,2026-01-17,Canada,Ontario,Toronto,Paid Ad,1,2026-01-17
2154,Jeffery,Roman,hweber@example.org,2725095789,Male,1972-05-03,2023-02-06,India,Karnataka,Bengaluru,Referral,0,2023-02-06
2155,Theresa,Flores,carrollkaren@example.com,-7380,Other,1971-04-24,2023-11-29,USA,New York,New York City,Organic,1,2023-11-29
2156,Jacob,Booker,brian51@example.com,001-756-574-0920x167,Male,1957-08-01,2021-03-15,UK,England,London,Social Media,1,2021-03-15
2157,Tina,Jones,michelle14@example.org,(680)667-0914x465,Male,1956-01-01,2021-02-24,USA,New York,New York City,Partner,1,2021-02-24
2158,Brandon,Williams,benjamin46@example.com,(749)876-8348x752,Other,1956-09-16,2026-02-28,Canada,Ontario,Toronto,Social Media,0,2026-02-28
2159,Victoria,Arnold,michelefoster@example.org,376-401-3807x95118,Female,1991-02-02,2026-06-17,Germany,Bavaria,Munich,Email Campaign,0,2026-06-17
2160,Daniel,Olsen,gregory50@example.net,+1-915-695-9043x15071,Other,1959-06-24,2025-01-17,Germany,Bavaria,Munich,Partner,1,2025-01-17
2161,Ryan,Hill,ugates@example.net,(431)703-2319x7670,Male,1971-12-29,2024-05-24,UK,England,London,Referral,0,2024-05-24
2162,Nicholas,Gutierrez,samantha46@example.net,(345)589-2441x83281,Male,2001-07-01,2021-02-26,USA,Texas,Houston,Organic,1,2021-02-26
2163,Cynthia,Nelson,katrina92@example.net,659.814.4894x009,Male,1973-09-18,2023-02-10,USA,California,Los Angeles,Referral,1,2023-02-10
2164,Kathleen,Stephens,yyoung@example.net,(948)887-8073,Other,1991-01-04,2022-08-18,Canada,Ontario,Toronto,Referral,1,2022-08-18
2165,Emily,Woods,melissa73@example.com,405.934.2519x18716,Male,1971-12-16,2023-02-21,UK,England,London,Paid Ad,1,2023-02-21
2166,Ryan,Ellis,zbenson@example.org,001-791-591-9352x642,Female,1961-09-15,2022-08-30,Canada,Ontario,Toronto,Social Media,0,2022-08-30
2167,Ryan,Riley,schmidtmichael@example.com,991-905-6396x70447,Male,2004-04-17,2022-04-23,USA,California,Los Angeles,Referral,1,2022-04-23
2168,Virginia,Nelson,linda70@example.org,(701)955-4494x099,Female,1998-10-04,2026-06-10,Canada,Ontario,Toronto,Organic,0,2026-06-10
2169,David,Price,tracydodson@example.com,001-484-255-5766x3354,Male,1993-04-06,2023-09-21,Canada,Ontario,Toronto,Paid Ad,1,2023-09-21
2170,Tonya,Johnson,stephanie07@example.org,672.482.7695x8870,Male,1994-09-07,2025-05-24,Germany,Bavaria,Munich,Paid Ad,1,2025-05-24
2171,Deanna,Simmons,ajohnson@example.com,+1-580-727-6448x294,Other,1958-02-26,2022-02-25,USA,California,Los Angeles,Partner,1,2022-02-25
2172,Susan,Morrison,bpham@example.com,377.878.4247,Female,2008-05-18,2025-08-30,UK,England,London,Partner,1,2025-08-30
2173,Anne,Brown,priceshirley@example.com,001-250-372-5925,Male,1976-04-13,2024-04-06,Germany,Bavaria,Munich,Social Media,1,2024-04-06
2174,Charles,Simmons,emoreno@example.net,423.507.0081x33490,Other,2005-11-23,2026-06-15,UK,England,London,Email Campaign,0,2026-06-15
2175,Timothy,Hall,tandrews@example.org,001-349-441-8016x95991,Male,1986-01-16,2026-06-22,Germany,Bavaria,Munich,Partner,0,2026-06-22
2176,Kevin,Santana,wrightvicki@example.net,(787)391-4659,Female,2007-07-04,2021-03-19,USA,California,Los Angeles,Email Campaign,1,2021-03-19
2177,Desiree,Johnson,margarethart@example.net,5596666942,Female,1999-07-18,2021-09-18,India,Karnataka,Bengaluru,Partner,0,2021-09-18
2178,Angela,Clark,rhoward@example.net,228-584-6377x3485,Male,1956-03-22,2026-04-23,UK,England,London,Social Media,0,2026-04-23
2179,Tina,White,iwells@example.net,779-731-6250,Female,1966-03-12,2024-11-21,Germany,Bavaria,Munich,Partner,1,2024-11-21
2180,Roger,Williamson,joshuawilkinson@example.net,683-372-6877x9388,Male,1998-03-07,2021-03-27,UK,England,London,Paid Ad,1,2021-03-27
2181,Melissa,Ponce,fmartin@example.com,878-869-1040x762,Female,1972-04-27,2026-04-07,India,Maharashtra,Mumbai,Social Media,1,2026-04-07
2182,Mary,Campbell,todd18@example.org,(304)404-1071,Other,1987-04-02,2023-06-19,India,Maharashtra,Mumbai,Partner,1,2023-06-19
2183,Linda,Wright,stephenmcneil@example.org,(557)781-4963x55019,Male,1966-10-14,2026-04-03,India,Karnataka,Bengaluru,Paid Ad,0,2026-04-03
2184,Bryan,Miller,ballwilliam@example.com,(373)913-7001x7493,Other,1974-10-04,2025-09-04,UK,England,London,Partner,1,2025-09-04
2185,Stephanie,Pham,adamacevedo@example.net,001-673-473-3970x101,Male,1977-08-20,2026-04-19,India,Karnataka,Bengaluru,Email Campaign,0,2026-04-19
2186,Chase,Lindsey,samanthamoore@example.net,+1-240-406-1386x54966,Other,2004-03-26,2024-03-02,India,Maharashtra,Mumbai,Partner,1,2024-03-02
2187,Lawrence,Miller,john80@example.com,311.780.0450x1531,Male,1988-02-08,2026-06-01,USA,New York,New York City,Referral,0,2026-06-01
2188,Rhonda,Hayden,jbrown@example.com,(793)847-7966x0548,Other,1963-08-22,2022-10-03,India,Maharashtra,Mumbai,Social Media,1,2022-10-03
2189,Thomas,Smith,gary46@example.com,001-906-994-8617x54182,Female,1961-07-03,2025-08-31,USA,New York,New York City,Paid Ad,1,2025-08-31
2190,Darrell,Hoffman,reyesmiguel@example.net,4198755708,Other,1981-10-11,2023-05-08,India,Maharashtra,Mumbai,Organic,1,2023-05-08
2191,Amy,Jefferson,paige44@example.net,214-742-9426x7088,Female,2000-08-27,2025-01-09,USA,California,Los Angeles,Paid Ad,1,2025-01-09
2192,Calvin,Fuentes,samuelhunt@example.com,001-326-684-9704x24169,Other,1963-08-26,2022-12-17,USA,Texas,Houston,Organic,1,2022-12-17
2193,Rebecca,Smith,fkeller@example.com,+1-500-968-1436x5972,Female,1976-06-14,2024-10-15,USA,New York,New York City,Organic,1,2024-10-15
2194,Jo,Vega,john71@example.com,2072601751,Male,2003-05-13,2023-07-18,Germany,Bavaria,Munich,Email Campaign,1,2023-07-18
2195,Rita,Spencer,williamdickson@example.com,361.486.7706x672,Female,1998-01-08,2026-06-16,India,Maharashtra,Mumbai,Paid Ad,1,2026-06-16
2196,Gregory,Wolf,brenda14@example.org,9925152725,Other,1966-02-09,2021-07-11,India,Karnataka,Bengaluru,Paid Ad,1,2021-07-11
2197,Stephanie,Marshall,kristen08@example.net,001-912-805-9944,Other,1987-01-10,2022-03-03,USA,Texas,Houston,Organic,1,2022-03-03
2198,Melanie,Zhang,davisemily@example.org,962-208-3610x88025,Male,1997-09-09,2026-02-16,Canada,Ontario,Toronto,Organic,1,2026-02-16
2199,Melissa,Golden,jennifermoss@example.com,001-337-803-5595x915,Other,1978-12-05,2022-02-22,Germany,Bavaria,Munich,Organic,1,2022-02-22
2200,Nicholas,Jones,khernandez@example.com,(586)436-0253x687,Male,1998-08-09,2022-03-08,Australia,NSW,Sydney,Partner,1,2022-03-08
2201,Christine,Thompson,michael80@example.com,+1-540-697-8738x718,Female,2002-12-26,2023-04-22,USA,New York,New York City,Referral,1,2023-04-22
2202,Karen,Hendrix,kimmarcus@example.com,943.293.0046x03560,Other,1976-01-19,2025-12-14,India,Tamil Nadu,Chennai,Social Media,1,2025-12-14
2203,Annette,Sweeney,thomashanson@example.org,947-290-5830x4702,Other,1964-03-05,2022-09-24,USA,New York,New York City,Paid Ad,1,2022-09-24
2204,Stanley,Baker,cuevasadam@example.org,601-498-5754x73880,Male,1981-05-25,2022-07-19,India,Karnataka,Bengaluru,Referral,1,2022-07-19
2205,Andrew,Moore,walterbowers@example.com,(755)332-0528,Male,1972-08-24,2025-08-30,Canada,Ontario,Toronto,Referral,1,2025-08-30
2206,Mitchell,Brown,markking@example.org,578-387-5051,Female,2002-03-15,2024-10-30,Canada,Ontario,Toronto,Email Campaign,1,2024-10-30
2207,Cynthia,Miller,howardchristopher@example.com,320-707-4045,Female,1978-05-20,2021-12-16,USA,Texas,Houston,Paid Ad,1,2021-12-16
2208,Cassandra,Massey,leahmoore@example.com,001-592-268-9947x387,Other,1985-10-11,2025-01-17,UK,England,London,Partner,1,2025-01-17
2209,Edward,Wood,carriebennett@example.org,(563)660-7124x137,Other,1988-05-03,2022-09-13,India,Maharashtra,Mumbai,Social Media,1,2022-09-13
2210,Derrick,Edwards,bradleypatricia@example.com,001-343-664-3653,Female,2003-06-20,2022-07-20,India,Maharashtra,Mumbai,Social Media,1,2022-07-20
2211,Tanya,Steele,nathan68@example.org,(908)895-1463x187,Other,1997-02-07,2026-02-23,UK,England,London,Partner,1,2026-02-23
2212,John,Nunez,andersonalan@example.org,233.488.3196,Female,1972-11-24,2021-05-02,India,Karnataka,Bengaluru,Referral,1,2021-05-02
2213,Cheryl,Reeves,tylergreen@example.org,001-243-486-6684x70726,Male,1980-04-21,2021-10-13,USA,California,Los Angeles,Paid Ad,1,2021-10-13
2214,Thomas,Hunter,mfarley@example.com,905.237.3808x82330,Male,1960-08-27,2025-07-04,India,Karnataka,Bengaluru,Social Media,1,2025-07-04
2215,Laura,Carpenter,kennethporter@example.net,+1-975-418-6210x98636,Male,1982-07-01,2025-05-30,USA,California,Los Angeles,Partner,1,2025-05-30
2216,Debra,Suarez,ysmith@example.com,781.227.9042x52846,Other,1978-02-02,2021-08-25,USA,Texas,Houston,Partner,0,2021-08-25
2217,Kimberly,Byrd,ericmitchell@example.net,+1-597-697-0310x808,Female,1985-04-28,2024-04-26,Australia,NSW,Sydney,Social Media,1,2024-04-26
2218,Adam,Payne,nicole44@example.net,889.904.8334x658,Other,2004-04-03,2024-05-31,Australia,NSW,Sydney,Partner,1,2024-05-31
2219,Cynthia,Hughes,craigjones@example.net,001-506-266-4059x974,Male,1983-11-11,2024-11-10,India,Karnataka,Bengaluru,Paid Ad,1,2024-11-10
2220,Jenny,Smith,seanthompson@example.net,001-753-971-2688x70415,Other,1984-05-09,2022-08-25,Australia,NSW,Sydney,Social Media,0,2022-08-25
2221,Dana,Young,egonzalez@example.com,(617)656-2479,Other,1968-10-04,2023-04-21,Canada,Ontario,Toronto,Email Campaign,1,2023-04-21
2222,Mary,Crawford,shannonbowen@example.org,(697)866-2084x078,Other,1969-02-13,2025-12-17,Germany,Bavaria,Munich,Paid Ad,1,2025-12-17
2223,Alexander,Wilson,acole@example.com,(419)797-8565,Female,2003-07-26,2023-03-20,UK,England,London,Organic,1,2023-03-20
2224,Elizabeth,Turner,matthew66@example.com,(892)999-0722,Female,1988-05-08,2024-10-02,USA,California,Los Angeles,Partner,1,2024-10-02
2225,Bradley,Wade,edwardskiara@example.org,582.573.8688,Male,1988-05-13,2024-03-08,USA,Texas,Houston,Organic,0,2024-03-08
2226,Linda,Flowers,wtaylor@example.net,868-762-9661x035,Other,1982-01-23,2024-07-02,Australia,NSW,Sydney,Paid Ad,0,2024-07-02
2227,Darlene,Williams,james14@example.net,(262)373-5060,Male,1963-08-02,2021-04-06,USA,Texas,Houston,Email Campaign,1,2021-04-06
2228,Ronnie,Hensley,cfields@example.net,(714)690-9100x91665,Male,1973-09-19,2023-11-26,Germany,Bavaria,Munich,Paid Ad,0,2023-11-26
2229,Larry,Cortez,brownthomas@example.net,962-574-2052x258,Other,1958-09-13,2022-03-29,UK,England,London,Organic,0,2022-03-29
2230,Kim,Gonzalez,jenkinsrandy@example.com,001-910-370-8611,Other,1967-01-07,2023-11-30,India,Karnataka,Bengaluru,Email Campaign,0,2023-11-30
2231,Roberta,Smith,michaelsampson@example.com,422-876-4349x465,Male,1991-06-01,2022-05-23,India,Karnataka,Bengaluru,Partner,1,2022-05-23
2232,Robin,Brown,teresa47@example.com,+1-941-716-0285x95388,Female,1974-09-28,2026-01-13,USA,New York,New York City,Email Campaign,1,2026-01-13
2233,Danielle,Hoffman,anne20@example.com,001-215-552-8230x1643,Female,1988-12-12,2026-01-31,USA,California,Los Angeles,Referral,1,2026-01-31
2234,Wendy,Morrison,rellis@example.com,+1-243-632-9457x8674,Female,2008-07-22,2023-08-16,Germany,Bavaria,Munich,Paid Ad,1,2023-08-16
2235,Rachael,Hahn,josefields@example.com,001-349-272-8341x9067,Other,1957-05-31,2022-07-28,India,Tamil Nadu,Chennai,Social Media,0,2022-07-28
2236,Ashley,Hansen,tracey98@example.org,001-493-816-4212,Male,1974-07-20,2023-10-12,Australia,NSW,Sydney,Paid Ad,1,2023-10-12
2237,Michael,Munoz,poncemichelle@example.org,689-510-5579x9915,Female,1969-09-22,2023-02-28,Australia,NSW,Sydney,Social Media,1,2023-02-28
2238,Vanessa,Mcclain,susan23@example.com,544.307.0806,Other,2005-07-12,2022-08-24,USA,New York,New York City,Social Media,1,2022-08-24
2239,John,Murphy,john78@example.net,+1-345-490-7312x8211,Male,1976-07-23,2021-12-02,UK,England,London,Organic,1,2021-12-02
2240,Dana,Davis,floresjose@example.com,-8095,Female,1979-03-28,2022-06-17,UK,England,London,Referral,1,2022-06-17
2241,Christy,Arroyo,littlesarah@example.com,+1-932-276-2432x65720,Female,1969-03-29,2021-11-16,Canada,Ontario,Toronto,Partner,1,2021-11-16
2242,Travis,Olson,scottmiddleton@example.com,652.739.9963x6918,Other,1970-05-24,2025-07-08,Australia,NSW,Sydney,Email Campaign,1,2025-07-08
2243,Daniel,Shelton,tinarocha@example.com,001-392-782-6290x165,Female,1987-09-06,2025-06-06,Australia,NSW,Sydney,Email Campaign,0,2025-06-06
2244,Barbara,Martin,sean87@example.org,(953)733-1793x134,Female,2003-03-28,2025-10-01,Canada,Ontario,Toronto,Partner,1,2025-10-01
2245,Nichole,Jensen,dcurry@example.com,(702)910-0027x864,Male,1958-09-11,2025-09-04,Canada,Ontario,Toronto,Referral,1,2025-09-04
2246,Adam,Martinez,sheriperez@example.net,8635190537,Female,1964-09-30,2022-06-05,Australia,NSW,Sydney,Partner,1,2022-06-05
2247,Angela,Schultz,jennaschaefer@example.com,462-626-8975x3115,Other,1995-12-21,2022-06-14,Canada,Ontario,Toronto,Email Campaign,1,2022-06-14
2248,Jamie,Vasquez,wallacesean@example.org,001-814-444-9419x9645,Other,1989-04-04,2022-04-29,Australia,NSW,Sydney,Referral,1,2022-04-29
2249,Elizabeth,Tran,churchstacie@example.net,(777)215-7368,Male,1990-01-01,2026-04-23,Canada,Ontario,Toronto,Partner,1,2026-04-23
2250,Brian,Craig,michaellucas@example.org,7313867207,Male,1970-03-23,2025-02-21,USA,Texas,Houston,Email Campaign,1,2025-02-21
2251,Maria,Brooks,ebean@example.net,(467)860-1504x34010,Male,1990-05-16,2022-03-28,UK,England,London,Paid Ad,0,2022-03-28
2252,Matthew,Gray,steven66@example.com,001-773-229-7741x0506,Male,1997-09-12,2024-04-01,Germany,Bavaria,Munich,Email Campaign,1,2024-04-01
2253,Laurie,Hernandez,brianlogan@example.com,001-721-547-0616x53730,Female,1996-11-02,2022-04-28,USA,Texas,Houston,Paid Ad,1,2022-04-28
2254,Morgan,Martin,tapiajenna@example.org,+1-262-893-0961x5071,Female,1976-10-21,2024-05-27,India,Karnataka,Bengaluru,Social Media,1,2024-05-27
2255,Ray,Brown,dboone@example.org,690-841-1797x79631,Male,1979-03-13,2022-08-09,USA,California,Los Angeles,Email Campaign,1,2022-08-09
2256,Ashley,Howell,dunnjoseph@example.com,622-998-3087,Female,1979-09-06,2021-07-19,UK,England,London,Paid Ad,0,2021-07-19
2257,Anna,Romero,jonathanrobinson@example.com,+1-268-268-6274x823,Other,1985-11-29,2023-01-20,India,Maharashtra,Mumbai,Social Media,1,2023-01-20
2258,Scott,Lam,tony59@example.com,7138367211,Other,1979-05-08,2022-05-17,USA,California,Los Angeles,Paid Ad,0,2022-05-17
2259,Jessica,Rasmussen,andrew28@example.org,464-591-3716x5094,Female,1990-09-21,2021-07-03,USA,New York,New York City,Social Media,0,2021-07-03
2260,Nathaniel,Hudson,taylorryan@example.org,291-251-8136,Other,1970-04-28,2024-06-22,Germany,Bavaria,Munich,Social Media,1,2024-06-22
2261,Scott,Williams,sgross@example.net,905-381-5193x942,Female,2008-09-09,2025-03-26,India,Karnataka,Bengaluru,Partner,1,2025-03-26
2262,Jacqueline,Rowland,ryanwilkinson@example.net,6096860681,Male,2001-04-18,2022-06-28,Germany,Bavaria,Munich,Email Campaign,0,2022-06-28
2263,Roy,Fowler,edavis@example.com,+1-429-642-0670x80585,Other,2008-08-26,2026-01-17,Canada,Ontario,Toronto,Social Media,1,2026-01-17
2264,Alexander,Dean,rwashington@example.net,001-357-824-0030x315,Male,1960-08-08,2024-08-25,USA,Texas,Houston,Email Campaign,1,2024-08-25
2265,Michael,Hansen,jthompson@example.net,494-776-4194x9583,Female,1959-09-12,2025-08-05,Germany,Bavaria,Munich,Referral,0,2025-08-05
2266,Ashley,Miller,michellepacheco@example.org,749.622.7770,Other,2000-10-10,2024-10-20,UK,England,London,Organic,0,2024-10-20
2267,Gabriel,Hunter,christinapaul@example.net,(343)744-8213x801,Other,1990-01-18,2024-02-11,Canada,Ontario,Toronto,Organic,1,2024-02-11
2268,Matthew,Sullivan,kimberly51@example.org,+1-985-553-2375x083,Other,1961-12-05,2021-04-12,USA,Texas,Houston,Partner,1,2021-04-12
2269,Luis,Jackson,edward32@example.com,842.713.9579,Other,2005-09-11,2022-05-23,India,Tamil Nadu,Chennai,Email Campaign,1,2022-05-23
2270,Gabriel,Smith,oliviabrooks@example.org,(445)858-0482x94078,Other,1965-08-17,2023-02-28,USA,New York,New York City,Email Campaign,0,2023-02-28
2271,Jessica,Boyd,barbaradillon@example.net,706.725.8736x080,Other,1984-03-31,2021-08-05,Germany,Bavaria,Munich,Email Campaign,1,2021-08-05
2272,Margaret,Taylor,katelyngiles@example.net,467-950-1153,Other,1995-04-25,2026-05-04,India,Maharashtra,Mumbai,Organic,0,2026-05-04
2273,Vanessa,Lewis,katie47@example.com,268-286-3713x79987,Male,2001-05-19,2023-01-07,USA,New York,New York City,Paid Ad,1,2023-01-07
2274,Hannah,Sweeney,williamryan@example.net,-10891,Other,1995-12-17,2023-10-02,India,Maharashtra,Mumbai,Email Campaign,1,2023-10-02
2275,Tommy,Malone,lindsay51@example.org,+1-456-822-2083x4644,Other,1962-03-05,2021-12-13,Canada,Ontario,Toronto,Email Campaign,1,2021-12-13
2276,April,West,uwilliams@example.com,001-893-599-4510,Other,1983-03-14,2025-07-04,India,Karnataka,Bengaluru,Organic,1,2025-07-04
2277,Edwin,Thomas,lthomas@example.net,001-560-242-7857x1036,Female,1974-10-20,2021-04-06,Canada,Ontario,Toronto,Social Media,0,2021-04-06
2278,Carmen,Curtis,udurham@example.net,4962941235,Male,1991-08-11,2025-08-27,USA,Texas,Houston,Email Campaign,1,2025-08-27
2279,Sherry,Preston,hfarmer@example.org,207-514-9236,Female,1997-01-17,2025-04-14,India,Karnataka,Bengaluru,Organic,1,2025-04-14
2280,Robert,Johnson,tina84@example.com,001-543-372-1326x77638,Other,1993-08-10,2022-02-11,USA,New York,New York City,Referral,0,2022-02-11
2281,Charles,Nielsen,owenjesse@example.com,001-330-397-9756x842,Male,1985-03-08,2022-08-13,India,Tamil Nadu,Chennai,Paid Ad,0,2022-08-13
2282,Susan,Jones,kramirez@example.net,631-812-6597,Female,1956-02-05,2022-09-24,USA,New York,New York City,Social Media,0,2022-09-24
2283,Brian,Parks,andersontracy@example.org,304.723.2758x881,Other,1988-02-03,2021-08-30,USA,Texas,Houston,Paid Ad,1,2021-08-30
2284,Garrett,Perry,vincentdarren@example.com,(772)561-8910,Other,1960-11-03,2021-04-22,USA,Texas,Houston,Organic,0,2021-04-22
2285,Brad,Beltran,stevensdonna@example.org,001-451-236-2238x01370,Male,2000-10-15,2025-05-17,India,Tamil Nadu,Chennai,Paid Ad,1,2025-05-17
2286,Denise,Castro,walllarry@example.org,001-246-696-1360x77272,Female,1975-01-09,2025-08-18,USA,Texas,Houston,Paid Ad,1,2025-08-18
2287,Heather,Duncan,hamiltonmegan@example.org,001-753-333-5016x262,Male,1957-08-06,2022-05-11,UK,England,London,Referral,0,2022-05-11
2288,Megan,Johnston,fmays@example.org,8519513320,Female,1966-06-20,2023-08-27,India,Maharashtra,Mumbai,Email Campaign,1,2023-08-27
2289,Michelle,Villa,kellysmith@example.com,235-596-6533,Male,1997-11-11,2025-04-27,Australia,NSW,Sydney,Paid Ad,1,2025-04-27
2290,Jeffrey,Baird,timothy33@example.net,395-880-0084,Female,1963-03-19,2024-07-27,USA,California,Los Angeles,Email Campaign,1,2024-07-27
2291,Nicholas,Ward,reevesrussell@example.org,+1-614-865-0039x4558,Female,2001-04-22,2021-09-26,UK,England,London,Organic,0,2021-09-26
2292,Keith,Martin,shawkathryn@example.net,2238201651,Male,1995-02-23,2023-08-16,UK,England,London,Paid Ad,1,2023-08-16
2293,Megan,Rodriguez,ccannon@example.com,419-626-7750x46162,Male,2008-04-06,2022-02-20,Australia,NSW,Sydney,Email Campaign,1,2022-02-20
2294,Jessica,Craig,roger87@example.org,8207487103,Other,1967-10-06,2024-06-01,USA,Texas,Houston,Social Media,1,2024-06-01
2295,Tony,Goodwin,kingkristen@example.net,001-771-797-4531x459,Other,1956-07-08,2021-12-10,Canada,Ontario,Toronto,Email Campaign,1,2021-12-10
2296,Ann,Williams,courtneyhurst@example.com,001-695-547-3564x2729,Female,1977-08-03,2022-08-07,India,Maharashtra,Mumbai,Email Campaign,1,2022-08-07
2297,Christopher,Finley,cunninghamshelby@example.com,608-314-6470x23607,Other,1981-10-13,2023-10-02,USA,Texas,Houston,Social Media,1,2023-10-02
2298,Kristen,Smith,michaelrogers@example.org,+1-313-941-7622x80954,Male,1975-04-26,2026-01-25,Australia,NSW,Sydney,Organic,1,2026-01-25
2299,Erika,Davis,tiffanycole@example.org,(884)382-8173x933,Other,1957-02-06,2024-03-30,Canada,Ontario,Toronto,Referral,1,2024-03-30
2300,Sally,Hines,lauriehenderson@example.net,(661)920-6464x676,Female,1985-02-14,2021-09-04,USA,California,Los Angeles,Paid Ad,1,2021-09-04
2301,Michael,Jackson,peterssandra@example.org,001-414-839-9925x7099,Other,1962-01-21,2023-10-25,Germany,Bavaria,Munich,Social Media,1,2023-10-25
2302,Drew,Cooper,kathy14@example.org,325.252.0328x65918,Other,1996-12-28,2023-05-22,India,Karnataka,Bengaluru,Email Campaign,1,2023-05-22
2303,Jacob,Chase,hornmatthew@example.org,(973)908-3038x84016,Male,1997-09-02,2021-07-06,India,Tamil Nadu,Chennai,Partner,1,2021-07-06
2304,Brittany,Horton,perkinsdeborah@example.net,7509719709,Female,1971-04-01,2021-10-14,Australia,NSW,Sydney,Organic,1,2021-10-14
2305,Rhonda,Parker,angel69@example.org,838-976-7384x3155,Male,1978-03-19,2022-05-19,UK,England,London,Partner,1,2022-05-19
2306,Leonard,Melendez,annawhite@example.com,527.332.4370,Female,1985-12-20,2024-02-19,Australia,NSW,Sydney,Referral,0,2024-02-19
2307,Vanessa,Nguyen,rhubbard@example.org,913-843-0768x329,Other,1998-09-03,2024-07-27,Germany,Bavaria,Munich,Paid Ad,1,2024-07-27
2308,Amy,Davidson,wjohnson@example.net,+1-619-517-0242x3637,Female,1980-03-21,2026-01-29,India,Tamil Nadu,Chennai,Referral,0,2026-01-29
2309,Amanda,Jones,foxjose@example.com,335-371-6826,Male,1961-06-19,2024-10-31,India,Karnataka,Bengaluru,Social Media,0,2024-10-31
2310,Yolanda,Murray,anthonyharris@example.com,-2981,Male,1979-09-01,2024-09-07,Germany,Bavaria,Munich,Partner,1,2024-09-07
2311,Sharon,Lee,osbornewilliam@example.com,001-626-563-7008,Other,1984-10-17,2021-01-09,USA,Texas,Houston,Social Media,1,2021-01-09
2312,Brandon,Evans,thomas16@example.com,(408)480-4189x02446,Other,1978-08-13,2021-02-09,USA,California,Los Angeles,Referral,1,2021-02-09
2313,Tanner,Baker,zjohnson@example.net,936.431.4931x813,Female,1996-02-26,2026-06-26,UK,England,London,Email Campaign,1,2026-06-26
2314,Bridget,Harris,torresadam@example.org,9838491164,Other,1969-03-23,2021-11-14,USA,New York,New York City,Organic,1,2021-11-14
2315,Jackson,Woods,gpeters@example.org,772.727.8181,Female,2003-04-22,2022-05-21,Canada,Ontario,Toronto,Social Media,1,2022-05-21
2316,Donna,Lopez,austinthompson@example.org,(871)260-3384x1787,Female,1963-11-24,2025-01-06,Germany,Bavaria,Munich,Referral,0,2025-01-06
2317,Trevor,Harper,kennedyrobert@example.net,+1-348-481-0503x91678,Female,1983-11-09,2022-05-27,USA,California,Los Angeles,Paid Ad,1,2022-05-27
2318,Elizabeth,Wallace,carolynfernandez@example.net,001-630-882-2781,Male,1986-01-12,2025-12-26,India,Maharashtra,Mumbai,Referral,0,2025-12-26
2319,John,Stewart,ulawrence@example.org,320.772.4861,Other,1978-08-05,2024-02-26,USA,California,Los Angeles,Partner,1,2024-02-26
2320,Pamela,Decker,jerrywilliams@example.net,(478)201-9467x0141,Male,1969-03-28,2023-02-24,India,Karnataka,Bengaluru,Email Campaign,1,2023-02-24
2321,Samuel,Braun,benjaminhoffman@example.com,(548)974-8562,Male,1984-07-26,2023-06-25,India,Tamil Nadu,Chennai,Social Media,0,2023-06-25
2322,Theresa,Simmons,castillojeffrey@example.org,276.806.3951x368,Female,1974-10-10,2021-05-31,India,Karnataka,Bengaluru,Social Media,0,2021-05-31
2323,Thomas,Jones,qwheeler@example.net,666.733.7561,Male,1967-06-11,2023-05-07,Germany,Bavaria,Munich,Referral,1,2023-05-07
2324,Timothy,Olson,xsmall@example.net,(594)958-3618,Female,1971-03-01,2022-03-31,UK,England,London,Email Campaign,1,2022-03-31
2325,Amber,Cunningham,jamesharvey@example.com,8429445025,Male,1989-08-26,2026-07-17,Australia,NSW,Sydney,Email Campaign,0,2026-07-17
2326,Eric,Andersen,christineclarke@example.net,-1417,Male,1986-12-06,2022-12-20,India,Maharashtra,Mumbai,Email Campaign,1,2022-12-20
2327,Aaron,Flowers,torrestravis@example.org,+1-826-398-0865x5108,Male,1988-04-15,2021-09-24,USA,Texas,Houston,Paid Ad,1,2021-09-24
2328,Brittney,Hardin,delacruzmelanie@example.net,639.431.3294x02759,Other,1974-09-25,2023-07-23,Germany,Bavaria,Munich,Partner,0,2023-07-23
2329,Brad,Clay,xbrooks@example.com,274-786-3281x07056,Other,2008-03-20,2023-02-25,India,Tamil Nadu,Chennai,Organic,0,2023-02-25
2330,Timothy,Mills,darrell96@example.org,001-406-661-6153x17660,Other,1971-03-06,2023-11-02,Australia,NSW,Sydney,Email Campaign,1,2023-11-02
2331,Nicholas,Burke,dixonkelly@example.org,001-669-475-7554x60683,Female,1977-11-09,2021-01-09,Canada,Ontario,Toronto,Partner,1,2021-01-09
2332,Nathan,Young,lisacollins@example.net,001-969-766-0818,Female,1983-02-19,2024-08-16,USA,California,Los Angeles,Social Media,1,2024-08-16
2333,Barry,Rodriguez,leetina@example.com,474.551.2619x37902,Other,2002-04-21,2022-05-14,India,Tamil Nadu,Chennai,Email Campaign,1,2022-05-14
2334,Caroline,Watts,jason12@example.org,245.957.9990,Female,1965-07-16,2026-07-23,Canada,Ontario,Toronto,Email Campaign,0,2026-07-23
2335,Richard,Harrington,panderson@example.org,(336)557-8371x5104,Male,1976-11-06,2023-07-09,USA,California,Los Angeles,Paid Ad,1,2023-07-09
2336,Stanley,Best,zobrien@example.net,+1-732-724-9673x71967,Female,1997-01-07,2026-01-13,UK,England,London,Organic,1,2026-01-13
2337,Brandi,Wilson,anthonyjacobs@example.com,902-889-4438x826,Female,1985-12-29,2023-03-09,UK,England,London,Organic,0,2023-03-09
2338,Stephanie,Young,rhughes@example.net,368.699.6908x78639,Other,1962-03-08,2021-04-14,Germany,Bavaria,Munich,Referral,1,2021-04-14
2339,Heather,Morris,reeserachel@example.com,+1-704-644-7427x072,Male,1970-02-28,2021-11-01,UK,England,London,Referral,0,2021-11-01
2340,Jessica,Castillo,mbrown@example.com,372-687-4075x193,Female,1975-12-11,2024-09-10,USA,Texas,Houston,Organic,1,2024-09-10
2341,Adrian,Cole,tinashepard@example.org,756.989.9108,Female,1981-03-01,2021-04-25,USA,New York,New York City,Social Media,1,2021-04-25
2342,Aaron,Ball,anthony39@example.net,+1-993-992-5679x74631,Female,1959-04-05,2024-10-01,USA,California,Los Angeles,Referral,1,2024-10-01
2343,Richard,Russell,hnavarro@example.com,563-238-6381,Male,2005-06-12,2026-04-24,USA,New York,New York City,Paid Ad,0,2026-04-24
2344,Douglas,Lloyd,kevinfuentes@example.net,(540)894-6654x97705,Other,1971-06-12,2024-09-28,USA,California,Los Angeles,Referral,0,2024-09-28
2345,Tamara,Pratt,tammy54@example.org,(417)562-0801,Male,2003-03-27,2025-12-02,USA,New York,New York City,Partner,1,2025-12-02
2346,Samantha,Martin,starkkristy@example.net,(805)836-5045,Male,1988-07-07,2022-05-27,Canada,Ontario,Toronto,Organic,1,2022-05-27
2347,Carol,Johnson,burkenancy@example.org,752-640-4157,Female,1992-07-21,2025-03-26,USA,California,Los Angeles,Partner,0,2025-03-26
2348,Dustin,Henderson,fcherry@example.net,(877)693-3335,Male,2003-08-25,2022-06-07,USA,New York,New York City,Social Media,1,2022-06-07
2349,Andrew,Arnold,laura76@example.com,262-595-0641,Other,1959-10-31,2024-05-19,USA,California,Los Angeles,Partner,1,2024-05-19
2350,Kurt,Fields,qbarron@example.org,+1-265-523-4655x4612,Male,1996-01-13,2021-09-27,UK,England,London,Partner,1,2021-09-27
2351,Amber,Mclaughlin,lgibson@example.com,540-719-8928x914,Female,2007-10-05,2021-08-02,USA,California,Los Angeles,Social Media,0,2021-08-02
2352,Matthew,Ochoa,margaret56@example.org,-3121,Other,2000-08-03,2022-01-28,UK,England,London,Social Media,1,2022-01-28
2353,John,Duran,fordjoshua@example.org,450.258.2405x54651,Female,1976-12-26,2021-02-13,India,Maharashtra,Mumbai,Social Media,0,2021-02-13
2354,Andrew,Burton,nrodriguez@example.net,(697)837-2530x315,Other,1972-02-08,2025-10-20,Canada,Ontario,Toronto,Email Campaign,0,2025-10-20
2355,Tammy,Carlson,joseph28@example.org,001-954-900-9231x950,Other,1968-08-01,2024-10-23,USA,New York,New York City,Partner,1,2024-10-23
2356,Nicole,Peterson,bonniesweeney@example.org,001-443-629-2620x55556,Other,1987-11-17,2026-02-03,USA,California,Los Angeles,Paid Ad,1,2026-02-03
2357,Nathan,Hogan,opayne@example.org,+1-739-994-3109x518,Male,1984-09-11,2023-02-28,Germany,Bavaria,Munich,Organic,1,2023-02-28
2358,Alyssa,Lopez,sheltonariel@example.com,(883)797-8301,Other,1989-02-27,2021-10-04,USA,California,Los Angeles,Referral,1,2021-10-04
2359,Brianna,Wang,misty25@example.net,001-967-703-2718x8758,Other,1958-07-16,2022-06-01,Germany,Bavaria,Munich,Email Campaign,1,2022-06-01
2360,Bethany,Harrell,austinpeterson@example.net,(204)869-0743,Female,1999-06-25,2024-12-26,India,Tamil Nadu,Chennai,Social Media,1,2024-12-26
2361,Samantha,King,klee@example.org,(944)340-7319,Male,2003-11-18,2025-12-27,Germany,Bavaria,Munich,Referral,0,2025-12-27
2362,Denise,Curry,martinezhenry@example.org,001-867-629-1694x26166,Male,1981-04-30,2021-06-30,USA,Texas,Houston,Referral,1,2021-06-30
2363,Vickie,Burns,michaelramos@example.com,(520)483-1300x161,Other,1960-07-04,2025-11-21,India,Tamil Nadu,Chennai,Partner,1,2025-11-21
2364,Eric,Carroll,brownstephanie@example.com,666-443-0860,Other,1985-03-09,2024-06-28,India,Karnataka,Bengaluru,Email Campaign,1,2024-06-28
2365,Elizabeth,Davis,itaylor@example.com,(944)971-0606x0673,Female,1983-09-17,2022-08-27,USA,Texas,Houston,Paid Ad,1,2022-08-27
2366,Nicole,Martin,david10@example.org,929.208.4798x011,Female,1994-08-27,2024-11-05,Germany,Bavaria,Munich,Paid Ad,0,2024-11-05
2367,Katrina,Nelson,isingh@example.net,(675)979-0336x759,Male,2005-02-01,2022-08-16,USA,California,Los Angeles,Referral,1,2022-08-16
2368,Tiffany,Bass,cardenaskathleen@example.net,+1-293-678-4865x230,Female,1972-06-11,2021-08-12,Australia,NSW,Sydney,Paid Ad,1,2021-08-12
2369,Jason,Baker,angelcarr@example.net,(707)700-0267,Other,1969-08-02,2023-04-01,India,Maharashtra,Mumbai,Referral,1,2023-04-01
2370,Michael,Burnett,fryjason@example.org,811-572-3035x82172,Male,1992-01-08,2024-10-30,USA,New York,New York City,Partner,0,2024-10-30
2371,Michelle,Stephens,pattonkaitlyn@example.com,-2018,Other,1971-11-06,2026-03-30,Canada,Ontario,Toronto,Partner,0,2026-03-30
2372,Nichole,Brown,erin77@example.org,312-971-6810,Other,2008-09-01,2024-10-06,India,Karnataka,Bengaluru,Paid Ad,1,2024-10-06
2373,Rachel,Mccann,david52@example.com,637.811.0706x8686,Male,2008-04-16,2024-09-08,UK,England,London,Organic,1,2024-09-08
2374,Marie,Garcia,wmercado@example.net,968-895-3742x5257,Female,1984-03-29,2021-06-22,Canada,Ontario,Toronto,Referral,1,2021-06-22
2375,Mary,Bowman,zlove@example.org,+1-295-716-6032x37014,Other,1993-06-20,2023-07-03,USA,California,Los Angeles,Referral,1,2023-07-03
2376,Tammy,Shelton,bellwendy@example.org,+1-896-332-3047x725,Male,1992-11-30,2023-05-24,Canada,Ontario,Toronto,Social Media,1,2023-05-24
2377,Michael,Oconnell,gloria33@example.net,001-841-262-9062x88156,Male,1990-10-10,2025-03-20,India,Karnataka,Bengaluru,Social Media,1,2025-03-20
2378,Latasha,Lee,bellchristopher@example.net,843.249.3635,Female,1992-05-27,2021-01-28,USA,Texas,Houston,Organic,1,2021-01-28
2379,Sarah,Jimenez,justinthomas@example.net,816-676-2187x430,Male,1982-03-13,2025-01-05,USA,New York,New York City,Email Campaign,1,2025-01-05
2380,David,Bowman,peteryoung@example.com,670.792.9516x28908,Female,1969-09-28,2022-08-07,USA,New York,New York City,Social Media,0,2022-08-07
2381,Kristine,Gray,nwoods@example.org,825-581-2876,Male,1969-10-20,2025-01-14,India,Maharashtra,Mumbai,Organic,1,2025-01-14
2382,Jonathan,Garcia,vvillegas@example.com,376-852-2469x685,Female,1987-02-14,2023-03-22,India,Maharashtra,Mumbai,Referral,0,2023-03-22
2383,Carl,Wood,xgarcia@example.net,+1-728-245-4705x00574,Other,1981-05-25,2023-12-10,India,Maharashtra,Mumbai,Referral,1,2023-12-10
2384,Robert,Nichols,darin83@example.org,(676)407-8335,Male,1989-06-24,2023-10-05,India,Karnataka,Bengaluru,Referral,1,2023-10-05
2385,Morgan,Anderson,michael48@example.net,860-735-3417,Female,1972-03-18,2022-12-23,USA,California,Los Angeles,Organic,0,2022-12-23
2386,Daniel,Green,newmanbeth@example.org,5147739129,Female,1983-04-04,2022-07-17,USA,California,Los Angeles,Partner,0,2022-07-17
2387,Juan,Lucero,craigdennis@example.com,527-271-5685,Male,1999-11-11,2024-10-18,USA,New York,New York City,Paid Ad,0,2024-10-18
2388,Cody,Hayes,tony40@example.net,8306892290,Female,1999-08-07,2023-09-11,Canada,Ontario,Toronto,Paid Ad,1,2023-09-11
2389,Cassidy,Gallagher,angela40@example.org,001-493-276-4526x587,Other,2004-12-07,2025-11-12,USA,Texas,Houston,Organic,1,2025-11-12
2390,John,Johns,robert60@example.org,-690,Male,1992-10-03,2022-08-15,USA,New York,New York City,Referral,1,2022-08-15
2391,Aaron,Cook,stephenhernandez@example.com,472.420.3071x08169,Other,1966-07-29,2025-03-30,India,Maharashtra,Mumbai,Paid Ad,1,2025-03-30
2392,Jasmine,Mcdonald,xjackson@example.com,951-498-0702,Other,1988-07-19,2025-10-26,India,Karnataka,Bengaluru,Referral,0,2025-10-26
2393,Garrett,Underwood,melinda28@example.com,958.634.9263,Other,1988-05-05,2023-02-14,USA,California,Los Angeles,Paid Ad,1,2023-02-14
2394,Michael,Davis,kelseyfrancis@example.org,(358)885-7283x463,Male,1960-01-13,2024-09-04,USA,Texas,Houston,Organic,1,2024-09-04
2395,Carol,Bell,bdiaz@example.net,+1-929-761-4990x9416,Other,1988-12-13,2022-06-02,India,Tamil Nadu,Chennai,Email Campaign,0,2022-06-02
2396,Eric,Williams,glarson@example.net,+1-614-754-8118x91728,Other,1997-03-21,2023-05-08,Canada,Ontario,Toronto,Organic,1,2023-05-08
2397,Kevin,Rodgers,brenda00@example.net,(962)488-6580,Male,2008-01-13,2021-09-23,Canada,Ontario,Toronto,Email Campaign,1,2021-09-23
2398,Maria,Grant,kellyleah@example.org,001-474-735-7529,Female,1973-12-06,2025-03-13,UK,England,London,Email Campaign,1,2025-03-13
2399,Lori,Terry,morgan68@example.org,001-584-869-0015x812,Female,2001-02-20,2023-01-04,Canada,Ontario,Toronto,Partner,1,2023-01-04
2400,Joshua,Lopez,kristen00@example.org,(719)906-7244x609,Other,1992-03-25,2026-06-03,India,Karnataka,Bengaluru,Social Media,1,2026-06-03
2401,Priscilla,Monroe,dwashington@example.com,208.335.7289,Other,2001-03-20,2024-01-05,Canada,Ontario,Toronto,Social Media,1,2024-01-05
2402,Emily,Johnson,pwright@example.com,918-704-2022x3059,Male,1979-11-30,2021-05-30,Germany,Bavaria,Munich,Referral,0,2021-05-30
2403,Jason,Waters,xhaney@example.net,001-728-876-5755x52586,Male,2002-03-06,2026-01-26,India,Maharashtra,Mumbai,Social Media,0,2026-01-26
2404,Michael,Hardy,rgill@example.net,782.764.8713x0002,Female,1969-07-20,2024-06-07,India,Maharashtra,Mumbai,Social Media,1,2024-06-07
2405,Danielle,Peterson,johnwallace@example.net,(729)248-4470x414,Female,1973-02-20,2022-10-06,Germany,Bavaria,Munich,Paid Ad,1,2022-10-06
2406,Julie,Lewis,timothysimmons@example.com,+1-711-781-9613x8759,Male,1985-08-04,2021-12-14,Australia,NSW,Sydney,Organic,1,2021-12-14
2407,Frank,Andrews,ortegajohn@example.net,(241)399-7711,Other,1993-07-17,2025-12-26,India,Tamil Nadu,Chennai,Paid Ad,0,2025-12-26
2408,Nicholas,Terry,mphillips@example.com,4489909859,Female,1960-12-21,2021-06-18,India,Maharashtra,Mumbai,Email Campaign,1,2021-06-18
2409,Jonathan,Cohen,thomas93@example.net,976-988-9386x1618,Female,1976-01-05,2024-10-09,Germany,Bavaria,Munich,Social Media,1,2024-10-09
2410,Tammy,Stewart,fernandezjaime@example.net,(752)717-9005x31260,Female,1992-08-23,2025-11-07,Canada,Ontario,Toronto,Paid Ad,1,2025-11-07
2411,Tracy,Brown,sara95@example.net,001-976-595-5912x68130,Female,1979-08-12,2024-07-22,Canada,Ontario,Toronto,Social Media,0,2024-07-22
2412,Jason,Harrington,michaelsellers@example.org,(234)459-2325,Female,1971-01-09,2023-01-06,USA,California,Los Angeles,Referral,1,2023-01-06
2413,Luis,Porter,cannonvictoria@example.net,943.251.4928x632,Female,1963-11-11,2021-11-07,India,Tamil Nadu,Chennai,Organic,1,2021-11-07
2414,Cory,Scott,andersonjulia@example.org,(807)563-4433x4602,Female,1968-09-22,2021-11-17,India,Tamil Nadu,Chennai,Referral,1,2021-11-17
2415,Michael,Ramirez,llittle@example.net,+1-470-525-2151x43517,Male,1991-02-21,2022-05-01,USA,New York,New York City,Paid Ad,1,2022-05-01
2416,Sandra,Diaz,jessica48@example.com,(460)623-5472,Female,1957-08-03,2023-04-01,USA,California,Los Angeles,Referral,1,2023-04-01
2417,Luis,Ramsey,leah30@example.com,413-990-0458,Female,1974-12-27,2023-10-22,India,Karnataka,Bengaluru,Partner,0,2023-10-22
2418,Cynthia,Gonzalez,hunteraustin@example.com,(483)635-5563x85981,Other,2002-07-04,2023-02-20,India,Tamil Nadu,Chennai,Email Campaign,1,2023-02-20
2419,Cheyenne,Strickland,alyssa69@example.net,9054573380,Male,1977-03-24,2023-12-06,USA,Texas,Houston,Paid Ad,1,2023-12-06
2420,Paul,Lane,alejandro47@example.com,7172505665,Female,1989-12-02,2024-11-20,India,Tamil Nadu,Chennai,Social Media,1,2024-11-20
2421,Marcus,Mahoney,vgrimes@example.net,001-822-532-4204x300,Female,1992-04-15,2021-02-18,Germany,Bavaria,Munich,Partner,1,2021-02-18
2422,Audrey,Dillon,ephelps@example.org,001-836-335-9114x2028,Female,1962-10-14,2022-09-04,Australia,NSW,Sydney,Referral,0,2022-09-04
2423,Drew,Moore,wshelton@example.org,602-545-4224x922,Female,1956-11-21,2023-05-10,India,Maharashtra,Mumbai,Referral,1,2023-05-10
2424,Jesse,Anderson,smithcolin@example.org,389.528.2435x097,Other,1973-06-30,2026-04-04,Australia,NSW,Sydney,Social Media,1,2026-04-04
2425,Katherine,Munoz,fwilson@example.com,(294)984-6764,Female,1980-01-01,2021-12-18,India,Karnataka,Bengaluru,Referral,0,2021-12-18
2426,Sarah,Lewis,steinadam@example.org,2704906336,Male,1981-06-03,2025-09-07,UK,England,London,Social Media,1,2025-09-07
2427,Jacob,Martinez,rodney26@example.org,936.529.2459x8977,Female,1984-07-14,2021-05-04,Canada,Ontario,Toronto,Referral,0,2021-05-04
2428,Joyce,Vazquez,staceymoore@example.com,(729)422-2283x38138,Female,1993-12-19,2022-06-10,Germany,Bavaria,Munich,Partner,0,2022-06-10
2429,Jeff,Guzman,cruztodd@example.org,001-494-601-4412x45229,Other,1998-09-09,2026-08-10,USA,California,Los Angeles,Paid Ad,0,2026-08-10
2430,Paul,Leonard,barbaraperez@example.net,+1-550-746-2933x7415,Female,1985-01-02,2023-07-13,India,Karnataka,Bengaluru,Social Media,1,2023-07-13
2431,Lisa,Dyer,jaredboyd@example.net,+1-995-791-9053x0945,Female,1985-12-09,2024-05-12,UK,England,London,Email Campaign,0,2024-05-12
2432,Brian,Lyons,michaelstout@example.org,323.800.7086,Male,1987-09-01,2021-05-12,USA,California,Los Angeles,Referral,0,2021-05-12
2433,Kevin,Petersen,smaldonado@example.com,001-852-491-4835x6508,Female,1990-12-06,2025-05-21,India,Karnataka,Bengaluru,Referral,0,2025-05-21
2434,Donald,Richard,francismason@example.org,+1-854-911-0556x24126,Other,1978-01-05,2021-09-18,UK,England,London,Social Media,0,2021-09-18
2435,Deanna,Johnson,stephanie59@example.com,870-733-6424x5320,Male,1970-01-19,2026-04-29,India,Maharashtra,Mumbai,Paid Ad,0,2026-04-29
2436,Jessica,Walker,swalters@example.org,703-871-5243x1091,Other,1983-12-25,2026-01-24,Germany,Bavaria,Munich,Paid Ad,1,2026-01-24
2437,Debra,Johnson,john12@example.org,(926)849-7478x706,Male,1971-02-07,2022-12-04,USA,New York,New York City,Partner,0,2022-12-04
2438,Frank,Gutierrez,benjaminmcgrath@example.net,6786101012,Male,1983-06-19,2022-12-29,Australia,NSW,Sydney,Partner,0,2022-12-29
2439,Albert,Myers,sherri11@example.net,574.390.0449x10072,Male,1994-07-03,2026-06-25,Germany,Bavaria,Munich,Referral,0,2026-06-25
2440,Linda,Lowery,yvettecampbell@example.net,206.940.4121,Female,1957-10-31,2021-10-12,India,Maharashtra,Mumbai,Paid Ad,1,2021-10-12
2441,Melanie,Cohen,charlesowen@example.com,2318588785,Female,1977-09-18,2023-08-13,India,Maharashtra,Mumbai,Partner,1,2023-08-13
2442,Kelli,Wallace,deborah41@example.com,235.415.6095x14277,Female,1959-02-26,2021-10-14,Australia,NSW,Sydney,Organic,0,2021-10-14
2443,Kimberly,Fernandez,garciamatthew@example.org,562-671-4359,Male,1961-08-20,2021-02-15,India,Karnataka,Bengaluru,Paid Ad,1,2021-02-15
2444,Philip,Holland,arichmond@example.net,472-455-3107x371,Male,1956-01-27,2025-05-21,UK,England,London,Organic,1,2025-05-21
2445,Dustin,Gross,manuel24@example.org,-8019,Female,1977-04-21,2025-09-10,USA,Texas,Houston,Partner,1,2025-09-10
2446,Cory,Smith,kimberlywhitaker@example.net,940-309-9812,Male,2008-05-21,2025-05-13,USA,New York,New York City,Referral,1,2025-05-13
2447,Brenda,Stanley,zacharywest@example.com,001-415-894-9254x3450,Female,1978-04-22,2024-06-22,India,Maharashtra,Mumbai,Partner,1,2024-06-22
2448,Deanna,Mendoza,zgarrett@example.com,681-510-5129x272,Other,1956-09-22,2022-10-13,Canada,Ontario,Toronto,Email Campaign,0,2022-10-13
2449,Ronald,Ruiz,elizabethgibson@example.net,507-708-2408,Other,1960-02-13,2023-04-12,India,Tamil Nadu,Chennai,Partner,1,2023-04-12
2450,Heather,Tanner,juliadavis@example.com,292.308.2366x162,Male,1979-05-11,2024-02-03,Canada,Ontario,Toronto,Organic,1,2024-02-03
2451,Theresa,Hernandez,jessica26@example.net,(208)469-6110x8403,Male,1990-08-06,2025-12-31,USA,Texas,Houston,Social Media,1,2025-12-31
2452,Emily,Kidd,nvillanueva@example.com,2868333995,Other,1976-06-07,2023-10-09,Germany,Bavaria,Munich,Paid Ad,1,2023-10-09
2453,Richard,Osborn,tsmith@example.com,(808)400-5090x830,Female,1974-10-28,2026-07-04,Germany,Bavaria,Munich,Social Media,1,2026-07-04
2454,Heather,Garza,belltheresa@example.com,(244)719-9412x43616,Other,1956-05-21,2021-06-10,Germany,Bavaria,Munich,Organic,0,2021-06-10
2455,Hector,Reid,alexanderchristopher@example.org,001-481-349-8367x84903,Female,1979-07-21,2026-02-13,India,Tamil Nadu,Chennai,Partner,0,2026-02-13
2456,Joshua,Bass,dicksonkatie@example.com,955.700.4375x315,Other,1989-11-15,2025-05-21,India,Tamil Nadu,Chennai,Referral,1,2025-05-21
2457,Elizabeth,Anderson,christinewilliams@example.net,986.603.9036,Male,1985-02-18,2023-10-18,UK,England,London,Email Campaign,0,2023-10-18
2458,Scott,Ward,xkennedy@example.org,001-351-453-4743x92708,Female,1958-09-18,2026-02-19,UK,England,London,Partner,1,2026-02-19
2459,Amy,Farmer,clarkamber@example.org,303-820-8234,Female,1956-03-20,2022-01-27,USA,Texas,Houston,Partner,0,2022-01-27
2460,Gina,Johnson,tbailey@example.net,-3423,Male,1972-04-07,2023-09-09,USA,California,Los Angeles,Paid Ad,0,2023-09-09
2461,Paula,Williams,kristenroberts@example.net,001-261-762-2277x261,Other,1969-12-10,2024-04-10,Australia,NSW,Sydney,Organic,0,2024-04-10
2462,Deborah,Vincent,jacksonpatrick@example.net,(784)865-5921,Female,1984-05-17,2026-07-15,India,Maharashtra,Mumbai,Email Campaign,0,2026-07-15
2463,Lindsey,Leach,melissabarnett@example.com,953-891-8023x848,Male,1960-03-04,2025-02-19,USA,New York,New York City,Organic,1,2025-02-19
2464,Danielle,Torres,jessicaboone@example.net,+1-673-960-9085x75379,Female,1976-07-02,2024-08-28,Australia,NSW,Sydney,Social Media,1,2024-08-28
2465,Jason,Rice,desireewhite@example.net,4025492785,Male,1971-05-13,2023-11-02,USA,Texas,Houston,Email Campaign,0,2023-11-02
2466,Jennifer,Barrett,chad21@example.com,960.489.6010x6658,Male,1993-02-09,2026-03-09,USA,California,Los Angeles,Organic,0,2026-03-09
2467,David,Wood,iward@example.net,585.840.4450,Female,1965-12-20,2025-04-11,Canada,Ontario,Toronto,Partner,0,2025-04-11
2468,Nicole,Gonzalez,nicholas69@example.org,514.349.8602x96532,Female,1973-12-20,2023-03-08,UK,England,London,Organic,0,2023-03-08
2469,Selena,Johnson,owenscarolyn@example.org,+1-504-587-8601x508,Male,2004-12-29,2023-10-24,USA,California,Los Angeles,Partner,1,2023-10-24
2470,Joshua,Flores,catherinehernandez@example.net,001-945-641-8337x8814,Other,1963-05-18,2024-09-01,USA,Texas,Houston,Partner,1,2024-09-01
2471,Michael,Ellis,jeffrey20@example.org,+1-250-707-8677x550,Female,1965-10-13,2026-06-09,Canada,Ontario,Toronto,Organic,1,2026-06-09
2472,Kara,Washington,pmarquez@example.org,(373)836-1424x7415,Other,1994-08-22,2023-09-20,USA,New York,New York City,Social Media,0,2023-09-20
2473,Edward,Stewart,pfletcher@example.com,924.936.4851x78275,Female,1966-06-19,2026-04-13,USA,Texas,Houston,Referral,1,2026-04-13
2474,Kathryn,Jones,fjohnson@example.net,519-764-0009x256,Other,2004-11-07,2021-03-15,USA,Texas,Houston,Organic,1,2021-03-15
2475,Diana,Simmons,seanwright@example.net,777.365.4023x4714,Male,2002-08-31,2024-04-19,USA,Texas,Houston,Email Campaign,1,2024-04-19
2476,Shannon,Hopkins,chanamanda@example.org,(656)752-9367x56275,Male,1991-06-11,2022-11-21,UK,England,London,Partner,1,2022-11-21
2477,Jonathan,Young,breanna89@example.org,+1-675-995-5364x220,Male,1957-06-27,2024-01-25,USA,California,Los Angeles,Social Media,1,2024-01-25
2478,Jonathan,Green,thoward@example.net,990.218.7692,Male,1970-02-25,2022-12-30,India,Karnataka,Bengaluru,Partner,0,2022-12-30
2479,John,Fernandez,michellestone@example.org,(783)644-3029x973,Female,1970-01-13,2023-06-05,USA,California,Los Angeles,Partner,1,2023-06-05
2480,Melanie,Pratt,moorepenny@example.com,-9869,Female,1976-12-08,2022-02-26,USA,California,Los Angeles,Partner,1,2022-02-26
2481,Pamela,Pittman,tonyparker@example.com,315-778-7378,Male,2002-11-02,2025-12-24,India,Tamil Nadu,Chennai,Email Campaign,1,2025-12-24
2482,David,Ware,calvinburns@example.com,813.887.3140x3191,Female,1977-09-21,2021-07-19,USA,California,Los Angeles,Referral,1,2021-07-19
2483,Kim,Martinez,lancecraig@example.com,+1-688-996-7621x822,Male,1985-11-21,2025-03-15,India,Maharashtra,Mumbai,Referral,1,2025-03-15
2484,Crystal,White,troy86@example.com,7719671489,Female,1988-01-08,2021-03-07,USA,New York,New York City,Organic,1,2021-03-07
2485,Matthew,Herrera,jamesstewart@example.org,+1-780-609-3413x734,Male,1962-07-10,2024-10-12,USA,California,Los Angeles,Partner,0,2024-10-12
2486,Justin,Collier,maynardmichael@example.com,222.818.1951x71907,Male,1979-11-20,2023-06-23,USA,New York,New York City,Partner,1,2023-06-23
2487,Denise,Hester,margaretwilson@example.org,(545)738-3364x2550,Male,1968-09-06,2022-11-16,USA,Texas,Houston,Social Media,1,2022-11-16
2488,Heather,Rojas,lisadavis@example.org,(754)967-5914,Female,1980-09-06,2022-03-18,Australia,NSW,Sydney,Paid Ad,1,2022-03-18
2489,Jesse,Warner,bsmith@example.net,+1-525-883-2014x35456,Other,2002-01-27,2023-02-16,Australia,NSW,Sydney,Referral,1,2023-02-16
2490,Christina,Robertson,samuelhamilton@example.com,+1-544-449-8106x3267,Female,1989-04-18,2025-06-07,Australia,NSW,Sydney,Organic,1,2025-06-07
2491,Nicholas,Mckinney,hillmikayla@example.net,729-292-1192x4743,Male,1978-07-18,2023-05-26,India,Maharashtra,Mumbai,Paid Ad,1,2023-05-26
2492,Elizabeth,Weaver,brianriley@example.org,272.311.2038x29983,Male,1975-04-09,2022-12-13,India,Karnataka,Bengaluru,Social Media,1,2022-12-13
2493,Aaron,Estrada,christy47@example.com,668-206-8030,Female,1956-01-12,2021-02-19,India,Karnataka,Bengaluru,Referral,1,2021-02-19
2494,Teresa,Fleming,molly80@example.org,001-431-343-3605x743,Male,1994-09-06,2023-06-21,Canada,Ontario,Toronto,Partner,1,2023-06-21
2495,Daniel,Kent,joseph59@example.net,001-392-591-7919x6909,Male,1975-10-23,2025-02-20,India,Tamil Nadu,Chennai,Organic,1,2025-02-20
2496,Cameron,Schneider,stephanie92@example.org,(294)383-6090x168,Female,1995-10-17,2025-08-11,India,Maharashtra,Mumbai,Email Campaign,0,2025-08-11
2497,Matthew,Hendrix,veronicabutler@example.net,(243)894-5349x7320,Other,1957-06-23,2022-02-22,Canada,Ontario,Toronto,Email Campaign,1,2022-02-22
2498,Darren,Gonzalez,lindarollins@example.org,(632)956-2488x880,Female,1957-12-30,2022-12-04,Germany,Bavaria,Munich,Organic,1,2022-12-04
2499,Robert,Arnold,marcus16@example.net,001-532-340-5741x1935,Other,1988-12-04,2024-08-21,Germany,Bavaria,Munich,Partner,0,2024-08-21
2500,Jimmy,Schneider,steelelisa@example.com,670.595.2185x8680,Female,1987-10-31,2022-06-29,UK,England,London,Referral,1,2022-06-29
2501,Drew,Smith,markbuck@example.net,+1-957-583-9803x7037,Male,1995-07-16,2026-05-29,India,Karnataka,Bengaluru,Paid Ad,0,2026-05-29
2502,Eric,Richardson,sbradley@example.com,753.307.4878x13409,Female,2004-09-09,2026-01-13,USA,California,Los Angeles,Email Campaign,0,2026-01-13
2503,Alexis,Brown,spencerjohn@example.net,(617)300-0485x4123,Male,1956-02-25,2021-02-24,India,Maharashtra,Mumbai,Organic,1,2021-02-24
2504,Jessica,Mitchell,gabriel53@example.net,001-362-455-6144,Female,1990-11-09,2022-05-24,Germany,Bavaria,Munich,Referral,1,2022-05-24
2505,Jennifer,Schwartz,dbrown@example.net,821.352.9417,Other,1961-07-28,2023-09-25,UK,England,London,Organic,1,2023-09-25
2506,Nicole,Parker,ericchristensen@example.org,+1-365-226-1216x694,Female,1955-10-21,2022-07-18,USA,California,Los Angeles,Social Media,0,2022-07-18
2507,Caleb,Mckinney,tiffanyjohnson@example.com,896.655.6732x383,Male,1960-12-23,2023-04-08,India,Tamil Nadu,Chennai,Social Media,0,2023-04-08
2508,John,Campbell,gregorywagner@example.net,649.405.3890x5950,Male,1983-07-08,2021-06-05,India,Maharashtra,Mumbai,Partner,0,2021-06-05
2509,Casey,Daniels,chernandez@example.com,(210)787-2741,Other,1986-08-10,2025-12-23,Germany,Bavaria,Munich,Paid Ad,1,2025-12-23
2510,Sabrina,Gentry,kstein@example.net,001-815-655-1849x5529,Female,1968-10-15,2024-02-14,USA,Texas,Houston,Partner,1,2024-02-14
2511,Logan,Taylor,jgonzalez@example.com,(248)472-9802,Other,1988-06-02,2025-08-27,USA,California,Los Angeles,Paid Ad,1,2025-08-27
2512,Dawn,Stevens,patrickhampton@example.net,+1-734-820-4578x1314,Other,1962-12-23,2023-07-28,USA,California,Los Angeles,Paid Ad,0,2023-07-28
2513,Nathan,Brown,stephensonjuan@example.org,600.611.3146,Male,1965-07-04,2023-09-20,India,Karnataka,Bengaluru,Email Campaign,1,2023-09-20
2514,Julian,Marshall,rshaw@example.org,(959)822-7702x604,Other,1988-09-21,2023-10-15,USA,California,Los Angeles,Partner,1,2023-10-15
2515,Debra,Salazar,wdominguez@example.com,+1-896-941-1350x76499,Other,1964-08-09,2025-04-12,India,Maharashtra,Mumbai,Paid Ad,1,2025-04-12
2516,Seth,Powell,annettehunter@example.org,311.394.7505x220,Other,1963-05-05,2025-12-17,USA,Texas,Houston,Organic,1,2025-12-17
2517,Megan,Decker,oconnordouglas@example.net,(893)332-3814x331,Male,1978-07-28,2026-07-07,USA,New York,New York City,Referral,1,2026-07-07
2518,Richard,Huffman,hwilliams@example.org,+1-589-251-1157x872,Male,2004-02-15,2022-08-03,USA,California,Los Angeles,Referral,1,2022-08-03
2519,Troy,Morris,shari86@example.org,(664)823-6245,Other,1994-12-20,2022-12-13,USA,New York,New York City,Email Campaign,1,2022-12-13
2520,Melissa,Griffin,steven87@example.com,6806571178,Other,1970-07-01,2023-08-26,India,Maharashtra,Mumbai,Organic,1,2023-08-26
2521,Bruce,Quinn,kim94@example.org,843-979-3666x044,Female,1961-11-22,2026-03-29,UK,England,London,Referral,1,2026-03-29
2522,Amanda,Jones,foxjodi@example.net,434.977.4967x845,Female,2003-03-13,2023-10-01,India,Maharashtra,Mumbai,Referral,0,2023-10-01
2523,Heather,Allen,davidsonmaria@example.net,656-775-4135,Female,1973-11-30,2023-10-17,Germany,Bavaria,Munich,Paid Ad,1,2023-10-17
2524,Samuel,Bryant,ramseycarolyn@example.net,2773045530,Other,1981-05-29,2026-01-11,Germany,Bavaria,Munich,Referral,1,2026-01-11
2525,Dale,Reilly,hernandezgeorge@example.com,001-421-629-8567,Male,1958-06-23,2026-05-25,India,Tamil Nadu,Chennai,Paid Ad,1,2026-05-25
2526,Michael,French,markmassey@example.com,648.456.5264x2437,Male,1982-06-27,2025-03-28,UK,England,London,Social Media,1,2025-03-28
2527,Derek,Moore,davidhill@example.org,(949)860-7265x20148,Other,1958-03-15,2025-09-28,Canada,Ontario,Toronto,Email Campaign,0,2025-09-28
2528,Robert,Sampson,cjackson@example.org,001-432-219-5693,Female,1975-07-22,2022-10-01,UK,England,London,Organic,1,2022-10-01
2529,Aaron,Chandler,sandersashley@example.net,858-684-4523,Male,1986-06-20,2025-10-17,UK,England,London,Paid Ad,1,2025-10-17
2530,Joseph,Garcia,mcbridelaura@example.net,(208)896-7604,Other,1963-04-30,2022-09-18,Germany,Bavaria,Munich,Partner,1,2022-09-18
2531,Sonya,Davis,david75@example.org,+1-567-392-9605x865,Female,2006-01-08,2023-11-20,USA,Texas,Houston,Social Media,0,2023-11-20
2532,Erika,Lewis,harrysimpson@example.org,731-507-7222x8749,Female,1994-08-09,2026-02-01,India,Tamil Nadu,Chennai,Social Media,1,2026-02-01
2533,Tommy,Carter,hcontreras@example.com,788.401.1130,Male,1992-02-14,2026-05-24,Australia,NSW,Sydney,Paid Ad,1,2026-05-24
2534,Beverly,Landry,michaelhanna@example.org,877.550.4480,Male,1989-01-20,2026-04-07,USA,Texas,Houston,Referral,1,2026-04-07
2535,Joseph,Pierce,adunn@example.org,512-561-6554x279,Male,1990-08-14,2021-01-18,India,Maharashtra,Mumbai,Email Campaign,1,2021-01-18
2536,Ashley,Brown,barronkenneth@example.com,469-804-7610,Female,1990-10-17,2026-07-06,India,Karnataka,Bengaluru,Social Media,1,2026-07-06
2537,Deborah,Huerta,kelly90@example.com,777.202.9670,Female,1966-08-08,2025-03-09,UK,England,London,Social Media,1,2025-03-09
2538,Robert,Wilcox,johnhayes@example.org,001-246-845-6048x51199,Female,1972-09-05,2021-10-19,India,Tamil Nadu,Chennai,Organic,0,2021-10-19
2539,Philip,Young,emilywashington@example.org,001-311-878-5125x92729,Other,1987-05-05,2025-04-26,USA,New York,New York City,Referral,0,2025-04-26
2540,Sherry,Farmer,nicolelawson@example.com,384.918.7576,Female,1977-03-08,2025-11-23,India,Maharashtra,Mumbai,Partner,1,2025-11-23
2541,Erin,Martin,michelle58@example.net,666.207.9833,Other,1982-12-09,2026-06-25,India,Karnataka,Bengaluru,Partner,1,2026-06-25
2542,Jessica,Lang,zdixon@example.net,259-226-6866,Other,1981-03-21,2021-08-25,India,Karnataka,Bengaluru,Social Media,1,2021-08-25
2543,Mike,Rogers,johnsonjacob@example.org,250.593.6047x0928,Male,2003-02-18,2023-10-08,UK,England,London,Social Media,1,2023-10-08
2544,Shaun,Miller,evelynrobinson@example.com,772-679-3922x6894,Other,1964-01-26,2025-01-20,USA,California,Los Angeles,Partner,0,2025-01-20
2545,Madeline,Figueroa,cheryldaniel@example.org,(398)832-4072x8195,Female,2004-06-23,2022-08-29,USA,California,Los Angeles,Email Campaign,1,2022-08-29
2546,Elizabeth,Johnson,greeneanna@example.org,409-433-6272x445,Female,1981-05-09,2022-08-27,Canada,Ontario,Toronto,Referral,1,2022-08-27
2547,Carrie,Taylor,ihall@example.net,001-372-822-1553x250,Male,1988-06-27,2022-10-24,Germany,Bavaria,Munich,Organic,1,2022-10-24
2548,Beth,Waters,ashleyvelez@example.com,(711)365-1608x624,Female,1967-08-14,2025-04-24,USA,New York,New York City,Partner,1,2025-04-24
2549,Bianca,Simmons,averystephanie@example.com,929-466-4711x81320,Other,1965-12-14,2021-11-26,Germany,Bavaria,Munich,Referral,1,2021-11-26
2550,Ashley,Aguilar,medinateresa@example.com,(706)736-9851x676,Female,1988-07-27,2022-11-11,UK,England,London,Paid Ad,1,2022-11-11
2551,Sheila,Carpenter,abolton@example.net,360.622.3644x995,Other,1968-02-19,2026-08-13,India,Tamil Nadu,Chennai,Partner,1,2026-08-13
2552,Elizabeth,Rojas,paigeking@example.org,491-462-6317x7744,Other,1963-05-26,2024-06-15,UK,England,London,Social Media,1,2024-06-15
2553,Michaela,Frazier,tammyrodriguez@example.net,001-973-581-9034,Other,1961-03-20,2022-03-24,USA,New York,New York City,Email Campaign,0,2022-03-24
2554,Mark,Johnson,brittanydiaz@example.org,001-585-708-3327x1045,Female,1960-05-07,2022-08-08,India,Karnataka,Bengaluru,Partner,1,2022-08-08
2555,Jeff,Santos,tracifletcher@example.org,671-991-6335,Other,1989-01-01,2025-06-19,India,Maharashtra,Mumbai,Paid Ad,0,2025-06-19
2556,Jacqueline,Savage,johnfowler@example.net,(454)217-6892,Female,1976-10-21,2022-11-21,USA,California,Los Angeles,Organic,1,2022-11-21
2557,Amber,Hudson,matthew80@example.org,745.671.8691x98162,Other,1987-05-06,2021-10-14,USA,New York,New York City,Social Media,0,2021-10-14
2558,James,Mora,john65@example.org,838.361.3674,Other,1978-07-22,2025-09-04,Australia,NSW,Sydney,Paid Ad,1,2025-09-04
2559,Ruben,Smith,john70@example.com,001-336-471-2747x06953,Male,1961-06-07,2022-11-30,UK,England,London,Paid Ad,0,2022-11-30
2560,Kristine,Ochoa,melissa69@example.com,(896)472-0418,Male,1988-03-10,2022-07-05,USA,Texas,Houston,Social Media,0,2022-07-05
2561,Cameron,Avila,newmanpamela@example.net,+1-775-586-4740x1925,Female,2002-03-11,2022-03-28,USA,Texas,Houston,Email Campaign,1,2022-03-28
2562,Shawn,Rogers,greenmary@example.com,443-884-0397,Male,1980-12-22,2023-01-31,India,Maharashtra,Mumbai,Organic,1,2023-01-31
2563,Juan,Gonzales,perkinschristopher@example.org,(409)456-3603x855,Female,1965-10-07,2023-02-25,USA,Texas,Houston,Social Media,0,2023-02-25
2564,Shelia,Hernandez,ntucker@example.com,958.859.9197,Other,1968-10-23,2022-03-24,Canada,Ontario,Toronto,Referral,1,2022-03-24
2565,Michael,Velazquez,donaldmarquez@example.net,937-363-6628x711,Male,2006-11-09,2024-04-15,USA,New York,New York City,Social Media,0,2024-04-15
2566,Samuel,Callahan,candice55@example.org,+1-645-806-9895x829,Male,1968-03-09,2024-02-08,USA,New York,New York City,Paid Ad,0,2024-02-08
2567,Leah,Lawson,hpadilla@example.com,441-379-3943x14914,Female,1974-08-03,2023-08-20,USA,California,Los Angeles,Social Media,1,2023-08-20
2568,Kyle,Marks,rileysteven@example.com,(242)785-7404,Male,1964-02-16,2021-02-08,USA,New York,New York City,Paid Ad,1,2021-02-08
2569,Elizabeth,Washington,ybraun@example.org,954.976.6307,Male,1972-09-10,2021-06-21,USA,California,Los Angeles,Referral,1,2021-06-21
2570,Elizabeth,Smith,fosterdiana@example.org,+1-340-372-3461x504,Female,1982-02-26,2021-01-30,Australia,NSW,Sydney,Email Campaign,1,2021-01-30
2571,William,Elliott,brianthomas@example.com,339-300-2950,Female,1971-10-24,2023-12-25,Australia,NSW,Sydney,Social Media,1,2023-12-25
2572,Jonathan,Craig,kthompson@example.org,001-955-752-3783x904,Female,1981-02-25,2025-10-26,India,Karnataka,Bengaluru,Paid Ad,1,2025-10-26
2573,Kayla,Edwards,justin63@example.org,238.584.6519,Male,1993-06-29,2024-07-15,India,Karnataka,Bengaluru,Paid Ad,0,2024-07-15
2574,Anna,Conner,kennethclark@example.org,(906)544-9035x93417,Other,1966-07-07,2025-03-31,UK,England,London,Organic,1,2025-03-31
2575,Jennifer,Curtis,kruegerjade@example.com,882-518-2160,Male,1985-11-11,2024-09-14,India,Karnataka,Bengaluru,Organic,1,2024-09-14
2576,Suzanne,Jones,omurray@example.net,211.408.0238x83697,Other,1997-12-27,2025-07-04,Canada,Ontario,Toronto,Referral,0,2025-07-04
2577,Elizabeth,Kelly,john56@example.com,811-493-5472x863,Other,1971-12-08,2022-05-19,USA,California,Los Angeles,Paid Ad,1,2022-05-19
2578,Allen,Moore,tammy20@example.org,275-291-4509,Female,1990-06-02,2025-02-18,India,Maharashtra,Mumbai,Email Campaign,1,2025-02-18
2579,Christy,Diaz,ytaylor@example.net,595.539.1067,Other,1966-12-31,2025-08-20,Canada,Ontario,Toronto,Referral,1,2025-08-20
2580,April,Wallace,lori48@example.net,4245966899,Male,2006-09-27,2024-08-12,USA,California,Los Angeles,Partner,0,2024-08-12
2581,Michael,Reed,jocelyn01@example.org,+1-215-744-4847x92074,Other,1961-04-06,2021-07-07,India,Karnataka,Bengaluru,Paid Ad,1,2021-07-07
2582,Jessica,Vazquez,msmith@example.net,(421)777-5990,Other,1996-11-28,2023-08-15,Canada,Ontario,Toronto,Social Media,1,2023-08-15
2583,Kaitlin,Burton,audreyjohnson@example.org,(304)210-3728,Female,2008-01-13,2021-11-30,UK,England,London,Social Media,1,2021-11-30
2584,Regina,Keith,vjackson@example.com,251-426-3700x79633,Other,1964-02-06,2022-02-16,Canada,Ontario,Toronto,Social Media,1,2022-02-16
2585,Dale,Hughes,nhouston@example.net,(512)674-6213,Other,1975-01-08,2023-03-11,India,Tamil Nadu,Chennai,Referral,0,2023-03-11
2586,Pamela,Bailey,daniellearroyo@example.com,(662)619-2959x099,Male,1959-09-08,2021-05-11,Australia,NSW,Sydney,Social Media,1,2021-05-11
2587,Kenneth,Diaz,kathleenpatterson@example.org,001-878-725-6485x86476,Other,2003-05-04,2024-05-19,USA,New York,New York City,Email Campaign,1,2024-05-19
2588,Marcus,Crawford,morrisann@example.com,3677996451,Female,1986-10-05,2022-11-20,Canada,Ontario,Toronto,Organic,0,2022-11-20
2589,Adam,Jensen,robert70@example.com,(264)669-7950,Male,1992-03-16,2023-09-14,Canada,Ontario,Toronto,Referral,1,2023-09-14
2590,Richard,Smith,trobinson@example.org,450.741.6275x02092,Male,1964-12-20,2022-01-02,USA,Texas,Houston,Social Media,1,2022-01-02
2591,Jack,Rowe,annthompson@example.net,001-644-962-7635x1487,Female,1989-02-06,2022-10-19,USA,California,Los Angeles,Social Media,0,2022-10-19
2592,Leslie,Davis,joshua89@example.org,001-885-733-5849x9991,Other,1967-07-08,2023-06-22,India,Tamil Nadu,Chennai,Paid Ad,1,2023-06-22
2593,Michael,Gill,douglas87@example.net,+1-551-320-9018x17497,Other,1962-03-14,2022-05-20,Canada,Ontario,Toronto,Referral,1,2022-05-20
2594,Justin,Lawson,jasonjefferson@example.net,-1654,Male,1988-06-26,2026-07-09,Australia,NSW,Sydney,Partner,1,2026-07-09
2595,Shaun,Banks,bryan59@example.com,(483)244-5942x104,Other,1991-07-13,2023-07-06,India,Karnataka,Bengaluru,Email Campaign,1,2023-07-06
2596,Rebecca,Cervantes,amyhowe@example.com,749-307-8725x50541,Female,1987-11-02,2024-11-06,USA,New York,New York City,Partner,1,2024-11-06
2597,Audrey,Ellis,amalone@example.com,001-560-761-6941,Male,1998-12-21,2025-11-25,UK,England,London,Referral,1,2025-11-25
2598,George,Weaver,noahburke@example.com,001-458-427-7069,Female,1977-09-30,2022-04-19,India,Tamil Nadu,Chennai,Organic,1,2022-04-19
2599,Mary,Rodriguez,paul49@example.org,(208)627-6100x23512,Female,1975-01-28,2022-01-01,USA,New York,New York City,Partner,1,2022-01-01
2600,Brenda,Strickland,cookkimberly@example.org,001-649-343-8563x375,Other,1968-07-28,2023-02-10,Germany,Bavaria,Munich,Organic,1,2023-02-10
2601,Amber,Wells,hharrell@example.net,511.413.3795x23314,Male,1970-04-23,2025-02-15,Germany,Bavaria,Munich,Paid Ad,1,2025-02-15
2602,Crystal,Ramos,wjohns@example.org,(978)279-6338,Female,2000-04-26,2021-01-07,UK,England,London,Organic,0,2021-01-07
2603,Jenny,Lee,geraldwilliams@example.net,(320)944-8435,Female,1982-12-31,2023-02-17,Germany,Bavaria,Munich,Social Media,0,2023-02-17
2604,Nancy,Hoffman,lgilmore@example.com,410.442.5990x0284,Other,1970-04-13,2025-02-04,India,Karnataka,Bengaluru,Referral,1,2025-02-04
2605,Connor,Williams,ryankimberly@example.org,+1-413-777-4340x3057,Male,1993-03-10,2023-06-29,Australia,NSW,Sydney,Social Media,1,2023-06-29
2606,Danielle,Jimenez,johnreed@example.org,968.822.0152,Female,1985-01-07,2026-03-02,USA,California,Los Angeles,Referral,1,2026-03-02
2607,Yvette,Powell,davisstephanie@example.org,+1-806-620-8212x4076,Female,1993-10-25,2023-06-16,India,Tamil Nadu,Chennai,Partner,0,2023-06-16
2608,Daisy,Contreras,paulclayton@example.org,835-701-1344,Other,1957-02-20,2022-08-27,Canada,Ontario,Toronto,Paid Ad,1,2022-08-27
2609,David,Elliott,william99@example.com,(649)949-7254x720,Other,1968-12-29,2021-05-21,USA,Texas,Houston,Paid Ad,1,2021-05-21
2610,Mary,Frey,westmichael@example.org,001-649-604-6514,Female,1971-11-18,2022-05-21,India,Tamil Nadu,Chennai,Partner,0,2022-05-21
2611,Heather,Cox,zachary45@example.org,628-588-6465x08930,Other,2007-09-18,2026-05-14,Germany,Bavaria,Munich,Referral,1,2026-05-14
2612,Thomas,Grant,charlescrosby@example.org,569.997.5483,Other,1981-05-29,2024-04-08,Canada,Ontario,Toronto,Social Media,0,2024-04-08
2613,Paula,Anderson,xrojas@example.com,(524)612-5038,Male,1995-11-04,2024-09-26,USA,California,Los Angeles,Partner,1,2024-09-26
2614,Jacob,Wells,jeromehancock@example.com,(907)241-9753,Other,2005-09-07,2023-07-11,India,Maharashtra,Mumbai,Partner,0,2023-07-11
2615,Brett,Jordan,jimmystark@example.net,-4580,Female,2004-04-05,2023-01-04,USA,California,Los Angeles,Partner,1,2023-01-04
2616,Jaime,Bowman,michael82@example.com,721.389.4510,Other,1983-09-06,2024-05-10,UK,England,London,Referral,0,2024-05-10
2617,Rhonda,Lloyd,howard17@example.net,-7886,Female,1965-09-03,2025-05-26,USA,California,Los Angeles,Social Media,1,2025-05-26
2618,Kyle,Lopez,xjoseph@example.net,220.240.9324x243,Female,1988-03-11,2024-11-27,Canada,Ontario,Toronto,Social Media,0,2024-11-27
2619,Christopher,Yang,ywalker@example.org,624.930.8724,Female,1982-05-09,2024-03-05,USA,New York,New York City,Partner,1,2024-03-05
2620,Mary,Doyle,iwilson@example.org,(257)498-9691,Male,1971-10-13,2025-06-01,India,Maharashtra,Mumbai,Referral,0,2025-06-01
2621,Daniel,Hays,thomasmartin@example.com,595-320-7699x1528,Other,1960-06-23,2021-08-10,India,Karnataka,Bengaluru,Paid Ad,0,2021-08-10
2622,Kim,Ford,daniel65@example.org,980-905-4402,Other,1976-05-15,2022-11-02,Canada,Ontario,Toronto,Referral,1,2022-11-02
2623,Dave,Grimes,connortaylor@example.com,(510)900-3668x574,Female,2008-05-17,2026-05-31,Canada,Ontario,Toronto,Referral,1,2026-05-31
2624,Joel,Nelson,ymata@example.org,001-384-458-1630x2129,Other,1965-11-18,2023-06-13,India,Maharashtra,Mumbai,Referral,1,2023-06-13
2625,James,Castaneda,markwilson@example.org,+1-780-231-0262x370,Other,1976-01-14,2025-01-23,USA,California,Los Angeles,Email Campaign,0,2025-01-23
2626,Shawn,Phillips,ericamoore@example.org,001-525-346-5476,Female,1978-08-18,2022-08-28,USA,New York,New York City,Social Media,1,2022-08-28
2627,Christopher,Wood,clarkmatthew@example.com,001-842-937-2466x7622,Male,1976-05-14,2021-08-19,USA,Texas,Houston,Paid Ad,1,2021-08-19
2628,Trevor,Schneider,ramirezmichael@example.com,(424)720-5964,Male,1971-01-09,2023-01-06,Canada,Ontario,Toronto,Organic,1,2023-01-06
2629,Shannon,Williams,jerome19@example.net,(703)848-9731x1601,Other,2000-07-16,2024-10-18,Australia,NSW,Sydney,Social Media,1,2024-10-18
2630,Jimmy,Henson,jacob11@example.net,+1-254-824-0150x4379,Male,2000-02-09,2025-07-13,USA,Texas,Houston,Organic,1,2025-07-13
2631,Anthony,Ballard,matthewhiggins@example.com,(983)664-5487x597,Female,1962-10-03,2023-09-14,USA,New York,New York City,Social Media,0,2023-09-14
2632,Jessica,Weeks,simonmelanie@example.org,(982)875-6849x7850,Other,2003-10-20,2022-12-08,India,Tamil Nadu,Chennai,Partner,1,2022-12-08
2633,Timothy,White,jesse81@example.com,608.867.8945x11932,Female,1981-04-09,2022-01-03,UK,England,London,Partner,0,2022-01-03
2634,Debbie,Day,stevenjackson@example.com,700-329-5963,Other,1998-03-12,2024-02-02,UK,England,London,Partner,1,2024-02-02
2635,Anita,Tucker,nbrown@example.org,6938613014,Male,1970-03-17,2025-02-13,Canada,Ontario,Toronto,Organic,1,2025-02-13
2636,Tammy,Howell,kmoore@example.net,610-236-7580x6932,Male,1959-06-18,2021-12-05,USA,New York,New York City,Social Media,1,2021-12-05
2637,Christopher,Jones,nicolechristensen@example.net,909.571.8467x9087,Male,1980-12-03,2023-07-11,Australia,NSW,Sydney,Email Campaign,1,2023-07-11
2638,Tasha,Garcia,ypham@example.org,959.927.4601x006,Female,1971-03-09,2026-05-19,Germany,Bavaria,Munich,Partner,0,2026-05-19
2639,Aaron,Barker,brownjason@example.com,+1-266-218-0610x8537,Female,1982-03-10,2023-01-12,USA,New York,New York City,Social Media,1,2023-01-12
2640,Maria,Garcia,karenanderson@example.org,(368)339-0510,Other,1996-01-23,2024-05-07,UK,England,London,Referral,1,2024-05-07
2641,Patricia,Kerr,yknight@example.com,001-691-606-7698x7101,Male,1959-11-30,2024-08-25,USA,New York,New York City,Partner,1,2024-08-25
2642,Lacey,Bentley,lperez@example.net,(725)819-6429,Female,1962-02-23,2023-01-28,Australia,NSW,Sydney,Partner,1,2023-01-28
2643,Sean,Rodriguez,ysmith@example.org,744-696-5502x42182,Other,1989-06-11,2025-06-01,USA,California,Los Angeles,Email Campaign,1,2025-06-01
2644,Brent,Dominguez,christine50@example.org,624-926-3352x3175,Male,1982-02-01,2026-06-25,Australia,NSW,Sydney,Email Campaign,0,2026-06-25
2645,David,Parks,ericmoore@example.com,939-820-3186,Male,1999-10-15,2022-05-24,Germany,Bavaria,Munich,Partner,0,2022-05-24
2646,Kristi,Ford,april22@example.net,001-278-807-3900x4963,Other,1977-10-30,2023-01-11,USA,New York,New York City,Partner,0,2023-01-11
2647,Michelle,Todd,ythompson@example.org,+1-629-764-9910x4716,Other,2001-07-19,2021-01-22,USA,Texas,Houston,Social Media,0,2021-01-22
2648,Vanessa,Cordova,jessica65@example.com,513.471.5342x789,Male,1983-04-30,2022-05-19,India,Karnataka,Bengaluru,Referral,1,2022-05-19
2649,Melinda,Carrillo,sharonfrank@example.com,001-766-654-8427x49464,Other,1990-01-12,2023-04-25,Germany,Bavaria,Munich,Referral,1,2023-04-25
2650,Jaime,Blair,moorecraig@example.com,466.559.4538,Male,1962-12-09,2023-11-18,USA,New York,New York City,Organic,1,2023-11-18
2651,John,Clarke,jennifer35@example.com,(582)228-9657x54920,Female,1961-09-12,2024-05-07,USA,New York,New York City,Email Campaign,0,2024-05-07
2652,Jesse,Reid,njones@example.org,(877)401-4111x581,Other,1966-12-08,2025-09-29,USA,Texas,Houston,Organic,1,2025-09-29
2653,Michael,Lynch,anawilson@example.net,765.909.1639x750,Male,1999-03-08,2024-05-16,India,Maharashtra,Mumbai,Email Campaign,1,2024-05-16
2654,Catherine,Floyd,davidlang@example.org,5982100944,Male,1957-08-03,2025-12-28,India,Tamil Nadu,Chennai,Email Campaign,0,2025-12-28
2655,Stephen,Perez,byrdmatthew@example.net,927-863-8082x6326,Other,1994-09-30,2024-07-05,Canada,Ontario,Toronto,Paid Ad,0,2024-07-05
2656,Heather,Garcia,john07@example.com,898.671.4142,Other,1962-10-23,2023-05-10,Germany,Bavaria,Munich,Organic,1,2023-05-10
2657,Jeffrey,Bauer,jessica14@example.org,638.916.7428x95405,Male,1969-06-18,2023-08-30,USA,California,Los Angeles,Referral,0,2023-08-30
2658,Angela,Silva,iwiley@example.net,001-472-445-9798,Male,2004-10-09,2024-05-12,USA,Texas,Houston,Referral,1,2024-05-12
2659,Keith,Cooper,anthony42@example.org,9019499611,Other,1983-08-17,2023-06-04,Germany,Bavaria,Munich,Paid Ad,1,2023-06-04
2660,Lauren,Watson,griffithscott@example.net,-10524,Other,2004-10-21,2022-06-11,India,Tamil Nadu,Chennai,Email Campaign,0,2022-06-11
2661,Jessica,Smith,destinyrojas@example.org,+1-452-656-3773x125,Other,1974-11-25,2021-11-01,UK,England,London,Paid Ad,1,2021-11-01
2662,Jennifer,Burns,martinezyvonne@example.net,517-851-7335,Other,1963-03-28,2025-04-13,India,Tamil Nadu,Chennai,Referral,1,2025-04-13
2663,Kelly,Hart,davidmiller@example.com,001-944-338-7871,Male,1967-12-13,2026-02-12,UK,England,London,Paid Ad,1,2026-02-12
2664,Stephanie,Henson,michaelhorton@example.net,+1-891-605-4825x62739,Other,1966-04-05,2022-08-10,UK,England,London,Referral,1,2022-08-10
2665,Kimberly,Foley,jmiller@example.org,+1-799-328-6878x4277,Other,1972-05-17,2024-01-09,USA,New York,New York City,Partner,0,2024-01-09
2666,Randy,Gonzales,brandonlawrence@example.net,(706)669-9128x568,Other,1971-02-23,2025-03-05,India,Maharashtra,Mumbai,Partner,1,2025-03-05
2667,Robert,Underwood,jamiecannon@example.org,456-385-4026,Female,1983-02-26,2022-11-03,Australia,NSW,Sydney,Referral,0,2022-11-03
2668,Phillip,Steele,baldwinkaren@example.com,323.851.8522,Female,1999-02-14,2025-11-12,India,Karnataka,Bengaluru,Organic,0,2025-11-12
2669,Raymond,Gonzalez,copelandjessica@example.org,+1-287-914-8454x430,Male,1989-12-06,2023-10-11,Germany,Bavaria,Munich,Paid Ad,1,2023-10-11
2670,Kimberly,Briggs,erojas@example.com,546-551-8316,Other,1995-11-14,2022-03-27,USA,New York,New York City,Email Campaign,1,2022-03-27
2671,Nicole,Walker,janicegonzalez@example.com,957.886.6070x250,Female,1978-05-17,2021-09-28,UK,England,London,Partner,1,2021-09-28
2672,Bradley,Hughes,andrew52@example.com,406-889-6553,Female,1996-02-28,2025-01-26,USA,New York,New York City,Paid Ad,1,2025-01-26
2673,Jonathan,Nelson,wongjordan@example.org,+1-240-243-9684x83596,Female,1955-12-28,2023-07-14,USA,Texas,Houston,Organic,1,2023-07-14
2674,Carlos,Keller,adrianpalmer@example.org,(538)381-9392x7191,Male,2006-04-01,2025-03-25,USA,New York,New York City,Social Media,1,2025-03-25
2675,Amanda,Hutchinson,colecook@example.org,417.457.6018x08675,Male,1977-07-08,2022-05-21,USA,New York,New York City,Email Campaign,1,2022-05-21
2676,Kevin,Patton,williammeadows@example.com,(351)577-3131x97493,Male,1972-12-29,2026-06-29,India,Tamil Nadu,Chennai,Email Campaign,0,2026-06-29
2677,Jennifer,Mcguire,brhodes@example.org,(859)837-6511x825,Other,1988-11-20,2024-03-01,India,Karnataka,Bengaluru,Paid Ad,1,2024-03-01
2678,Matthew,Reyes,bryanttaylor@example.com,283-562-8134x135,Male,1966-05-25,2022-02-10,Germany,Bavaria,Munich,Referral,1,2022-02-10
2679,Richard,Reeves,victoria68@example.com,474-346-5448x21873,Male,1995-11-21,2025-05-15,India,Karnataka,Bengaluru,Paid Ad,1,2025-05-15
2680,Patricia,Whitehead,rmullen@example.org,001-750-831-5134x65086,Female,1988-07-19,2025-07-08,Australia,NSW,Sydney,Email Campaign,1,2025-07-08
2681,Samantha,Norris,amymccormick@example.com,271.834.1253x8341,Male,1975-03-31,2023-11-28,USA,Texas,Houston,Partner,0,2023-11-28
2682,Stephen,Merritt,yfisher@example.com,(620)667-0393x36777,Other,2000-08-05,2022-09-29,Australia,NSW,Sydney,Referral,0,2022-09-29
2683,Arthur,Moss,james71@example.net,001-918-320-0340x93582,Other,2004-06-10,2025-04-01,USA,Texas,Houston,Partner,0,2025-04-01
2684,Todd,Mcdaniel,lisaherman@example.org,606-966-4651,Other,1982-09-03,2021-08-05,India,Tamil Nadu,Chennai,Partner,0,2021-08-05
2685,William,Moran,gfox@example.com,(387)995-7971x149,Other,2004-04-30,2023-10-18,India,Karnataka,Bengaluru,Email Campaign,0,2023-10-18
2686,Carolyn,Carter,hollandcheryl@example.com,001-423-995-1083,Male,1991-04-02,2026-02-19,UK,England,London,Social Media,0,2026-02-19
2687,Suzanne,Long,qweaver@example.net,001-784-220-0326,Other,1989-09-15,2026-04-04,India,Karnataka,Bengaluru,Paid Ad,0,2026-04-04
2688,Wendy,Humphrey,josedavis@example.org,6767513352,Other,1980-12-15,2025-10-19,India,Tamil Nadu,Chennai,Partner,0,2025-10-19
2689,Brian,Joseph,eroy@example.org,-8422,Other,1984-06-22,2024-06-04,India,Maharashtra,Mumbai,Organic,0,2024-06-04
2690,Raymond,Thomas,yjenkins@example.org,335-745-6143,Female,1994-12-25,2025-07-24,India,Tamil Nadu,Chennai,Organic,0,2025-07-24
2691,Sarah,Hendricks,gabriellatorres@example.net,001-795-231-2008,Other,1972-03-26,2021-11-11,USA,New York,New York City,Referral,0,2021-11-11
2692,Teresa,Johnson,joshuarowland@example.com,3365423733,Other,1971-07-21,2022-11-08,USA,New York,New York City,Organic,1,2022-11-08
2693,Cynthia,Collins,nicole71@example.net,001-476-421-7794,Other,1960-12-05,2024-03-16,USA,New York,New York City,Social Media,1,2024-03-16
2694,Lisa,Simpson,istafford@example.org,551-375-0796,Other,1967-08-18,2025-10-03,USA,California,Los Angeles,Email Campaign,1,2025-10-03
2695,Joshua,Brown,brenda19@example.com,001-251-896-6271x457,Female,1972-06-23,2026-05-19,USA,Texas,Houston,Email Campaign,1,2026-05-19
2696,Hannah,Winters,bmaxwell@example.org,001-537-385-7717x12199,Female,1981-10-26,2022-05-26,Australia,NSW,Sydney,Organic,1,2022-05-26
2697,Jennifer,Mendoza,awalsh@example.org,(979)662-4452,Other,2006-01-02,2023-02-18,Germany,Bavaria,Munich,Organic,0,2023-02-18
2698,Aaron,Montes,catherinecrawford@example.net,001-906-646-5949x18684,Male,1987-08-17,2024-11-14,UK,England,London,Partner,1,2024-11-14
2699,James,White,jenniferthomas@example.com,-5492,Other,1997-05-16,2021-06-23,Australia,NSW,Sydney,Social Media,1,2021-06-23
2700,Justin,Webb,neaton@example.org,001-524-464-3081,Male,1963-08-30,2023-07-11,USA,Texas,Houston,Organic,1,2023-07-11
2701,Michael,Stevens,greendevin@example.com,(443)850-9455x7314,Other,1978-01-25,2022-07-01,India,Karnataka,Bengaluru,Paid Ad,1,2022-07-01
2702,Dustin,Sandoval,agonzales@example.org,-2336,Female,1983-07-26,2025-09-28,USA,California,Los Angeles,Social Media,0,2025-09-28
2703,Megan,Rice,onelson@example.com,+1-593-599-6979x3393,Male,1994-02-07,2025-03-09,USA,Texas,Houston,Paid Ad,1,2025-03-09
2704,Alison,Fuentes,andreahogan@example.net,001-882-358-1738,Female,2003-12-30,2022-04-28,India,Maharashtra,Mumbai,Paid Ad,0,2022-04-28
2705,Nicholas,White,johnjohnson@example.net,+1-293-878-7352x199,Female,2005-08-20,2024-04-17,Canada,Ontario,Toronto,Referral,1,2024-04-17
2706,Jonathan,Melendez,mjohnson@example.org,429-395-0867x2266,Male,2003-04-26,2025-06-01,USA,California,Los Angeles,Paid Ad,1,2025-06-01
2707,Shannon,Alexander,idrake@example.com,639.871.8190x597,Female,1982-04-13,2021-05-26,Australia,NSW,Sydney,Email Campaign,1,2021-05-26
2708,Kristin,Kline,jeffward@example.net,640.962.4261x0332,Female,1982-02-08,2021-08-24,Canada,Ontario,Toronto,Organic,0,2021-08-24
2709,Perry,Rodriguez,kimberly19@example.net,(961)832-9406x35724,Female,2000-09-04,2026-03-01,Germany,Bavaria,Munich,Paid Ad,1,2026-03-01
2710,Carol,Bailey,lindseyguerrero@example.net,800-872-8438x58009,Male,2003-05-18,2022-03-15,India,Karnataka,Bengaluru,Paid Ad,0,2022-03-15
2711,Sarah,Carroll,deanna50@example.com,949-704-8735,Female,1970-03-10,2025-07-05,USA,Texas,Houston,Organic,1,2025-07-05
2712,Mary,Bean,jimmy64@example.net,001-961-407-7997,Female,1963-08-19,2025-10-31,USA,New York,New York City,Referral,1,2025-10-31
2713,Donald,Patterson,fcross@example.com,730.202.7027,Female,2001-01-29,2022-09-22,USA,New York,New York City,Organic,0,2022-09-22
2714,Thomas,Barnes,sgallagher@example.com,001-293-380-5145x386,Male,2005-01-12,2021-01-29,Canada,Ontario,Toronto,Partner,0,2021-01-29
2715,Zachary,Salas,kathleenblackwell@example.com,400-406-9915x58593,Female,2001-08-22,2023-07-16,India,Tamil Nadu,Chennai,Social Media,1,2023-07-16
2716,Jonathan,Kelly,nmorgan@example.org,(714)389-4413,Female,2003-12-08,2024-05-10,India,Karnataka,Bengaluru,Social Media,1,2024-05-10
2717,Richard,Greene,sharonallen@example.org,869-559-0705x69510,Male,1977-07-02,2024-01-09,USA,Texas,Houston,Social Media,1,2024-01-09
2718,Daniel,Glover,aprilwashington@example.org,001-481-317-3069x938,Male,1970-04-21,2022-10-25,Canada,Ontario,Toronto,Paid Ad,1,2022-10-25
2719,David,Alexander,ktaylor@example.org,7282405218,Female,1972-09-08,2021-01-24,UK,England,London,Partner,0,2021-01-24
2720,Michelle,Castro,julieduncan@example.org,+1-360-648-5896x5498,Male,1970-02-21,2022-03-30,India,Maharashtra,Mumbai,Paid Ad,0,2022-03-30
2721,Alexis,Russo,tgomez@example.com,692-970-5487,Female,1957-08-30,2022-07-02,USA,California,Los Angeles,Social Media,1,2022-07-02
2722,Raymond,Hernandez,hodgesara@example.org,(560)794-4615x012,Male,1958-06-30,2021-05-10,India,Karnataka,Bengaluru,Partner,1,2021-05-10
2723,Ralph,Brooks,dreynolds@example.com,7599085576,Other,1984-03-18,2026-05-18,India,Maharashtra,Mumbai,Paid Ad,1,2026-05-18
2724,Autumn,Mckenzie,pberry@example.net,294-574-3729,Female,1972-12-18,2025-09-21,USA,New York,New York City,Email Campaign,0,2025-09-21
2725,Elijah,Benson,bmorton@example.net,402-676-4714,Female,1991-07-07,2022-06-06,Canada,Ontario,Toronto,Social Media,1,2022-06-06
2726,Jeremy,Miller,libeverly@example.org,(562)337-7381x33098,Male,2008-07-14,2025-05-12,Australia,NSW,Sydney,Organic,1,2025-05-12
2727,Mitchell,Martin,xferguson@example.org,446.733.2874,Male,1977-10-19,2021-03-28,USA,New York,New York City,Referral,1,2021-03-28
2728,Richard,Nolan,igutierrez@example.org,001-758-900-0589x5381,Male,1999-10-25,2026-08-11,India,Karnataka,Bengaluru,Partner,1,2026-08-11
2729,Michelle,Brown,castanedajoseph@example.net,-9114,Other,1998-01-22,2021-08-02,India,Maharashtra,Mumbai,Paid Ad,1,2021-08-02
2730,Nichole,Whitney,baileykatherine@example.net,644-366-1995,Female,1979-10-11,2021-02-02,UK,England,London,Social Media,1,2021-02-02
2731,Austin,Dillon,asellers@example.org,(966)888-5455x3637,Female,1978-09-08,2024-03-01,India,Tamil Nadu,Chennai,Organic,1,2024-03-01
2732,Cassandra,Preston,jacksonjeremy@example.com,001-323-881-6226x64849,Other,1960-10-30,2023-10-12,UK,England,London,Referral,1,2023-10-12
2733,Paul,Moore,richardjoseph@example.net,5537315131,Male,1978-07-20,2023-02-05,Australia,NSW,Sydney,Paid Ad,0,2023-02-05
2734,Lisa,Shah,martinwilliam@example.com,544.379.3722,Other,1981-04-14,2023-12-16,USA,New York,New York City,Referral,1,2023-12-16
2735,Omar,Bishop,kgrant@example.com,685.984.3135x74087,Female,1970-03-22,2023-03-24,UK,England,London,Partner,0,2023-03-24
2736,Michelle,Lee,ohernandez@example.com,275-865-7799,Male,1962-04-26,2023-01-13,USA,New York,New York City,Email Campaign,0,2023-01-13
2737,Rachel,Yang,edward11@example.net,6953455192,Male,1975-04-09,2023-07-29,USA,Texas,Houston,Referral,0,2023-07-29
2738,David,Rubio,larryking@example.org,(717)406-4914x45337,Female,1956-10-08,2021-06-07,UK,England,London,Referral,1,2021-06-07
2739,Lori,James,hillshelley@example.org,(341)557-3376x8409,Male,1969-11-12,2025-10-13,USA,Texas,Houston,Email Campaign,0,2025-10-13
2740,Crystal,Hunter,montgomerytony@example.net,(771)745-1495x149,Male,1983-12-01,2022-01-08,India,Maharashtra,Mumbai,Social Media,1,2022-01-08
2741,Jaime,Tucker,patrickjohnson@example.com,(596)361-8084,Other,1975-12-27,2024-06-09,UK,England,London,Partner,0,2024-06-09
2742,Amber,Moreno,mreeves@example.net,6997070464,Female,1955-11-17,2023-06-28,India,Maharashtra,Mumbai,Social Media,1,2023-06-28
2743,Andrew,Smith,greenjennifer@example.org,+1-899-508-1873x30027,Other,1993-07-29,2021-09-09,Canada,Ontario,Toronto,Social Media,1,2021-09-09
2744,Dominic,Lutz,gabrielcasey@example.org,(595)704-3260x59047,Male,1966-11-18,2024-05-31,USA,California,Los Angeles,Paid Ad,1,2024-05-31
2745,Megan,Martin,jorge30@example.com,897.634.5135,Female,1963-05-25,2024-02-24,India,Karnataka,Bengaluru,Partner,1,2024-02-24
2746,Brian,James,espinozachelsea@example.net,001-672-374-0514x316,Female,1997-08-21,2023-10-09,UK,England,London,Organic,0,2023-10-09
2747,Cathy,Bond,ryanbarnes@example.net,4254426006,Male,1964-07-27,2021-06-17,USA,Texas,Houston,Organic,1,2021-06-17
2748,Abigail,Harris,nlynch@example.org,-7180,Female,1959-02-02,2023-05-19,India,Karnataka,Bengaluru,Social Media,0,2023-05-19
2749,Timothy,Camacho,gregory49@example.com,556.555.1288x956,Female,1978-05-26,2022-02-17,India,Tamil Nadu,Chennai,Referral,1,2022-02-17
2750,Ricky,Reed,fbrown@example.net,7125213387,Female,1989-09-06,2026-07-06,India,Tamil Nadu,Chennai,Paid Ad,1,2026-07-06
2751,Erin,Green,turnerjillian@example.org,445-774-9883x96838,Male,1963-09-11,2022-04-02,India,Tamil Nadu,Chennai,Partner,1,2022-04-02
2752,Mikayla,Lewis,sharonnorris@example.com,(215)817-3466,Female,2006-03-18,2022-06-18,USA,California,Los Angeles,Paid Ad,1,2022-06-18
2753,Jennifer,Bowman,teresascott@example.org,(475)461-0801x030,Male,2002-11-20,2025-03-03,India,Karnataka,Bengaluru,Partner,0,2025-03-03
2754,Jennifer,Clark,susan12@example.org,(898)532-3285x41422,Other,1988-12-26,2023-05-11,India,Tamil Nadu,Chennai,Social Media,0,2023-05-11
2755,Robert,Kidd,danielbaker@example.org,215.304.5196x7877,Male,1991-09-11,2022-03-12,USA,New York,New York City,Partner,1,2022-03-12
2756,Danielle,Juarez,clarkroberto@example.com,(232)563-5546,Male,1965-11-23,2022-05-08,Germany,Bavaria,Munich,Email Campaign,0,2022-05-08
2757,Paul,Fitzgerald,christopherwalter@example.com,719.473.2381x545,Other,1979-10-10,2023-03-02,India,Maharashtra,Mumbai,Social Media,0,2023-03-02
2758,Vanessa,Hansen,xkim@example.org,+1-860-323-5640x9309,Other,1987-06-29,2021-11-03,USA,New York,New York City,Email Campaign,1,2021-11-03
2759,Nathan,Olson,ksimpson@example.com,001-699-993-8191,Other,1970-03-03,2024-05-19,India,Karnataka,Bengaluru,Social Media,1,2024-05-19
2760,David,Young,georgeeileen@example.org,(841)555-1758,Male,2003-05-03,2022-09-22,India,Maharashtra,Mumbai,Referral,1,2022-09-22
2761,Samantha,Clark,jamessuarez@example.org,(789)696-6686,Other,1966-12-21,2025-09-09,India,Maharashtra,Mumbai,Partner,1,2025-09-09
2762,Christopher,Martin,brownemily@example.com,(314)294-7396x543,Female,1973-09-21,2024-11-23,India,Tamil Nadu,Chennai,Social Media,1,2024-11-23
2763,Scott,Jones,randolpherin@example.net,001-927-559-6088x95869,Male,2008-02-09,2025-11-22,USA,New York,New York City,Social Media,1,2025-11-22
2764,Mikayla,Evans,rachel31@example.com,001-245-821-2586,Male,1963-01-26,2021-03-31,UK,England,London,Email Campaign,0,2021-03-31
2765,Tanya,Smith,arnoldevelyn@example.org,+1-799-291-5141x4050,Female,1990-12-19,2022-06-13,India,Tamil Nadu,Chennai,Organic,0,2022-06-13
2766,Jane,Craig,tsoto@example.org,+1-763-664-1226x472,Other,1992-03-29,2021-09-07,Germany,Bavaria,Munich,Referral,0,2021-09-07
2767,Holly,Singh,justinlewis@example.net,(504)824-0817x4425,Other,1983-09-09,2026-07-21,UK,England,London,Email Campaign,1,2026-07-21
2768,Matthew,Garrett,bleon@example.net,(609)818-8122,Male,1976-05-14,2021-11-04,Australia,NSW,Sydney,Social Media,1,2021-11-04
2769,Shari,Stephenson,jacobstracy@example.org,3977909635,Other,1988-09-17,2025-04-23,Australia,NSW,Sydney,Social Media,1,2025-04-23
2770,Charles,Peterson,joegonzales@example.org,+1-953-737-9708x60437,Male,1984-11-16,2024-01-18,UK,England,London,Referral,1,2024-01-18
2771,Hector,Richardson,imiller@example.org,+1-615-933-3003x25696,Other,1996-03-04,2022-10-18,USA,California,Los Angeles,Referral,1,2022-10-18
2772,Sabrina,Jones,chadgarcia@example.org,+1-568-339-4842x266,Other,1975-03-18,2021-02-06,Germany,Bavaria,Munich,Social Media,1,2021-02-06
2773,Nicole,Smith,sheadawn@example.net,591-831-5653x6671,Female,1971-12-07,2023-11-27,Australia,NSW,Sydney,Referral,1,2023-11-27
2774,Nicole,Mccarthy,christopher45@example.org,(782)432-5348,Other,1999-05-17,2024-01-05,India,Tamil Nadu,Chennai,Organic,1,2024-01-05
2775,Caitlin,Farmer,jennifercarlson@example.com,(277)858-3352x197,Male,1971-04-20,2023-07-07,USA,Texas,Houston,Email Campaign,0,2023-07-07
2776,Stephanie,Roberts,jamesholt@example.net,+1-715-240-2447x8307,Male,1961-05-19,2024-04-10,India,Maharashtra,Mumbai,Partner,1,2024-04-10
2777,James,Jimenez,benjamindebra@example.net,541-805-2696,Male,2005-03-24,2024-02-12,USA,Texas,Houston,Paid Ad,1,2024-02-12
2778,Gary,Cantu,lopezmorgan@example.com,+1-954-436-7687x96746,Male,1976-03-09,2023-10-17,USA,California,Los Angeles,Email Campaign,1,2023-10-17
2779,Willie,Fletcher,staffordchristopher@example.org,932.279.8821,Other,1964-10-08,2021-01-06,USA,New York,New York City,Paid Ad,0,2021-01-06
2780,Stephanie,Wade,kmartinez@example.com,649-949-1851,Female,1974-07-04,2025-02-20,Germany,Bavaria,Munich,Organic,1,2025-02-20
2781,Stephanie,Villegas,hoganamy@example.net,626-306-8228x79561,Other,1995-08-20,2023-12-18,Australia,NSW,Sydney,Referral,1,2023-12-18
2782,Ariel,James,chambersmiguel@example.org,+1-832-257-8908x850,Female,1965-11-04,2024-04-22,UK,England,London,Organic,1,2024-04-22
2783,Lisa,Johns,justingoodman@example.com,001-711-320-2730x2385,Male,1992-07-02,2024-12-27,USA,California,Los Angeles,Partner,1,2024-12-27
2784,Donald,Sims,marshalldylan@example.org,735.382.3398,Female,1961-04-20,2022-12-25,India,Tamil Nadu,Chennai,Organic,1,2022-12-25
2785,David,Allen,ehines@example.org,-9772,Other,1976-06-16,2022-03-12,Australia,NSW,Sydney,Partner,1,2022-03-12
2786,Cynthia,Klein,davidtownsend@example.com,214-844-8657x43062,Other,1983-09-07,2023-11-21,UK,England,London,Partner,1,2023-11-21
2787,Kyle,Lowe,lisa91@example.net,572.502.9811x30084,Female,1986-09-18,2023-04-25,Germany,Bavaria,Munich,Referral,1,2023-04-25
2788,Yvonne,Roach,fischercharles@example.net,296.633.0507x495,Male,1970-09-13,2024-01-06,India,Karnataka,Bengaluru,Email Campaign,1,2024-01-06
2789,Melanie,Jackson,petersenbrittany@example.net,-5546,Female,2007-08-05,2022-09-30,UK,England,London,Referral,0,2022-09-30
2790,Suzanne,Lamb,mariah88@example.com,263-723-8137,Male,1981-04-18,2025-02-18,UK,England,London,Social Media,1,2025-02-18
2791,Elizabeth,Jones,thomasho@example.org,(559)741-5258x38516,Male,1981-11-03,2026-07-25,USA,New York,New York City,Social Media,0,2026-07-25
2792,Charles,Lindsey,xcampbell@example.com,001-266-484-7132x901,Male,1999-10-22,2022-12-23,USA,Texas,Houston,Email Campaign,1,2022-12-23
2793,Deborah,Case,gina18@example.com,811.401.4602x35359,Other,1982-10-01,2023-01-09,Canada,Ontario,Toronto,Paid Ad,1,2023-01-09
2794,Alexis,Mueller,medinamelinda@example.net,256.431.6766,Male,1979-09-19,2024-06-24,USA,California,Los Angeles,Referral,0,2024-06-24
2795,Randy,Aguilar,orice@example.net,-2952,Male,1971-12-27,2023-02-09,UK,England,London,Referral,0,2023-02-09
2796,Elizabeth,Wallace,baileychristopher@example.net,001-647-430-8028x21311,Male,1972-03-11,2025-10-13,USA,New York,New York City,Social Media,0,2025-10-13
2797,Norma,Davis,joann04@example.com,269-278-9425x9634,Other,2004-12-26,2022-02-15,UK,England,London,Email Campaign,0,2022-02-15
2798,Brittany,Barnes,johnward@example.org,819-351-1303x076,Other,1980-12-21,2021-02-18,USA,Texas,Houston,Organic,1,2021-02-18
2799,Paul,Spears,zjennings@example.net,001-346-348-2098x7284,Male,1984-01-15,2025-04-22,UK,England,London,Organic,0,2025-04-22
2800,Audrey,Munoz,kimberlyking@example.com,3555724772,Male,1997-01-28,2021-06-29,USA,California,Los Angeles,Referral,1,2021-06-29
2801,Robert,Gonzalez,thernandez@example.net,560-349-4172,Male,2003-02-08,2024-01-02,USA,New York,New York City,Partner,1,2024-01-02
2802,Anthony,Gonzales,hhenderson@example.com,772.618.5893,Male,1994-03-22,2021-02-25,Germany,Bavaria,Munich,Organic,0,2021-02-25
2803,Sandra,Rios,timothy57@example.org,(765)865-6416,Other,1976-05-13,2024-10-18,Australia,NSW,Sydney,Organic,1,2024-10-18
2804,Stephen,Rogers,maddoxlynn@example.org,5707180589,Female,1985-11-25,2022-07-25,India,Maharashtra,Mumbai,Email Campaign,1,2022-07-25
2805,Tracy,Lawrence,lindahenson@example.org,(652)257-6150x335,Female,2000-04-02,2022-10-31,Canada,Ontario,Toronto,Paid Ad,0,2022-10-31
2806,Robert,Gordon,karenfuentes@example.org,322-599-7853x210,Male,1967-04-25,2022-09-25,Canada,Ontario,Toronto,Organic,1,2022-09-25
2807,Brandi,Cunningham,alecsmith@example.org,3376658490,Other,1957-12-14,2024-01-01,Australia,NSW,Sydney,Email Campaign,1,2024-01-01
2808,Matthew,Cook,hernandezmichael@example.net,609.809.5902x7990,Male,1965-12-06,2021-03-28,USA,New York,New York City,Organic,1,2021-03-28
2809,Cassandra,Jones,blackjames@example.net,(948)983-6269x61636,Male,2002-08-21,2024-04-30,Australia,NSW,Sydney,Email Campaign,0,2024-04-30
2810,Stanley,Fletcher,jacob69@example.net,626-391-5489x7881,Male,1992-04-14,2022-08-04,UK,England,London,Referral,1,2022-08-04
2811,Jonathan,Collier,egoodwin@example.org,(308)875-5056x244,Female,1979-02-16,2023-07-18,USA,California,Los Angeles,Social Media,1,2023-07-18
2812,Susan,Baldwin,garciapaige@example.org,001-438-270-7414,Other,1961-01-26,2024-12-18,USA,Texas,Houston,Paid Ad,1,2024-12-18
2813,Joshua,Hanson,jason28@example.net,001-414-504-6247x86357,Other,1977-06-19,2025-04-25,India,Maharashtra,Mumbai,Partner,1,2025-04-25
2814,Francisco,Sexton,brandonguerrero@example.org,445.344.6843,Male,2007-06-19,2026-07-08,USA,New York,New York City,Organic,1,2026-07-08
2815,Shelly,Williams,kenneth96@example.net,(617)873-0790x99199,Female,1979-05-05,2022-02-21,India,Maharashtra,Mumbai,Paid Ad,1,2022-02-21
2816,Carlos,Smith,david03@example.net,(262)757-6210x902,Male,1979-10-01,2024-09-28,USA,New York,New York City,Paid Ad,1,2024-09-28
2817,Rose,Garza,nathaniel00@example.com,841-456-6305x7275,Other,1998-03-18,2021-06-27,USA,New York,New York City,Referral,1,2021-06-27
2818,Rebecca,Lopez,danielflores@example.net,(383)590-5370,Other,1989-09-26,2025-10-22,USA,Texas,Houston,Paid Ad,1,2025-10-22
2819,Jeanne,Park,levyelizabeth@example.org,9329489323,Other,2004-04-14,2023-01-13,Germany,Bavaria,Munich,Social Media,1,2023-01-13
2820,Robert,Alvarez,selena68@example.com,224.914.8426,Other,1979-02-05,2024-05-20,USA,Texas,Houston,Paid Ad,1,2024-05-20
2821,Thomas,Schultz,samuel58@example.com,+1-578-656-4519x24279,Female,1976-02-29,2022-03-02,India,Karnataka,Bengaluru,Social Media,1,2022-03-02
2822,Erin,Abbott,christopher52@example.org,+1-387-635-1187x78634,Other,1970-10-17,2023-12-24,India,Karnataka,Bengaluru,Organic,1,2023-12-24
2823,Rachel,Ortega,aturner@example.org,001-471-903-1887,Other,1981-06-28,2022-09-01,USA,California,Los Angeles,Referral,1,2022-09-01
2824,Ashley,Barnes,goldenelizabeth@example.net,467.342.0505x78462,Female,1977-03-09,2022-08-29,India,Karnataka,Bengaluru,Social Media,1,2022-08-29
2825,Jose,Russell,schmidtrichard@example.com,001-915-231-2141x38298,Male,1983-11-20,2021-10-03,Canada,Ontario,Toronto,Email Campaign,1,2021-10-03
2826,Mariah,Jordan,gedwards@example.net,966-201-7059x396,Male,1961-05-18,2024-02-15,UK,England,London,Organic,0,2024-02-15
2827,Phyllis,Watts,heather22@example.com,512-746-5529x5787,Male,1961-10-15,2022-06-07,India,Karnataka,Bengaluru,Social Media,1,2022-06-07
2828,Amy,Taylor,erikstephenson@example.net,613-218-0021,Female,1957-05-25,2024-07-31,India,Karnataka,Bengaluru,Social Media,1,2024-07-31
2829,Kathy,Ferguson,ubeltran@example.com,(577)434-3282x391,Other,2008-05-27,2025-08-23,Canada,Ontario,Toronto,Partner,0,2025-08-23
2830,Jasmin,Jones,robertcarpenter@example.net,998-535-9808x469,Other,1963-01-12,2022-07-21,India,Karnataka,Bengaluru,Referral,0,2022-07-21
2831,Tina,Chavez,william56@example.org,213.270.2446x9845,Other,1975-10-29,2025-09-11,UK,England,London,Social Media,1,2025-09-11
2832,Sarah,Johnson,tanner30@example.com,(964)465-8899,Other,2007-12-19,2026-07-11,Australia,NSW,Sydney,Email Campaign,0,2026-07-11
2833,Joseph,Turner,christopherluna@example.net,320-392-7493x909,Male,1963-04-19,2025-04-25,India,Maharashtra,Mumbai,Email Campaign,1,2025-04-25
2834,Benjamin,Rosario,petersoncole@example.org,+1-785-413-6840x5416,Other,2008-07-05,2023-06-18,UK,England,London,Organic,1,2023-06-18
2835,Tracy,Smith,xjimenez@example.org,+1-600-532-2607x347,Male,1964-03-24,2025-01-21,India,Maharashtra,Mumbai,Referral,1,2025-01-21
2836,Taylor,Scott,robert31@example.org,823.938.5437,Other,1968-03-22,2025-01-24,USA,California,Los Angeles,Social Media,1,2025-01-24
2837,Julie,Kelley,chrishenderson@example.net,359-496-8224x312,Male,1974-07-24,2022-03-28,USA,Texas,Houston,Paid Ad,1,2022-03-28
2838,Tina,Mcmahon,jilljackson@example.org,2788141257,Female,1979-08-02,2022-07-25,India,Karnataka,Bengaluru,Social Media,1,2022-07-25
2839,Brian,Jimenez,meaganevans@example.net,547-359-7113x15687,Male,1991-06-02,2025-09-21,USA,Texas,Houston,Referral,0,2025-09-21
2840,David,Moore,logan63@example.net,768-745-8310x903,Other,1982-05-22,2021-08-17,India,Maharashtra,Mumbai,Referral,1,2021-08-17
2841,Thomas,Gray,heatherwells@example.org,(271)492-6421,Female,1968-03-06,2022-08-10,USA,New York,New York City,Partner,1,2022-08-10
2842,Kimberly,Olsen,burnsryan@example.com,001-849-670-6959x9019,Female,1967-05-27,2025-10-06,USA,California,Los Angeles,Organic,0,2025-10-06
2843,Ebony,Dawson,robert39@example.com,2212118700,Female,1984-03-14,2021-10-30,USA,New York,New York City,Email Campaign,1,2021-10-30
2844,Donald,Anderson,howarddavid@example.org,2896395608,Male,1978-03-20,2021-05-04,USA,Texas,Houston,Paid Ad,1,2021-05-04
2845,Chad,Griffin,linjustin@example.net,(547)259-9117,Male,1997-08-10,2021-11-20,USA,Texas,Houston,Organic,1,2021-11-20
2846,Robert,Brown,orobertson@example.net,457.660.2731x60350,Male,2003-05-24,2025-09-02,USA,California,Los Angeles,Referral,0,2025-09-02
2847,Matthew,Long,davidford@example.org,001-852-841-6945x646,Other,1980-06-12,2022-07-28,Canada,Ontario,Toronto,Email Campaign,1,2022-07-28
2848,Kerri,Randolph,robert14@example.org,001-984-600-0013x743,Female,1981-08-18,2026-04-10,India,Tamil Nadu,Chennai,Partner,1,2026-04-10
2849,Connor,Chang,williamthompson@example.org,(558)533-7622,Other,1969-12-10,2025-12-24,India,Karnataka,Bengaluru,Partner,1,2025-12-24
2850,Bradley,Peterson,ruizrichard@example.com,-680,Male,1983-10-12,2024-03-20,USA,California,Los Angeles,Referral,1,2024-03-20
2851,Patrick,Schneider,victor39@example.org,+1-334-789-1402x6963,Other,2007-02-15,2021-05-12,USA,California,Los Angeles,Referral,0,2021-05-12
2852,Michael,Bell,wongwesley@example.com,257.651.3183x8237,Male,1970-04-06,2022-10-19,Australia,NSW,Sydney,Social Media,1,2022-10-19
2853,Paul,Cantu,allen38@example.org,585.441.8429,Other,2006-02-12,2026-02-04,UK,England,London,Partner,0,2026-02-04
2854,Jodi,Ewing,ewilliams@example.com,837.201.0653,Other,1974-01-17,2024-06-07,India,Tamil Nadu,Chennai,Referral,1,2024-06-07
2855,Kristy,Mckenzie,emiller@example.net,710.882.6277,Female,2000-09-20,2022-10-05,UK,England,London,Organic,0,2022-10-05
2856,Sandra,Harper,hamiltonandrew@example.org,469.360.9566x11828,Male,1993-02-18,2025-03-27,Australia,NSW,Sydney,Partner,0,2025-03-27
2857,Valerie,Edwards,xtorres@example.net,309.675.3363,Other,1986-05-10,2025-06-29,India,Maharashtra,Mumbai,Organic,1,2025-06-29
2858,Tina,Taylor,ghinton@example.net,+1-661-475-6863x45496,Male,1964-11-07,2025-05-26,India,Maharashtra,Mumbai,Partner,0,2025-05-26
2859,Robert,Wilcox,matthewcooper@example.org,8035580875,Other,1969-03-02,2021-11-13,Australia,NSW,Sydney,Social Media,1,2021-11-13
2860,Keith,Davis,huntermichael@example.org,688-231-9272x7783,Other,1982-01-12,2024-07-06,Canada,Ontario,Toronto,Partner,1,2024-07-06
2861,Mary,Sims,devinbernard@example.org,-8497,Male,1970-10-14,2025-04-08,UK,England,London,Organic,0,2025-04-08
2862,Greg,Brandt,bwiggins@example.org,245.274.1791x8480,Male,1957-03-16,2025-10-04,India,Karnataka,Bengaluru,Paid Ad,0,2025-10-04
2863,Alexis,Mckenzie,johnbass@example.net,+1-421-348-9040x1139,Male,1974-07-14,2022-03-04,USA,New York,New York City,Paid Ad,0,2022-03-04
2864,Daisy,Lin,carpentersteven@example.com,(344)637-6456,Male,1978-04-20,2024-10-06,Germany,Bavaria,Munich,Referral,1,2024-10-06
2865,Ashley,Garcia,jamiesanders@example.com,+1-474-270-9148x719,Other,2001-08-04,2022-10-29,India,Tamil Nadu,Chennai,Organic,1,2022-10-29
2866,Kristina,Walker,meganbennett@example.com,897-889-6812,Other,1977-07-06,2023-05-18,USA,New York,New York City,Organic,1,2023-05-18
2867,Christina,Wilson,jessicaspence@example.com,+1-708-966-5748x65977,Other,1981-09-13,2023-02-08,India,Tamil Nadu,Chennai,Referral,1,2023-02-08
2868,Timothy,Holt,williamssteven@example.org,001-668-323-3733x9347,Female,2004-10-25,2023-09-12,USA,California,Los Angeles,Organic,1,2023-09-12
2869,Jennifer,Hamilton,ccabrera@example.org,438.354.6052x173,Other,1968-11-17,2021-07-03,Germany,Bavaria,Munich,Social Media,0,2021-07-03
2870,Aaron,Cook,lbecker@example.org,+1-288-502-2955x7693,Female,1982-02-10,2021-07-16,USA,California,Los Angeles,Organic,1,2021-07-16
2871,Gabriela,Gonzales,wallemily@example.net,6623315434,Female,1985-07-18,2021-02-04,India,Tamil Nadu,Chennai,Paid Ad,1,2021-02-04
2872,Travis,Orozco,ismith@example.com,-8826,Male,1968-05-28,2026-08-11,UK,England,London,Paid Ad,1,2026-08-11
2873,James,Brooks,bookerjohn@example.com,(467)924-0896,Male,1958-09-19,2024-12-28,UK,England,London,Partner,0,2024-12-28
2874,Pamela,Wright,watsonmelissa@example.com,701.491.8717x104,Female,1993-09-05,2024-09-19,USA,New York,New York City,Partner,1,2024-09-19
2875,Brandon,Patrick,hernandezchristian@example.org,-1046,Other,1980-10-24,2022-02-18,Australia,NSW,Sydney,Referral,1,2022-02-18
2876,Kenneth,Mays,qnolan@example.org,365-854-5123x355,Female,1997-10-12,2025-04-15,USA,California,Los Angeles,Email Campaign,1,2025-04-15
2877,Kari,Reese,baileyrobert@example.org,8367338648,Male,1956-09-19,2024-04-03,USA,California,Los Angeles,Referral,1,2024-04-03
2878,Sean,Phillips,marklam@example.com,+1-801-891-6536x4706,Other,2000-06-13,2021-11-19,Canada,Ontario,Toronto,Organic,1,2021-11-19
2879,Colleen,Gregory,ghunter@example.org,714-552-4486x491,Other,1974-01-19,2023-06-03,India,Maharashtra,Mumbai,Partner,1,2023-06-03
2880,Angel,Smith,james51@example.net,406-939-2946x513,Other,1960-04-02,2022-10-22,USA,Texas,Houston,Email Campaign,1,2022-10-22
2881,Austin,Montgomery,glennruben@example.com,001-338-847-0981x92050,Female,2001-03-23,2024-10-30,Germany,Bavaria,Munich,Referral,1,2024-10-30
2882,John,Lowe,donnameyers@example.com,(359)332-8657,Female,2007-10-10,2024-04-06,India,Karnataka,Bengaluru,Email Campaign,1,2024-04-06
2883,Michelle,Lawson,tiffany12@example.net,001-730-306-2381x83924,Other,1977-09-03,2021-06-13,UK,England,London,Partner,0,2021-06-13
2884,Ashley,Snyder,tmartinez@example.net,(307)591-1729x23359,Male,1994-06-27,2023-09-07,UK,England,London,Email Campaign,0,2023-09-07
2885,Michael,Miller,john62@example.net,001-987-324-5040x94147,Male,1995-10-12,2021-11-04,Germany,Bavaria,Munich,Email Campaign,1,2021-11-04
2886,Roy,Martin,chrissantos@example.com,868-621-6362x9703,Male,1989-10-31,2022-02-03,Canada,Ontario,Toronto,Referral,1,2022-02-03
2887,Heather,Lutz,jhumphrey@example.net,(532)824-2637,Female,1982-11-13,2021-12-24,India,Tamil Nadu,Chennai,Organic,0,2021-12-24
2888,Christian,Peterson,carteryvette@example.net,001-878-647-5904x47417,Male,1967-02-03,2024-07-08,Canada,Ontario,Toronto,Paid Ad,1,2024-07-08
2889,Joseph,Smith,qwillis@example.net,4656253293,Female,1971-07-20,2021-10-07,USA,Texas,Houston,Email Campaign,1,2021-10-07
2890,Joseph,Medina,joshuabrooks@example.net,001-655-908-9775,Male,1962-12-06,2024-12-18,India,Karnataka,Bengaluru,Organic,1,2024-12-18
2891,Amy,Martinez,michaelreeves@example.org,001-662-920-4377x149,Female,1964-06-14,2026-03-03,USA,Texas,Houston,Social Media,1,2026-03-03
2892,April,Silva,russellbailey@example.net,001-230-456-8208x08207,Other,1964-10-09,2025-12-16,India,Tamil Nadu,Chennai,Referral,1,2025-12-16
2893,Barry,Wilcox,gregory10@example.net,001-494-923-5479x130,Male,2001-07-27,2026-06-23,USA,New York,New York City,Paid Ad,1,2026-06-23
2894,Bianca,Matthews,jacksonchristopher@example.org,+1-722-679-8257x99883,Female,2004-11-29,2025-07-01,India,Tamil Nadu,Chennai,Email Campaign,1,2025-07-01
2895,Gary,Clarke,gregoryjackson@example.org,-1654,Female,1961-04-25,2025-12-11,USA,Texas,Houston,Email Campaign,1,2025-12-11
2896,Michael,Kemp,eddie60@example.net,889.859.2085x15122,Female,2006-09-18,2024-07-08,Germany,Bavaria,Munich,Organic,0,2024-07-08
2897,Andrew,Armstrong,slevy@example.net,911-571-5903x648,Female,1980-09-06,2026-01-18,UK,England,London,Partner,0,2026-01-18
2898,Heidi,Austin,fischerdustin@example.net,001-968-848-3432,Other,1989-01-11,2021-08-22,USA,California,Los Angeles,Referral,1,2021-08-22
2899,Charles,Collins,lisadennis@example.net,001-259-995-7194x770,Male,2007-11-28,2021-02-02,Australia,NSW,Sydney,Organic,0,2021-02-02
2900,Caroline,Miller,halljacob@example.com,259.721.7234,Male,1995-08-20,2025-03-20,India,Tamil Nadu,Chennai,Email Campaign,1,2025-03-20
2901,Christopher,Flores,hfisher@example.net,+1-343-787-0611x5421,Male,1988-02-19,2021-10-26,UK,England,London,Social Media,1,2021-10-26
2902,Carla,Kline,jessicahughes@example.net,001-651-373-3666,Female,1970-06-22,2022-01-18,Canada,Ontario,Toronto,Social Media,0,2022-01-18
2903,Christopher,Mccormick,andrew01@example.net,-7392,Male,2000-02-09,2026-03-20,Canada,Ontario,Toronto,Organic,0,2026-03-20
2904,Joe,Cruz,tammy95@example.org,+1-789-681-9785x51791,Female,2001-12-14,2022-03-20,USA,Texas,Houston,Social Media,0,2022-03-20
2905,Richard,Grant,staffordrachel@example.com,(294)389-3049x408,Female,1957-06-24,2025-07-03,India,Maharashtra,Mumbai,Organic,1,2025-07-03
2906,Adam,Willis,faustin@example.net,-8455,Other,1970-12-22,2024-11-03,India,Karnataka,Bengaluru,Social Media,1,2024-11-03
2907,Kathryn,Huff,jasminegriffin@example.org,299-390-6408x10671,Male,1979-02-11,2026-05-05,India,Maharashtra,Mumbai,Paid Ad,1,2026-05-05
2908,Nicholas,Garcia,catherine08@example.com,737-849-4558x39318,Other,1976-02-15,2021-06-06,Canada,Ontario,Toronto,Referral,1,2021-06-06
2909,Jennifer,Scott,jonathanford@example.net,826-588-8107,Other,1965-01-10,2022-08-20,Canada,Ontario,Toronto,Referral,1,2022-08-20
2910,Christopher,Marshall,andrewburton@example.net,376-323-2558,Other,1989-12-27,2021-05-09,India,Karnataka,Bengaluru,Social Media,1,2021-05-09
2911,Jennifer,Howell,martinscott@example.com,451-680-7844,Female,1976-04-29,2025-01-20,USA,California,Los Angeles,Social Media,0,2025-01-20
2912,Ryan,Graves,brownmolly@example.org,(697)965-7125x445,Male,1985-10-27,2021-08-10,India,Maharashtra,Mumbai,Organic,1,2021-08-10
2913,Tiffany,Gomez,kbrown@example.net,6148090544,Female,1964-09-18,2024-01-11,UK,England,London,Partner,0,2024-01-11
2914,Julia,Brooks,fisherjohn@example.net,639.407.6667x524,Male,1956-06-15,2021-12-09,USA,Texas,Houston,Organic,0,2021-12-09
2915,Megan,Garcia,timothy97@example.org,(858)511-2450x7783,Male,1973-01-20,2025-07-18,India,Tamil Nadu,Chennai,Paid Ad,1,2025-07-18
2916,Emma,Hanson,baxterashley@example.org,316.962.3935x260,Other,2008-07-27,2025-09-16,Canada,Ontario,Toronto,Referral,1,2025-09-16
2917,Susan,Thompson,gcooper@example.org,226.313.5427,Male,1991-04-19,2023-01-24,India,Tamil Nadu,Chennai,Organic,0,2023-01-24
2918,Vanessa,Skinner,jasonlucas@example.org,+1-300-725-3046x7407,Female,1967-05-16,2024-11-01,UK,England,London,Referral,0,2024-11-01
2919,Daniel,Jones,gphillips@example.org,662-487-5318x48336,Female,1961-07-30,2024-12-01,India,Maharashtra,Mumbai,Social Media,1,2024-12-01
2920,Edward,Padilla,hking@example.com,001-216-963-9303x22168,Other,1955-11-15,2022-10-21,Canada,Ontario,Toronto,Social Media,1,2022-10-21
2921,William,Booth,deckermadison@example.com,274-312-5121x88334,Male,1980-07-28,2025-05-13,India,Karnataka,Bengaluru,Email Campaign,1,2025-05-13
2922,Jennifer,Watkins,joseph55@example.com,(269)562-5367x11712,Male,1971-11-16,2023-03-25,Germany,Bavaria,Munich,Partner,1,2023-03-25
2923,Michael,Mata,david75@example.com,(992)330-0224x223,Female,1977-01-13,2022-08-16,Germany,Bavaria,Munich,Partner,1,2022-08-16
2924,Paul,Perez,ebonylee@example.net,(419)999-7211x152,Male,1995-07-25,2021-02-28,India,Karnataka,Bengaluru,Social Media,1,2021-02-28
2925,Alan,Leon,jessicafisher@example.com,(242)601-1731x01091,Female,1976-07-02,2026-08-08,USA,Texas,Houston,Organic,1,2026-08-08
2926,Brandon,Rivera,collinsmatthew@example.com,(986)551-0389x53722,Other,1999-06-27,2023-12-13,UK,England,London,Partner,1,2023-12-13
2927,Rebecca,Rojas,jacksonkristina@example.org,848-788-0769x6577,Male,1972-03-27,2026-01-20,USA,California,Los Angeles,Partner,0,2026-01-20
2928,Ashley,Estes,angelagarcia@example.com,312.345.3474,Male,1977-03-27,2022-02-04,Canada,Ontario,Toronto,Referral,0,2022-02-04
2929,Jessica,Baker,hstephens@example.net,(922)634-4944,Other,1984-02-09,2025-09-18,India,Maharashtra,Mumbai,Email Campaign,1,2025-09-18
2930,Alicia,Glover,yosborne@example.net,645-414-2157x2991,Male,1975-10-26,2025-03-27,USA,Texas,Houston,Paid Ad,1,2025-03-27
2931,Brian,Brown,kristinamiller@example.org,-7613,Other,1969-09-11,2023-02-22,India,Maharashtra,Mumbai,Email Campaign,1,2023-02-22
2932,Jodi,Bean,paularamsey@example.org,972.206.7730,Female,1968-06-28,2025-02-25,USA,California,Los Angeles,Organic,1,2025-02-25
2933,Cheryl,Hardy,richard62@example.org,001-375-539-1919x382,Other,2002-07-11,2024-06-11,India,Tamil Nadu,Chennai,Organic,1,2024-06-11
2934,Jennifer,Smith,cindyturner@example.net,950-750-6815x11462,Female,1976-08-28,2026-02-11,Canada,Ontario,Toronto,Social Media,0,2026-02-11
2935,Tina,Russell,harrisonshawna@example.com,(772)843-8144,Other,2001-09-27,2024-12-13,India,Karnataka,Bengaluru,Social Media,1,2024-12-13
2936,Valerie,Miller,brittany75@example.org,+1-701-244-6338x4554,Male,1960-06-08,2024-10-07,Australia,NSW,Sydney,Referral,0,2024-10-07
2937,Diana,Taylor,anita31@example.org,5592308989,Female,2008-07-23,2025-10-21,Canada,Ontario,Toronto,Referral,1,2025-10-21
2938,Jacqueline,Valdez,edwardwilliams@example.net,417-866-9706x8382,Other,1993-03-16,2022-10-29,Australia,NSW,Sydney,Social Media,1,2022-10-29
2939,Shane,Brown,wadecarmen@example.net,373.454.9625x9590,Other,1960-07-07,2024-03-13,UK,England,London,Partner,1,2024-03-13
2940,Michael,Rangel,ryangreen@example.com,001-637-206-7564,Other,1966-11-12,2024-03-06,UK,England,London,Email Campaign,1,2024-03-06
2941,Christopher,Robertson,davidharvey@example.com,772-205-5532x16855,Male,1963-11-16,2021-12-25,USA,New York,New York City,Organic,1,2021-12-25
2942,Madison,Larson,alexander83@example.net,(807)822-8849x9392,Male,1982-06-30,2025-08-12,USA,California,Los Angeles,Social Media,0,2025-08-12
2943,Allison,Garcia,vchen@example.net,(585)844-3052,Other,1961-03-06,2022-02-13,Germany,Bavaria,Munich,Social Media,1,2022-02-13
2944,Jonathan,Potts,reynoldskristin@example.org,+1-670-272-7420x0502,Other,2002-09-11,2021-05-14,Australia,NSW,Sydney,Paid Ad,1,2021-05-14
2945,Scott,Austin,carrieramos@example.net,-9575,Male,1994-12-28,2023-05-18,UK,England,London,Social Media,1,2023-05-18
2946,Michelle,Jackson,angela78@example.com,+1-704-314-7140x8877,Male,1972-11-03,2025-04-10,Australia,NSW,Sydney,Referral,0,2025-04-10
2947,Shelly,Bishop,denniswilson@example.net,279.601.6884,Female,1992-09-28,2022-05-25,Canada,Ontario,Toronto,Social Media,1,2022-05-25
2948,Melanie,Norris,alexanderdean@example.net,879-914-1592x8427,Male,1999-03-30,2025-06-10,UK,England,London,Paid Ad,0,2025-06-10
2949,Stephen,Garcia,john74@example.com,001-367-385-6371x6436,Female,1960-09-16,2024-03-07,India,Maharashtra,Mumbai,Partner,1,2024-03-07
2950,Richard,Holmes,vicki24@example.org,516.487.4782x5634,Female,1972-11-29,2024-06-13,India,Tamil Nadu,Chennai,Partner,1,2024-06-13
2951,Alejandro,Christian,martinsandra@example.net,931.649.1410x11201,Female,1980-06-24,2021-01-18,India,Maharashtra,Mumbai,Organic,0,2021-01-18
2952,Isabella,Davis,glenda96@example.org,001-642-738-0212,Male,1998-04-21,2021-04-18,USA,California,Los Angeles,Paid Ad,0,2021-04-18
2953,Amber,Baker,gbrady@example.org,001-470-792-7857x4364,Female,1970-04-04,2024-07-24,Australia,NSW,Sydney,Referral,0,2024-07-24
2954,Erica,Shelton,valentinepaul@example.org,+1-454-466-6920x7297,Male,1997-03-30,2025-10-28,Germany,Bavaria,Munich,Email Campaign,1,2025-10-28
2955,Kim,Haynes,gbray@example.com,001-433-244-5397x508,Other,1992-03-07,2023-03-01,UK,England,London,Partner,1,2023-03-01
2956,Stephanie,Ball,pedro98@example.org,(884)440-2783,Other,1990-08-20,2021-07-31,UK,England,London,Social Media,1,2021-07-31
2957,Andrea,Velez,christine41@example.net,+1-447-890-4475x15379,Other,2003-02-02,2025-05-19,USA,Texas,Houston,Referral,0,2025-05-19
2958,Andrew,Malone,huangkayla@example.org,282.800.0297,Other,1989-07-07,2024-07-27,UK,England,London,Referral,0,2024-07-27
2959,Jessica,Tran,robert53@example.org,+1-222-522-1288x169,Male,1997-11-01,2023-08-05,UK,England,London,Partner,0,2023-08-05
2960,Luke,Herrera,kimstein@example.net,(632)372-3442,Other,2003-05-03,2022-04-30,USA,Texas,Houston,Email Campaign,1,2022-04-30
2961,Nicole,Atkinson,angelavilla@example.net,548-599-4822,Other,1962-06-07,2023-12-02,UK,England,London,Referral,1,2023-12-02
2962,Wayne,Acosta,zwebster@example.org,+1-399-571-0818x632,Male,1989-10-18,2023-04-15,India,Karnataka,Bengaluru,Organic,1,2023-04-15
2963,Sean,Mullins,jennifer21@example.com,(954)647-2270x048,Male,1996-08-21,2025-11-27,USA,California,Los Angeles,Partner,1,2025-11-27
2964,Frederick,Thompson,christina73@example.org,674.585.0837,Male,1963-05-25,2022-09-19,Germany,Bavaria,Munich,Email Campaign,0,2022-09-19
2965,Brent,Conway,rossadam@example.net,-5173,Other,1986-07-13,2021-11-19,Australia,NSW,Sydney,Social Media,1,2021-11-19
2966,Scott,Tucker,acostarhonda@example.com,533.635.3837x902,Female,1997-02-12,2022-06-19,USA,California,Los Angeles,Partner,1,2022-06-19
2967,Brian,Kim,erika76@example.org,+1-227-781-2079x624,Male,1964-02-05,2023-02-04,India,Karnataka,Bengaluru,Partner,1,2023-02-04
2968,Jose,Anderson,hmurphy@example.com,001-737-720-1701x175,Male,1992-06-19,2024-05-01,India,Maharashtra,Mumbai,Email Campaign,1,2024-05-01
2969,Shawn,Brennan,hwright@example.org,(974)244-9989x07167,Female,1968-03-01,2025-03-29,India,Maharashtra,Mumbai,Partner,0,2025-03-29
2970,Lisa,Rowland,jefferyrhodes@example.org,7837341871,Male,1997-07-30,2024-02-01,USA,California,Los Angeles,Referral,1,2024-02-01
2971,Andrew,Lamb,brianlarsen@example.net,3354431373,Male,2005-02-01,2022-02-28,USA,California,Los Angeles,Social Media,1,2022-02-28
2972,Ashley,Flynn,nortonjoseph@example.net,+1-481-998-7599x7322,Male,1983-07-18,2022-05-18,Germany,Bavaria,Munich,Referral,1,2022-05-18
2973,Christy,Thomas,nicolegraves@example.net,-2173,Male,1999-09-22,2023-12-10,India,Tamil Nadu,Chennai,Organic,0,2023-12-10
2974,Anna,Lozano,tateamy@example.com,001-819-848-6707,Female,2000-08-01,2026-07-18,USA,New York,New York City,Referral,1,2026-07-18
2975,Lori,Nelson,brenda18@example.com,701-954-2725,Female,1967-10-27,2022-02-17,UK,England,London,Organic,1,2022-02-17
2976,Jill,Braun,foxderek@example.net,423-902-2727x5215,Female,1996-12-21,2021-10-29,UK,England,London,Partner,0,2021-10-29
2977,Jessica,Fitzpatrick,johngrimes@example.net,734-916-6382x677,Other,1962-09-11,2023-05-12,USA,New York,New York City,Social Media,0,2023-05-12
2978,Scott,Rodriguez,richard53@example.net,965-374-0968x3486,Other,1978-05-06,2024-07-08,UK,England,London,Social Media,1,2024-07-08
2979,Kelly,Rowland,christinacunningham@example.com,236.905.3908x1100,Female,2000-09-27,2023-01-07,USA,Texas,Houston,Organic,1,2023-01-07
2980,Thomas,Young,braunapril@example.org,001-763-274-1987x0322,Male,1994-07-25,2021-05-09,USA,Texas,Houston,Paid Ad,1,2021-05-09
2981,Christopher,Gonzalez,eugenekaufman@example.com,+1-445-645-4472x7879,Other,1970-09-09,2026-06-06,India,Karnataka,Bengaluru,Email Campaign,1,2026-06-06
2982,Samuel,Rhodes,enielsen@example.com,306-568-6799x4206,Male,1980-09-28,2021-01-21,Australia,NSW,Sydney,Email Campaign,1,2021-01-21
2983,Chelsea,Patel,jamesbennett@example.net,(259)330-8787,Male,1965-01-28,2022-05-14,India,Tamil Nadu,Chennai,Email Campaign,1,2022-05-14
2984,Tonya,Thompson,benderrachel@example.org,581-556-7102x62251,Other,1972-07-03,2021-04-05,USA,California,Los Angeles,Email Campaign,1,2021-04-05
2985,David,Ponce,kelly72@example.net,(284)601-2520,Female,1968-09-20,2023-06-05,USA,Texas,Houston,Organic,0,2023-06-05
2986,Brandon,Baird,vincentsantos@example.org,479-666-6783x0317,Female,1958-05-14,2021-05-01,India,Maharashtra,Mumbai,Referral,1,2021-05-01
2987,Chelsea,Hutchinson,nbell@example.com,(684)781-4196x79918,Other,1959-04-29,2021-12-08,India,Maharashtra,Mumbai,Partner,1,2021-12-08
2988,Eric,Hicks,victoria65@example.org,251.394.0568x45934,Female,1958-03-14,2024-01-02,USA,Texas,Houston,Social Media,1,2024-01-02
2989,Steven,Lin,mzimmerman@example.net,422.457.5022x5931,Female,2006-07-10,2022-01-12,India,Maharashtra,Mumbai,Partner,1,2022-01-12
2990,Gary,Adams,erica95@example.com,+1-903-407-9582x5467,Female,1968-04-22,2024-04-20,Australia,NSW,Sydney,Partner,0,2024-04-20
2991,Nicholas,Estrada,annamoyer@example.com,963-680-6626,Other,1956-05-25,2025-11-22,Canada,Ontario,Toronto,Social Media,1,2025-11-22
2992,Heather,Huff,stevenssteven@example.org,(891)376-4803,Male,1970-11-07,2023-10-22,India,Maharashtra,Mumbai,Referral,0,2023-10-22
2993,Elizabeth,Kelly,anthony29@example.org,+1-456-450-5848x414,Male,1984-03-17,2025-05-29,India,Tamil Nadu,Chennai,Email Campaign,1,2025-05-29
2994,Mary,Marquez,fletcherdennis@example.net,851.517.4863,Male,2004-10-06,2024-06-30,Germany,Bavaria,Munich,Referral,1,2024-06-30
2995,Jill,Bell,jeremy17@example.com,+1-531-372-6108x456,Female,1995-10-01,2025-11-11,Canada,Ontario,Toronto,Social Media,1,2025-11-11
2996,John,Fleming,lgarcia@example.com,908-389-9755x85379,Female,1978-04-12,2024-01-18,Germany,Bavaria,Munich,Email Campaign,0,2024-01-18
2997,Robert,Reid,grivera@example.net,-6093,Female,1989-08-26,2025-04-18,USA,New York,New York City,Referral,0,2025-04-18
2998,Virginia,Duran,louis47@example.net,706.808.5588x348,Female,1970-09-26,2024-12-16,Germany,Bavaria,Munich,Partner,0,2024-12-16
2999,Sherry,Hall,melissamccarthy@example.com,315-765-2770,Male,1998-12-28,2026-01-15,USA,New York,New York City,Organic,1,2026-01-15
3000,Tracie,Martin,nbarron@example.net,-3214,Other,1985-04-18,2023-11-03,Australia,NSW,Sydney,Social Media,1,2023-11-03
3001,Jonathan,Allen,hendersonkathleen@example.com,001-760-566-4932x375,Female,1983-01-06,2024-12-13,India,Tamil Nadu,Chennai,Organic,0,2024-12-13
3002,James,Pham,desireebaker@example.org,+1-825-748-5928x2066,Female,1966-09-17,2023-01-07,USA,New York,New York City,Social Media,0,2023-01-07
3003,Vincent,West,johnsonandrew@example.org,-4375,Male,1980-06-06,2025-01-05,USA,Texas,Houston,Organic,1,2025-01-05
3004,Alexander,Robbins,thogan@example.net,+1-691-462-7765x029,Female,1974-06-30,2025-03-03,India,Maharashtra,Mumbai,Referral,0,2025-03-03
3005,Katherine,Moore,wardjames@example.org,459.627.1976x616,Male,1962-12-06,2022-05-16,India,Karnataka,Bengaluru,Paid Ad,0,2022-05-16
3006,Karen,Lee,rodriguezelizabeth@example.com,+1-601-377-4460x83486,Male,1981-07-15,2024-09-09,USA,California,Los Angeles,Social Media,1,2024-09-09
3007,Marcus,Bryant,codyanderson@example.org,315.934.9762,Male,1970-11-26,2024-08-10,Germany,Bavaria,Munich,Email Campaign,0,2024-08-10
3008,Danielle,Franco,shaungarcia@example.org,(448)966-8982x3973,Female,1983-10-03,2025-04-29,USA,New York,New York City,Email Campaign,1,2025-04-29
3009,Antonio,Burnett,heather63@example.com,(750)412-1991x499,Male,1972-10-01,2023-06-10,India,Maharashtra,Mumbai,Email Campaign,1,2023-06-10
3010,Nicole,Rogers,joel01@example.net,(354)697-0594x4599,Other,1972-04-19,2021-11-03,India,Tamil Nadu,Chennai,Partner,0,2021-11-03
3011,Kaylee,Jones,benjaminjuarez@example.net,-4444,Female,1963-03-11,2025-11-18,UK,England,London,Paid Ad,0,2025-11-18
3012,Samantha,Ballard,johnsonrichard@example.com,+1-675-421-0084x865,Male,1974-02-06,2023-03-19,India,Maharashtra,Mumbai,Social Media,1,2023-03-19
3013,Shelly,Zimmerman,lhess@example.org,+1-505-444-1710x567,Female,1988-07-27,2021-07-11,Canada,Ontario,Toronto,Social Media,1,2021-07-11
3014,Helen,Stokes,cwebster@example.com,5647872358,Female,1960-02-01,2022-05-24,USA,New York,New York City,Referral,1,2022-05-24
3015,Nancy,Reid,torrestimothy@example.org,483-907-6273x2553,Other,2000-05-13,2024-08-31,Germany,Bavaria,Munich,Social Media,0,2024-08-31
3016,Kurt,Hansen,heatherfoster@example.org,(550)463-4837,Female,2003-03-01,2021-03-29,India,Maharashtra,Mumbai,Organic,0,2021-03-29
3017,Jesse,Smith,paula64@example.com,250.538.0954x1852,Female,1986-09-14,2021-01-20,Germany,Bavaria,Munich,Paid Ad,1,2021-01-20
3018,Daniel,Williams,holtandrew@example.com,530.650.9809,Male,1957-11-18,2025-07-08,USA,Texas,Houston,Email Campaign,1,2025-07-08
3019,Bethany,Ortiz,brownallison@example.com,(984)986-5584x2252,Female,1976-05-20,2021-06-10,Australia,NSW,Sydney,Partner,0,2021-06-10
3020,Michael,Rogers,sskinner@example.com,(592)477-5019,Female,1998-04-22,2021-10-12,USA,California,Los Angeles,Organic,1,2021-10-12
3021,David,Russell,kathrynthompson@example.com,(609)452-3814x9871,Female,1995-04-14,2024-05-17,UK,England,London,Paid Ad,1,2024-05-17
3022,Jessica,Graves,stephen77@example.net,812.540.4938,Male,1975-08-01,2025-06-28,India,Karnataka,Bengaluru,Email Campaign,1,2025-06-28
3023,Karen,Vang,wmorgan@example.org,873.747.7630,Other,2007-06-18,2026-07-16,India,Karnataka,Bengaluru,Organic,1,2026-07-16
3024,Michael,Thomas,tesparza@example.net,(799)315-8973x0378,Other,2004-06-14,2024-05-07,UK,England,London,Social Media,1,2024-05-07
3025,Elizabeth,Rhodes,dana29@example.net,001-736-887-6190x750,Female,1959-11-15,2022-05-13,Canada,Ontario,Toronto,Email Campaign,0,2022-05-13
3026,Sarah,Reed,michael10@example.com,298-318-8696x1158,Male,1981-07-28,2021-04-30,USA,New York,New York City,Organic,1,2021-04-30
3027,Jessica,Gonzales,brittanymckee@example.org,001-226-783-1562x4206,Male,1989-07-29,2022-07-23,USA,California,Los Angeles,Paid Ad,1,2022-07-23
3028,Tiffany,Strickland,eweber@example.com,+1-605-943-5268x219,Male,1960-02-19,2023-07-17,UK,England,London,Organic,0,2023-07-17
3029,Jessica,Schwartz,gilbertmccarthy@example.org,001-273-525-7592x123,Other,2001-04-27,2025-02-19,India,Maharashtra,Mumbai,Organic,0,2025-02-19
3030,William,Elliott,nguyenjennifer@example.org,372-810-4631,Male,1996-02-03,2023-11-30,USA,California,Los Angeles,Organic,0,2023-11-30
3031,Jessica,Savage,knighttroy@example.org,(305)444-5931x813,Male,1974-09-26,2024-05-31,USA,California,Los Angeles,Paid Ad,0,2024-05-31
3032,Rachel,Smith,glee@example.org,(405)640-7647x186,Female,1965-11-16,2025-04-04,India,Karnataka,Bengaluru,Partner,0,2025-04-04
3033,Amy,Rodriguez,phillipsmason@example.org,001-794-680-7207x84584,Other,1958-07-30,2022-07-19,USA,Texas,Houston,Social Media,1,2022-07-19
3034,David,Ramos,rkrause@example.org,(418)906-6725,Female,1987-01-04,2022-06-02,USA,New York,New York City,Referral,1,2022-06-02
3035,Karen,Blair,jonathan45@example.org,001-290-867-7421x083,Other,1966-10-06,2025-08-20,Germany,Bavaria,Munich,Social Media,0,2025-08-20
3036,Joshua,Gonzalez,rgarcia@example.net,942.457.5423x73534,Other,2007-07-11,2023-09-13,USA,New York,New York City,Social Media,1,2023-09-13
3037,Valerie,Barnes,gabrielhurst@example.org,902-327-7469x03384,Female,1967-05-09,2024-02-24,Canada,Ontario,Toronto,Partner,1,2024-02-24
3038,Thomas,Smith,thobbs@example.com,001-652-422-1200x4023,Male,2006-11-19,2023-07-15,Canada,Ontario,Toronto,Paid Ad,1,2023-07-15
3039,Yvonne,Lopez,jdavidson@example.com,(835)800-2156x383,Female,1977-09-23,2021-12-06,India,Tamil Nadu,Chennai,Email Campaign,1,2021-12-06
3040,Joshua,Campos,gsavage@example.com,001-694-791-9978x5134,Other,1994-03-04,2023-04-24,India,Maharashtra,Mumbai,Organic,0,2023-04-24
3041,John,Martin,mjimenez@example.com,894-528-3188x86166,Male,1968-08-18,2026-07-19,USA,New York,New York City,Referral,0,2026-07-19
3042,Kevin,Mcguire,morrisonconnor@example.com,001-316-382-4977x0549,Female,2004-09-12,2023-06-05,USA,California,Los Angeles,Social Media,0,2023-06-05
3043,Sarah,Green,acevedoroy@example.net,776-551-2674x907,Male,1974-03-05,2026-06-21,India,Maharashtra,Mumbai,Paid Ad,1,2026-06-21
3044,James,Wright,robert93@example.org,695-965-1582x2309,Female,1976-12-19,2024-07-07,India,Maharashtra,Mumbai,Partner,1,2024-07-07
3045,Matthew,Simmons,xhooper@example.net,001-961-824-9833x44146,Other,1986-07-11,2022-09-23,Canada,Ontario,Toronto,Organic,1,2022-09-23
3046,Joanna,Harris,nathanmartin@example.net,249-537-3529,Female,1960-02-29,2023-06-16,USA,Texas,Houston,Social Media,0,2023-06-16
3047,Jessica,Miles,qwest@example.com,001-878-668-7320x71811,Female,1969-01-04,2023-04-12,Canada,Ontario,Toronto,Referral,1,2023-04-12
3048,Danny,Dunn,phillipmorrison@example.net,987-601-5398,Female,2006-03-08,2024-02-13,USA,New York,New York City,Referral,1,2024-02-13
3049,Andrew,Walton,lanebrandi@example.net,001-449-885-1174,Male,1959-12-10,2022-02-23,India,Tamil Nadu,Chennai,Social Media,1,2022-02-23
3050,David,Shannon,anthony51@example.org,(385)289-3708,Male,1995-02-07,2022-03-28,USA,New York,New York City,Organic,1,2022-03-28
3051,Michael,Vega,reginahawkins@example.org,4047924601,Female,1969-06-18,2023-02-06,Canada,Ontario,Toronto,Organic,1,2023-02-06
3052,Diana,Andrews,zsantana@example.org,950-281-0866,Female,1969-12-09,2026-01-29,Canada,Ontario,Toronto,Paid Ad,0,2026-01-29
3053,Erica,Anderson,margaret79@example.org,554.706.4282,Female,1985-11-02,2021-12-11,USA,New York,New York City,Social Media,1,2021-12-11
3054,Vincent,Stokes,nross@example.net,486-548-4121,Female,1970-08-21,2022-09-09,India,Maharashtra,Mumbai,Email Campaign,1,2022-09-09
3055,Noah,Bell,katherinewilliams@example.com,(872)335-2643,Male,1961-08-01,2024-09-28,UK,England,London,Social Media,1,2024-09-28
3056,Meghan,Downs,ubrown@example.com,962-298-4754,Male,1994-11-05,2025-02-23,India,Tamil Nadu,Chennai,Organic,1,2025-02-23
3057,Brian,Jordan,ywilson@example.net,+1-748-838-5601x668,Male,1979-10-19,2025-09-27,UK,England,London,Paid Ad,1,2025-09-27
3058,Kristen,Rose,jerry24@example.net,553.493.0361x999,Male,1975-09-30,2025-07-08,India,Maharashtra,Mumbai,Email Campaign,1,2025-07-08
3059,Andrew,Mueller,ojoyce@example.com,001-374-923-6837x8037,Other,1959-07-25,2026-07-15,India,Tamil Nadu,Chennai,Social Media,1,2026-07-15
3060,Ryan,Medina,bryantstephanie@example.org,001-520-846-5456x566,Other,1995-06-01,2021-07-24,USA,New York,New York City,Referral,1,2021-07-24
3061,Jason,Lee,clarkchristine@example.net,(923)404-2103,Male,2003-08-10,2023-06-19,USA,New York,New York City,Organic,1,2023-06-19
3062,Kevin,Medina,tyronewilliams@example.org,(733)257-9377,Male,1959-12-28,2023-12-27,USA,California,Los Angeles,Organic,1,2023-12-27
3063,Caroline,Lawrence,christinebarron@example.org,737.204.5740,Female,2004-09-05,2022-02-18,Australia,NSW,Sydney,Referral,1,2022-02-18
3064,Sharon,Mccarthy,schaeferchristopher@example.org,+1-428-823-6964x938,Female,1985-06-09,2025-07-16,Germany,Bavaria,Munich,Social Media,1,2025-07-16
3065,Christopher,Dunn,kleinjeffery@example.org,-4513,Other,1982-02-25,2023-06-20,USA,New York,New York City,Partner,0,2023-06-20
3066,Robert,Obrien,pamela61@example.net,001-458-418-1106x9942,Male,2005-01-14,2026-07-22,India,Tamil Nadu,Chennai,Referral,0,2026-07-22
3067,Bryan,Oliver,jennifer89@example.org,+1-420-410-8981x0723,Other,1990-05-13,2024-11-24,India,Maharashtra,Mumbai,Paid Ad,0,2024-11-24
3068,Nicole,Chambers,vevans@example.com,630.419.4410x88344,Other,1973-09-09,2024-03-25,Germany,Bavaria,Munich,Organic,1,2024-03-25
3069,Todd,Taylor,christopher78@example.com,-3308,Other,1958-08-21,2023-01-29,USA,New York,New York City,Partner,1,2023-01-29
3070,Cameron,Gonzales,harperclayton@example.com,+1-739-279-2341x0242,Other,1972-10-10,2026-05-07,Germany,Bavaria,Munich,Paid Ad,1,2026-05-07
3071,Gloria,Harris,starkkathryn@example.com,-8929,Female,1992-04-07,2022-11-29,India,Maharashtra,Mumbai,Partner,0,2022-11-29
3072,Sara,Schultz,kmiles@example.com,(204)329-7581,Male,1992-03-13,2022-11-14,USA,New York,New York City,Paid Ad,1,2022-11-14
3073,Pamela,Brown,rosestacie@example.com,001-823-406-5117,Male,2000-06-28,2022-08-04,Canada,Ontario,Toronto,Partner,0,2022-08-04
3074,Mark,Wilson,patriciaguerra@example.net,2047960546,Female,2000-05-22,2025-10-19,Canada,Ontario,Toronto,Organic,0,2025-10-19
3075,William,Day,dominique17@example.net,9429047308,Male,1973-04-10,2023-12-17,USA,Texas,Houston,Referral,1,2023-12-17
3076,David,Walker,monicaboyd@example.com,913-233-5802x1037,Female,1957-03-12,2024-12-13,USA,California,Los Angeles,Email Campaign,0,2024-12-13
3077,John,Lewis,jamesballard@example.org,(227)641-5708x83286,Male,1960-10-12,2026-06-24,USA,California,Los Angeles,Social Media,1,2026-06-24
3078,Cory,Walker,jeffrey49@example.org,001-589-524-5574x643,Male,1958-09-12,2021-07-05,USA,New York,New York City,Email Campaign,1,2021-07-05
3079,Lisa,Robinson,estradamegan@example.net,481-781-5853x50629,Other,2006-02-11,2023-07-25,India,Tamil Nadu,Chennai,Email Campaign,1,2023-07-25
3080,Amanda,Johnson,cheryl94@example.org,833.731.2938x655,Male,2001-09-09,2022-08-24,USA,Texas,Houston,Organic,1,2022-08-24
3081,Brian,Moore,alecschmidt@example.com,384.579.2795,Female,2001-03-16,2024-10-06,India,Tamil Nadu,Chennai,Social Media,0,2024-10-06
3082,Stephanie,Paul,inguyen@example.org,+1-559-614-6120x14079,Other,1956-09-02,2023-11-21,India,Karnataka,Bengaluru,Social Media,0,2023-11-21
3083,Shannon,Wallace,solisdenise@example.net,8105831734,Female,1964-12-26,2025-02-01,India,Tamil Nadu,Chennai,Organic,1,2025-02-01
3084,Micheal,Walker,melissahartman@example.com,417.652.8612,Other,2008-08-30,2024-05-18,India,Karnataka,Bengaluru,Paid Ad,1,2024-05-18
3085,Priscilla,Davidson,johnsonlawrence@example.org,658.218.3500x2287,Male,2007-06-12,2026-06-07,Australia,NSW,Sydney,Paid Ad,0,2026-06-07
3086,Alyssa,Henry,hmcgrath@example.net,623-451-8026x421,Male,2001-11-27,2021-03-26,Australia,NSW,Sydney,Social Media,1,2021-03-26
3087,Jenna,Phillips,tbowen@example.com,777-792-7969x3920,Female,1999-08-18,2022-08-04,India,Maharashtra,Mumbai,Social Media,1,2022-08-04
3088,Mary,Owen,qsmith@example.com,001-433-804-3494x815,Other,1983-01-30,2023-09-28,USA,California,Los Angeles,Partner,1,2023-09-28
3089,Kelly,Robinson,nknox@example.org,302-390-3008x103,Male,1961-11-11,2025-01-12,UK,England,London,Partner,1,2025-01-12
3090,Kevin,Vasquez,terri78@example.com,(216)734-8443,Female,1967-01-04,2023-03-05,USA,New York,New York City,Partner,1,2023-03-05
3091,Sara,Velazquez,wcompton@example.org,723.282.8881x61371,Other,1981-09-16,2024-01-27,USA,New York,New York City,Partner,0,2024-01-27
3092,Kylie,Cardenas,ymartinez@example.org,(454)228-4686x387,Other,1966-10-19,2026-01-15,Australia,NSW,Sydney,Referral,1,2026-01-15
3093,Michelle,Gonzalez,kathygoodwin@example.com,4498432740,Female,1974-05-24,2024-11-29,India,Tamil Nadu,Chennai,Social Media,1,2024-11-29
3094,Andrea,Williamson,michael02@example.org,001-631-508-1854x8051,Female,1990-08-28,2025-09-06,Germany,Bavaria,Munich,Paid Ad,0,2025-09-06
3095,Alejandra,Thompson,tonyschroeder@example.com,001-309-594-4718,Other,1999-07-12,2021-06-18,India,Maharashtra,Mumbai,Email Campaign,1,2021-06-18
3096,Drew,Malone,ehernandez@example.net,761-733-5473x3702,Female,1974-02-07,2022-05-19,India,Karnataka,Bengaluru,Social Media,1,2022-05-19
3097,Lydia,Norris,kellydunn@example.com,457-471-8074,Female,1995-07-16,2024-11-22,Germany,Bavaria,Munich,Organic,1,2024-11-22
3098,Debbie,Huerta,christinepatterson@example.com,(485)914-1908,Other,1970-06-12,2026-08-06,USA,California,Los Angeles,Referral,0,2026-08-06
3099,Diane,Hill,lbailey@example.net,001-792-550-7633x73643,Other,1981-12-19,2022-09-08,Canada,Ontario,Toronto,Paid Ad,0,2022-09-08
3100,Henry,Carter,brianbrown@example.org,+1-358-230-4286x323,Female,1965-02-03,2022-10-29,Germany,Bavaria,Munich,Social Media,1,2022-10-29
3101,Michael,Flores,qcampbell@example.net,593-666-7352x1608,Female,1958-02-25,2021-09-22,India,Tamil Nadu,Chennai,Organic,0,2021-09-22
3102,Rhonda,Romero,xballard@example.org,+1-539-734-9647x935,Male,2001-09-14,2021-06-17,Canada,Ontario,Toronto,Paid Ad,1,2021-06-17
3103,Frank,Garcia,kelly62@example.com,318.389.2670x136,Male,1977-07-25,2022-05-21,Germany,Bavaria,Munich,Social Media,1,2022-05-21
3104,Scott,Lopez,daviddoyle@example.com,+1-775-594-1447x7204,Female,2002-12-23,2021-01-21,India,Tamil Nadu,Chennai,Paid Ad,1,2021-01-21
3105,Terri,Ramos,dchapman@example.net,862-276-2439,Female,1995-08-19,2021-07-24,USA,California,Los Angeles,Referral,1,2021-07-24
3106,Jeffrey,Johnson,llawrence@example.org,001-438-391-7873x563,Other,1961-06-15,2024-03-06,India,Karnataka,Bengaluru,Partner,0,2024-03-06
3107,Stacy,Spencer,harmondonald@example.net,001-987-573-5105,Male,1971-07-20,2022-09-28,Australia,NSW,Sydney,Partner,0,2022-09-28
3108,Kimberly,Jenkins,linda00@example.net,479-247-9293x6166,Other,1984-07-28,2022-08-08,India,Tamil Nadu,Chennai,Referral,1,2022-08-08
3109,Ashley,Koch,yfernandez@example.org,+1-567-876-3966x3527,Female,1956-04-25,2021-11-27,UK,England,London,Referral,1,2021-11-27
3110,Krystal,Chavez,alex08@example.com,938-738-9011,Female,2004-04-05,2026-04-23,USA,California,Los Angeles,Referral,1,2026-04-23
3111,Laura,Brewer,cochranpatricia@example.com,+1-807-379-8861x825,Female,1977-08-29,2025-09-27,UK,England,London,Organic,1,2025-09-27
3112,Jose,Clay,andersonsandra@example.org,(722)344-6616,Other,1980-10-10,2024-05-22,India,Tamil Nadu,Chennai,Paid Ad,1,2024-05-22
3113,Maria,Hoffman,lortiz@example.com,(670)243-8833x923,Other,1988-09-15,2025-11-21,USA,Texas,Houston,Paid Ad,1,2025-11-21
3114,Jennifer,Lopez,ewu@example.com,(649)285-7742x7359,Other,1991-09-13,2022-07-25,Germany,Bavaria,Munich,Referral,1,2022-07-25
3115,Erin,Johns,sharpsarah@example.com,920.692.6465x296,Female,2003-07-11,2022-07-10,India,Tamil Nadu,Chennai,Email Campaign,1,2022-07-10
3116,Daniel,Munoz,milesrobert@example.org,231.400.1797x7660,Female,1964-03-12,2024-05-18,India,Maharashtra,Mumbai,Organic,1,2024-05-18
3117,Angel,Calhoun,iparker@example.org,722.835.5220x94124,Other,1965-07-24,2026-03-04,India,Tamil Nadu,Chennai,Referral,1,2026-03-04
3118,Connie,Hernandez,jacksonjonathan@example.net,6947113965,Male,1964-02-24,2025-11-25,UK,England,London,Referral,1,2025-11-25
3119,Heather,Davis,tflores@example.net,-6376,Other,1982-10-20,2025-12-16,Australia,NSW,Sydney,Paid Ad,0,2025-12-16
3120,Christina,Olson,uhernandez@example.net,001-731-643-0614x3288,Female,1979-09-15,2025-01-04,Australia,NSW,Sydney,Paid Ad,1,2025-01-04
3121,Carol,Aguilar,perrybarbara@example.net,-5019,Female,1986-05-15,2026-03-26,UK,England,London,Social Media,0,2026-03-26
3122,Troy,Sandoval,donnaking@example.net,+1-306-488-7858x039,Other,1989-11-11,2021-04-24,Canada,Ontario,Toronto,Organic,1,2021-04-24
3123,Steven,Boone,rogerssuzanne@example.net,001-575-918-9534x2970,Male,1994-07-02,2021-12-29,UK,England,London,Email Campaign,0,2021-12-29
3124,Kristen,Harris,camachojohnny@example.org,432-269-4410x423,Other,1957-06-26,2023-09-21,India,Tamil Nadu,Chennai,Email Campaign,1,2023-09-21
3125,Tanya,Pitts,ydiaz@example.org,001-333-348-7819x342,Other,2003-05-14,2022-06-06,India,Karnataka,Bengaluru,Email Campaign,1,2022-06-06
3126,Samuel,Campbell,fedwards@example.org,(551)341-5617,Male,1965-02-11,2024-04-16,Germany,Bavaria,Munich,Social Media,1,2024-04-16
3127,Jeremy,Wilson,jarmstrong@example.com,661.374.0353x0056,Other,2001-01-25,2025-07-09,USA,Texas,Houston,Organic,1,2025-07-09
3128,Eric,Clark,myersmary@example.com,441-532-6301x50892,Male,1958-01-30,2026-03-01,Canada,Ontario,Toronto,Organic,0,2026-03-01
3129,Edward,Jones,jamiemarshall@example.com,+1-450-938-6072x94306,Other,1965-08-28,2024-01-12,USA,California,Los Angeles,Organic,1,2024-01-12
3130,Joshua,Martinez,margaret97@example.net,+1-928-855-8679x31602,Female,1966-02-08,2022-02-03,India,Karnataka,Bengaluru,Email Campaign,1,2022-02-03
3131,Jessica,Phillips,xochoa@example.com,001-261-728-0695x5211,Male,1966-12-12,2024-09-19,Canada,Ontario,Toronto,Organic,1,2024-09-19
3132,Raymond,Rodriguez,elamb@example.net,-4340,Other,1989-03-13,2021-08-06,Germany,Bavaria,Munich,Referral,1,2021-08-06
3133,Gail,Stone,nelsonmelissa@example.net,+1-752-747-9655x4508,Other,1969-07-21,2022-08-14,Australia,NSW,Sydney,Partner,1,2022-08-14
3134,Zachary,Rogers,hughesbrent@example.org,001-687-688-8999,Male,1996-05-19,2022-07-13,Canada,Ontario,Toronto,Partner,1,2022-07-13
3135,Megan,Foster,kristinariley@example.org,001-259-440-5219,Other,2004-03-10,2024-05-17,USA,Texas,Houston,Paid Ad,0,2024-05-17
3136,Laura,Crawford,ilee@example.net,853-902-9333,Other,1979-06-30,2026-06-10,USA,California,Los Angeles,Partner,1,2026-06-10
3137,Michael,Elliott,michaelfernandez@example.org,001-627-291-3253x325,Male,1971-10-23,2022-04-15,India,Maharashtra,Mumbai,Organic,1,2022-04-15
3138,Christian,Thompson,gregory12@example.net,415-644-4850,Other,1995-10-20,2022-05-11,USA,Texas,Houston,Organic,1,2022-05-11
3139,Helen,Smith,priceamanda@example.org,813.277.9730x9514,Male,1979-05-23,2023-04-17,India,Maharashtra,Mumbai,Social Media,0,2023-04-17
3140,Michelle,Jackson,bernard24@example.org,840-312-1785x6343,Female,1970-03-23,2025-12-23,USA,California,Los Angeles,Organic,1,2025-12-23
3141,Michael,Johnson,carolking@example.org,(886)686-6775,Female,1976-11-15,2024-05-13,USA,New York,New York City,Social Media,1,2024-05-13
3142,Chelsey,Lamb,patrickclark@example.org,3942816853,Other,1992-02-29,2023-08-21,USA,Texas,Houston,Paid Ad,1,2023-08-21
3143,Thomas,Zhang,joneskevin@example.org,670.827.3924x67831,Other,1970-07-23,2025-12-04,Germany,Bavaria,Munich,Email Campaign,1,2025-12-04
3144,Matthew,Johnson,johnayala@example.net,496.596.4773,Male,1981-10-15,2025-11-06,USA,New York,New York City,Partner,1,2025-11-06
3145,Jonathan,Stephenson,cassandrabanks@example.org,624.806.1869,Male,1956-10-08,2023-01-27,USA,California,Los Angeles,Partner,1,2023-01-27
3146,Randy,Li,rhondaking@example.com,8563958261,Other,1966-04-16,2022-12-01,India,Maharashtra,Mumbai,Partner,0,2022-12-01
3147,Tammy,Fuller,moorematthew@example.org,(856)221-9747,Female,1971-08-05,2023-04-01,Australia,NSW,Sydney,Social Media,0,2023-04-01
3148,Kenneth,Evans,daniel26@example.com,(426)616-0464x3007,Other,1980-03-31,2024-03-31,India,Tamil Nadu,Chennai,Organic,0,2024-03-31
3149,Phillip,Hughes,nixonmichael@example.net,913.897.8374,Female,1975-11-03,2026-07-13,Germany,Bavaria,Munich,Partner,1,2026-07-13
3150,Jennifer,Casey,ekennedy@example.org,424-427-8412x8761,Female,1978-04-27,2025-05-22,India,Tamil Nadu,Chennai,Partner,1,2025-05-22
3151,Daniel,Ramirez,kwest@example.net,381-294-0681x2756,Female,1971-04-22,2026-03-16,USA,New York,New York City,Social Media,0,2026-03-16
3152,Benjamin,Coleman,douglasmoody@example.com,548.810.6247x16569,Female,2003-01-06,2021-04-25,USA,Texas,Houston,Social Media,1,2021-04-25
3153,Chad,White,jose52@example.net,8788647701,Male,2008-08-25,2025-05-15,USA,New York,New York City,Email Campaign,1,2025-05-15
3154,Samantha,Dyer,elizabethlee@example.org,406.553.8137x8956,Other,1973-01-29,2021-05-20,India,Tamil Nadu,Chennai,Partner,1,2021-05-20
3155,Michelle,Diaz,martintina@example.com,(789)263-8595x240,Male,1958-09-26,2025-12-26,Germany,Bavaria,Munich,Paid Ad,0,2025-12-26
3156,Maria,Mccormick,oconnordawn@example.com,6585809592,Other,1986-05-28,2026-04-01,USA,Texas,Houston,Social Media,1,2026-04-01
3157,Susan,Gordon,virginia83@example.org,(857)802-1168,Male,2007-03-02,2021-02-07,India,Tamil Nadu,Chennai,Paid Ad,0,2021-02-07
3158,Lisa,Martin,aliciaphelps@example.com,+1-689-565-6917x815,Female,2006-12-02,2023-05-14,Australia,NSW,Sydney,Partner,1,2023-05-14
3159,Linda,Yang,stewartangela@example.org,(464)849-3474x3034,Other,2005-09-01,2025-05-19,Australia,NSW,Sydney,Organic,1,2025-05-19
3160,Steven,Burgess,lisa66@example.net,815-656-8160,Female,1991-04-24,2022-09-13,USA,Texas,Houston,Partner,0,2022-09-13
3161,Mitchell,Dixon,wbutler@example.net,578-229-6147,Female,1979-09-09,2024-10-21,Germany,Bavaria,Munich,Partner,1,2024-10-21
3162,Samantha,Ball,stephenjimenez@example.net,001-827-730-1996x994,Other,1997-11-06,2024-02-15,USA,Texas,Houston,Paid Ad,1,2024-02-15
3163,Linda,Garcia,nancy65@example.net,001-688-543-8684,Other,1992-03-15,2021-10-07,UK,England,London,Social Media,0,2021-10-07
3164,Andrew,Myers,daniel45@example.com,001-955-973-8156,Other,1989-10-18,2026-04-17,UK,England,London,Partner,1,2026-04-17
3165,Alyssa,Cooper,pmiller@example.org,(632)976-3916,Male,1966-08-19,2023-11-28,USA,Texas,Houston,Partner,1,2023-11-28
3166,Kellie,Lane,rmills@example.net,(259)864-7181x7534,Other,1961-06-01,2024-11-26,India,Karnataka,Bengaluru,Email Campaign,1,2024-11-26
3167,Cynthia,Stein,wbarton@example.org,275-463-4406,Male,1961-12-15,2021-10-04,UK,England,London,Organic,0,2021-10-04
3168,Brianna,Mercado,ryanperry@example.com,827.483.3226x3731,Male,1971-11-07,2023-08-08,USA,Texas,Houston,Partner,0,2023-08-08
3169,Robert,Porter,websterpaige@example.org,(978)297-2671x56914,Other,1959-07-28,2026-08-08,USA,New York,New York City,Social Media,0,2026-08-08
3170,Christine,Arroyo,stephaniesaunders@example.net,001-845-841-6460x71500,Other,1974-02-10,2023-08-07,India,Karnataka,Bengaluru,Referral,0,2023-08-07
3171,Gabriel,Rivera,brendangreen@example.com,786.985.9222x2006,Other,1989-12-25,2022-12-14,USA,New York,New York City,Social Media,0,2022-12-14
3172,Kevin,Wilson,derek01@example.net,+1-803-842-0687x21704,Male,1983-07-13,2021-09-21,UK,England,London,Email Campaign,1,2021-09-21
3173,Thomas,Moody,lloydcheryl@example.org,816-771-2304,Male,1982-08-08,2022-04-14,India,Tamil Nadu,Chennai,Partner,1,2022-04-14
3174,Tina,Sanders,cassandra80@example.net,001-216-865-8136x6222,Female,2001-06-25,2025-12-14,USA,New York,New York City,Email Campaign,1,2025-12-14
3175,Gail,Taylor,michaelafletcher@example.com,5966399478,Female,1983-10-12,2022-12-14,USA,California,Los Angeles,Organic,1,2022-12-14
3176,Charles,Adams,toddtracey@example.net,(647)640-7943,Male,1970-10-26,2025-03-27,Canada,Ontario,Toronto,Partner,1,2025-03-27
3177,Daniel,Maddox,nicholas61@example.net,(921)832-3929x5019,Male,1960-01-22,2023-03-30,Germany,Bavaria,Munich,Paid Ad,1,2023-03-30
3178,Kathryn,Taylor,myersmelissa@example.net,001-508-572-6705x119,Other,2004-12-29,2025-11-28,Canada,Ontario,Toronto,Paid Ad,1,2025-11-28
3179,Bryan,Smith,courtney16@example.net,229.719.3042x0185,Other,1964-03-10,2023-04-05,India,Maharashtra,Mumbai,Referral,1,2023-04-05
3180,Jeremy,Miller,wwiley@example.com,322.241.2865x0384,Male,1960-10-16,2023-02-27,UK,England,London,Email Campaign,1,2023-02-27
3181,Erica,Gomez,erikbaker@example.org,001-444-240-6615x922,Male,2002-02-13,2022-01-30,USA,California,Los Angeles,Organic,1,2022-01-30
3182,Travis,Cruz,lori61@example.net,482.355.9143,Female,1997-11-10,2021-01-22,USA,Texas,Houston,Social Media,1,2021-01-22
3183,Jeanette,Jackson,nicholas05@example.org,520.780.8617x80871,Female,1967-07-30,2021-10-22,Germany,Bavaria,Munich,Referral,1,2021-10-22
3184,April,Parker,edwardbaker@example.org,001-957-203-6595x925,Male,1981-10-23,2026-07-26,Australia,NSW,Sydney,Referral,1,2026-07-26
3185,Jacob,Dyer,carolynlyons@example.net,(399)881-1721x37026,Other,1981-08-19,2026-04-25,Germany,Bavaria,Munich,Paid Ad,1,2026-04-25
3186,Paul,Vaughn,lisabrown@example.org,001-541-402-6210x8308,Male,1956-09-11,2022-07-19,India,Karnataka,Bengaluru,Social Media,1,2022-07-19
3187,Kristen,Gillespie,torresjeremy@example.org,001-438-541-5311,Male,1958-07-21,2025-03-21,UK,England,London,Email Campaign,1,2025-03-21
3188,Lynn,Miller,ithomas@example.net,828.277.1304x2387,Other,1995-01-05,2022-06-05,USA,New York,New York City,Paid Ad,1,2022-06-05
3189,Adam,Figueroa,vli@example.com,+1-764-527-7097x852,Female,2000-05-04,2022-04-29,USA,New York,New York City,Referral,1,2022-04-29
3190,Kayla,Williamson,lopezalexandra@example.com,731-674-4851,Male,1970-08-11,2024-09-17,USA,California,Los Angeles,Referral,0,2024-09-17
3191,George,Walker,jonathan25@example.net,-1724,Female,1979-03-24,2023-10-27,India,Tamil Nadu,Chennai,Partner,1,2023-10-27
3192,Wendy,Mcclain,uhill@example.org,959-496-4608,Male,1999-05-27,2021-10-06,India,Karnataka,Bengaluru,Paid Ad,0,2021-10-06
3193,Matthew,Porter,vmcpherson@example.org,381.276.8353x24781,Other,2000-08-09,2023-09-16,USA,New York,New York City,Email Campaign,1,2023-09-16
3194,Elizabeth,Wilson,mhernandez@example.net,001-374-746-9316,Female,1991-08-21,2024-07-02,Australia,NSW,Sydney,Email Campaign,1,2024-07-02
3195,Charles,Roberts,reevesandrew@example.org,+1-844-351-9649x2306,Other,2000-10-06,2022-03-31,USA,California,Los Angeles,Social Media,1,2022-03-31
3196,Shirley,Smith,ydelgado@example.net,925-524-6719x3064,Male,1992-02-24,2021-05-03,India,Tamil Nadu,Chennai,Paid Ad,0,2021-05-03
3197,Angel,Rice,james89@example.net,524.535.9513,Male,1959-05-17,2023-12-05,UK,England,London,Paid Ad,0,2023-12-05
3198,Jennifer,Ortiz,rebecca32@example.org,(946)593-5516,Male,1990-07-11,2022-07-25,USA,California,Los Angeles,Email Campaign,0,2022-07-25
3199,Tyler,Colon,whogan@example.org,839-771-8884x2716,Male,1977-10-08,2021-09-13,India,Karnataka,Bengaluru,Social Media,0,2021-09-13
3200,Sarah,Howard,kristinetrevino@example.org,840.834.7696x45440,Female,1983-02-24,2021-05-25,USA,New York,New York City,Organic,1,2021-05-25
3201,Brooke,Luna,matthewmartin@example.org,(593)208-0118x7213,Other,2004-06-24,2021-11-27,UK,England,London,Social Media,0,2021-11-27
3202,Barry,Johnson,tammy57@example.org,+1-838-661-6018x61913,Other,2007-06-10,2024-01-14,USA,Texas,Houston,Organic,1,2024-01-14
3203,Hannah,Watkins,caseymichael@example.org,940.647.7350x31884,Female,1959-02-05,2021-05-26,USA,New York,New York City,Email Campaign,0,2021-05-26
3204,Jeffrey,Martin,michael33@example.com,(302)535-2179x21182,Female,1957-02-26,2024-12-05,India,Maharashtra,Mumbai,Social Media,0,2024-12-05
3205,Jackie,Jones,shawnbishop@example.com,+1-281-647-9605x6233,Male,1980-01-07,2023-07-22,India,Tamil Nadu,Chennai,Organic,1,2023-07-22
3206,Joyce,Zimmerman,gpowell@example.net,943-546-4582x95463,Other,1968-11-12,2023-03-15,USA,California,Los Angeles,Email Campaign,1,2023-03-15
3207,Sharon,Williams,nelsoncory@example.net,(623)242-5301x2819,Other,1995-07-26,2021-03-16,UK,England,London,Social Media,1,2021-03-16
3208,Daniel,Taylor,dennis78@example.org,-8053,Female,1958-01-23,2025-05-05,USA,California,Los Angeles,Partner,0,2025-05-05
3209,Benjamin,Green,daniellewells@example.com,001-451-443-5355x462,Other,1991-10-21,2025-10-27,USA,Texas,Houston,Social Media,1,2025-10-27
3210,Nicole,Turner,dhughes@example.net,349.709.1261x9358,Male,1961-01-26,2022-07-19,Australia,NSW,Sydney,Social Media,1,2022-07-19
3211,Colin,Hartman,cindy40@example.org,689-765-6084x6954,Female,2003-09-24,2025-02-15,USA,New York,New York City,Referral,1,2025-02-15
3212,Julie,Stein,xrosario@example.com,(212)334-0015x22904,Male,1974-08-24,2025-11-24,India,Karnataka,Bengaluru,Referral,0,2025-11-24
3213,Timothy,Martin,george12@example.net,472-420-9434,Other,1957-01-01,2022-01-12,India,Maharashtra,Mumbai,Organic,1,2022-01-12
3214,Sandra,Phillips,nunezamy@example.com,978.573.4137x230,Other,1972-06-03,2025-08-19,India,Maharashtra,Mumbai,Email Campaign,1,2025-08-19
3215,Cory,Lewis,masonsteven@example.net,789.353.5258x5355,Male,1972-05-25,2021-07-07,Germany,Bavaria,Munich,Partner,1,2021-07-07
3216,Daniel,Carter,snoble@example.org,-1998,Male,1978-04-18,2021-08-21,India,Maharashtra,Mumbai,Organic,1,2021-08-21
3217,Jose,Wilson,kevin25@example.net,001-309-769-3375x790,Male,2006-05-24,2025-12-02,USA,Texas,Houston,Paid Ad,0,2025-12-02
3218,Susan,Rice,parrishjames@example.com,645.945.0529x65370,Female,1977-06-26,2024-07-10,USA,California,Los Angeles,Email Campaign,0,2024-07-10
3219,Wayne,Brown,stacey68@example.org,905-218-3440x27554,Male,1962-04-21,2024-04-12,India,Maharashtra,Mumbai,Email Campaign,0,2024-04-12
3220,Joshua,Mcclure,andrew36@example.net,268.634.0211,Other,1974-01-13,2026-05-15,UK,England,London,Organic,1,2026-05-15
3221,Karen,Stone,paul65@example.org,893-209-6663x4916,Female,1975-07-09,2021-11-09,USA,New York,New York City,Email Campaign,0,2021-11-09
3222,Marcus,Cole,melissaandrews@example.com,(454)336-2331x931,Other,1993-10-14,2026-07-21,India,Maharashtra,Mumbai,Partner,0,2026-07-21
3223,Angela,Wilson,robinsontracy@example.org,001-980-207-7898x1968,Female,1992-06-20,2023-06-22,India,Karnataka,Bengaluru,Partner,1,2023-06-22
3224,Robert,Cruz,ghicks@example.com,531.365.0983,Other,1990-11-22,2025-02-11,India,Tamil Nadu,Chennai,Paid Ad,1,2025-02-11
3225,Tracy,Kramer,rodriguezroberta@example.org,(943)593-4698x984,Female,1983-01-06,2024-01-01,India,Maharashtra,Mumbai,Partner,1,2024-01-01
3226,Julian,Watkins,merediththompson@example.com,001-280-515-3584x9620,Male,1965-05-18,2022-03-04,Australia,NSW,Sydney,Paid Ad,0,2022-03-04
3227,Jeffrey,Martin,durhamcharlene@example.com,+1-786-301-7385x55550,Female,1988-11-18,2026-06-15,UK,England,London,Organic,1,2026-06-15
3228,Christopher,Padilla,ycharles@example.org,326-362-4436x7704,Other,1956-07-19,2022-07-16,India,Maharashtra,Mumbai,Referral,0,2022-07-16
3229,Billy,Welch,dawnlong@example.com,+1-413-759-7489x564,Male,1963-08-30,2023-05-14,India,Tamil Nadu,Chennai,Paid Ad,1,2023-05-14
3230,Matthew,Lewis,lfreeman@example.org,5535725656,Male,1982-01-11,2021-05-27,USA,Texas,Houston,Partner,0,2021-05-27
3231,Stephanie,Lee,amy91@example.net,4009024201,Male,1980-03-15,2026-02-02,Canada,Ontario,Toronto,Organic,1,2026-02-02
3232,Latoya,Price,iewing@example.com,+1-695-478-7441x12848,Female,1960-08-29,2021-05-19,Canada,Ontario,Toronto,Paid Ad,1,2021-05-19
3233,Teresa,Thompson,oking@example.org,594-804-7891,Female,1981-02-20,2025-04-23,Germany,Bavaria,Munich,Organic,1,2025-04-23
3234,Samuel,Mccoy,katherine89@example.net,+1-712-263-8279x4145,Other,1987-01-03,2024-02-18,USA,California,Los Angeles,Social Media,0,2024-02-18
3235,John,Hubbard,patriciamorrison@example.net,603.982.4298x5270,Female,1988-12-08,2021-03-19,Canada,Ontario,Toronto,Social Media,0,2021-03-19
3236,Jesse,Torres,sherry63@example.net,264-374-9659x1311,Male,2006-01-01,2021-07-01,Canada,Ontario,Toronto,Referral,1,2021-07-01
3237,Nathan,Monroe,irwincolleen@example.org,(895)288-1236x886,Other,1982-08-23,2023-01-26,UK,England,London,Social Media,0,2023-01-26
3238,Angela,Thompson,joelwatson@example.org,795.922.5494,Other,1956-09-23,2021-08-03,Australia,NSW,Sydney,Paid Ad,1,2021-08-03
3239,Christopher,Morales,brownmarissa@example.org,001-432-547-0730x81414,Male,1978-12-21,2024-11-25,USA,California,Los Angeles,Email Campaign,1,2024-11-25
3240,Samuel,Hill,erin51@example.com,001-333-701-6548x76578,Other,1994-10-02,2023-12-12,India,Karnataka,Bengaluru,Referral,1,2023-12-12
3241,Charles,Myers,matthew17@example.org,-4885,Other,1971-10-27,2024-10-28,USA,California,Los Angeles,Email Campaign,0,2024-10-28
3242,Timothy,Randall,lisamartinez@example.net,253-719-6516x4418,Other,1969-11-30,2025-10-18,UK,England,London,Partner,0,2025-10-18
3243,Alex,Stone,aprilmorton@example.org,+1-894-720-7961x99097,Other,1994-11-05,2022-03-24,USA,California,Los Angeles,Social Media,1,2022-03-24
3244,Heather,Perez,hawkinsvictor@example.net,878.915.7491x67165,Female,1958-04-23,2026-03-14,India,Tamil Nadu,Chennai,Email Campaign,1,2026-03-14
3245,Barbara,Lam,ivasquez@example.net,616-282-0385x28579,Male,1959-03-16,2023-12-02,Germany,Bavaria,Munich,Social Media,1,2023-12-02
3246,Michelle,Gould,sarah15@example.org,(989)585-1188x1167,Male,1970-02-11,2023-09-03,Canada,Ontario,Toronto,Organic,0,2023-09-03
3247,Vanessa,Hansen,darryl49@example.com,(675)471-6954x02313,Male,1992-02-01,2024-01-29,India,Tamil Nadu,Chennai,Referral,1,2024-01-29
3248,Ann,Austin,wmatthews@example.com,639-757-0016,Female,1959-03-11,2024-04-26,Australia,NSW,Sydney,Email Campaign,0,2024-04-26
3249,Dustin,Oconnor,thompsonapril@example.com,-9242,Other,1970-04-12,2021-06-08,UK,England,London,Paid Ad,1,2021-06-08
3250,Audrey,Baxter,joanhenderson@example.net,(325)295-3762,Other,1994-02-04,2024-01-06,India,Karnataka,Bengaluru,Paid Ad,1,2024-01-06
3251,Andrea,Ward,jenniferanderson@example.org,9665754905,Male,2006-10-05,2021-02-20,Germany,Bavaria,Munich,Paid Ad,1,2021-02-20
3252,John,Morris,thomasscott@example.net,6883306829,Female,2001-01-14,2024-08-07,Germany,Bavaria,Munich,Referral,1,2024-08-07
3253,Sandra,Williams,lfreeman@example.com,(279)219-1637,Male,1969-12-26,2026-03-11,Canada,Ontario,Toronto,Social Media,0,2026-03-11
3254,Renee,Thomas,heatherschmidt@example.net,-11627,Male,1957-10-10,2026-03-26,USA,California,Los Angeles,Paid Ad,1,2026-03-26
3255,Cesar,Contreras,gina44@example.org,502-899-3210,Female,1980-09-16,2023-06-12,Canada,Ontario,Toronto,Organic,1,2023-06-12
3256,Melissa,Montoya,chapmanyolanda@example.com,001-642-570-9831x81803,Female,1957-04-05,2021-11-22,Germany,Bavaria,Munich,Email Campaign,0,2021-11-22
3257,Stephen,Turner,nicolerandolph@example.net,350-982-7598x6858,Male,1970-07-22,2024-07-10,Australia,NSW,Sydney,Social Media,1,2024-07-10
3258,Andrea,Haynes,robert74@example.net,(223)628-6425,Female,1977-04-23,2023-11-23,USA,Texas,Houston,Paid Ad,1,2023-11-23
3259,Susan,Davis,ycarter@example.com,-7113,Male,1960-02-16,2022-06-06,Canada,Ontario,Toronto,Partner,1,2022-06-06
3260,Ryan,Johnson,mooredana@example.net,381-216-0762,Other,1986-09-07,2022-08-25,USA,Texas,Houston,Partner,1,2022-08-25
3261,Lisa,Bishop,rileywhite@example.com,-3029,Male,1959-04-19,2023-08-12,USA,California,Los Angeles,Partner,0,2023-08-12
3262,Austin,Vargas,jonathan29@example.com,001-440-656-8642x9617,Other,1997-08-25,2023-01-25,USA,California,Los Angeles,Email Campaign,0,2023-01-25
3263,Katherine,Solomon,lindaleonard@example.org,689.670.6044x62037,Male,1994-06-24,2024-07-23,Canada,Ontario,Toronto,Email Campaign,0,2024-07-23
3264,Thomas,Ray,estradaerin@example.org,821-842-1140x7813,Other,1999-03-29,2021-09-07,India,Maharashtra,Mumbai,Paid Ad,0,2021-09-07
3265,Carla,Petersen,simpsonjames@example.org,001-942-271-3424,Other,1977-10-05,2021-03-08,India,Tamil Nadu,Chennai,Paid Ad,0,2021-03-08
3266,Rachel,Wade,davidanderson@example.net,316.640.0489x524,Other,1967-06-24,2021-07-03,Australia,NSW,Sydney,Referral,1,2021-07-03
3267,Juan,Wall,roy66@example.org,+1-971-780-1206x335,Male,1989-06-14,2022-03-24,India,Karnataka,Bengaluru,Email Campaign,0,2022-03-24
3268,Cheyenne,Woods,carla56@example.com,(564)666-7667x491,Other,1992-12-11,2022-04-09,Canada,Ontario,Toronto,Organic,1,2022-04-09
3269,Dakota,Stark,regina32@example.com,001-822-316-4532x44214,Female,1956-05-28,2023-04-16,India,Maharashtra,Mumbai,Email Campaign,1,2023-04-16
3270,Justin,Palmer,sheryl00@example.com,319.583.6514x69059,Male,1981-03-19,2025-08-31,India,Karnataka,Bengaluru,Partner,0,2025-08-31
3271,Michael,Harvey,johnsonstephen@example.net,741.208.0750,Male,1990-07-29,2024-03-05,UK,England,London,Organic,1,2024-03-05
3272,Susan,Duarte,rebecca51@example.org,(540)329-4220x85950,Female,1963-05-22,2025-01-15,India,Karnataka,Bengaluru,Social Media,1,2025-01-15
3273,Katherine,Huff,matthew95@example.net,+1-759-524-1971x665,Female,1975-10-19,2026-04-12,India,Karnataka,Bengaluru,Email Campaign,1,2026-04-12
3274,Brandon,Gardner,brewerkatie@example.org,(880)332-5383,Female,2002-02-27,2022-10-19,USA,California,Los Angeles,Organic,1,2022-10-19
3275,Joseph,Serrano,harrisoneric@example.org,+1-465-814-8111x4687,Other,1961-10-30,2022-09-07,India,Tamil Nadu,Chennai,Organic,1,2022-09-07
3276,Tristan,Mendoza,davidclark@example.com,(303)455-9967x313,Female,1961-12-02,2023-05-17,USA,New York,New York City,Email Campaign,1,2023-05-17
3277,Linda,Stokes,cordovapriscilla@example.org,734-566-6291x3621,Male,1987-02-09,2024-11-10,Australia,NSW,Sydney,Social Media,0,2024-11-10
3278,Stephanie,Scott,ssmith@example.com,001-512-505-8498x4475,Other,1978-04-08,2021-05-14,Germany,Bavaria,Munich,Partner,1,2021-05-14
3279,Bryan,Mendoza,morsemelissa@example.org,(233)236-9417x518,Other,1979-06-21,2025-04-10,USA,Texas,Houston,Organic,0,2025-04-10
3280,Michael,Richardson,matthewmurphy@example.net,001-238-768-6123x5879,Other,1955-12-12,2023-07-09,USA,New York,New York City,Email Campaign,1,2023-07-09
3281,Lisa,Williams,olsondavid@example.com,+1-485-863-6667x31396,Other,1968-10-19,2025-09-09,Germany,Bavaria,Munich,Partner,0,2025-09-09
3282,Amy,Ellis,tracy11@example.org,643-459-3939,Other,2003-05-09,2021-07-30,USA,New York,New York City,Social Media,1,2021-07-30
3283,Valerie,Hunt,reneepatel@example.net,456-959-6040,Female,1970-08-19,2025-12-12,Australia,NSW,Sydney,Paid Ad,0,2025-12-12
3284,Steven,Rocha,framirez@example.org,657.482.9924,Male,1967-12-29,2024-04-15,India,Maharashtra,Mumbai,Paid Ad,1,2024-04-15
3285,Mark,Williams,jason93@example.net,496.506.2638,Male,1988-07-30,2025-01-22,India,Maharashtra,Mumbai,Social Media,0,2025-01-22
3286,Carol,Richards,vnielsen@example.net,+1-774-454-5603x18686,Other,1980-11-14,2022-04-18,India,Karnataka,Bengaluru,Referral,0,2022-04-18
3287,Margaret,Wiley,weissgregory@example.net,(645)348-2771x95911,Female,1999-08-15,2025-08-07,Canada,Ontario,Toronto,Organic,1,2025-08-07
3288,Jeremy,Evans,lruiz@example.org,288-444-0147,Female,2007-01-04,2021-11-10,India,Karnataka,Bengaluru,Partner,1,2021-11-10
3289,Christopher,Vargas,prodriguez@example.org,(688)728-4427x180,Female,1972-12-25,2023-08-02,Canada,Ontario,Toronto,Social Media,1,2023-08-02
3290,Savannah,Bray,darrell17@example.com,001-947-256-3651x83704,Other,1993-04-16,2022-05-29,India,Maharashtra,Mumbai,Referral,1,2022-05-29
3291,James,Chavez,riosfrank@example.org,(782)312-0358x1397,Other,1988-09-11,2022-07-20,UK,England,London,Paid Ad,0,2022-07-20
3292,Meredith,Mccullough,swalters@example.com,(324)705-5897x235,Female,1996-10-22,2024-10-31,India,Tamil Nadu,Chennai,Organic,1,2024-10-31
3293,Michael,Sweeney,cherylolson@example.org,(659)484-5855,Female,1964-01-25,2025-08-01,USA,New York,New York City,Email Campaign,1,2025-08-01
3294,Benjamin,Phillips,ymahoney@example.net,729-589-6733,Other,1979-11-15,2026-07-18,USA,Texas,Houston,Referral,1,2026-07-18
3295,Megan,Patterson,dustinwilliams@example.net,471-795-5763,Male,1990-02-10,2026-02-03,USA,Texas,Houston,Referral,1,2026-02-03
3296,David,Nash,chadbailey@example.com,+1-874-886-3747x0303,Female,1968-08-08,2025-09-11,USA,New York,New York City,Email Campaign,1,2025-09-11
3297,Michele,Simmons,andersoncourtney@example.com,875-784-0531,Male,1984-08-27,2022-02-18,Canada,Ontario,Toronto,Organic,1,2022-02-18
3298,Ian,Hunter,steventanner@example.org,9342105882,Other,2000-04-01,2021-04-09,UK,England,London,Referral,0,2021-04-09
3299,Nathan,Woods,emily97@example.com,500-697-0644x07125,Other,2007-01-08,2022-06-27,USA,New York,New York City,Email Campaign,0,2022-06-27
3300,Daniel,Nguyen,connie24@example.net,3273820158,Female,1967-11-07,2025-09-26,UK,England,London,Referral,1,2025-09-26
3301,Anthony,Palmer,brookelee@example.org,001-869-251-5223x45089,Other,1992-02-19,2023-09-16,UK,England,London,Paid Ad,1,2023-09-16
3302,Sarah,Glover,tracyfarley@example.com,(270)780-6060x5064,Female,1960-10-07,2024-10-11,USA,New York,New York City,Email Campaign,0,2024-10-11
3303,Amber,Thompson,andrew14@example.net,307-990-4389x353,Other,1965-10-14,2022-03-18,Germany,Bavaria,Munich,Organic,0,2022-03-18
3304,Dwayne,Roberts,bellelizabeth@example.org,(341)413-4148,Female,1977-09-10,2024-12-24,USA,New York,New York City,Social Media,0,2024-12-24
3305,Andrea,Anderson,swood@example.org,627-738-3968x85606,Female,1995-09-29,2025-11-20,Canada,Ontario,Toronto,Social Media,1,2025-11-20
3306,William,Abbott,mwilliams@example.org,395-479-9659,Other,2006-11-22,2023-01-22,USA,Texas,Houston,Email Campaign,1,2023-01-22
3307,John,Burgess,lori94@example.net,607.284.5784,Male,1994-09-02,2021-12-10,Australia,NSW,Sydney,Organic,1,2021-12-10
3308,Gary,Christensen,castillonancy@example.org,865-302-8601x1837,Other,1957-05-19,2025-02-24,Germany,Bavaria,Munich,Partner,0,2025-02-24
3309,Charles,Mccullough,nealkatelyn@example.com,501.410.4708x44445,Female,1974-03-18,2025-04-03,Canada,Ontario,Toronto,Social Media,0,2025-04-03
3310,Terry,Davis,hartkristen@example.org,409-345-2658,Male,1977-04-04,2024-02-19,USA,Texas,Houston,Referral,1,2024-02-19
3311,Michael,Evans,athompson@example.org,6885887641,Female,1979-12-22,2026-07-14,India,Tamil Nadu,Chennai,Organic,1,2026-07-14
3312,Sean,Moore,mark69@example.net,+1-431-949-3548x81073,Female,1977-10-07,2025-10-14,Germany,Bavaria,Munich,Paid Ad,0,2025-10-14
3313,Sandra,Dawson,garzatina@example.net,4377773110,Male,1992-04-18,2024-07-28,UK,England,London,Referral,1,2024-07-28
3314,James,Gibson,michele93@example.org,985-415-1494x00746,Female,1967-10-03,2023-05-13,USA,California,Los Angeles,Email Campaign,0,2023-05-13
3315,Stephen,Dean,garciatanya@example.org,907-260-5955,Male,1969-01-18,2024-07-11,India,Tamil Nadu,Chennai,Paid Ad,0,2024-07-11
3316,Miguel,Schwartz,tsullivan@example.com,932.554.9660x7028,Male,2006-03-18,2022-11-10,India,Tamil Nadu,Chennai,Paid Ad,1,2022-11-10
3317,Laura,Combs,andreaward@example.org,(416)962-9668,Female,1967-11-02,2026-06-17,India,Tamil Nadu,Chennai,Referral,1,2026-06-17
3318,Gary,Elliott,valdezjoseph@example.com,-1987,Female,2007-11-11,2024-03-27,USA,Texas,Houston,Email Campaign,1,2024-03-27
3319,Chad,Jones,jacobjohnson@example.com,221-679-5348x5645,Other,1972-04-02,2023-08-07,USA,New York,New York City,Paid Ad,1,2023-08-07
3320,Gary,Johnson,gail41@example.com,216.564.1700,Male,1967-04-24,2022-01-29,USA,Texas,Houston,Email Campaign,1,2022-01-29
3321,Brenda,Scott,ibaker@example.org,(706)860-5808,Male,1987-03-01,2022-11-23,Australia,NSW,Sydney,Email Campaign,1,2022-11-23
3322,Adam,Anderson,burtonbrett@example.net,407.424.2075x30877,Male,1975-10-22,2023-03-11,USA,California,Los Angeles,Social Media,1,2023-03-11
3323,Carmen,Hampton,ogalvan@example.com,+1-758-660-1500x858,Male,1986-03-14,2025-02-22,USA,California,Los Angeles,Paid Ad,0,2025-02-22
3324,Jennifer,Norris,carlos79@example.org,927-319-5261,Other,1982-11-28,2025-10-13,Germany,Bavaria,Munich,Social Media,1,2025-10-13
3325,Thomas,Wade,swagner@example.net,001-572-401-6485x4713,Female,1991-01-01,2022-06-01,Australia,NSW,Sydney,Paid Ad,1,2022-06-01
3326,Angela,Haynes,jclark@example.org,300.743.6256,Female,1968-09-24,2022-05-07,USA,New York,New York City,Social Media,1,2022-05-07
3327,Julie,Luna,adrianhawkins@example.org,-1065,Male,2000-03-11,2023-12-14,Canada,Ontario,Toronto,Referral,1,2023-12-14
3328,Austin,Novak,armstrongjulia@example.org,(318)693-2986x5366,Female,1974-08-10,2022-04-23,India,Tamil Nadu,Chennai,Organic,1,2022-04-23
3329,Elizabeth,Tran,dhansen@example.org,343.461.2514x261,Female,1972-03-21,2021-11-01,India,Maharashtra,Mumbai,Referral,0,2021-11-01
3330,Mark,Klein,moorelaura@example.net,+1-933-787-3006x032,Female,2005-11-29,2024-10-05,Australia,NSW,Sydney,Social Media,0,2024-10-05
3331,Jeremy,Newton,vrichardson@example.net,001-741-608-9452x072,Other,1995-02-26,2021-10-31,Australia,NSW,Sydney,Partner,1,2021-10-31
3332,James,Cruz,heather33@example.org,001-684-655-2255,Female,1998-08-07,2021-06-07,India,Karnataka,Bengaluru,Organic,0,2021-06-07
3333,Gary,Peterson,greenpatricia@example.com,001-732-855-8613x3330,Male,1960-12-24,2024-07-24,Australia,NSW,Sydney,Email Campaign,0,2024-07-24
3334,Paula,Santana,milleremily@example.net,472.336.7908,Male,2005-10-22,2021-02-02,USA,California,Los Angeles,Referral,0,2021-02-02
3335,Judith,Wood,jodyhernandez@example.org,918-590-9830,Male,2002-08-14,2025-03-21,Germany,Bavaria,Munich,Partner,0,2025-03-21
3336,Jamie,Burke,lopezlinda@example.net,898-360-2082,Female,1984-08-16,2023-12-23,India,Maharashtra,Mumbai,Referral,0,2023-12-23
3337,Joseph,Harris,sandra86@example.org,-2510,Other,1990-08-20,2023-02-06,Canada,Ontario,Toronto,Social Media,1,2023-02-06
3338,Lori,Graham,ellisangela@example.net,7248464423,Male,1970-02-10,2022-06-24,India,Tamil Nadu,Chennai,Partner,1,2022-06-24
3339,Joshua,Vaughn,ginaruiz@example.org,001-207-354-2248,Male,1971-09-02,2023-05-28,USA,New York,New York City,Social Media,1,2023-05-28
3340,Paul,Ray,mallorylee@example.net,+1-215-596-5866x814,Other,1999-12-16,2026-07-03,USA,New York,New York City,Email Campaign,1,2026-07-03
3341,Amber,King,sylvia53@example.com,393.326.3345x708,Male,2004-07-18,2022-12-31,India,Maharashtra,Mumbai,Social Media,0,2022-12-31
3342,Michael,Collier,frussell@example.net,346-265-8490x8957,Other,1981-04-30,2025-04-07,India,Tamil Nadu,Chennai,Email Campaign,0,2025-04-07
3343,Patrick,Davis,mcmillangarrett@example.org,+1-759-260-6585x5229,Female,1987-04-10,2024-11-29,India,Maharashtra,Mumbai,Email Campaign,1,2024-11-29
3344,Kevin,Lewis,phamjoseph@example.net,486-818-1745x7576,Male,1990-03-26,2024-05-14,USA,Texas,Houston,Paid Ad,1,2024-05-14
3345,Laura,George,reidrhonda@example.net,+1-673-503-6590x77467,Other,1966-01-19,2026-07-01,Canada,Ontario,Toronto,Social Media,0,2026-07-01
3346,Sarah,Knight,vbrown@example.com,4139334317,Other,1992-10-15,2025-01-02,Germany,Bavaria,Munich,Social Media,0,2025-01-02
3347,Cindy,Henderson,colinpetty@example.com,740.426.1015,Male,1975-11-27,2022-01-31,India,Tamil Nadu,Chennai,Organic,1,2022-01-31
3348,Rebecca,Clark,williamsjacqueline@example.net,001-457-278-8462x054,Female,1995-06-11,2025-09-15,India,Tamil Nadu,Chennai,Paid Ad,1,2025-09-15
3349,Christopher,Stone,lgolden@example.com,(663)940-1881,Male,1998-08-31,2025-10-07,India,Maharashtra,Mumbai,Referral,1,2025-10-07
3350,Scott,Scott,underwoodhaley@example.org,415.913.1948x288,Other,1977-09-13,2024-07-30,Canada,Ontario,Toronto,Organic,1,2024-07-30
3351,Jeffery,Clark,ryan57@example.net,588-968-3547,Other,1970-11-04,2025-06-19,India,Karnataka,Bengaluru,Referral,1,2025-06-19
3352,Steven,Collins,qlopez@example.net,001-879-931-9807x1233,Other,1982-11-19,2026-06-27,Canada,Ontario,Toronto,Social Media,0,2026-06-27
3353,Gabriela,Ramsey,michael23@example.com,799.877.0414,Female,1960-02-24,2021-04-29,India,Maharashtra,Mumbai,Paid Ad,1,2021-04-29
3354,Ralph,Lee,michealwalton@example.org,(632)487-7554x8400,Female,1959-04-21,2023-06-01,Australia,NSW,Sydney,Organic,1,2023-06-01
3355,Adam,Sampson,hgarza@example.net,476-901-9666x79399,Female,2004-08-27,2024-08-16,Australia,NSW,Sydney,Partner,1,2024-08-16
3356,Emily,Lee,parrishjanet@example.com,001-289-909-7892,Female,1990-08-18,2025-08-12,India,Karnataka,Bengaluru,Social Media,0,2025-08-12
3357,Jessica,Hunt,staceylyons@example.net,501-336-2408,Female,1988-01-06,2025-06-21,UK,England,London,Organic,1,2025-06-21
3358,Kristy,Hernandez,zgreen@example.com,645-263-2250x5467,Other,1995-07-26,2026-06-12,India,Tamil Nadu,Chennai,Referral,1,2026-06-12
3359,Patricia,Lane,timothy20@example.org,(689)423-4371,Female,2000-10-19,2021-07-06,India,Karnataka,Bengaluru,Social Media,0,2021-07-06
3360,Justin,Lowe,mccormickjohn@example.net,824.792.8840x969,Other,1981-10-07,2023-06-26,UK,England,London,Referral,0,2023-06-26
3361,Allison,Preston,courtneyedwards@example.org,(220)772-1598,Other,1976-01-27,2023-04-25,Australia,NSW,Sydney,Organic,0,2023-04-25
3362,Gregory,White,tyler03@example.org,+1-813-637-8006x8409,Male,2007-12-10,2024-09-12,Germany,Bavaria,Munich,Email Campaign,1,2024-09-12
3363,Eddie,Nicholson,mark07@example.net,001-632-300-8224,Other,1967-05-13,2021-03-23,Australia,NSW,Sydney,Organic,1,2021-03-23
3364,Courtney,Bridges,huntlouis@example.com,6413936406,Other,1975-07-25,2022-01-05,UK,England,London,Paid Ad,1,2022-01-05
3365,Daniel,Oneal,hunterroberts@example.org,+1-429-750-1023x23213,Other,2004-10-23,2021-09-17,India,Karnataka,Bengaluru,Organic,1,2021-09-17
3366,Mary,Shannon,tina73@example.com,2223149161,Female,1987-06-29,2023-05-13,Australia,NSW,Sydney,Email Campaign,0,2023-05-13
3367,Melanie,Morgan,tamarasmith@example.net,984.328.1435x1941,Other,1981-06-10,2022-10-06,India,Maharashtra,Mumbai,Social Media,1,2022-10-06
3368,John,Beck,rodriguezjoshua@example.org,001-216-870-1410x4882,Male,1969-08-12,2024-04-03,India,Maharashtra,Mumbai,Paid Ad,0,2024-04-03
3369,Michael,Farley,sotochristina@example.org,+1-427-236-5293x9725,Male,1995-02-07,2025-08-21,India,Karnataka,Bengaluru,Email Campaign,1,2025-08-21
3370,Dana,Gray,dwatts@example.net,001-516-271-2794x401,Male,1974-02-27,2021-02-25,India,Maharashtra,Mumbai,Organic,1,2021-02-25
3371,Barbara,Anderson,johnburgess@example.com,001-897-307-3068x68878,Other,1986-02-24,2022-02-24,Australia,NSW,Sydney,Social Media,1,2022-02-24
3372,Sheri,Bryan,lorithomas@example.net,(740)240-2616x684,Male,1961-01-08,2021-06-23,Canada,Ontario,Toronto,Paid Ad,1,2021-06-23
3373,Laura,Goodman,gabrielsalinas@example.com,619.906.0459x82781,Male,2007-06-08,2021-04-10,India,Tamil Nadu,Chennai,Partner,0,2021-04-10
3374,Matthew,Newton,cheyenne71@example.com,(591)526-9815,Female,1970-01-18,2021-05-19,India,Maharashtra,Mumbai,Partner,1,2021-05-19
3375,Yesenia,Perez,lisa09@example.net,(269)478-8331,Other,2003-12-02,2025-03-28,USA,New York,New York City,Social Media,0,2025-03-28
3376,Sherri,Gordon,bradleycox@example.com,798-303-4405x85659,Male,1986-08-28,2024-01-11,USA,Texas,Houston,Organic,1,2024-01-11
3377,Thomas,Scott,kimberlytownsend@example.org,344-492-0954x554,Male,1995-09-10,2025-08-29,USA,New York,New York City,Organic,1,2025-08-29
3378,Jason,Davenport,koneal@example.com,001-744-922-8329,Male,2008-03-02,2022-09-14,Australia,NSW,Sydney,Partner,1,2022-09-14
3379,Kenneth,Gonzales,afigueroa@example.com,+1-555-409-4786x416,Male,1982-07-16,2025-05-22,Germany,Bavaria,Munich,Email Campaign,1,2025-05-22
3380,Samantha,Smith,jennifer92@example.com,521-318-9462,Female,2006-09-04,2024-08-18,India,Tamil Nadu,Chennai,Email Campaign,0,2024-08-18
3381,Ryan,Orozco,maria56@example.org,+1-863-600-4335x9015,Female,1956-05-18,2024-05-22,USA,California,Los Angeles,Social Media,1,2024-05-22
3382,Elizabeth,Soto,jennifer94@example.org,767-935-9283x962,Female,2001-10-28,2022-02-13,India,Maharashtra,Mumbai,Partner,1,2022-02-13
3383,Jose,Garcia,bmartinez@example.com,(865)376-4063x36558,Female,1979-06-07,2026-04-15,Germany,Bavaria,Munich,Paid Ad,1,2026-04-15
3384,Christopher,Henderson,ystevens@example.net,692.549.6234,Male,1978-02-17,2022-01-17,UK,England,London,Social Media,0,2022-01-17
3385,Samantha,Gordon,christopher62@example.net,237.394.7741x73336,Female,1958-07-12,2024-02-15,Australia,NSW,Sydney,Paid Ad,1,2024-02-15
3386,Terry,Medina,xwoods@example.net,3538450358,Female,1991-05-08,2023-09-29,Australia,NSW,Sydney,Organic,0,2023-09-29
3387,Lindsay,Alvarado,cheryl80@example.net,+1-861-684-6487x60857,Female,1978-06-13,2025-06-01,Canada,Ontario,Toronto,Email Campaign,1,2025-06-01
3388,Mary,Harris,mwalter@example.net,(342)486-6227,Male,1960-04-29,2026-01-27,USA,New York,New York City,Email Campaign,1,2026-01-27
3389,Jeffrey,Hughes,tina67@example.org,+1-906-807-2772x365,Male,1959-09-10,2025-06-16,USA,California,Los Angeles,Social Media,1,2025-06-16
3390,Jonathan,Hale,zgomez@example.net,616.740.2261x2349,Other,1994-03-29,2026-05-07,India,Karnataka,Bengaluru,Organic,0,2026-05-07
3391,Grant,Norris,gibsonjoseph@example.net,(761)948-1099,Male,1982-11-20,2024-09-23,India,Tamil Nadu,Chennai,Partner,0,2024-09-23
3392,Chad,Hoffman,apriljuarez@example.com,7335156670,Other,1999-06-02,2022-01-26,USA,New York,New York City,Referral,1,2022-01-26
3393,Deborah,Conley,patelmark@example.net,-8359,Other,1977-10-16,2026-06-30,India,Maharashtra,Mumbai,Referral,1,2026-06-30
3394,Ashley,Brown,alexanderdaniels@example.net,858.363.8040x441,Female,1976-09-11,2022-08-02,USA,New York,New York City,Email Campaign,1,2022-08-02
3395,Cynthia,Andersen,harrisadam@example.org,248-753-9610x48088,Male,2000-06-30,2023-08-11,Canada,Ontario,Toronto,Social Media,1,2023-08-11
3396,Timothy,Baker,tward@example.com,001-402-949-3871x3899,Female,1985-10-25,2025-08-14,India,Tamil Nadu,Chennai,Partner,1,2025-08-14
3397,Jerry,Caldwell,gina58@example.net,001-690-757-3019x95261,Male,1997-10-01,2022-09-09,India,Karnataka,Bengaluru,Paid Ad,0,2022-09-09
3398,Sean,Holmes,micheal66@example.org,(530)351-2816x37996,Male,2007-04-20,2025-07-24,Germany,Bavaria,Munich,Paid Ad,1,2025-07-24
3399,John,Webster,victoriacastro@example.com,(683)569-5700x1503,Other,1962-01-14,2026-06-25,India,Maharashtra,Mumbai,Social Media,1,2026-06-25
3400,Melinda,Hernandez,jamesmorris@example.org,234-733-5712,Female,1981-07-16,2023-08-24,India,Karnataka,Bengaluru,Social Media,1,2023-08-24
3401,Christina,Wilkins,daniellecoleman@example.com,728.597.2870x24564,Male,2002-11-30,2021-11-30,Canada,Ontario,Toronto,Social Media,0,2021-11-30
3402,Emma,Williams,sfowler@example.org,700.596.0896x7443,Male,1970-06-06,2025-03-19,USA,New York,New York City,Organic,1,2025-03-19
3403,Stephanie,Randolph,russellemily@example.com,+1-363-436-0610x1323,Male,1965-10-09,2022-05-13,USA,Texas,Houston,Referral,1,2022-05-13
3404,Jeremy,Ross,ronaldcampbell@example.org,5816690350,Male,2007-02-05,2022-04-11,Canada,Ontario,Toronto,Social Media,1,2022-04-11
3405,Bradley,Thomas,jessica04@example.org,685-511-6883x9211,Other,1989-04-06,2022-12-01,Canada,Ontario,Toronto,Email Campaign,1,2022-12-01
3406,Tyler,Reed,zhall@example.net,+1-546-967-6682x93007,Other,1956-06-25,2022-07-27,Canada,Ontario,Toronto,Email Campaign,1,2022-07-27
3407,Rachel,Bernard,broberts@example.com,285.608.8257,Male,1969-10-14,2025-06-24,UK,England,London,Paid Ad,1,2025-06-24
3408,Jessica,Rogers,jon83@example.com,+1-788-674-2109x4380,Female,1992-01-26,2025-11-19,USA,New York,New York City,Partner,0,2025-11-19
3409,Spencer,Owen,julie98@example.org,5185608075,Other,1990-09-01,2024-08-13,India,Tamil Nadu,Chennai,Paid Ad,1,2024-08-13
3410,Jessica,Tran,katie76@example.org,8427709839,Male,1971-03-02,2022-11-11,Germany,Bavaria,Munich,Paid Ad,1,2022-11-11
3411,Margaret,Fox,crystal38@example.net,9532634716,Other,1969-05-13,2023-04-18,Australia,NSW,Sydney,Partner,1,2023-04-18
3412,Lisa,Mahoney,zpearson@example.net,4546452925,Female,1986-06-19,2023-10-27,India,Karnataka,Bengaluru,Social Media,1,2023-10-27
3413,Justin,Smith,kgreen@example.org,889-831-0587,Other,1998-07-05,2024-09-14,India,Maharashtra,Mumbai,Partner,0,2024-09-14
3414,Jessica,Pratt,piercejoshua@example.org,(857)814-1787x4105,Other,1965-12-28,2022-11-04,USA,Texas,Houston,Partner,1,2022-11-04
3415,David,Strong,rodney02@example.com,001-878-265-3578x66673,Female,1967-04-24,2021-02-10,Canada,Ontario,Toronto,Social Media,1,2021-02-10
3416,Dustin,Davis,joshuahoffman@example.org,(847)599-8441x851,Female,1992-04-21,2022-09-08,USA,Texas,Houston,Organic,1,2022-09-08
3417,Timothy,Barnes,kristinehardin@example.net,001-808-223-7105,Other,2007-05-12,2024-07-01,USA,California,Los Angeles,Referral,1,2024-07-01
3418,James,Vaughn,hilljean@example.org,(372)324-3758,Other,1978-04-15,2022-01-20,India,Maharashtra,Mumbai,Social Media,1,2022-01-20
3419,Maurice,Myers,gpugh@example.com,314-777-7163,Male,1988-04-29,2022-01-23,India,Karnataka,Bengaluru,Email Campaign,0,2022-01-23
3420,James,Williams,hgilmore@example.org,591.792.8344x02608,Male,1990-10-11,2022-10-03,Canada,Ontario,Toronto,Paid Ad,0,2022-10-03
3421,Priscilla,Daniels,ocampbell@example.org,(640)485-8420x495,Female,1982-05-28,2023-07-15,Australia,NSW,Sydney,Partner,0,2023-07-15
3422,Paul,Mcdonald,ryan53@example.net,(968)581-4539x24133,Female,1965-09-04,2023-03-01,USA,California,Los Angeles,Paid Ad,1,2023-03-01
3423,Glen,Foster,mary81@example.net,+1-544-748-9020x8427,Female,1988-01-18,2024-06-06,UK,England,London,Email Campaign,1,2024-06-06
3424,Daniel,Blevins,stewartveronica@example.net,(244)282-9612x05287,Other,1962-01-29,2023-11-10,UK,England,London,Email Campaign,0,2023-11-10
3425,Brandon,Moore,ronald52@example.org,+1-422-256-2443x7629,Other,1978-03-04,2021-11-14,India,Maharashtra,Mumbai,Referral,0,2021-11-14
3426,Sandra,Green,okeith@example.com,703.570.7010x9557,Female,2003-11-10,2023-06-06,USA,New York,New York City,Referral,0,2023-06-06
3427,Nicole,Crane,tonyarowe@example.com,-3331,Male,1988-06-13,2022-02-24,India,Tamil Nadu,Chennai,Email Campaign,0,2022-02-24
3428,Hailey,Robbins,iwilkinson@example.org,587.958.1589x18623,Female,1983-03-07,2025-04-18,Germany,Bavaria,Munich,Email Campaign,1,2025-04-18
3429,Brian,Wong,andrewsthomas@example.com,(721)800-0471x9406,Other,1983-01-19,2024-02-10,Germany,Bavaria,Munich,Email Campaign,1,2024-02-10
3430,Linda,Johnson,leesean@example.org,-5316,Male,1989-04-11,2023-05-08,Canada,Ontario,Toronto,Organic,1,2023-05-08
3431,Glenn,Ruiz,seanbanks@example.org,714.870.1260,Male,2003-08-14,2023-06-06,India,Maharashtra,Mumbai,Email Campaign,0,2023-06-06
3432,Jacqueline,Holden,richardchapman@example.org,(220)413-4214x8763,Male,1993-01-24,2022-08-11,USA,Texas,Houston,Social Media,1,2022-08-11
3433,Vincent,Key,millerandrew@example.org,001-568-785-3591,Male,2004-10-17,2024-08-17,USA,California,Los Angeles,Organic,1,2024-08-17
3434,Jacob,Patterson,ukerr@example.com,388.582.4591x987,Female,1967-01-06,2025-12-06,USA,Texas,Houston,Partner,1,2025-12-06
3435,David,Vasquez,kathleenspencer@example.org,+1-739-627-5413x8705,Female,1998-06-01,2024-09-01,Canada,Ontario,Toronto,Email Campaign,1,2024-09-01
3436,Anthony,House,tom53@example.org,613-369-0702x4991,Other,1956-05-16,2023-09-14,USA,New York,New York City,Social Media,0,2023-09-14
3437,Terry,Garcia,apalmer@example.com,001-953-760-0454x57942,Other,1967-11-29,2025-04-29,UK,England,London,Social Media,1,2025-04-29
3438,Jason,Clark,ssweeney@example.net,(837)724-4497x122,Other,2005-04-20,2024-06-30,India,Karnataka,Bengaluru,Paid Ad,1,2024-06-30
3439,Kelly,Clay,robertmartin@example.org,2914258534,Other,1987-08-03,2021-11-17,Australia,NSW,Sydney,Referral,1,2021-11-17
3440,Rhonda,Romero,joel97@example.org,(540)913-7489x67826,Other,1975-11-11,2024-02-12,USA,Texas,Houston,Referral,1,2024-02-12
3441,David,Sanders,riverasabrina@example.net,+1-231-780-4479x405,Female,1997-04-10,2025-12-14,UK,England,London,Partner,1,2025-12-14
3442,Mathew,Nelson,ortizbruce@example.com,(727)506-1050x09171,Other,1979-01-27,2022-05-08,India,Tamil Nadu,Chennai,Social Media,0,2022-05-08
3443,Angela,Davis,qcowan@example.org,-8956,Male,1997-03-28,2022-12-31,India,Karnataka,Bengaluru,Paid Ad,1,2022-12-31
3444,Jennifer,Cox,marcus16@example.com,939.282.8836,Other,1957-11-08,2024-11-18,Canada,Ontario,Toronto,Social Media,1,2024-11-18
3445,Spencer,Allison,iarnold@example.net,+1-775-971-9887x23075,Female,1999-08-21,2023-02-22,India,Maharashtra,Mumbai,Paid Ad,0,2023-02-22
3446,Richard,Santos,jstewart@example.com,830-609-3220,Male,1977-01-02,2021-02-13,USA,Texas,Houston,Social Media,1,2021-02-13
3447,Andrew,Curtis,gjackson@example.org,(419)841-0282x96380,Male,1972-03-30,2023-03-10,India,Karnataka,Bengaluru,Email Campaign,1,2023-03-10
3448,Caitlyn,Pena,marthacannon@example.org,315.912.2658,Male,1980-03-26,2024-09-07,India,Tamil Nadu,Chennai,Paid Ad,1,2024-09-07
3449,Bonnie,Brewer,michaelschmidt@example.com,468.712.3053,Other,1963-01-16,2021-02-23,India,Tamil Nadu,Chennai,Paid Ad,1,2021-02-23
3450,Brandon,Jones,ryandaniel@example.org,407.438.8801,Other,1960-05-02,2024-02-01,USA,California,Los Angeles,Social Media,1,2024-02-01
3451,Joseph,Gonzalez,ibell@example.org,2102745205,Other,1986-12-06,2021-06-29,UK,England,London,Partner,1,2021-06-29
3452,Barbara,Jones,gwilson@example.org,351.411.5041x22501,Other,2003-09-11,2024-01-29,India,Tamil Nadu,Chennai,Organic,0,2024-01-29
3453,Stanley,Hubbard,brian82@example.com,303.690.9738x079,Other,1987-10-13,2021-05-05,Germany,Bavaria,Munich,Social Media,1,2021-05-05
3454,John,Pruitt,burkeanthony@example.com,741-846-8817,Female,1959-02-10,2026-02-05,Germany,Bavaria,Munich,Referral,1,2026-02-05
3455,Ashlee,Peters,amber35@example.net,227-753-6247,Male,1965-06-01,2022-03-02,Canada,Ontario,Toronto,Paid Ad,1,2022-03-02
3456,Jerome,Lee,thomas09@example.org,383.356.3640x5858,Other,1984-08-11,2022-09-20,USA,California,Los Angeles,Partner,1,2022-09-20
3457,Michael,Alvarez,cholden@example.com,(476)262-7106x104,Male,1968-12-13,2022-06-24,USA,Texas,Houston,Social Media,0,2022-06-24
3458,Thomas,Mccall,jim68@example.org,215.297.8007x86169,Female,1999-04-01,2021-08-18,USA,New York,New York City,Partner,1,2021-08-18
3459,Louis,Green,dmurphy@example.net,448.814.4439x446,Male,1976-11-05,2024-07-11,USA,California,Los Angeles,Email Campaign,1,2024-07-11
3460,Robert,Robinson,cody81@example.net,783.434.9415,Other,1986-02-13,2023-03-07,India,Tamil Nadu,Chennai,Email Campaign,1,2023-03-07
3461,Megan,Williamson,rmurray@example.com,235-289-9616,Other,1959-12-30,2024-09-24,USA,California,Los Angeles,Paid Ad,1,2024-09-24
3462,Dan,Sanchez,emason@example.net,497.789.2930x9077,Other,1985-01-30,2025-02-09,USA,Texas,Houston,Organic,0,2025-02-09
3463,Brandon,Moody,chasesheryl@example.net,409-746-6605x06890,Other,1994-12-24,2025-09-02,UK,England,London,Partner,1,2025-09-02
3464,Jessica,Hensley,ogonzalez@example.net,307-904-1902x416,Male,1979-06-10,2021-09-24,USA,California,Los Angeles,Email Campaign,0,2021-09-24
3465,Derrick,Landry,cjuarez@example.net,3538301925,Male,1970-08-31,2023-12-29,USA,Texas,Houston,Referral,1,2023-12-29
3466,Andrew,Rice,brandon31@example.org,001-274-247-1565x03715,Female,1981-05-15,2021-07-02,Canada,Ontario,Toronto,Email Campaign,1,2021-07-02
3467,Angela,Walker,ryanthomas@example.org,220-921-5262,Male,1990-08-27,2025-08-04,India,Maharashtra,Mumbai,Partner,1,2025-08-04
3468,Erin,Coleman,tarmstrong@example.com,571-886-9725x00697,Female,1973-11-14,2024-06-28,USA,California,Los Angeles,Email Campaign,1,2024-06-28
3469,Kristina,West,bridget23@example.org,+1-951-310-8178x3135,Female,2003-10-01,2022-04-28,India,Karnataka,Bengaluru,Social Media,0,2022-04-28
3470,Brian,Barker,hcoleman@example.com,(358)481-8837x60617,Other,2006-03-02,2021-12-19,Germany,Bavaria,Munich,Social Media,1,2021-12-19
3471,Matthew,Brown,qcooper@example.net,591.678.2640,Male,2005-01-21,2022-04-22,USA,New York,New York City,Referral,1,2022-04-22
3472,Joshua,Clark,whitezachary@example.com,001-859-891-0877x175,Female,1994-04-12,2023-01-31,USA,New York,New York City,Email Campaign,1,2023-01-31
3473,John,Burns,cameronmaria@example.net,586-883-2007,Male,1973-02-20,2022-11-25,USA,California,Los Angeles,Referral,0,2022-11-25
3474,Kelly,Wallace,martineztamara@example.net,001-928-897-2249,Male,1960-06-25,2026-03-01,India,Karnataka,Bengaluru,Partner,1,2026-03-01
3475,Cheryl,Shelton,lisa77@example.net,+1-360-313-1098x62453,Other,2004-02-24,2024-06-14,India,Maharashtra,Mumbai,Partner,1,2024-06-14
3476,Karen,Rodriguez,kelseyrogers@example.org,610.268.4666x565,Female,1970-09-24,2022-06-28,India,Maharashtra,Mumbai,Organic,0,2022-06-28
3477,Dana,Guerra,newmanjason@example.com,497-636-4567x121,Male,1987-12-10,2024-03-21,UK,England,London,Paid Ad,1,2024-03-21
3478,Jessica,Griffin,charles57@example.net,+1-421-431-9139x68390,Female,1986-04-11,2024-07-16,USA,Texas,Houston,Referral,1,2024-07-16
3479,Ryan,Hardy,kimsimpson@example.org,001-413-950-3366x89494,Male,1985-06-01,2024-01-23,India,Maharashtra,Mumbai,Referral,0,2024-01-23
3480,Ronald,Olson,tracy24@example.com,919.855.4968x472,Other,1957-12-16,2023-11-29,India,Tamil Nadu,Chennai,Social Media,1,2023-11-29
3481,Cesar,Simon,mendozadaniel@example.org,(699)944-4283x9632,Female,1957-10-31,2022-01-14,India,Tamil Nadu,Chennai,Paid Ad,0,2022-01-14
3482,Alex,Jackson,tanya47@example.org,(200)873-1680,Female,1997-09-04,2025-01-29,Germany,Bavaria,Munich,Partner,0,2025-01-29
3483,Howard,Thomas,zlittle@example.net,753.229.9983x9187,Other,1974-12-03,2026-01-16,Australia,NSW,Sydney,Partner,1,2026-01-16
3484,Alyssa,Pugh,william46@example.com,+1-811-588-0346x70061,Other,1984-04-27,2021-05-31,USA,Texas,Houston,Social Media,0,2021-05-31
3485,Joseph,Allen,johnsonhannah@example.org,807.521.8508x2261,Other,1971-12-18,2023-05-13,USA,Texas,Houston,Social Media,1,2023-05-13
3486,Matthew,Price,veronica90@example.org,552.740.0175x5049,Male,1979-07-21,2024-03-28,India,Karnataka,Bengaluru,Paid Ad,0,2024-03-28
3487,Darin,Davis,bmcmahon@example.org,001-353-438-7928x3929,Male,1999-05-11,2024-01-07,Australia,NSW,Sydney,Email Campaign,1,2024-01-07
3488,Wayne,Martinez,riossusan@example.com,+1-500-974-3262x8432,Male,1976-01-31,2023-11-24,India,Maharashtra,Mumbai,Social Media,1,2023-11-24
3489,Susan,Welch,luiswells@example.org,001-844-624-7222,Male,2005-02-11,2021-05-09,India,Tamil Nadu,Chennai,Email Campaign,1,2021-05-09
3490,Edward,Lin,jeffreyfrancis@example.org,+1-560-632-2275x6175,Male,1991-11-04,2026-05-01,USA,Texas,Houston,Social Media,1,2026-05-01
3491,Emily,Jones,nrobinson@example.net,001-818-519-2424x129,Female,1974-08-02,2024-08-15,Germany,Bavaria,Munich,Email Campaign,1,2024-08-15
3492,Carrie,Wood,williamromero@example.org,2934974980,Female,1988-02-03,2021-05-19,UK,England,London,Partner,1,2021-05-19
3493,Rick,Gonzales,maria45@example.com,894-544-4297x372,Male,1964-05-17,2025-01-09,USA,New York,New York City,Referral,0,2025-01-09
3494,Jerry,Proctor,amanda37@example.net,(357)837-8513x931,Female,1973-03-11,2026-05-02,UK,England,London,Paid Ad,1,2026-05-02
3495,Daniel,Heath,yking@example.net,001-396-575-7057x1715,Female,2003-11-06,2023-02-06,USA,New York,New York City,Paid Ad,1,2023-02-06
3496,Kristina,Perez,randall55@example.org,335-384-1034,Other,2003-03-01,2026-03-28,USA,Texas,Houston,Referral,0,2026-03-28
3497,Scott,Underwood,andrewstanley@example.net,(820)217-3822,Other,2006-09-05,2025-12-04,USA,California,Los Angeles,Social Media,1,2025-12-04
3498,Randy,Long,afisher@example.com,9997648863,Other,2006-04-11,2025-11-17,Germany,Bavaria,Munich,Social Media,1,2025-11-17
3499,Ann,Garcia,colleenjuarez@example.net,510-729-8493,Female,1956-06-17,2023-09-25,Canada,Ontario,Toronto,Partner,1,2023-09-25
3500,Ashley,Thomas,iwood@example.net,001-769-548-6320x1306,Female,1966-05-23,2024-10-15,India,Karnataka,Bengaluru,Partner,1,2024-10-15
3501,Joel,Vazquez,mmcintyre@example.org,886-664-1151,Male,1999-08-22,2024-05-14,UK,England,London,Referral,0,2024-05-14
3502,Kimberly,Short,mrobles@example.org,296.259.7826,Female,1983-08-23,2022-03-18,Australia,NSW,Sydney,Social Media,1,2022-03-18
3503,Adam,Gibson,jacobbutler@example.net,6889843913,Other,1968-09-13,2025-06-30,India,Tamil Nadu,Chennai,Organic,1,2025-06-30
3504,Nicole,Serrano,jason88@example.net,+1-393-812-9044x28236,Female,1957-06-20,2022-11-13,USA,Texas,Houston,Email Campaign,1,2022-11-13
3505,Christopher,Beck,jenniferjackson@example.org,001-910-215-1060x9784,Other,1970-08-17,2023-03-24,Australia,NSW,Sydney,Referral,1,2023-03-24
3506,Emily,Moore,perkinsemily@example.com,+1-466-431-0094x53194,Male,2004-03-11,2024-09-26,USA,Texas,Houston,Organic,1,2024-09-26
3507,Patrick,Paul,frankmiller@example.com,001-625-607-6233x27509,Female,1999-01-21,2022-08-03,India,Tamil Nadu,Chennai,Social Media,1,2022-08-03
3508,Samantha,Robertson,simpsonsandra@example.net,293-960-1616x8763,Female,1966-04-24,2022-11-09,UK,England,London,Organic,0,2022-11-09
3509,Francisco,Pittman,timothy84@example.net,363.291.7013,Male,1963-04-26,2023-04-01,USA,Texas,Houston,Paid Ad,0,2023-04-01
3510,Manuel,Alexander,glenchambers@example.org,+1-658-362-3422x34226,Male,1956-08-03,2021-11-26,India,Tamil Nadu,Chennai,Referral,1,2021-11-26
3511,Jonathan,Hill,jamessmith@example.com,(557)676-0612x5174,Male,1964-11-05,2025-11-24,India,Maharashtra,Mumbai,Partner,0,2025-11-24
3512,Anthony,Collins,helenbradley@example.org,001-916-696-4668x026,Other,1995-01-30,2022-09-24,India,Maharashtra,Mumbai,Email Campaign,0,2022-09-24
3513,Michael,Soto,griffinnicole@example.net,001-861-624-7685x976,Female,1997-04-21,2021-01-21,India,Karnataka,Bengaluru,Referral,1,2021-01-21
3514,Anne,Gillespie,carly02@example.net,(777)646-9482,Female,1998-04-16,2022-02-14,India,Karnataka,Bengaluru,Email Campaign,1,2022-02-14
3515,Taylor,Sanchez,lisa82@example.org,3135768352,Female,1981-06-01,2023-05-21,UK,England,London,Partner,1,2023-05-21
3516,Emma,Thompson,fryrobert@example.com,852.917.0572,Other,1979-10-19,2026-03-14,UK,England,London,Referral,0,2026-03-14
3517,Andrea,Clay,thomasjulie@example.org,2433307790,Male,1962-08-10,2025-05-07,USA,New York,New York City,Paid Ad,1,2025-05-07
3518,Christopher,Ward,henryshaw@example.com,9993555062,Female,1985-03-28,2025-06-26,USA,Texas,Houston,Paid Ad,1,2025-06-26
3519,Brent,Gonzalez,justin80@example.com,(376)446-2906x5165,Other,2008-06-24,2025-06-02,UK,England,London,Organic,1,2025-06-02
3520,Luis,Oneill,erandall@example.org,921-241-5238x778,Other,1996-05-15,2026-06-24,India,Karnataka,Bengaluru,Partner,1,2026-06-24
3521,Adam,Moreno,rhonda06@example.net,+1-635-576-3381x235,Male,2007-02-04,2021-04-21,Germany,Bavaria,Munich,Email Campaign,0,2021-04-21
3522,Denise,Jordan,nmoore@example.com,(502)307-0737x36680,Female,1978-09-23,2023-08-22,USA,Texas,Houston,Paid Ad,0,2023-08-22
3523,Chelsea,Ramos,colecatherine@example.com,(560)605-5931x9949,Male,1969-12-04,2026-08-16,India,Karnataka,Bengaluru,Email Campaign,1,2026-08-16
3524,Jenna,Jones,nmiller@example.org,(787)798-2622,Male,2004-05-26,2025-06-19,Germany,Bavaria,Munich,Partner,0,2025-06-19
3525,Sean,Torres,harveyjose@example.com,+1-308-890-6603x6340,Female,2002-03-13,2022-07-20,India,Maharashtra,Mumbai,Referral,1,2022-07-20
3526,Christian,Perry,davidhickman@example.org,563.545.2804,Female,1965-02-19,2023-05-16,USA,California,Los Angeles,Social Media,1,2023-05-16
3527,Kathleen,Scott,lisa81@example.com,394-761-5286x8159,Female,1977-07-31,2024-10-22,USA,New York,New York City,Partner,0,2024-10-22
3528,Kevin,Potter,lvazquez@example.com,001-417-790-6081,Male,1979-01-04,2025-10-10,USA,Texas,Houston,Paid Ad,0,2025-10-10
3529,Bryan,Johnson,stephaniebaker@example.net,001-871-747-0675,Other,1957-06-14,2025-05-04,India,Tamil Nadu,Chennai,Social Media,1,2025-05-04
3530,Kimberly,Smith,whitedaniel@example.net,001-879-776-4704x8601,Female,1976-10-26,2023-12-06,USA,California,Los Angeles,Referral,1,2023-12-06
3531,Donald,Graham,martinbright@example.com,825-316-2802,Other,1997-05-28,2025-06-20,USA,Texas,Houston,Email Campaign,1,2025-06-20
3532,Lisa,Hill,lisamorse@example.net,674-269-7851x3681,Male,1989-09-13,2026-03-20,USA,New York,New York City,Paid Ad,1,2026-03-20
3533,Joseph,Bennett,gina00@example.net,+1-427-229-1714x1121,Male,2007-07-18,2025-07-15,USA,New York,New York City,Referral,1,2025-07-15
3534,Michael,Shaw,carlos36@example.net,+1-326-431-3494x6078,Other,1988-10-09,2022-06-12,India,Karnataka,Bengaluru,Email Campaign,0,2022-06-12
3535,Sherry,Noble,bernardeileen@example.net,622-929-3114x23115,Male,1999-01-17,2026-02-06,UK,England,London,Social Media,1,2026-02-06
3536,Brandi,Hayes,scottclaire@example.net,+1-698-583-1206x05395,Male,1995-11-07,2025-09-27,UK,England,London,Paid Ad,1,2025-09-27
3537,Gary,Robertson,meagan12@example.net,+1-393-687-8843x10749,Other,2006-09-29,2023-11-26,UK,England,London,Partner,1,2023-11-26
3538,Allison,Perry,gregory30@example.org,001-520-418-8706,Other,1995-07-01,2026-01-19,USA,New York,New York City,Paid Ad,0,2026-01-19
3539,Dylan,Nelson,wilsongerald@example.net,3169807328,Other,2002-07-05,2024-10-04,Canada,Ontario,Toronto,Paid Ad,1,2024-10-04
3540,Connie,Davidson,gibsonedward@example.net,-6611,Female,1968-01-28,2023-01-03,USA,New York,New York City,Email Campaign,1,2023-01-03
3541,Theresa,Pennington,yatesryan@example.com,761-672-7753,Male,2002-03-22,2021-11-24,UK,England,London,Organic,1,2021-11-24
3542,Erin,Hale,edavis@example.net,(298)614-2185x92930,Male,1991-07-16,2023-11-23,India,Karnataka,Bengaluru,Email Campaign,0,2023-11-23
3543,Joshua,Thomas,robert89@example.com,(416)261-1857x0010,Female,2005-01-09,2026-02-07,Germany,Bavaria,Munich,Organic,0,2026-02-07
3544,Lauren,Hall,wmorales@example.net,819.755.7290x3413,Male,1959-07-07,2024-02-28,Canada,Ontario,Toronto,Organic,0,2024-02-28
3545,Paul,Crawford,deborahhernandez@example.com,(359)406-3593,Female,1996-08-12,2026-03-01,Canada,Ontario,Toronto,Organic,0,2026-03-01
3546,Heidi,Jones,johnsoncarmen@example.net,329-598-2486,Female,1991-12-19,2025-02-21,Germany,Bavaria,Munich,Social Media,1,2025-02-21
3547,Collin,Lee,rebekah07@example.com,001-910-791-2045x938,Male,1988-01-02,2024-04-28,India,Karnataka,Bengaluru,Email Campaign,1,2024-04-28
3548,Samantha,Perez,marco54@example.com,-3784,Female,1968-01-23,2023-01-03,India,Tamil Nadu,Chennai,Paid Ad,1,2023-01-03
3549,James,Chan,timothy08@example.org,618-607-7833x68261,Female,1976-09-21,2021-03-13,UK,England,London,Paid Ad,1,2021-03-13
3550,Rachel,Davenport,shane31@example.org,9267689742,Other,1979-04-07,2021-05-26,India,Tamil Nadu,Chennai,Organic,1,2021-05-26
3551,Chad,Mills,thompsonnathan@example.org,+1-216-353-9794x474,Other,1991-01-20,2021-05-30,India,Karnataka,Bengaluru,Partner,0,2021-05-30
3552,Jennifer,Cook,afuentes@example.net,292-472-5452x8324,Male,1965-09-08,2023-10-16,UK,England,London,Organic,1,2023-10-16
3553,Theresa,Navarro,taylornicole@example.net,001-243-497-1501,Male,2000-02-22,2022-01-23,Australia,NSW,Sydney,Partner,1,2022-01-23
3554,Emily,Duncan,parkerdavid@example.net,001-600-394-0177,Female,1985-10-10,2026-07-15,USA,Texas,Houston,Paid Ad,0,2026-07-15
3555,Sara,Harris,ashlee11@example.org,001-867-502-4911,Other,1997-10-29,2026-02-20,India,Karnataka,Bengaluru,Email Campaign,1,2026-02-20
3556,Jennifer,Schneider,jford@example.net,346.479.3072x1782,Male,1981-05-07,2026-02-21,India,Maharashtra,Mumbai,Organic,1,2026-02-21
3557,Kristen,Klein,sullivanwilliam@example.com,(942)587-3457x6358,Male,1960-11-08,2025-03-07,India,Karnataka,Bengaluru,Referral,1,2025-03-07
3558,Christopher,Lewis,jessica25@example.net,(774)856-4431x3281,Female,1959-10-30,2022-02-19,Germany,Bavaria,Munich,Email Campaign,0,2022-02-19
3559,Robert,Lopez,tiffanyhardy@example.net,001-404-660-8467x407,Other,1998-10-23,2024-10-15,USA,New York,New York City,Partner,0,2024-10-15
3560,Allison,Camacho,changdaniel@example.com,+1-799-471-7908x481,Female,1981-09-09,2025-09-27,India,Tamil Nadu,Chennai,Organic,1,2025-09-27
3561,Heather,Jones,trevorpark@example.com,+1-536-813-2040x6322,Other,1964-10-25,2023-11-19,USA,Texas,Houston,Partner,1,2023-11-19
3562,William,Davis,fhart@example.org,830-973-6619,Male,2003-04-17,2025-11-11,USA,New York,New York City,Referral,1,2025-11-11
3563,Beth,Lawrence,mbuchanan@example.com,716.926.6714x16826,Female,1957-11-18,2023-12-05,Germany,Bavaria,Munich,Email Campaign,0,2023-12-05
3564,Sean,Frederick,lutzdevin@example.org,+1-821-951-9709x62731,Other,1966-06-26,2023-09-26,Australia,NSW,Sydney,Organic,1,2023-09-26
3565,Johnny,Bradley,angelagreen@example.com,486.217.8405x4851,Male,1977-04-26,2026-04-22,India,Karnataka,Bengaluru,Social Media,0,2026-04-22
3566,David,Gray,ewalter@example.org,444-998-7715,Female,1985-02-09,2023-01-31,India,Tamil Nadu,Chennai,Email Campaign,1,2023-01-31
3567,Corey,Daniel,caitlin33@example.net,001-891-697-9368,Male,1964-02-14,2025-06-21,USA,California,Los Angeles,Partner,0,2025-06-21
3568,Leslie,Miller,jasminemyers@example.org,001-712-582-7756,Male,1987-11-16,2024-01-22,India,Tamil Nadu,Chennai,Social Media,0,2024-01-22
3569,Laura,Warner,opatterson@example.net,332.664.2667x730,Female,2004-09-13,2021-03-18,India,Maharashtra,Mumbai,Partner,1,2021-03-18
3570,Lori,Peterson,toddaustin@example.com,840.671.6276,Female,1981-03-11,2024-01-31,USA,Texas,Houston,Social Media,0,2024-01-31
3571,Jennifer,Terry,ujohnson@example.com,413-610-6660x297,Male,1973-05-21,2024-07-27,Germany,Bavaria,Munich,Referral,0,2024-07-27
3572,James,Luna,lsmith@example.org,748-706-8106,Other,1992-02-06,2021-03-16,India,Maharashtra,Mumbai,Paid Ad,0,2021-03-16
3573,Susan,May,evelynthomas@example.org,875.205.4322,Other,2007-04-14,2021-09-19,India,Maharashtra,Mumbai,Paid Ad,1,2021-09-19
3574,Timothy,Hill,lraymond@example.com,9682375945,Other,1997-12-20,2026-03-02,Germany,Bavaria,Munich,Social Media,0,2026-03-02
3575,Jason,Smith,figueroarobert@example.com,258-967-9524,Other,1992-11-26,2024-09-08,Germany,Bavaria,Munich,Social Media,1,2024-09-08
3576,Mary,Stewart,vanessa07@example.com,864.649.6392x1481,Female,1964-07-07,2021-02-21,Canada,Ontario,Toronto,Paid Ad,1,2021-02-21
3577,Joshua,Macdonald,katie65@example.com,001-851-991-6002x2265,Female,2002-02-28,2024-11-19,India,Karnataka,Bengaluru,Referral,0,2024-11-19
3578,Christine,Fisher,kevinchase@example.net,001-817-381-4808x9658,Male,1971-07-18,2026-08-06,Canada,Ontario,Toronto,Email Campaign,0,2026-08-06
3579,Chloe,Sandoval,holtmelanie@example.org,+1-268-675-7412x28767,Female,1969-11-10,2025-05-17,USA,Texas,Houston,Social Media,0,2025-05-17
3580,Sara,Pratt,qcunningham@example.org,490.540.8086,Other,1972-07-12,2021-11-18,USA,California,Los Angeles,Social Media,1,2021-11-18
3581,Jackie,Walters,campbellsteven@example.net,719.512.1259,Male,2006-01-15,2024-11-15,Australia,NSW,Sydney,Referral,1,2024-11-15
3582,Jason,Taylor,david66@example.com,001-720-668-5660x902,Female,1959-05-06,2025-02-21,Australia,NSW,Sydney,Paid Ad,0,2025-02-21
3583,Mary,Espinoza,anthonyhoward@example.org,(715)454-2771x4104,Other,2001-12-30,2026-01-24,India,Karnataka,Bengaluru,Social Media,0,2026-01-24
3584,Amanda,Sullivan,zimmermanjohnny@example.net,001-352-560-5185x464,Other,1981-06-24,2022-10-01,USA,California,Los Angeles,Email Campaign,0,2022-10-01
3585,Lisa,Hansen,andersonjason@example.com,788-663-6680x295,Other,2004-07-07,2024-12-11,USA,Texas,Houston,Social Media,0,2024-12-11
3586,Matthew,Fritz,zmurphy@example.org,(257)300-5628x44329,Female,1993-02-19,2021-04-06,UK,England,London,Email Campaign,1,2021-04-06
3587,Ronald,Marquez,rthompson@example.org,001-256-213-6151,Female,1966-07-01,2023-08-20,Canada,Ontario,Toronto,Email Campaign,1,2023-08-20
3588,Jonathan,Walters,gmcfarland@example.com,7078757155,Other,1963-01-13,2025-03-31,USA,Texas,Houston,Organic,0,2025-03-31
3589,Hannah,Johnston,tyler46@example.net,+1-214-757-8590x951,Male,1987-04-28,2025-06-09,USA,New York,New York City,Referral,1,2025-06-09
3590,Kendra,Brown,zlarsen@example.org,001-551-203-1530x8703,Male,2000-08-31,2024-03-31,USA,New York,New York City,Referral,0,2024-03-31
3591,Francis,Jenkins,nbarnes@example.net,(988)470-6410x80910,Female,2003-03-30,2025-08-01,UK,England,London,Referral,0,2025-08-01
3592,Christina,Hamilton,gregorycarrillo@example.net,251-257-0343x49171,Female,1968-01-26,2024-02-17,UK,England,London,Paid Ad,1,2024-02-17
3593,Courtney,Cooper,coconnell@example.com,-6055,Other,1958-10-30,2024-07-25,USA,New York,New York City,Email Campaign,1,2024-07-25
3594,Jared,Yoder,jason92@example.net,(336)893-4115x2564,Male,1974-06-16,2025-05-26,Australia,NSW,Sydney,Social Media,1,2025-05-26
3595,Brandon,Avery,jason30@example.com,906-496-5148x2682,Female,1973-09-04,2026-03-16,Canada,Ontario,Toronto,Social Media,1,2026-03-16
3596,Kathryn,Hatfield,sabrinawright@example.org,001-722-741-1771,Female,1992-12-30,2022-12-29,USA,Texas,Houston,Paid Ad,1,2022-12-29
3597,Roy,Henry,zimmermanlaura@example.org,515-821-9269,Female,1956-02-01,2024-09-30,USA,California,Los Angeles,Partner,0,2024-09-30
3598,Briana,Williams,michelleharvey@example.com,831-503-9868,Female,1973-05-08,2022-02-07,USA,Texas,Houston,Email Campaign,1,2022-02-07
3599,Kenneth,Taylor,powersthomas@example.com,(774)853-7709x6422,Female,1966-10-02,2025-09-10,UK,England,London,Referral,0,2025-09-10
3600,Kimberly,Jones,mckaydaniel@example.org,001-491-944-2381x45403,Male,1993-07-30,2023-07-08,USA,California,Los Angeles,Email Campaign,0,2023-07-08
3601,Curtis,Scott,isaac55@example.net,(627)319-2074,Other,1991-04-06,2021-11-26,Germany,Bavaria,Munich,Email Campaign,0,2021-11-26
3602,Kelly,Holmes,charlenecaldwell@example.com,232.684.5381x29166,Female,1992-08-14,2021-04-04,UK,England,London,Email Campaign,0,2021-04-04
3603,Phyllis,Oneill,rojasangela@example.org,001-968-670-1721x5184,Other,1969-06-07,2022-11-13,India,Maharashtra,Mumbai,Partner,1,2022-11-13
3604,Bobby,Brown,gloria31@example.net,(922)464-9232,Female,1971-06-14,2022-01-08,Canada,Ontario,Toronto,Organic,0,2022-01-08
3605,Kyle,Parks,morgan38@example.net,547.464.9952,Other,2000-09-04,2025-05-14,Germany,Bavaria,Munich,Email Campaign,1,2025-05-14
3606,James,Kennedy,kimberly26@example.com,764-684-3514,Female,1994-03-10,2022-10-24,India,Maharashtra,Mumbai,Paid Ad,1,2022-10-24
3607,Richard,Price,matthew85@example.com,(988)959-9189x034,Female,1991-12-18,2022-12-19,India,Maharashtra,Mumbai,Partner,1,2022-12-19
3608,Johnathan,Mcgee,kristen85@example.org,001-391-811-3083x212,Male,1961-01-26,2024-08-14,India,Maharashtra,Mumbai,Paid Ad,1,2024-08-14
3609,Samantha,Juarez,wbarnes@example.org,001-797-431-0298x33126,Male,1990-04-26,2021-05-07,USA,New York,New York City,Email Campaign,0,2021-05-07
3610,Cody,Riddle,wcampbell@example.net,-1506,Male,1970-03-24,2026-02-24,Canada,Ontario,Toronto,Partner,1,2026-02-24
3611,John,Hebert,brownsarah@example.com,(558)815-3936x22339,Male,1970-05-03,2025-12-23,Germany,Bavaria,Munich,Referral,1,2025-12-23
3612,Ruben,Bailey,ryan59@example.org,5544888507,Other,1975-03-23,2026-08-11,Canada,Ontario,Toronto,Organic,0,2026-08-11
3613,Carolyn,Ortiz,meltonrachel@example.org,(492)752-3209x96627,Male,1997-07-15,2024-09-18,Germany,Bavaria,Munich,Referral,0,2024-09-18
3614,Tommy,Jones,smithandrea@example.org,558.382.2272x4859,Male,1981-12-09,2021-10-14,Canada,Ontario,Toronto,Partner,1,2021-10-14
3615,Natalie,Wagner,dharris@example.com,986.576.7703,Other,1979-02-23,2025-07-23,USA,California,Los Angeles,Social Media,1,2025-07-23
3616,Lisa,Giles,angelawilliams@example.com,719.999.4650x123,Female,1983-08-08,2021-10-16,UK,England,London,Paid Ad,1,2021-10-16
3617,Susan,Gonzalez,terri97@example.org,-3868,Other,1976-09-19,2022-05-11,Australia,NSW,Sydney,Email Campaign,1,2022-05-11
3618,Kyle,Nelson,cnorton@example.net,259-594-1883x6808,Female,1964-07-07,2021-04-08,Australia,NSW,Sydney,Social Media,0,2021-04-08
3619,Scott,Price,jenny17@example.com,(225)539-1255x250,Female,1958-05-26,2024-04-14,USA,California,Los Angeles,Partner,1,2024-04-14
3620,Barbara,Pope,tammyalvarez@example.com,3277870332,Female,2002-01-29,2025-01-28,USA,California,Los Angeles,Partner,1,2025-01-28
3621,Vincent,Clark,mclark@example.net,+1-528-558-6743x604,Female,1976-06-29,2025-12-08,Australia,NSW,Sydney,Organic,1,2025-12-08
3622,Jill,Parks,randolphscott@example.com,2608947188,Female,1991-05-28,2022-08-21,USA,New York,New York City,Email Campaign,1,2022-08-21
3623,Darlene,Reed,christophermartinez@example.com,(896)573-0746,Female,1984-04-02,2022-11-24,USA,New York,New York City,Social Media,1,2022-11-24
3624,Nicholas,Price,browntara@example.com,-11279,Male,1972-12-14,2022-08-05,India,Karnataka,Bengaluru,Social Media,1,2022-08-05
3625,Mikayla,Blevins,jeffreygreene@example.com,001-427-504-9141x856,Male,1968-04-05,2023-12-20,India,Maharashtra,Mumbai,Paid Ad,1,2023-12-20
3626,Jamie,Skinner,danieljimenez@example.net,6033724709,Other,1994-02-27,2026-02-20,USA,New York,New York City,Social Media,1,2026-02-20
3627,Tonya,Beltran,brianevans@example.com,(790)903-5920,Female,1989-12-23,2023-12-01,India,Maharashtra,Mumbai,Paid Ad,1,2023-12-01
3628,Monique,Castaneda,bonnieanderson@example.net,(963)303-0783,Female,2000-04-04,2024-09-16,Canada,Ontario,Toronto,Partner,1,2024-09-16
3629,Robert,Green,kimberly61@example.org,+1-257-498-1233x1603,Other,1991-09-10,2024-02-02,India,Tamil Nadu,Chennai,Organic,0,2024-02-02
3630,Emily,Powell,mercerkelly@example.org,(415)930-8040,Other,2000-05-24,2022-08-30,USA,Texas,Houston,Paid Ad,0,2022-08-30
3631,Charles,Mcclain,jacksonhannah@example.net,001-433-523-4542,Female,1991-03-08,2023-06-25,USA,California,Los Angeles,Email Campaign,1,2023-06-25
3632,Christopher,Woods,yblack@example.org,242-976-5657,Female,1978-03-09,2024-04-07,India,Karnataka,Bengaluru,Partner,1,2024-04-07
3633,Carlos,Scott,ortizmichelle@example.org,+1-621-742-1061x14106,Female,1973-08-03,2024-06-02,USA,Texas,Houston,Partner,0,2024-06-02
3634,Wesley,Smith,katherine24@example.com,(416)519-4653x709,Male,1995-03-22,2024-04-22,Canada,Ontario,Toronto,Partner,1,2024-04-22
3635,Elizabeth,Franklin,lindawhite@example.org,(736)577-0989,Other,2001-08-28,2022-08-24,USA,Texas,Houston,Paid Ad,0,2022-08-24
3636,Valerie,Gomez,crawforddavid@example.net,588-212-1555x24899,Other,2002-02-02,2023-11-20,UK,England,London,Referral,1,2023-11-20
3637,William,Martinez,malonerichard@example.net,304.211.2126x10906,Other,1993-03-12,2023-05-17,USA,California,Los Angeles,Paid Ad,1,2023-05-17
3638,Derrick,Duncan,aruiz@example.net,+1-577-680-3493x163,Female,1984-07-12,2021-02-19,USA,Texas,Houston,Paid Ad,0,2021-02-19
3639,Michael,Alexander,weaverscott@example.com,877-615-5648,Female,1968-03-13,2025-07-21,Australia,NSW,Sydney,Email Campaign,0,2025-07-21
3640,Edward,Green,omatthews@example.org,-10612,Other,1976-04-08,2024-11-10,USA,Texas,Houston,Referral,1,2024-11-10
3641,John,Williams,ryansmith@example.com,924.501.5217x38101,Female,1995-01-11,2026-08-15,Germany,Bavaria,Munich,Email Campaign,1,2026-08-15
3642,Heather,White,qgarcia@example.org,989-499-6739x03169,Female,2000-03-03,2025-03-29,India,Karnataka,Bengaluru,Partner,0,2025-03-29
3643,Curtis,Ryan,dawn84@example.org,834.831.9085x734,Male,1993-03-16,2026-05-29,USA,Texas,Houston,Social Media,0,2026-05-29
3644,Matthew,Pierce,vbrown@example.net,001-242-227-0955x772,Other,1993-11-19,2021-02-28,UK,England,London,Organic,1,2021-02-28
3645,Heather,Perry,spencerryan@example.org,638-620-1877x67129,Female,1994-05-17,2023-07-10,India,Karnataka,Bengaluru,Referral,1,2023-07-10
3646,Patricia,Wood,zhardy@example.com,666.620.6272,Female,1979-10-13,2022-09-07,India,Maharashtra,Mumbai,Email Campaign,1,2022-09-07
3647,Alexander,Knight,xruiz@example.org,716.923.9252x655,Female,2005-10-30,2023-03-18,USA,New York,New York City,Social Media,1,2023-03-18
3648,Sarah,Russell,rodriguezmary@example.org,2569555304,Other,1998-01-05,2021-02-19,Canada,Ontario,Toronto,Email Campaign,1,2021-02-19
3649,Joshua,Burton,alyssamoore@example.net,507.659.3359x242,Female,1968-12-28,2023-04-10,India,Maharashtra,Mumbai,Partner,0,2023-04-10
3650,Rachel,Anderson,amysmith@example.net,510.563.7811x8689,Other,1986-09-01,2025-06-21,USA,California,Los Angeles,Organic,1,2025-06-21
3651,Janet,Spears,kayla34@example.net,971-228-4038x40588,Female,1969-01-16,2021-10-03,India,Karnataka,Bengaluru,Email Campaign,1,2021-10-03
3652,Christina,Ali,bradleylisa@example.net,+1-473-523-3519x5096,Male,2000-04-18,2021-11-22,Australia,NSW,Sydney,Social Media,1,2021-11-22
3653,Kevin,Johnson,tammy93@example.net,001-298-733-3378x7335,Male,1999-11-03,2023-10-13,Germany,Bavaria,Munich,Paid Ad,1,2023-10-13
3654,Andrea,Salazar,ashley81@example.com,480.459.5155x67464,Male,1980-03-23,2023-10-01,USA,Texas,Houston,Partner,1,2023-10-01
3655,Brian,Perry,ccarter@example.com,670.642.8048x91929,Male,1979-03-08,2022-12-28,Canada,Ontario,Toronto,Email Campaign,1,2022-12-28
3656,Jason,Reid,mburns@example.net,580.947.0130,Male,1978-06-28,2024-02-11,India,Tamil Nadu,Chennai,Partner,0,2024-02-11
3657,Alex,Nelson,williscorey@example.com,+1-297-405-7973x108,Male,1981-07-27,2021-09-18,India,Maharashtra,Mumbai,Email Campaign,1,2021-09-18
3658,Chad,Perez,lmartin@example.com,(378)541-9032x221,Male,1999-06-02,2021-09-07,India,Tamil Nadu,Chennai,Referral,0,2021-09-07
3659,William,Simmons,petersryan@example.org,709.641.9572x4168,Female,1974-04-11,2026-05-09,India,Maharashtra,Mumbai,Organic,1,2026-05-09
3660,Laura,Barber,garrettteresa@example.com,440.553.4749,Female,1957-11-29,2021-07-29,Australia,NSW,Sydney,Partner,1,2021-07-29
3661,Amber,Mack,lhardy@example.org,656-751-3907x267,Female,2000-07-10,2023-03-16,USA,New York,New York City,Organic,1,2023-03-16
3662,Jessica,Mendez,loganberry@example.net,478-902-7152,Female,1968-02-24,2021-12-08,Canada,Ontario,Toronto,Referral,1,2021-12-08
3663,Melissa,Haynes,reneegonzalez@example.net,(317)216-8138x35817,Other,1996-12-14,2023-05-31,USA,New York,New York City,Social Media,0,2023-05-31
3664,Eric,Schneider,alexander57@example.net,-2911,Other,1960-07-25,2021-02-09,India,Tamil Nadu,Chennai,Social Media,1,2021-02-09
3665,Suzanne,Phillips,murphybreanna@example.com,+1-284-931-5227x911,Other,1971-11-15,2025-12-19,USA,New York,New York City,Referral,1,2025-12-19
3666,Michael,Pineda,pwood@example.org,(400)268-6523,Male,1971-10-12,2026-02-12,Germany,Bavaria,Munich,Paid Ad,0,2026-02-12
3667,Martha,May,earlramirez@example.org,628-748-5013x672,Female,1956-10-07,2024-01-14,UK,England,London,Partner,1,2024-01-14
3668,Christina,Taylor,mathisallison@example.net,001-687-852-1932x694,Other,1971-12-12,2024-09-08,USA,Texas,Houston,Social Media,1,2024-09-08
3669,Corey,Martinez,rodgerssara@example.org,001-976-858-3571,Other,1962-11-30,2024-03-08,Australia,NSW,Sydney,Paid Ad,0,2024-03-08
3670,Abigail,Wheeler,friley@example.net,948.632.9480,Female,1963-02-28,2023-10-17,India,Tamil Nadu,Chennai,Paid Ad,1,2023-10-17
3671,Wesley,Smith,gbell@example.com,554.875.0316x8157,Other,1978-05-31,2024-06-18,Australia,NSW,Sydney,Social Media,1,2024-06-18
3672,Jessica,Caldwell,hcastro@example.org,2036908197,Female,1979-03-11,2023-01-17,USA,New York,New York City,Organic,1,2023-01-17
3673,Matthew,Dean,morgan40@example.net,-4558,Female,1971-12-25,2026-04-12,India,Karnataka,Bengaluru,Referral,1,2026-04-12
3674,Christopher,French,angela96@example.org,001-446-320-8738x432,Female,1975-02-13,2021-09-26,USA,Texas,Houston,Partner,0,2021-09-26
3675,Peter,Mccormick,patricia97@example.com,725.723.8154x74329,Female,1998-07-06,2022-01-23,India,Tamil Nadu,Chennai,Paid Ad,0,2022-01-23
3676,Michael,Young,michaelgraham@example.com,001-941-439-0744x329,Male,1992-04-13,2023-01-19,Australia,NSW,Sydney,Organic,1,2023-01-19
3677,Aaron,English,sharimartinez@example.org,970.232.2888,Female,1991-08-25,2023-05-24,India,Maharashtra,Mumbai,Email Campaign,0,2023-05-24
3678,Wendy,Mclaughlin,hbradford@example.org,001-884-510-6977x75323,Other,1990-12-06,2024-08-03,India,Tamil Nadu,Chennai,Social Media,1,2024-08-03
3679,Todd,Harris,jsimon@example.org,385.972.2804x369,Other,2006-11-25,2024-05-14,USA,New York,New York City,Referral,0,2024-05-14
3680,Kenneth,Wall,angelabrown@example.net,-3096,Female,1971-07-30,2022-09-26,Germany,Bavaria,Munich,Referral,1,2022-09-26
3681,Mark,Anderson,obarton@example.org,600.341.0233x6286,Male,1959-05-07,2025-06-11,India,Maharashtra,Mumbai,Referral,0,2025-06-11
3682,Nicole,Martinez,ppearson@example.net,+1-331-836-4903x657,Female,1983-09-04,2022-10-06,Germany,Bavaria,Munich,Email Campaign,1,2022-10-06
3683,Carla,Hernandez,charlesjohnson@example.org,685-954-0574,Other,2001-11-05,2025-09-04,Canada,Ontario,Toronto,Paid Ad,1,2025-09-04
3684,Nicole,Huang,domingueztyler@example.com,574-590-7923x285,Female,2002-11-26,2023-12-13,India,Maharashtra,Mumbai,Paid Ad,1,2023-12-13
3685,John,Thomas,schwartzkathleen@example.com,(707)726-6931,Female,1964-11-19,2022-08-17,India,Karnataka,Bengaluru,Paid Ad,1,2022-08-17
3686,Jacqueline,Garcia,othomas@example.net,(663)294-8742x243,Female,1986-12-25,2024-07-15,India,Karnataka,Bengaluru,Paid Ad,0,2024-07-15
3687,Stephanie,Harris,douglas92@example.com,244.748.3041,Female,2008-07-05,2025-05-31,UK,England,London,Organic,1,2025-05-31
3688,Matthew,Glenn,msmith@example.org,+1-577-628-6756x6807,Female,1973-08-24,2021-08-15,UK,England,London,Paid Ad,1,2021-08-15
3689,Haley,Kent,johnsondan@example.net,4654502647,Female,1966-05-25,2026-02-15,USA,Texas,Houston,Organic,1,2026-02-15
3690,Jose,Jenkins,kristy02@example.org,665.579.6675x813,Other,1996-04-20,2023-05-05,India,Maharashtra,Mumbai,Partner,1,2023-05-05
3691,Heather,Ford,ydavenport@example.net,(836)396-6378,Female,1965-05-05,2024-04-22,India,Tamil Nadu,Chennai,Organic,1,2024-04-22
3692,Stephanie,Franco,traci77@example.com,340.349.5069x2519,Female,1974-02-04,2025-10-18,India,Karnataka,Bengaluru,Paid Ad,0,2025-10-18
3693,Nathan,Cooper,christinataylor@example.net,-6578,Male,1980-08-05,2023-03-28,Australia,NSW,Sydney,Email Campaign,1,2023-03-28
3694,Charlotte,Santana,brandyfrench@example.org,(378)562-6314,Female,1972-07-02,2025-12-08,Australia,NSW,Sydney,Organic,1,2025-12-08
3695,Tanya,Lee,uwarren@example.org,712-401-1906x7736,Male,1991-07-30,2023-09-23,USA,New York,New York City,Paid Ad,1,2023-09-23
3696,Shawn,Hammond,sara76@example.org,655-284-9738,Male,1955-11-17,2026-04-09,Canada,Ontario,Toronto,Partner,1,2026-04-09
3697,Daniel,Clayton,melanie12@example.com,8768678619,Male,1971-01-22,2026-06-18,UK,England,London,Paid Ad,1,2026-06-18
3698,James,Black,hperez@example.org,747.560.3107x773,Male,1968-03-16,2025-03-17,Germany,Bavaria,Munich,Organic,0,2025-03-17
3699,Robert,Miller,christopher75@example.com,001-588-702-7209,Female,1964-05-24,2024-11-04,USA,California,Los Angeles,Email Campaign,1,2024-11-04
3700,Michael,Moore,wbenitez@example.com,267-900-4758x7012,Female,1957-06-06,2025-11-30,India,Karnataka,Bengaluru,Organic,1,2025-11-30
3701,Joshua,Pennington,myersamber@example.org,7104830153,Other,2001-07-21,2022-07-05,Canada,Ontario,Toronto,Organic,1,2022-07-05
3702,Shane,Hawkins,drakemark@example.org,686.638.4196x28419,Male,1978-12-14,2025-08-22,India,Karnataka,Bengaluru,Referral,0,2025-08-22
3703,Paul,Johnson,tyler23@example.org,+1-518-739-5768x53893,Other,1975-08-04,2024-05-09,Germany,Bavaria,Munich,Referral,0,2024-05-09
3704,Holly,Rodriguez,christopher86@example.org,789-827-8698,Female,1982-11-15,2021-12-27,Australia,NSW,Sydney,Referral,1,2021-12-27
3705,Jennifer,Carroll,dmiles@example.net,+1-795-468-8085x966,Other,1961-12-26,2023-12-04,India,Karnataka,Bengaluru,Email Campaign,1,2023-12-04
3706,Oscar,Kemp,alicia86@example.net,680-310-5118x426,Male,1994-12-23,2021-03-31,India,Tamil Nadu,Chennai,Organic,1,2021-03-31
3707,Eric,Shepherd,diazjohn@example.net,478-980-8352x62738,Female,1976-09-19,2025-01-19,India,Karnataka,Bengaluru,Partner,0,2025-01-19
3708,Margaret,Graham,conradchristopher@example.net,892.561.1980x9560,Female,1994-02-13,2023-01-25,India,Maharashtra,Mumbai,Social Media,1,2023-01-25
3709,John,Moss,phenry@example.com,001-254-401-9731x112,Female,2001-11-20,2026-03-03,India,Maharashtra,Mumbai,Paid Ad,1,2026-03-03
3710,Gary,Wilson,stephaniefreeman@example.net,+1-719-893-8927x33409,Female,1968-08-29,2023-11-27,India,Maharashtra,Mumbai,Email Campaign,1,2023-11-27
3711,Kelly,Richards,kimberlyreyes@example.com,(242)999-6639,Male,1970-05-26,2022-07-29,USA,California,Los Angeles,Partner,1,2022-07-29
3712,Ebony,Henderson,warrenburton@example.org,(828)200-2370,Female,1988-10-14,2025-10-17,UK,England,London,Social Media,1,2025-10-17
3713,Tiffany,Mercado,charlesjones@example.net,336.612.3933,Other,1973-11-26,2021-09-04,USA,California,Los Angeles,Paid Ad,0,2021-09-04
3714,Crystal,Contreras,eric85@example.net,001-472-450-6713,Male,2001-08-30,2025-11-26,USA,California,Los Angeles,Email Campaign,1,2025-11-26
3715,Kathleen,Cole,rileynicole@example.org,746.544.3901,Female,1967-06-14,2026-07-09,India,Karnataka,Bengaluru,Email Campaign,1,2026-07-09
3716,Patricia,Castro,heatherli@example.com,(509)801-2818x489,Other,1971-08-04,2021-10-02,India,Karnataka,Bengaluru,Organic,1,2021-10-02
3717,Caroline,Morton,morganlowe@example.org,(779)891-3468x0606,Other,1959-02-17,2022-01-13,Germany,Bavaria,Munich,Organic,1,2022-01-13
3718,Daniel,Lozano,thomas67@example.org,940.768.8772,Other,2004-07-17,2022-10-11,Australia,NSW,Sydney,Organic,1,2022-10-11
3719,Danielle,Kelley,sdunn@example.com,001-307-834-2180x893,Other,2004-07-16,2026-04-03,Germany,Bavaria,Munich,Partner,1,2026-04-03
3720,Cassie,Taylor,jenniferray@example.net,001-753-442-0566x8073,Other,1976-09-11,2021-10-27,India,Maharashtra,Mumbai,Social Media,0,2021-10-27
3721,Logan,Price,christinepugh@example.net,001-880-253-0361x004,Female,1999-06-24,2026-03-23,India,Tamil Nadu,Chennai,Partner,1,2026-03-23
3722,Martin,Smith,davisanne@example.net,900-798-7264x62716,Male,1998-02-15,2024-09-15,USA,Texas,Houston,Referral,1,2024-09-15
3723,Melanie,Ward,sandramurillo@example.com,615-472-3974x247,Female,1990-02-28,2024-10-23,Germany,Bavaria,Munich,Email Campaign,0,2024-10-23
3724,Amber,Davis,christina74@example.com,619-984-6563x16032,Female,1985-04-14,2021-03-29,UK,England,London,Email Campaign,0,2021-03-29
3725,Susan,Turner,wmartinez@example.org,001-652-588-2808x231,Other,2008-04-24,2021-01-27,India,Tamil Nadu,Chennai,Social Media,0,2021-01-27
3726,Monique,Johnson,kimberlyandrews@example.net,590.642.6980x87825,Male,1975-09-12,2021-02-04,USA,California,Los Angeles,Paid Ad,1,2021-02-04
3727,Diane,Willis,gibarra@example.net,306-816-1312x17888,Female,1989-12-04,2022-09-09,UK,England,London,Referral,1,2022-09-09
3728,Philip,Pineda,iadams@example.org,938.744.4611,Other,1971-09-16,2024-08-30,Germany,Bavaria,Munich,Social Media,0,2024-08-30
3729,Jessica,Leblanc,rvelasquez@example.org,704.394.4153x614,Other,1992-02-21,2024-12-23,India,Maharashtra,Mumbai,Email Campaign,1,2024-12-23
3730,Darlene,Mcintyre,charlesclayton@example.org,781-867-0491,Male,1999-12-21,2023-02-13,USA,Texas,Houston,Referral,1,2023-02-13
3731,Alex,Brown,danderson@example.com,(685)616-4064x0058,Male,1974-02-06,2023-01-14,India,Tamil Nadu,Chennai,Organic,1,2023-01-14
3732,Jennifer,Taylor,victoriaharrington@example.org,+1-942-489-8116x649,Male,1991-04-04,2021-06-11,Australia,NSW,Sydney,Email Campaign,0,2021-06-11
3733,Alicia,Sanchez,leslieburke@example.com,685-791-3375x9933,Female,1997-06-11,2021-10-11,India,Karnataka,Bengaluru,Paid Ad,1,2021-10-11
3734,Jacob,Mcpherson,shawdaniel@example.net,867-256-8929x247,Male,1980-09-29,2023-05-06,India,Maharashtra,Mumbai,Paid Ad,0,2023-05-06
3735,Mark,Bates,okelly@example.org,415.346.3676,Female,1967-03-19,2025-10-04,USA,Texas,Houston,Referral,1,2025-10-04
3736,Ryan,Smith,christinanicholson@example.net,947-727-2455x769,Male,1959-04-11,2024-12-26,India,Maharashtra,Mumbai,Referral,0,2024-12-26
3737,Claudia,Rice,emilyrobbins@example.com,001-939-996-0144x71599,Female,1990-08-07,2022-05-20,Canada,Ontario,Toronto,Organic,1,2022-05-20
3738,Charles,Green,mark59@example.com,640-397-7418,Female,1999-09-01,2023-05-05,Canada,Ontario,Toronto,Organic,1,2023-05-05
3739,Douglas,James,nguyenpatricia@example.com,(593)222-7697,Female,1972-12-17,2025-12-02,Canada,Ontario,Toronto,Referral,1,2025-12-02
3740,Spencer,Wilson,rramirez@example.org,(561)669-1749,Other,1974-01-01,2025-04-08,India,Maharashtra,Mumbai,Organic,0,2025-04-08
3741,Frank,Griffin,holmesalex@example.com,870-406-8873x029,Other,1957-01-09,2022-12-19,USA,New York,New York City,Email Campaign,1,2022-12-19
3742,Michael,Ortiz,jessemyers@example.com,4974628271,Male,2004-10-06,2022-05-14,Australia,NSW,Sydney,Referral,0,2022-05-14
3743,Maria,Ortiz,smithashley@example.net,425.240.7748x816,Other,1970-06-28,2026-06-27,USA,New York,New York City,Email Campaign,1,2026-06-27
3744,Frank,Stone,yvettewashington@example.org,001-477-642-7894x37887,Female,1963-01-19,2024-07-21,India,Karnataka,Bengaluru,Referral,0,2024-07-21
3745,Michael,Harrington,angel65@example.org,001-658-909-5316x4705,Other,1973-08-22,2022-01-07,India,Maharashtra,Mumbai,Paid Ad,1,2022-01-07
3746,Jacqueline,Johnson,hectorreid@example.com,(488)493-2281x7108,Other,2005-04-23,2023-11-12,Canada,Ontario,Toronto,Organic,1,2023-11-12
3747,Mary,Wilson,brian34@example.net,001-677-759-3367x835,Male,1970-03-23,2021-03-08,Canada,Ontario,Toronto,Social Media,1,2021-03-08
3748,Antonio,Stephens,hschultz@example.org,882.631.1967,Male,1979-08-31,2025-06-28,UK,England,London,Paid Ad,1,2025-06-28
3749,Elizabeth,Yang,pamelakelly@example.com,888.928.2270,Male,1982-02-28,2024-06-23,India,Karnataka,Bengaluru,Social Media,1,2024-06-23
3750,Todd,Johnson,tiffany98@example.com,2776023681,Other,2001-10-20,2023-07-29,India,Tamil Nadu,Chennai,Organic,1,2023-07-29
3751,Kristen,Hughes,donaldsmith@example.com,561-321-4912x2867,Male,1990-11-17,2026-04-15,UK,England,London,Paid Ad,1,2026-04-15
3752,Jorge,Martinez,lisa26@example.net,+1-451-318-5802x02315,Male,1991-01-26,2021-07-05,India,Karnataka,Bengaluru,Referral,1,2021-07-05
3753,Judy,Gardner,tjones@example.net,(501)284-3597,Male,1996-08-18,2021-02-07,USA,Texas,Houston,Email Campaign,1,2021-02-07
3754,Abigail,Ortiz,mthomas@example.net,4166584563,Other,1999-11-27,2022-07-29,USA,Texas,Houston,Social Media,1,2022-07-29
3755,Keith,Smith,jeremy06@example.com,(881)454-0985x21772,Other,2004-12-05,2021-09-08,USA,California,Los Angeles,Referral,0,2021-09-08
3756,Beth,Perez,julie67@example.org,-8531,Other,1957-01-18,2025-03-03,India,Tamil Nadu,Chennai,Social Media,1,2025-03-03
3757,Scott,Barber,pgriffin@example.com,+1-700-818-4766x9953,Male,1956-12-13,2025-09-14,USA,Texas,Houston,Referral,1,2025-09-14
3758,Susan,Thomas,piercejohn@example.com,(552)305-6224x7180,Other,1998-06-07,2022-09-13,Australia,NSW,Sydney,Partner,0,2022-09-13
3759,Mary,Welch,stephenbrown@example.com,001-258-926-0960x075,Male,1992-05-15,2025-02-04,USA,Texas,Houston,Referral,0,2025-02-04
3760,Becky,Rogers,eugenejones@example.net,5662774818,Male,1993-03-05,2026-07-31,USA,California,Los Angeles,Paid Ad,1,2026-07-31
3761,Carlos,Harris,psuarez@example.org,(418)991-3559x65727,Female,1999-08-09,2025-03-09,UK,England,London,Email Campaign,0,2025-03-09
3762,Daniel,Hardy,emily47@example.com,(638)802-6709,Male,1959-05-26,2021-04-27,India,Karnataka,Bengaluru,Paid Ad,0,2021-04-27
3763,Ronald,Gregory,johnsrichard@example.com,381-446-0499,Male,1986-10-07,2026-04-12,USA,California,Los Angeles,Partner,0,2026-04-12
3764,Regina,Patterson,kaylathomas@example.org,001-829-979-8013x4720,Male,2003-11-06,2025-07-28,USA,Texas,Houston,Email Campaign,1,2025-07-28
3765,Amanda,Mclean,ewebb@example.net,(353)676-7039x27499,Male,1967-12-27,2022-11-27,UK,England,London,Organic,1,2022-11-27
3766,Amy,Jensen,acraig@example.com,808.933.6014,Male,2004-05-20,2024-11-29,USA,California,Los Angeles,Organic,0,2024-11-29
3767,Michael,Miller,nataliewilliams@example.org,001-724-789-1360x4374,Male,1979-07-05,2021-09-29,UK,England,London,Social Media,0,2021-09-29
3768,Randall,Frank,ashleyturner@example.net,992-975-8482,Other,1975-04-05,2025-08-28,Canada,Ontario,Toronto,Social Media,0,2025-08-28
3769,Kevin,Gallegos,melissamarshall@example.org,992-846-7595,Female,1966-08-08,2021-01-03,USA,Texas,Houston,Social Media,1,2021-01-03
3770,Thomas,Good,burkeluis@example.com,9872165081,Male,1966-07-06,2023-11-19,Canada,Ontario,Toronto,Paid Ad,1,2023-11-19
3771,Erin,Gonzales,robinsonfrank@example.org,-6893,Other,1971-06-23,2025-02-06,Australia,NSW,Sydney,Partner,1,2025-02-06
3772,Cynthia,Shepherd,randerson@example.net,453.498.7920x148,Female,1966-03-31,2026-05-12,USA,New York,New York City,Partner,1,2026-05-12
3773,Timothy,Esparza,michaelarmstrong@example.net,+1-768-765-0660x116,Male,1983-08-04,2023-03-15,Germany,Bavaria,Munich,Referral,1,2023-03-15
3774,Shelley,Gomez,reedrobin@example.org,955-481-8006x60567,Male,1989-08-08,2022-06-16,Australia,NSW,Sydney,Referral,1,2022-06-16
3775,Jacob,Graham,medinajoshua@example.net,980.406.3993,Other,1996-12-20,2022-01-24,USA,New York,New York City,Social Media,1,2022-01-24
3776,Melissa,Henderson,smitherin@example.net,787.321.9163x0916,Male,1977-11-30,2022-03-08,India,Tamil Nadu,Chennai,Referral,1,2022-03-08
3777,Bobby,Nelson,uwhite@example.org,270-709-3587x17020,Other,2005-06-14,2023-01-27,India,Tamil Nadu,Chennai,Partner,1,2023-01-27
3778,Shelley,Diaz,bradyshannon@example.net,001-500-452-9942,Other,1974-07-15,2024-09-08,India,Tamil Nadu,Chennai,Social Media,1,2024-09-08
3779,Elizabeth,Hobbs,debbiescott@example.org,+1-532-812-4302x58330,Male,1989-01-16,2023-12-29,Germany,Bavaria,Munich,Paid Ad,1,2023-12-29
3780,John,Taylor,uenglish@example.net,3473447309,Other,2000-02-28,2025-03-16,UK,England,London,Referral,1,2025-03-16
3781,Mary,Wallace,aguirremary@example.com,(667)584-5334x33578,Other,1979-11-08,2021-05-21,Germany,Bavaria,Munich,Social Media,1,2021-05-21
3782,Kimberly,Shelton,gonzalezjudith@example.com,736-237-5060,Male,1967-05-28,2023-03-22,USA,California,Los Angeles,Organic,1,2023-03-22
3783,Susan,Noble,villanuevakristin@example.org,(537)684-5736x2530,Male,1990-10-19,2021-05-20,USA,Texas,Houston,Referral,0,2021-05-20
3784,David,Hamilton,jacksonmary@example.org,(269)492-7287,Male,1965-06-25,2024-08-14,UK,England,London,Email Campaign,1,2024-08-14
3785,Kevin,Smith,erivera@example.org,001-729-839-4099x65678,Female,1970-04-06,2026-06-05,Canada,Ontario,Toronto,Referral,0,2026-06-05
3786,Joy,Obrien,blakescott@example.org,4323928442,Female,1966-12-11,2025-07-20,Germany,Bavaria,Munich,Referral,1,2025-07-20
3787,Kelly,Harris,clarencesanchez@example.org,001-500-204-2956x03029,Other,1986-07-09,2023-12-13,Canada,Ontario,Toronto,Social Media,0,2023-12-13
3788,Monica,Henry,anthonyjohnson@example.com,(820)202-5569x318,Other,1978-10-09,2024-02-19,USA,New York,New York City,Email Campaign,1,2024-02-19
3789,Fernando,Cabrera,bakeralison@example.com,537-230-5359x6276,Male,1957-07-24,2024-10-13,India,Karnataka,Bengaluru,Paid Ad,0,2024-10-13
3790,Brenda,Chung,xduran@example.net,(652)373-9767,Other,1967-12-23,2026-06-20,India,Karnataka,Bengaluru,Social Media,1,2026-06-20
3791,Belinda,Hill,hallvictor@example.com,+1-941-643-1401x398,Other,1964-04-12,2024-11-03,USA,New York,New York City,Paid Ad,1,2024-11-03
3792,Cheryl,Allen,jennifermurray@example.net,001-742-884-0888,Female,1991-05-20,2025-02-05,USA,New York,New York City,Partner,1,2025-02-05
3793,Walter,White,edgar20@example.org,916-248-5155x9648,Male,1965-09-08,2022-06-02,USA,California,Los Angeles,Referral,1,2022-06-02
3794,Mary,Velazquez,nsmith@example.com,001-408-388-8423x5940,Male,1977-07-14,2022-04-01,Canada,Ontario,Toronto,Email Campaign,1,2022-04-01
3795,Amber,Williams,oarnold@example.com,+1-863-362-2446x2655,Female,1975-01-18,2022-06-02,India,Tamil Nadu,Chennai,Paid Ad,1,2022-06-02
3796,Travis,Hayes,stanley92@example.com,5597944617,Other,1967-09-18,2025-11-22,Canada,Ontario,Toronto,Organic,1,2025-11-22
3797,Brian,Mccarthy,sheryl70@example.com,001-274-909-1260x2870,Female,1995-10-27,2023-01-18,Australia,NSW,Sydney,Email Campaign,0,2023-01-18
3798,Daniel,Patterson,william23@example.org,(686)699-8008x814,Other,1976-03-28,2022-08-04,India,Maharashtra,Mumbai,Referral,1,2022-08-04
3799,Sheila,Murphy,lyonshenry@example.net,(429)360-6913,Other,1980-10-30,2023-03-25,USA,California,Los Angeles,Partner,1,2023-03-25
3800,Eric,Ayala,madeline18@example.com,(678)823-9675x67659,Other,1967-08-03,2022-09-14,India,Karnataka,Bengaluru,Email Campaign,1,2022-09-14
3801,Angela,Colon,matthew71@example.org,001-989-972-4818x70633,Other,1969-07-30,2021-07-12,Australia,NSW,Sydney,Paid Ad,0,2021-07-12
3802,Sean,Erickson,kgriffith@example.com,001-881-436-1593x6407,Other,1958-02-21,2023-08-02,Australia,NSW,Sydney,Email Campaign,0,2023-08-02
3803,Theresa,Summers,stacymarquez@example.com,395-496-2413x2459,Male,1968-06-07,2025-03-14,USA,Texas,Houston,Organic,1,2025-03-14
3804,Lori,Mitchell,adamschristopher@example.com,225.845.1434x38250,Other,2005-11-23,2023-07-16,USA,Texas,Houston,Referral,1,2023-07-16
3805,Cassandra,Cannon,tiffanybailey@example.org,541.659.4928,Male,1986-06-10,2025-10-03,Australia,NSW,Sydney,Paid Ad,0,2025-10-03
3806,Edwin,Wright,scottbarnes@example.com,214.597.6423x6917,Female,1997-02-02,2025-06-30,USA,California,Los Angeles,Social Media,1,2025-06-30
3807,David,Thompson,justinmayo@example.net,892.211.7005x245,Female,1988-08-19,2025-09-22,Australia,NSW,Sydney,Social Media,1,2025-09-22
3808,Cody,Mullins,olsonmary@example.net,+1-384-902-7094x31521,Other,1962-03-18,2022-07-12,India,Karnataka,Bengaluru,Paid Ad,1,2022-07-12
3809,Tracey,Olsen,michaeldelgado@example.com,001-215-663-6886x465,Female,1995-12-15,2021-11-03,USA,California,Los Angeles,Partner,0,2021-11-03
3810,Nicholas,Hughes,karias@example.net,(336)574-9281x871,Male,2004-03-18,2024-06-30,Australia,NSW,Sydney,Partner,1,2024-06-30
3811,Robert,Bell,james13@example.org,912-570-6454,Male,2003-04-02,2021-10-01,Germany,Bavaria,Munich,Social Media,0,2021-10-01
3812,Ashley,Rios,ramirezbeth@example.net,001-310-730-3379x916,Female,1993-08-29,2022-08-12,USA,Texas,Houston,Referral,1,2022-08-12
3813,Eugene,Ford,melanie93@example.org,001-257-276-1406x926,Male,1973-12-14,2025-05-22,India,Maharashtra,Mumbai,Partner,1,2025-05-22
3814,Eric,Perry,vanessa40@example.net,451.574.4441x38825,Other,1996-10-28,2025-05-21,UK,England,London,Referral,1,2025-05-21
3815,Michael,Thomas,stevesanchez@example.org,(217)279-9890x4381,Male,1976-09-23,2024-12-06,India,Maharashtra,Mumbai,Referral,0,2024-12-06
3816,Daniel,Edwards,anthony61@example.com,2489687169,Female,2005-07-06,2022-07-30,India,Tamil Nadu,Chennai,Organic,0,2022-07-30
3817,John,Vincent,laurenbrown@example.org,4093114989,Male,1992-01-30,2022-09-14,Germany,Bavaria,Munich,Social Media,0,2022-09-14
3818,Angela,Beard,steven39@example.net,+1-536-546-9061x0960,Female,1983-04-05,2024-02-03,USA,Texas,Houston,Organic,1,2024-02-03
3819,Eric,Ayala,francesclark@example.net,001-222-735-3755x727,Other,1988-02-26,2024-06-28,USA,New York,New York City,Organic,1,2024-06-28
3820,Karen,Stewart,averymelissa@example.net,-11434,Male,1981-07-06,2026-04-14,Germany,Bavaria,Munich,Partner,0,2026-04-14
3821,Jessica,Barron,amartinez@example.net,+1-748-839-7200x6632,Male,1982-08-21,2024-05-08,Canada,Ontario,Toronto,Email Campaign,1,2024-05-08
3822,Amber,Bennett,xcollins@example.net,001-336-670-6197x50038,Male,1990-01-21,2026-02-05,Germany,Bavaria,Munich,Organic,1,2026-02-05
3823,Jonathan,Golden,davismelissa@example.org,(600)458-3534x858,Male,1973-03-21,2024-01-20,India,Karnataka,Bengaluru,Social Media,1,2024-01-20
3824,Raymond,Hill,cuevasscott@example.net,337-860-1832x5798,Other,1987-04-26,2022-04-08,India,Tamil Nadu,Chennai,Social Media,0,2022-04-08
3825,Heather,Webster,edward69@example.org,001-760-342-5990x40193,Other,1993-03-03,2022-11-21,UK,England,London,Partner,1,2022-11-21
3826,William,Carter,joshuabird@example.com,743.442.5951x2286,Male,1986-09-03,2024-04-07,Canada,Ontario,Toronto,Email Campaign,0,2024-04-07
3827,Jennifer,Baxter,dakotawilliams@example.org,-2326,Other,1987-04-29,2021-12-29,USA,New York,New York City,Email Campaign,1,2021-12-29
3828,Charles,White,melinda70@example.net,001-744-714-8224x30259,Male,2002-05-10,2025-01-25,Germany,Bavaria,Munich,Partner,1,2025-01-25
3829,Margaret,Santana,brittneyrobinson@example.com,326-608-5502x625,Female,1995-12-09,2025-11-07,Canada,Ontario,Toronto,Organic,1,2025-11-07
3830,Susan,Greer,jeff95@example.net,569-917-2070x36798,Other,1965-12-23,2024-02-22,USA,New York,New York City,Partner,1,2024-02-22
3831,Jeffrey,Roth,reeddenise@example.com,237.748.1184x4878,Other,1963-08-31,2023-10-28,India,Tamil Nadu,Chennai,Email Campaign,0,2023-10-28
3832,Craig,Atkinson,brent00@example.org,258-578-2573x13022,Other,1979-09-14,2025-09-15,India,Karnataka,Bengaluru,Paid Ad,1,2025-09-15
3833,Maria,Galvan,kevin53@example.org,+1-540-916-4785x06093,Male,1959-05-14,2021-12-07,India,Karnataka,Bengaluru,Organic,1,2021-12-07
3834,Amanda,Gomez,chad21@example.net,765-448-1932x2061,Other,1991-12-25,2023-09-22,Canada,Ontario,Toronto,Social Media,0,2023-09-22
3835,Michelle,Miller,kimcarolyn@example.net,001-779-250-4700x622,Other,1959-09-25,2025-11-12,India,Maharashtra,Mumbai,Paid Ad,1,2025-11-12
3836,Shannon,Snyder,marshalljulian@example.net,+1-290-992-3936x0447,Other,2007-04-04,2026-06-22,USA,New York,New York City,Email Campaign,0,2026-06-22
3837,Karen,Smith,wwilliams@example.com,+1-765-427-3983x112,Other,1963-02-01,2025-03-20,Germany,Bavaria,Munich,Email Campaign,1,2025-03-20
3838,Lisa,Robertson,hgibbs@example.com,(344)545-1696,Other,1981-08-06,2021-06-22,UK,England,London,Organic,1,2021-06-22
3839,John,Johnson,catherine85@example.org,350-327-4393,Other,1991-12-11,2022-02-08,Germany,Bavaria,Munich,Organic,1,2022-02-08
3840,Norman,Ramirez,samantha06@example.org,2959279586,Female,1964-01-11,2023-09-05,USA,New York,New York City,Email Campaign,1,2023-09-05
3841,Bruce,Valencia,jamescooley@example.net,702.506.8220,Female,1997-05-08,2025-09-24,Germany,Bavaria,Munich,Partner,1,2025-09-24
3842,Tiffany,Campbell,angelaclark@example.net,585.475.2326x610,Other,1961-09-10,2024-11-23,USA,California,Los Angeles,Social Media,1,2024-11-23
3843,Alice,Thompson,laura02@example.com,913-909-9962x94264,Female,1956-08-01,2021-06-02,Canada,Ontario,Toronto,Partner,0,2021-06-02
3844,Andrew,Carter,derrick42@example.org,(791)695-7594x1904,Male,2000-06-20,2021-04-16,UK,England,London,Email Campaign,0,2021-04-16
3845,Brandon,Morris,jfox@example.net,(340)398-8666,Other,2001-08-14,2021-04-09,USA,Texas,Houston,Paid Ad,1,2021-04-09
3846,Miranda,Wallace,kirksamuel@example.net,001-789-800-6180x20315,Female,2003-06-06,2024-04-12,USA,New York,New York City,Organic,1,2024-04-12
3847,Steven,Marsh,dariushobbs@example.org,(992)344-4507x654,Female,1997-12-21,2023-11-05,Canada,Ontario,Toronto,Partner,1,2023-11-05
3848,Laura,Hanson,xhenry@example.net,+1-514-925-8074x22120,Male,1995-02-08,2024-12-14,India,Karnataka,Bengaluru,Paid Ad,1,2024-12-14
3849,Lauren,Smith,turnerjacob@example.org,(332)991-4204,Female,1986-11-20,2021-07-15,Canada,Ontario,Toronto,Social Media,1,2021-07-15
3850,Jennifer,Murphy,robert09@example.org,351.549.0333,Male,1985-11-15,2022-10-20,India,Tamil Nadu,Chennai,Email Campaign,1,2022-10-20
3851,Olivia,Stevenson,heidi20@example.net,731.415.6762x386,Other,1977-03-05,2024-08-11,Australia,NSW,Sydney,Social Media,1,2024-08-11
3852,Stacey,French,ghuffman@example.org,503.687.9426,Female,1956-02-11,2022-12-06,India,Karnataka,Bengaluru,Organic,1,2022-12-06
3853,Michael,Avila,nathan56@example.net,332.929.9181x28091,Other,1980-08-10,2024-12-11,India,Karnataka,Bengaluru,Email Campaign,1,2024-12-11
3854,Anthony,Johnston,maryford@example.org,495.367.8587x661,Female,1993-05-27,2024-07-20,India,Maharashtra,Mumbai,Organic,1,2024-07-20
3855,Tracy,Fitzgerald,victoria44@example.org,(365)574-3759x824,Female,1963-06-01,2025-07-22,USA,New York,New York City,Email Campaign,1,2025-07-22
3856,Amanda,Vaughan,bowerssusan@example.net,+1-955-384-4573x52640,Female,1992-09-12,2023-02-02,Canada,Ontario,Toronto,Referral,1,2023-02-02
3857,Sue,Jefferson,gonzalezbob@example.com,001-352-474-0456x4543,Female,1986-03-08,2026-06-12,India,Tamil Nadu,Chennai,Paid Ad,1,2026-06-12
3858,John,Cervantes,jflores@example.net,772-399-2633x700,Male,1959-05-22,2025-01-20,Canada,Ontario,Toronto,Referral,0,2025-01-20
3859,Margaret,Obrien,sheltonjack@example.org,(376)315-8425,Male,2003-12-08,2021-03-07,India,Karnataka,Bengaluru,Referral,0,2021-03-07
3860,Amber,Berg,sarah23@example.org,-4985,Other,1957-02-05,2024-06-25,Germany,Bavaria,Munich,Partner,1,2024-06-25
3861,Kelly,Beasley,udickerson@example.net,648-354-3627,Other,1985-06-15,2024-04-28,Australia,NSW,Sydney,Email Campaign,1,2024-04-28
3862,Jake,Mendoza,dennis76@example.com,(884)368-5192,Other,1981-07-17,2025-06-19,USA,Texas,Houston,Partner,1,2025-06-19
3863,Sarah,Tate,jcollier@example.com,001-442-390-0391x610,Male,1961-06-12,2023-03-25,USA,New York,New York City,Organic,1,2023-03-25
3864,Daniel,Garcia,evanskeith@example.com,-9398,Female,1994-04-21,2025-07-16,Germany,Bavaria,Munich,Referral,1,2025-07-16
3865,David,Porter,annettewebb@example.org,+1-916-331-6295x8107,Female,1986-07-18,2024-12-20,India,Karnataka,Bengaluru,Referral,1,2024-12-20
3866,Diane,Simpson,qmelton@example.org,+1-466-606-4858x88444,Other,1973-10-17,2022-03-01,UK,England,London,Paid Ad,1,2022-03-01
3867,Rachel,Quinn,wcarter@example.org,568.345.1265x27667,Female,1973-11-21,2021-12-03,Germany,Bavaria,Munich,Referral,0,2021-12-03
3868,George,Massey,nealmaria@example.org,(711)226-8186,Male,2000-08-15,2021-06-17,Canada,Ontario,Toronto,Email Campaign,0,2021-06-17
3869,Peter,Evans,robert97@example.com,504-656-8826,Male,1965-01-24,2024-01-27,USA,Texas,Houston,Social Media,0,2024-01-27
3870,Kevin,Harris,alyssameyer@example.com,9054251362,Male,1973-01-23,2023-06-16,India,Maharashtra,Mumbai,Referral,1,2023-06-16
3871,Shirley,Powell,coreysims@example.org,001-384-487-4261x547,Male,1959-05-05,2023-06-04,Canada,Ontario,Toronto,Organic,1,2023-06-04
3872,Jessica,Crosby,obrooks@example.org,820.706.1193,Male,2005-03-23,2023-09-26,India,Tamil Nadu,Chennai,Email Campaign,1,2023-09-26
3873,Christina,Contreras,zstrickland@example.net,6237352358,Female,1987-05-17,2025-12-03,Canada,Ontario,Toronto,Email Campaign,1,2025-12-03
3874,Joe,Hansen,peter74@example.net,369-581-5556,Female,1997-09-02,2023-02-27,Australia,NSW,Sydney,Referral,1,2023-02-27
3875,Ross,Wolfe,thomas51@example.net,7425425846,Other,1966-04-26,2025-06-25,Australia,NSW,Sydney,Email Campaign,1,2025-06-25
3876,Laura,Morgan,westryan@example.net,(438)949-9408x477,Other,1988-04-11,2023-12-08,UK,England,London,Paid Ad,1,2023-12-08
3877,Shawn,Dixon,tylerbryant@example.org,500-846-4087x9817,Female,1961-07-13,2025-11-02,India,Tamil Nadu,Chennai,Paid Ad,0,2025-11-02
3878,Tiffany,Warren,jadkins@example.com,(421)764-2011x808,Other,1969-01-23,2024-08-04,India,Maharashtra,Mumbai,Paid Ad,1,2024-08-04
3879,Anna,Banks,christopherdavid@example.org,+1-621-459-4633x3817,Female,1978-11-29,2022-07-05,USA,New York,New York City,Partner,1,2022-07-05
3880,Robert,Watkins,garciatanner@example.com,+1-805-733-7019x363,Male,2004-06-06,2022-06-12,India,Maharashtra,Mumbai,Email Campaign,0,2022-06-12
3881,Patricia,Bowman,rickyjordan@example.net,(990)354-5219x0926,Male,1965-08-08,2024-07-08,Canada,Ontario,Toronto,Email Campaign,0,2024-07-08
3882,Luis,Bowers,alex76@example.org,230.973.5460x07974,Other,1997-07-08,2024-11-27,India,Maharashtra,Mumbai,Partner,0,2024-11-27
3883,Samuel,Bell,wnelson@example.net,001-725-659-3348x869,Female,1977-04-03,2023-07-07,Australia,NSW,Sydney,Paid Ad,0,2023-07-07
3884,Bruce,Martinez,ortegascott@example.com,(453)517-5959x6274,Female,1967-12-28,2021-08-06,Germany,Bavaria,Munich,Email Campaign,1,2021-08-06
3885,Shelly,Martinez,amyallen@example.org,+1-770-537-5269x6857,Other,2005-07-06,2026-07-30,Canada,Ontario,Toronto,Social Media,1,2026-07-30
3886,Calvin,Day,lopezjose@example.net,+1-633-327-6616x398,Male,1997-05-31,2022-12-03,USA,New York,New York City,Email Campaign,1,2022-12-03
3887,Stephen,Barton,matthewthompson@example.com,348.215.3246x0639,Female,1983-08-13,2021-08-24,Canada,Ontario,Toronto,Social Media,1,2021-08-24
3888,Michael,Jackson,chelseygarrett@example.com,2078894935,Other,1960-11-25,2021-09-19,USA,Texas,Houston,Paid Ad,1,2021-09-19
3889,Tony,White,paulaanderson@example.com,(311)234-8657x968,Other,1968-08-14,2024-02-05,USA,New York,New York City,Paid Ad,1,2024-02-05
3890,Bruce,Martin,garciajeffrey@example.org,-5821,Female,1981-08-07,2026-07-04,USA,California,Los Angeles,Partner,1,2026-07-04
3891,Albert,Smith,adam43@example.com,-10911,Male,2003-02-18,2025-06-12,USA,Texas,Houston,Partner,1,2025-06-12
3892,Natalie,Gutierrez,josephwatson@example.org,500.457.2395,Other,1979-09-03,2024-06-23,Canada,Ontario,Toronto,Partner,0,2024-06-23
3893,Annette,Romero,jeffreymartinez@example.com,762-699-6817,Male,1985-02-28,2024-09-15,India,Tamil Nadu,Chennai,Email Campaign,1,2024-09-15
3894,Clarence,Phillips,debrasanchez@example.com,(915)660-2324,Male,2004-06-14,2025-07-26,Australia,NSW,Sydney,Email Campaign,1,2025-07-26
3895,Stephanie,Rose,iwaller@example.com,785-951-3703,Male,2002-10-04,2024-07-12,Germany,Bavaria,Munich,Email Campaign,0,2024-07-12
3896,Carol,Camacho,hansenwilliam@example.com,878-567-9393,Other,1985-12-22,2025-01-07,USA,California,Los Angeles,Organic,0,2025-01-07
3897,Joanna,Khan,lisa20@example.org,3356210481,Other,2005-02-05,2021-09-18,USA,New York,New York City,Social Media,1,2021-09-18
3898,Allison,Davis,johnlewis@example.com,549.923.5249,Male,1995-05-05,2023-03-09,USA,Texas,Houston,Email Campaign,1,2023-03-09
3899,Daniel,Blankenship,marshalljacob@example.net,810-430-1640x40397,Male,1961-10-27,2023-01-13,USA,Texas,Houston,Partner,0,2023-01-13
3900,Allison,Peters,raustin@example.org,491.614.8219x91206,Female,2005-02-05,2022-05-05,Canada,Ontario,Toronto,Organic,0,2022-05-05
3901,Bryce,Stewart,jonesrebecca@example.com,001-341-550-9957x5681,Other,1969-02-05,2025-07-11,USA,New York,New York City,Partner,0,2025-07-11
3902,Chase,Walker,carolynbridges@example.com,001-839-528-2235,Female,1970-05-28,2025-07-28,UK,England,London,Partner,1,2025-07-28
3903,Jennifer,Mckenzie,kendrapatterson@example.net,571-293-9165x277,Female,1984-07-19,2022-07-22,Canada,Ontario,Toronto,Referral,1,2022-07-22
3904,Jacqueline,Leonard,halljustin@example.org,8257406467,Female,2005-11-06,2024-06-28,USA,New York,New York City,Referral,0,2024-06-28
3905,Travis,Washington,uherman@example.org,(691)623-6556,Female,1961-06-16,2023-10-30,UK,England,London,Organic,0,2023-10-30
3906,Brenda,Smith,doylemicheal@example.org,482.540.3092,Female,1997-02-28,2023-12-04,USA,Texas,Houston,Referral,1,2023-12-04
3907,James,Nelson,mike63@example.org,001-606-269-5804,Other,2004-08-24,2024-12-09,India,Maharashtra,Mumbai,Partner,0,2024-12-09
3908,Sydney,Massey,larry51@example.com,617.492.3002x883,Female,2004-01-14,2024-10-23,USA,New York,New York City,Organic,1,2024-10-23
3909,Joseph,Phillips,kari07@example.com,+1-229-282-8037x9440,Male,1959-02-21,2023-11-22,Australia,NSW,Sydney,Email Campaign,0,2023-11-22
3910,Nicole,Murphy,dwells@example.org,001-464-896-4422x1696,Other,1985-08-02,2021-08-31,USA,California,Los Angeles,Paid Ad,0,2021-08-31
3911,Brandy,Chavez,maryporter@example.com,+1-263-757-2231x526,Male,1992-03-08,2022-11-22,USA,New York,New York City,Email Campaign,1,2022-11-22
3912,Stephen,Mitchell,edwardsluis@example.org,4016544751,Female,2007-11-30,2021-01-20,USA,California,Los Angeles,Social Media,0,2021-01-20
3913,Tracy,Woods,william00@example.org,8323870789,Other,1981-01-28,2021-04-24,India,Tamil Nadu,Chennai,Email Campaign,1,2021-04-24
3914,Jennifer,Hodges,elizabethshort@example.com,+1-809-215-5732x22232,Male,1960-06-25,2021-10-12,India,Karnataka,Bengaluru,Referral,0,2021-10-12
3915,Rachel,Mitchell,uhanson@example.net,583.220.9912x42348,Male,1993-10-26,2026-08-03,Germany,Bavaria,Munich,Email Campaign,1,2026-08-03
3916,Christian,Black,richard72@example.com,657.830.2394x84771,Male,1980-08-29,2024-11-15,India,Maharashtra,Mumbai,Partner,1,2024-11-15
3917,Jamie,Chapman,deandavid@example.net,601.983.2740x316,Other,1998-01-07,2025-03-13,USA,Texas,Houston,Referral,1,2025-03-13
3918,John,Miller,chungkaren@example.net,465.315.0218x645,Other,1986-03-11,2022-12-29,Canada,Ontario,Toronto,Referral,0,2022-12-29
3919,Daryl,Miller,pmalone@example.net,(518)790-8540x30325,Other,1972-10-22,2021-05-05,Canada,Ontario,Toronto,Organic,0,2021-05-05
3920,Brittany,Ramsey,carlawhite@example.net,001-956-500-6420x92259,Female,1988-06-20,2022-05-08,Australia,NSW,Sydney,Paid Ad,0,2022-05-08
3921,Robert,Pham,fpratt@example.org,(601)513-0322x3235,Other,1966-03-30,2024-11-30,USA,New York,New York City,Referral,1,2024-11-30
3922,Troy,Barr,jared65@example.com,5264741216,Male,1969-01-02,2022-11-17,Germany,Bavaria,Munich,Social Media,0,2022-11-17
3923,Brandy,Reyes,garymoyer@example.net,+1-272-948-4396x0996,Other,1986-07-29,2022-09-28,India,Maharashtra,Mumbai,Paid Ad,1,2022-09-28
3924,Beverly,Miller,stephanie50@example.net,310.781.6535x985,Female,1989-10-22,2025-05-12,Canada,Ontario,Toronto,Organic,1,2025-05-12
3925,James,Farrell,espinozageorge@example.org,+1-253-242-4950x1528,Female,1994-04-02,2021-09-26,Australia,NSW,Sydney,Referral,1,2021-09-26
3926,Robert,Copeland,omartinez@example.com,479.893.2469x649,Male,1966-05-15,2022-08-03,India,Karnataka,Bengaluru,Social Media,0,2022-08-03
3927,Allison,Santos,ghicks@example.org,001-666-499-3005x476,Male,1994-11-24,2025-07-14,India,Maharashtra,Mumbai,Paid Ad,1,2025-07-14
3928,Christine,Parker,marydavis@example.net,325.951.2669,Other,1990-01-25,2026-05-22,USA,California,Los Angeles,Partner,0,2026-05-22
3929,Hunter,Gonzales,hhuffman@example.org,(790)286-6022x96316,Other,1961-12-01,2022-02-09,Germany,Bavaria,Munich,Organic,1,2022-02-09
3930,Henry,Poole,tiffany03@example.com,976-909-7137,Other,2000-05-17,2025-06-03,India,Karnataka,Bengaluru,Partner,1,2025-06-03
3931,Jay,Gray,greenlori@example.com,(508)766-4786,Female,1992-09-28,2024-03-03,India,Maharashtra,Mumbai,Referral,1,2024-03-03
3932,Gina,Wright,flynndavid@example.net,415-435-4318x7050,Female,1959-03-02,2023-03-23,Canada,Ontario,Toronto,Partner,0,2023-03-23
3933,Richard,Taylor,regina32@example.org,308-840-7493x834,Female,1963-02-17,2025-07-14,UK,England,London,Social Media,1,2025-07-14
3934,John,Todd,deborah28@example.com,240-529-1332x276,Male,1986-10-12,2026-07-02,USA,New York,New York City,Social Media,1,2026-07-02
3935,Henry,Martinez,hatfieldsara@example.com,806.543.8551x29986,Other,2001-01-04,2024-08-09,USA,New York,New York City,Social Media,0,2024-08-09
3936,Zachary,Johnson,lauriesmith@example.com,(790)546-3507x7318,Female,2001-04-25,2025-05-12,Germany,Bavaria,Munich,Social Media,1,2025-05-12
3937,Stephen,Allen,brooke40@example.net,533-524-3350x69844,Other,1994-06-20,2021-08-14,India,Tamil Nadu,Chennai,Organic,1,2021-08-14
3938,Christine,Martin,victor12@example.com,-6625,Female,1983-01-05,2022-01-01,India,Maharashtra,Mumbai,Email Campaign,1,2022-01-01
3939,George,Curry,jennifer12@example.com,001-601-718-3606x37055,Other,1977-05-31,2022-12-12,Germany,Bavaria,Munich,Paid Ad,1,2022-12-12
3940,Matthew,Cook,hoodgregory@example.org,001-486-414-5094x138,Male,1998-02-22,2021-04-25,USA,California,Los Angeles,Paid Ad,1,2021-04-25
3941,Kelsey,Brown,milleralbert@example.org,+1-219-305-0442x81645,Female,1957-07-11,2023-02-11,UK,England,London,Email Campaign,0,2023-02-11
3942,Jessica,Graves,michael97@example.org,(434)745-5658x2476,Other,2005-04-06,2025-11-12,USA,California,Los Angeles,Email Campaign,0,2025-11-12
3943,Melissa,Kelly,martinezchristopher@example.org,9268849677,Other,1994-12-26,2023-01-01,Australia,NSW,Sydney,Paid Ad,1,2023-01-01
3944,Breanna,Williams,cmorales@example.com,355-879-4319x36671,Male,1964-05-30,2023-05-29,USA,California,Los Angeles,Social Media,0,2023-05-29
3945,Michael,Rogers,toninicholson@example.net,(429)918-7937x5937,Other,1974-06-28,2023-06-27,USA,Texas,Houston,Paid Ad,0,2023-06-27
3946,Corey,Miller,abigail62@example.org,613.789.4778x5407,Female,1968-10-01,2023-04-14,USA,New York,New York City,Referral,1,2023-04-14
3947,Jason,Miller,stephaniehobbs@example.com,(628)250-6967x20647,Male,1993-06-06,2021-03-05,Germany,Bavaria,Munich,Social Media,1,2021-03-05
3948,Mitchell,Smith,hstewart@example.net,(405)957-0478x71237,Female,1993-03-18,2022-04-22,India,Maharashtra,Mumbai,Organic,0,2022-04-22
3949,Michael,Morales,ryan29@example.com,(939)699-0954x717,Male,2002-04-18,2024-09-16,India,Maharashtra,Mumbai,Social Media,1,2024-09-16
3950,Cole,Fox,rcampbell@example.net,001-296-615-1600,Female,1970-10-08,2025-03-03,India,Maharashtra,Mumbai,Organic,1,2025-03-03
3951,James,Doyle,michellecortez@example.org,6067707603,Other,1967-06-24,2022-08-04,USA,Texas,Houston,Referral,1,2022-08-04
3952,Anthony,Lamb,rfields@example.org,(627)542-1281x330,Female,1997-07-24,2023-11-24,Germany,Bavaria,Munich,Partner,1,2023-11-24
3953,Alicia,Wilson,fernandeztravis@example.net,(637)741-2600x267,Male,1991-12-10,2024-06-22,Germany,Bavaria,Munich,Partner,1,2024-06-22
3954,William,Jones,david06@example.org,788-778-2028x2536,Other,1963-08-15,2025-08-04,India,Tamil Nadu,Chennai,Organic,1,2025-08-04
3955,Andrew,Lopez,meghan03@example.org,(751)657-1619,Female,1977-06-11,2025-08-22,UK,England,London,Paid Ad,1,2025-08-22
3956,Edward,Harper,susan18@example.com,+1-607-911-3835x14635,Female,1976-11-21,2026-06-23,India,Maharashtra,Mumbai,Email Campaign,1,2026-06-23
3957,Amanda,Herrera,olivia76@example.org,9692348673,Male,2004-02-29,2025-06-08,USA,California,Los Angeles,Partner,0,2025-06-08
3958,Jackson,Mann,james64@example.net,772-225-5145,Other,1962-04-17,2022-06-12,Canada,Ontario,Toronto,Partner,1,2022-06-12
3959,Howard,Richards,carralejandro@example.org,2269390019,Other,1993-10-24,2021-10-16,India,Maharashtra,Mumbai,Organic,1,2021-10-16
3960,Ashley,Nelson,kevinatkins@example.net,9602771872,Female,1965-10-01,2022-10-13,USA,New York,New York City,Organic,1,2022-10-13
3961,Leonard,Lowe,elizabethjackson@example.com,(594)239-7422x5779,Male,1972-02-07,2024-09-02,USA,Texas,Houston,Partner,0,2024-09-02
3962,Dawn,Garcia,jamie23@example.org,(413)401-9386,Female,1976-10-05,2025-06-20,India,Tamil Nadu,Chennai,Email Campaign,1,2025-06-20
3963,Tammy,Wright,mgarcia@example.com,961.447.5629,Other,1968-10-22,2024-03-12,India,Tamil Nadu,Chennai,Paid Ad,1,2024-03-12
3964,Matthew,Costa,frostsarah@example.net,001-844-546-9048x835,Female,2005-12-23,2022-05-05,USA,New York,New York City,Referral,1,2022-05-05
3965,Tracy,Cervantes,htran@example.org,777-610-8696,Male,1957-10-23,2026-08-02,USA,New York,New York City,Referral,1,2026-08-02
3966,Michael,Johnson,jamespowell@example.com,001-714-307-7142x10543,Female,1965-11-04,2021-05-27,Australia,NSW,Sydney,Social Media,1,2021-05-27
3967,Craig,Hall,patricia97@example.net,001-992-929-1080,Male,1984-06-04,2022-04-02,USA,New York,New York City,Organic,1,2022-04-02
3968,Nathan,Lambert,chelsea91@example.net,+1-528-692-1769x603,Male,1981-09-24,2023-01-26,UK,England,London,Partner,0,2023-01-26
3969,Marie,Jordan,yhill@example.org,001-261-250-1860x5035,Female,2006-05-25,2023-09-18,USA,New York,New York City,Email Campaign,0,2023-09-18
3970,Victor,Rowe,cranecolin@example.com,2764703470,Other,1976-08-31,2025-11-30,India,Karnataka,Bengaluru,Referral,1,2025-11-30
3971,James,Harding,ygibbs@example.org,(550)574-7621,Other,1995-02-16,2021-06-18,Canada,Ontario,Toronto,Email Campaign,0,2021-06-18
3972,Luis,Perez,longkrista@example.net,907.319.9257x511,Other,1969-02-04,2023-05-12,India,Maharashtra,Mumbai,Paid Ad,1,2023-05-12
3973,Melody,Johnson,justinherrera@example.com,367-431-1017x66027,Male,2008-07-16,2021-02-28,USA,California,Los Angeles,Paid Ad,0,2021-02-28
3974,Charles,Hill,richard10@example.org,001-634-781-0033,Female,1966-11-04,2022-12-20,India,Tamil Nadu,Chennai,Social Media,0,2022-12-20
3975,Audrey,Rodriguez,icollins@example.org,365-598-1157,Female,1976-03-21,2021-08-20,India,Maharashtra,Mumbai,Social Media,1,2021-08-20
3976,Emily,Wade,john79@example.org,-8068,Other,1998-09-14,2024-04-10,USA,Texas,Houston,Organic,1,2024-04-10
3977,Dana,Lynn,egarcia@example.org,+1-358-425-0843x42112,Other,1984-03-19,2023-01-24,India,Maharashtra,Mumbai,Referral,1,2023-01-24
3978,Julie,Jackson,greenlance@example.com,7546332125,Male,1965-11-24,2025-12-03,India,Karnataka,Bengaluru,Social Media,0,2025-12-03
3979,Rhonda,Hill,jodiwhite@example.org,381.805.0898x940,Other,1988-12-28,2023-10-04,USA,New York,New York City,Email Campaign,1,2023-10-04
3980,Steven,Sanchez,richardsanchez@example.org,001-907-638-5153x4356,Male,1959-06-29,2022-10-22,India,Tamil Nadu,Chennai,Email Campaign,1,2022-10-22
3981,Keith,Lambert,robert74@example.com,263-878-0187x15130,Male,1965-09-21,2021-08-21,India,Karnataka,Bengaluru,Partner,1,2021-08-21
3982,Austin,Barnes,thompsondebbie@example.net,001-726-923-6181,Other,1987-03-03,2025-08-07,USA,New York,New York City,Email Campaign,1,2025-08-07
3983,Scott,Dunlap,jamesmoreno@example.net,707-290-4755x23033,Other,1961-04-16,2022-11-27,USA,California,Los Angeles,Paid Ad,1,2022-11-27
3984,Jeremy,Carroll,cobbkaren@example.net,(449)334-1582,Male,2001-08-05,2021-06-07,India,Karnataka,Bengaluru,Organic,1,2021-06-07
3985,Michelle,Mullins,charles08@example.net,5987950665,Female,1976-09-05,2021-01-25,India,Maharashtra,Mumbai,Organic,0,2021-01-25
3986,Clifford,Nelson,johnsonjennifer@example.com,+1-952-286-0689x21744,Female,2004-10-19,2021-08-28,Germany,Bavaria,Munich,Email Campaign,1,2021-08-28
3987,John,Barnett,gilbert49@example.net,998-897-6391x600,Other,1985-11-09,2023-07-09,USA,New York,New York City,Organic,1,2023-07-09
3988,Christopher,Barnes,ejohnson@example.com,(895)906-3541,Male,1983-07-29,2021-10-30,Germany,Bavaria,Munich,Partner,1,2021-10-30
3989,Crystal,Walker,kevin67@example.com,+1-798-318-6324x3350,Female,2001-10-20,2025-05-01,Canada,Ontario,Toronto,Partner,0,2025-05-01
3990,David,Marshall,reyesrobert@example.net,352.905.6605x99932,Female,1996-05-23,2025-05-04,Germany,Bavaria,Munich,Partner,1,2025-05-04
3991,Richard,Rowland,teresaschmidt@example.com,(390)228-7619x76813,Other,1962-08-10,2026-07-03,India,Maharashtra,Mumbai,Paid Ad,1,2026-07-03
3992,Benjamin,Porter,antonio89@example.net,765.900.3190,Female,1985-03-13,2026-02-07,India,Karnataka,Bengaluru,Referral,1,2026-02-07
3993,Michaela,Moore,michelle20@example.net,+1-865-520-7748x6025,Male,1980-11-19,2025-01-15,Canada,Ontario,Toronto,Referral,1,2025-01-15
3994,William,Davis,dosborn@example.net,+1-972-673-2855x779,Female,1985-03-04,2022-12-16,India,Tamil Nadu,Chennai,Paid Ad,1,2022-12-16
3995,Jonathan,Chase,frederick28@example.com,798-927-2606,Other,1978-09-09,2025-02-16,USA,Texas,Houston,Organic,1,2025-02-16
3996,Erik,Mccarthy,hruiz@example.org,419-778-6804x2887,Male,1998-05-01,2024-05-13,UK,England,London,Organic,0,2024-05-13
3997,Alicia,Barron,heathermartinez@example.net,(941)457-1762x696,Other,1998-06-17,2025-08-08,Canada,Ontario,Toronto,Email Campaign,1,2025-08-08
3998,Victoria,Taylor,wpatterson@example.com,751-546-5998x31430,Male,1964-02-05,2025-07-06,India,Maharashtra,Mumbai,Partner,1,2025-07-06
3999,Amber,Sawyer,daniellucas@example.com,+1-830-958-6548x33880,Female,1961-06-23,2023-05-03,India,Karnataka,Bengaluru,Social Media,1,2023-05-03
4000,Dale,Mitchell,sierra86@example.net,956.767.1752x409,Other,1983-02-09,2026-03-02,UK,England,London,Social Media,1,2026-03-02
4001,Daniel,Bauer,joshuaruiz@example.net,+1-595-200-4418x50060,Female,2006-11-08,2025-05-11,Canada,Ontario,Toronto,Paid Ad,1,2025-05-11
4002,Sherry,Douglas,john63@example.com,861.556.5887x93404,Other,1984-06-22,2024-08-28,India,Karnataka,Bengaluru,Social Media,1,2024-08-28
4003,Joseph,Gonzalez,hsmith@example.com,4338014118,Male,1989-03-06,2023-04-24,USA,Texas,Houston,Referral,1,2023-04-24
4004,Ryan,Williams,trose@example.net,779-976-4670,Other,1997-12-21,2023-03-09,India,Maharashtra,Mumbai,Partner,0,2023-03-09
4005,Rachel,Smith,hollandamanda@example.org,3183260620,Female,1988-04-21,2025-01-28,Germany,Bavaria,Munich,Email Campaign,1,2025-01-28
4006,Alan,Reyes,vandrade@example.net,+1-709-804-2326x634,Other,1972-01-25,2025-03-16,UK,England,London,Paid Ad,1,2025-03-16
4007,Austin,Garrett,warnerbrittany@example.com,(759)422-0213,Male,1957-01-30,2025-05-29,India,Maharashtra,Mumbai,Social Media,1,2025-05-29
4008,Lori,Valenzuela,matthewrobinson@example.com,(818)437-0157x74416,Female,1961-11-28,2026-01-27,USA,New York,New York City,Email Campaign,0,2026-01-27
4009,Isabel,Acosta,erin84@example.com,+1-316-693-6175x6826,Male,1991-03-02,2021-07-28,UK,England,London,Referral,1,2021-07-28
4010,Shelley,Murphy,hullcynthia@example.com,300.340.1733x759,Other,1989-06-15,2022-10-04,India,Karnataka,Bengaluru,Social Media,1,2022-10-04
4011,Alison,Fisher,perezkathleen@example.net,739.655.7016x01619,Male,2005-11-03,2025-11-04,Australia,NSW,Sydney,Social Media,1,2025-11-04
4012,Michael,Wright,monicayoung@example.org,+1-242-206-5999x544,Female,1994-06-15,2023-04-26,USA,California,Los Angeles,Email Campaign,0,2023-04-26
4013,Brandi,Castro,diamondstone@example.org,+1-754-396-3083x9772,Other,2008-09-10,2024-01-25,USA,Texas,Houston,Partner,1,2024-01-25
4014,Rhonda,Perez,lauriewalker@example.net,001-764-793-5449x9707,Other,1971-02-05,2022-10-01,Germany,Bavaria,Munich,Social Media,1,2022-10-01
4015,James,Payne,ericholland@example.com,6915708957,Male,2008-01-23,2023-03-22,Germany,Bavaria,Munich,Social Media,0,2023-03-22
4016,Douglas,Crawford,anitaalexander@example.net,676.880.7981x05131,Male,1986-07-29,2026-04-04,India,Karnataka,Bengaluru,Partner,1,2026-04-04
4017,Eric,Rivas,jamessims@example.com,001-734-658-7236x3628,Female,2003-02-03,2026-06-17,USA,Texas,Houston,Email Campaign,0,2026-06-17
4018,Laura,Gardner,hooverjonathan@example.com,658.773.8688x0507,Other,1960-10-25,2021-05-25,Germany,Bavaria,Munich,Organic,0,2021-05-25
4019,Mathew,Carter,bonillajoy@example.net,400-903-0035,Male,1972-11-28,2021-12-18,USA,New York,New York City,Organic,1,2021-12-18
4020,Corey,Reid,rwalker@example.net,787-483-6002x9845,Male,1998-06-08,2024-09-19,USA,California,Los Angeles,Paid Ad,1,2024-09-19
4021,Chad,Goodwin,owenstamara@example.org,401.589.1388x7217,Other,1977-01-20,2023-04-12,India,Karnataka,Bengaluru,Referral,1,2023-04-12
4022,Ryan,James,kimberly87@example.net,293-917-3322x0624,Male,2007-07-13,2024-06-13,India,Maharashtra,Mumbai,Paid Ad,1,2024-06-13
4023,Nancy,Mitchell,mary56@example.net,728.274.3420,Other,1964-05-03,2024-07-16,Germany,Bavaria,Munich,Social Media,1,2024-07-16
4024,Brian,Aguilar,gomezanita@example.org,001-445-703-7350x926,Other,1992-09-02,2024-10-18,Canada,Ontario,Toronto,Referral,1,2024-10-18
4025,Gloria,Phelps,ronaldruiz@example.org,(341)588-2287x002,Male,1978-06-17,2024-05-27,India,Tamil Nadu,Chennai,Email Campaign,1,2024-05-27
4026,Denise,Robinson,jaredvelazquez@example.net,+1-887-844-5122x76078,Male,1956-02-08,2022-09-15,USA,Texas,Houston,Social Media,1,2022-09-15
4027,Sergio,Wolfe,keith20@example.com,5775135992,Male,1960-05-16,2025-08-06,USA,New York,New York City,Email Campaign,1,2025-08-06
4028,Amy,Silva,daryl86@example.net,+1-605-842-3112x62574,Other,1976-12-30,2026-04-08,Australia,NSW,Sydney,Paid Ad,1,2026-04-08
4029,Troy,Hughes,matthew57@example.com,+1-719-343-4254x82508,Other,1959-11-29,2022-04-10,India,Maharashtra,Mumbai,Referral,1,2022-04-10
4030,Kirk,Duncan,shannon50@example.net,565-434-2542x2880,Male,1978-01-13,2022-02-02,Canada,Ontario,Toronto,Referral,0,2022-02-02
4031,George,Castillo,kim05@example.com,+1-968-873-3520x188,Female,2001-07-11,2026-04-21,UK,England,London,Social Media,1,2026-04-21
4032,Christopher,Cohen,mhuff@example.org,(786)965-3581,Other,1988-07-09,2021-03-23,USA,Texas,Houston,Partner,1,2021-03-23
4033,Daniel,Ramos,bakerricardo@example.net,(538)655-1510,Other,1977-02-15,2025-12-12,India,Karnataka,Bengaluru,Email Campaign,1,2025-12-12
4034,Samuel,Williams,greenelizabeth@example.net,327-327-4600,Male,1960-06-05,2026-01-07,USA,Texas,Houston,Social Media,1,2026-01-07
4035,Ryan,Herman,oyoung@example.org,001-310-484-8557x9393,Female,1968-12-16,2024-11-09,Germany,Bavaria,Munich,Organic,0,2024-11-09
4036,Dalton,Mitchell,zhughes@example.com,-10461,Male,1964-08-19,2021-10-10,India,Karnataka,Bengaluru,Referral,1,2021-10-10
4037,Audrey,Ramos,bryantjames@example.org,231-813-8750x931,Other,1993-07-30,2024-05-14,Germany,Bavaria,Munich,Social Media,1,2024-05-14
4038,Paula,Branch,matthewreed@example.net,+1-371-877-7216x640,Other,2007-03-22,2022-03-31,USA,Texas,Houston,Referral,1,2022-03-31
4039,Luke,Peterson,michael79@example.com,(780)889-3725,Other,1961-05-13,2024-04-12,India,Karnataka,Bengaluru,Organic,1,2024-04-12
4040,Jennifer,George,melissasantiago@example.org,848-610-2703,Male,1993-08-17,2026-07-20,India,Karnataka,Bengaluru,Email Campaign,1,2026-07-20
4041,Michael,Miles,ojones@example.org,(927)223-7543x547,Male,1962-01-05,2025-09-08,Germany,Bavaria,Munich,Paid Ad,0,2025-09-08
4042,George,Roth,henryamanda@example.net,001-393-858-8397x847,Other,2003-05-26,2023-02-26,India,Tamil Nadu,Chennai,Paid Ad,0,2023-02-26
4043,Susan,Duncan,campbelljonathan@example.org,623.412.4891,Female,1981-08-07,2021-04-07,Australia,NSW,Sydney,Paid Ad,1,2021-04-07
4044,David,Frazier,wardcarolyn@example.com,558-627-3720x4168,Other,1964-08-07,2021-08-02,USA,Texas,Houston,Referral,1,2021-08-02
4045,David,Sawyer,robertsbrenda@example.org,4606670876,Female,1957-05-05,2023-12-14,India,Tamil Nadu,Chennai,Social Media,1,2023-12-14
4046,Yolanda,Hansen,cynthiawilliams@example.net,001-427-733-8528,Female,1981-11-20,2021-06-15,India,Karnataka,Bengaluru,Partner,1,2021-06-15
4047,Margaret,Reeves,kbyrd@example.org,-7068,Female,1973-02-17,2021-11-25,Canada,Ontario,Toronto,Email Campaign,0,2021-11-25
4048,Laura,Perez,yryan@example.net,+1-403-561-8439x682,Other,2007-01-11,2022-06-20,USA,California,Los Angeles,Organic,0,2022-06-20
4049,Robert,Jones,scott78@example.org,7038056441,Female,1984-10-09,2021-03-20,Germany,Bavaria,Munich,Social Media,0,2021-03-20
4050,Shelley,Washington,adriana87@example.com,+1-583-431-8390x2157,Female,2005-07-21,2026-04-10,India,Maharashtra,Mumbai,Social Media,0,2026-04-10
4051,Adam,Moses,ulowery@example.com,001-422-287-9473x110,Other,2001-10-28,2024-01-13,USA,California,Los Angeles,Social Media,1,2024-01-13
4052,Abigail,Rodriguez,brownjohn@example.org,-3443,Other,1961-06-07,2025-02-11,India,Karnataka,Bengaluru,Social Media,1,2025-02-11
4053,Robert,Moore,tdelgado@example.org,(566)898-0327,Male,1978-09-26,2024-11-02,UK,England,London,Paid Ad,1,2024-11-02
4054,Gregory,Smith,harrissharon@example.org,(583)791-7567,Female,1958-02-26,2023-03-02,India,Tamil Nadu,Chennai,Paid Ad,1,2023-03-02
4055,Amanda,Anderson,kirbyjoshua@example.net,+1-630-319-2490x74882,Female,2001-09-30,2021-12-08,India,Tamil Nadu,Chennai,Partner,0,2021-12-08
4056,Tiffany,Davidson,michaelmcdonald@example.org,219.701.4734x2722,Other,1984-03-16,2024-07-29,USA,New York,New York City,Organic,1,2024-07-29
4057,Alex,Johnson,wardrebekah@example.com,889-686-2206x8673,Male,1968-05-10,2022-06-11,USA,California,Los Angeles,Referral,0,2022-06-11
4058,Amanda,Baker,frank59@example.net,001-620-929-0166x51517,Female,1979-01-30,2022-12-27,USA,New York,New York City,Organic,1,2022-12-27
4059,Victoria,Avila,emilyclark@example.net,(266)647-9846x50335,Male,1975-12-31,2023-08-29,USA,Texas,Houston,Organic,1,2023-08-29
4060,Kimberly,Williams,floresdennis@example.com,(509)860-3075x856,Other,2003-06-06,2021-02-25,USA,California,Los Angeles,Paid Ad,1,2021-02-25
4061,Paige,Anderson,briannamccarty@example.net,457-563-4339x971,Male,1977-08-24,2021-10-16,Germany,Bavaria,Munich,Email Campaign,1,2021-10-16
4062,Virginia,Graham,sarahwallace@example.net,001-370-861-9878x0187,Other,2002-05-17,2024-09-17,Canada,Ontario,Toronto,Organic,1,2024-09-17
4063,Diamond,Hendrix,josephmiller@example.com,967-324-2742x07842,Male,1996-02-02,2022-05-15,Germany,Bavaria,Munich,Partner,1,2022-05-15
4064,Sarah,Brown,zanthony@example.com,-5028,Other,1960-02-16,2023-03-29,USA,Texas,Houston,Organic,1,2023-03-29
4065,Steven,Mosley,andradewilliam@example.com,001-200-425-1882x816,Other,1995-07-22,2022-01-11,USA,Texas,Houston,Organic,1,2022-01-11
4066,Rhonda,Young,cesar10@example.org,(401)439-2160,Other,2004-06-02,2025-11-09,USA,California,Los Angeles,Referral,1,2025-11-09
4067,Nancy,Carr,stephenfigueroa@example.net,001-497-526-3329x3300,Other,1964-09-23,2021-07-24,India,Maharashtra,Mumbai,Organic,0,2021-07-24
4068,Heather,Martin,josephwilliams@example.org,(841)674-8600,Other,1998-02-11,2024-08-05,UK,England,London,Email Campaign,1,2024-08-05
4069,Brittany,Hunt,johnvazquez@example.net,2296027699,Male,2003-04-11,2026-05-04,India,Maharashtra,Mumbai,Partner,1,2026-05-04
4070,Brandon,Booker,allenfields@example.org,001-569-927-8297x25398,Female,1971-01-20,2023-02-02,Canada,Ontario,Toronto,Paid Ad,1,2023-02-02
4071,Jeremiah,Adams,burgesspatrick@example.com,001-390-485-6432x06593,Female,2008-01-26,2021-09-08,Germany,Bavaria,Munich,Referral,1,2021-09-08
4072,April,Hodges,teresafranklin@example.com,+1-554-857-3485x4132,Male,1975-11-28,2021-01-26,Australia,NSW,Sydney,Referral,1,2021-01-26
4073,Robin,Butler,ian08@example.org,+1-473-634-9452x045,Male,1963-06-04,2023-12-15,India,Maharashtra,Mumbai,Email Campaign,1,2023-12-15
4074,Victoria,Gomez,mfleming@example.net,+1-789-607-6131x8763,Other,1993-09-25,2023-02-15,Germany,Bavaria,Munich,Organic,0,2023-02-15
4075,Andrew,Terrell,lisasmith@example.org,001-767-988-6951x270,Male,1957-03-24,2023-02-10,USA,New York,New York City,Paid Ad,1,2023-02-10
4076,Ernest,Lee,townsendveronica@example.net,(300)200-3901,Female,1985-05-05,2022-10-28,India,Maharashtra,Mumbai,Partner,1,2022-10-28
4077,Brent,Clements,danielbenjamin@example.org,388.978.1514,Other,1982-05-28,2024-04-30,Germany,Bavaria,Munich,Social Media,1,2024-04-30
4078,Megan,Coleman,theresa16@example.org,001-342-795-5538x7097,Male,1990-11-03,2024-03-15,Australia,NSW,Sydney,Social Media,1,2024-03-15
4079,Erik,Blackburn,wardebony@example.org,001-883-571-5875x449,Other,1965-05-01,2024-11-13,India,Tamil Nadu,Chennai,Referral,1,2024-11-13
4080,Megan,Bright,caroldixon@example.org,(209)300-1431,Other,1978-09-14,2021-01-29,Australia,NSW,Sydney,Partner,1,2021-01-29
4081,Bruce,Alexander,mclaughlinstephen@example.org,730-624-1935x080,Male,2000-04-05,2024-02-27,India,Tamil Nadu,Chennai,Organic,1,2024-02-27
4082,Jamie,Hampton,wcampbell@example.org,-9769,Female,1979-02-10,2021-09-15,USA,California,Los Angeles,Paid Ad,1,2021-09-15
4083,Monica,Bradley,nguyensteven@example.net,001-699-315-5728x768,Male,1983-05-13,2025-10-28,USA,California,Los Angeles,Partner,1,2025-10-28
4084,Curtis,Anderson,paulstokes@example.org,(524)434-1917x3959,Other,1987-02-15,2021-02-19,Canada,Ontario,Toronto,Partner,0,2021-02-19
4085,Natalie,Adams,rogersluis@example.net,(832)318-2700x6268,Other,2000-03-07,2024-07-28,USA,New York,New York City,Paid Ad,1,2024-07-28
4086,Angela,Osborne,kenneth76@example.org,+1-677-598-9896x2867,Other,1967-12-25,2021-09-27,Germany,Bavaria,Munich,Paid Ad,0,2021-09-27
4087,Margaret,Montgomery,lori25@example.net,704.596.2525x58031,Female,1987-09-22,2026-01-21,India,Karnataka,Bengaluru,Partner,1,2026-01-21
4088,Matthew,Lewis,charleskelly@example.org,548-357-5174,Female,1987-11-07,2025-02-26,Canada,Ontario,Toronto,Paid Ad,1,2025-02-26
4089,Jacob,Dorsey,landerson@example.com,001-831-245-7265x42586,Other,1999-02-21,2024-07-07,Canada,Ontario,Toronto,Partner,1,2024-07-07
4090,Ashley,Livingston,tasha11@example.com,6818074525,Other,1961-12-12,2023-07-24,India,Maharashtra,Mumbai,Referral,0,2023-07-24
4091,Tammy,Wolf,bob85@example.com,710-680-3061,Female,1981-01-23,2024-12-16,USA,California,Los Angeles,Social Media,0,2024-12-16
4092,Bruce,Flores,dmccarty@example.org,+1-571-831-1942x7100,Female,1999-02-11,2024-08-21,Canada,Ontario,Toronto,Social Media,1,2024-08-21
4093,Tina,Lowery,hamiltonedwin@example.net,001-779-788-1594x5606,Male,1990-02-20,2026-01-27,Canada,Ontario,Toronto,Referral,0,2026-01-27
4094,Jennifer,Carroll,riverakaren@example.com,(775)509-0161,Male,2002-12-06,2025-09-15,UK,England,London,Referral,1,2025-09-15
4095,Erin,Conway,joshua31@example.com,(430)203-0045,Other,1983-08-17,2025-04-12,India,Karnataka,Bengaluru,Referral,1,2025-04-12
4096,Erik,Edwards,vhunt@example.net,+1-683-611-4963x86768,Male,1970-03-31,2025-02-06,UK,England,London,Social Media,1,2025-02-06
4097,Diane,Mcintosh,brennanlaura@example.com,001-406-222-1789x42603,Other,1956-01-30,2022-09-11,USA,Texas,Houston,Referral,1,2022-09-11
4098,Jennifer,Lewis,mooremonique@example.com,325-294-2839x8112,Male,1973-06-26,2022-01-24,India,Maharashtra,Mumbai,Social Media,1,2022-01-24
4099,Trevor,Smith,lopezjose@example.com,(436)402-5673,Female,1987-05-01,2022-09-06,Canada,Ontario,Toronto,Paid Ad,1,2022-09-06
4100,Shannon,Martin,brianwoodard@example.net,654-209-3436x88691,Female,1967-02-05,2021-03-30,India,Maharashtra,Mumbai,Social Media,0,2021-03-30
4101,Philip,Ortiz,mmcdaniel@example.org,001-509-603-8755x6761,Other,1965-05-10,2024-05-28,USA,Texas,Houston,Paid Ad,1,2024-05-28
4102,David,Lee,megan43@example.org,001-747-614-2720x513,Female,1997-11-20,2023-02-18,India,Maharashtra,Mumbai,Email Campaign,0,2023-02-18
4103,Kelly,Salas,pbarajas@example.net,812-484-2561,Female,2003-01-03,2025-11-08,Canada,Ontario,Toronto,Referral,0,2025-11-08
4104,Katie,Reid,fthomas@example.org,672.576.9055x590,Female,1961-05-29,2021-09-02,Canada,Ontario,Toronto,Organic,1,2021-09-02
4105,Jay,Adams,nlarson@example.org,949.282.0976x812,Other,2003-01-11,2024-08-17,USA,New York,New York City,Social Media,0,2024-08-17
4106,Carlos,White,kkeith@example.com,290-762-9442,Male,1964-11-23,2024-03-31,Germany,Bavaria,Munich,Referral,1,2024-03-31
4107,Andrew,Harris,ffitzgerald@example.org,(287)353-3480,Male,1966-02-10,2026-07-18,Australia,NSW,Sydney,Social Media,0,2026-07-18
4108,Samuel,Brown,lisa47@example.com,001-221-642-5482x718,Female,1972-08-21,2021-02-23,Canada,Ontario,Toronto,Partner,0,2021-02-23
4109,Kristen,Silva,annettemoore@example.net,001-747-207-2176x999,Other,1974-05-07,2024-10-18,USA,Texas,Houston,Paid Ad,1,2024-10-18
4110,Brandon,Adams,kaylamiller@example.net,940.663.9590x700,Other,1958-12-23,2025-10-24,Germany,Bavaria,Munich,Organic,0,2025-10-24
4111,Nichole,Allen,hrobinson@example.org,001-390-693-3186x83985,Other,1992-05-05,2022-06-15,Germany,Bavaria,Munich,Paid Ad,1,2022-06-15
4112,Christine,Grimes,twoodward@example.com,291.989.0091,Other,1968-02-15,2025-03-10,India,Karnataka,Bengaluru,Referral,0,2025-03-10
4113,Ethan,Davis,david19@example.com,001-734-286-0717x754,Male,1981-05-22,2026-04-24,India,Karnataka,Bengaluru,Organic,0,2026-04-24
4114,Jessica,Cox,bgordon@example.net,7479790013,Female,1991-04-28,2025-02-24,Canada,Ontario,Toronto,Referral,1,2025-02-24
4115,Steven,Jones,wrightjacob@example.org,905.594.6696x1479,Other,2002-04-06,2024-08-29,India,Maharashtra,Mumbai,Referral,1,2024-08-29
4116,Beverly,Myers,alicia33@example.net,(629)454-0054x530,Female,2002-06-21,2026-05-05,India,Karnataka,Bengaluru,Email Campaign,1,2026-05-05
4117,Justin,Ellison,loribarker@example.com,001-265-418-9994x0364,Other,1986-05-16,2024-09-18,India,Karnataka,Bengaluru,Referral,1,2024-09-18
4118,Maria,Hamilton,jbrowning@example.net,732.662.1003,Other,1980-12-02,2024-08-11,USA,Texas,Houston,Email Campaign,0,2024-08-11
4119,Ariel,Hood,craig21@example.net,336.423.0817x26076,Male,1970-05-07,2023-08-29,India,Maharashtra,Mumbai,Social Media,1,2023-08-29
4120,Vanessa,Parker,cookamy@example.org,001-207-327-9999x4994,Male,1993-07-06,2026-04-09,Germany,Bavaria,Munich,Paid Ad,1,2026-04-09
4121,Christine,Boyd,paulwhite@example.net,267.240.8656,Female,1997-10-23,2022-01-27,Australia,NSW,Sydney,Referral,1,2022-01-27
4122,Mindy,White,karla70@example.org,993-855-3417x6079,Male,1980-11-29,2024-08-10,Germany,Bavaria,Munich,Email Campaign,1,2024-08-10
4123,Chelsea,Barron,housemichael@example.org,001-684-363-4777,Other,1974-02-02,2026-03-11,Canada,Ontario,Toronto,Partner,1,2026-03-11
4124,Kevin,Pope,connierobinson@example.net,619-401-2802x9143,Female,1996-05-21,2021-10-02,India,Tamil Nadu,Chennai,Social Media,1,2021-10-02
4125,Paula,Green,jonesmichael@example.com,(405)865-2271,Other,1989-01-31,2024-02-06,India,Maharashtra,Mumbai,Referral,0,2024-02-06
4126,Andrew,Watson,valdezashley@example.com,508.533.8880x697,Female,1983-10-09,2021-08-30,India,Karnataka,Bengaluru,Referral,0,2021-08-30
4127,Vicki,Webb,jenningswendy@example.org,852.488.1513,Female,1982-07-08,2021-01-13,India,Maharashtra,Mumbai,Paid Ad,1,2021-01-13
4128,Corey,Bush,whitemegan@example.net,570.443.1345x5163,Other,1982-06-02,2026-05-31,Germany,Bavaria,Munich,Referral,1,2026-05-31
4129,Theresa,Ramos,williamssteven@example.com,001-898-211-1809x816,Female,1994-01-31,2024-08-03,India,Tamil Nadu,Chennai,Paid Ad,1,2024-08-03
4130,Amy,Pierce,baldwineric@example.org,571-543-8401x1540,Other,2005-03-19,2023-03-31,Germany,Bavaria,Munich,Referral,1,2023-03-31
4131,Cheyenne,Coleman,brownmorgan@example.org,853-509-6277x18698,Female,1958-11-10,2022-05-09,Germany,Bavaria,Munich,Partner,1,2022-05-09
4132,Sean,Henderson,rbrown@example.com,001-492-874-5379x5696,Other,1998-07-03,2023-03-10,USA,California,Los Angeles,Email Campaign,1,2023-03-10
4133,Gwendolyn,Fletcher,anningram@example.com,579-758-8303,Female,1958-06-01,2023-10-14,India,Tamil Nadu,Chennai,Social Media,1,2023-10-14
4134,Sue,Wallace,lwilliams@example.net,350-938-4710x68973,Female,1968-10-30,2024-05-06,USA,California,Los Angeles,Referral,0,2024-05-06
4135,Seth,Mays,johnmiller@example.net,509-245-9751,Male,1961-06-27,2024-04-27,USA,Texas,Houston,Organic,1,2024-04-27
4136,Alejandro,Porter,masseychristian@example.org,481-810-5027x2577,Female,1960-02-16,2021-11-19,UK,England,London,Social Media,1,2021-11-19
4137,Cassandra,Schmidt,kimberly61@example.net,(573)658-5824,Other,1983-07-23,2026-01-04,USA,Texas,Houston,Social Media,1,2026-01-04
4138,Eric,Warren,mathewswilliam@example.com,(423)662-3916x1350,Other,1983-12-22,2022-10-05,Australia,NSW,Sydney,Social Media,0,2022-10-05
4139,Elaine,Raymond,sherri52@example.com,(487)208-8063x5729,Female,1997-10-27,2022-03-18,India,Karnataka,Bengaluru,Social Media,1,2022-03-18
4140,Kevin,Allen,victoriathompson@example.org,(771)264-3169,Other,1958-11-27,2023-03-22,India,Tamil Nadu,Chennai,Email Campaign,1,2023-03-22
4141,Robert,Baker,ballardronald@example.org,+1-901-622-1258x4723,Male,1983-01-01,2024-03-12,Canada,Ontario,Toronto,Email Campaign,1,2024-03-12
4142,Pamela,Hunter,kathleenortiz@example.net,9223509135,Male,1967-02-12,2024-08-15,USA,Texas,Houston,Organic,1,2024-08-15
4143,Heather,White,torreschristian@example.com,2997521046,Other,1988-08-18,2024-08-30,USA,California,Los Angeles,Social Media,1,2024-08-30
4144,Brittney,Martin,rodriguezemily@example.com,001-576-814-9434x0501,Female,2005-02-03,2022-08-04,India,Karnataka,Bengaluru,Partner,1,2022-08-04
4145,Craig,Morrison,shawn54@example.net,001-752-235-5897x295,Other,1974-04-13,2021-04-15,UK,England,London,Social Media,0,2021-04-15
4146,Michael,Thomas,garciaapril@example.net,554-609-9229,Male,1977-05-25,2025-06-09,India,Karnataka,Bengaluru,Paid Ad,1,2025-06-09
4147,Gary,Hayes,jennifer48@example.org,(745)799-5726x348,Other,1990-09-20,2021-05-22,Germany,Bavaria,Munich,Paid Ad,1,2021-05-22
4148,Brandon,Wright,franklindenise@example.org,+1-767-282-8661x982,Other,1969-12-17,2021-06-11,India,Karnataka,Bengaluru,Organic,1,2021-06-11
4149,Robert,Brown,wendy34@example.org,5234013011,Male,1976-04-27,2026-07-28,USA,Texas,Houston,Organic,1,2026-07-28
4150,John,Harper,lrobertson@example.com,(468)367-3481x53912,Male,1987-06-30,2022-09-13,USA,Texas,Houston,Email Campaign,1,2022-09-13
4151,Jonathan,Hale,adamsjohn@example.net,244-269-4421x1067,Male,2006-02-16,2023-08-21,USA,Texas,Houston,Paid Ad,1,2023-08-21
4152,Jason,Shields,georgeschroeder@example.net,651-687-1040,Male,2004-12-28,2024-10-17,India,Karnataka,Bengaluru,Social Media,1,2024-10-17
4153,Jose,Blake,kperez@example.net,001-922-284-0144,Female,1992-08-14,2021-10-12,India,Karnataka,Bengaluru,Social Media,1,2021-10-12
4154,Rose,Morgan,oblanchard@example.com,205.841.6318x92750,Other,1990-08-10,2021-09-12,Australia,NSW,Sydney,Social Media,1,2021-09-12
4155,Ariel,Rollins,curtislopez@example.net,9052067481,Other,1966-05-23,2022-09-27,UK,England,London,Organic,1,2022-09-27
4156,Crystal,Randolph,nicoleyoung@example.com,001-781-930-1217x09944,Male,1959-06-01,2026-01-12,India,Maharashtra,Mumbai,Organic,0,2026-01-12
4157,Cameron,Scott,lopezcaitlin@example.com,269-818-5361,Male,1982-03-04,2023-07-21,India,Tamil Nadu,Chennai,Organic,1,2023-07-21
4158,Taylor,Foster,acastillo@example.org,989-312-7177x32685,Male,1958-11-27,2021-04-10,Australia,NSW,Sydney,Partner,0,2021-04-10
4159,Maxwell,Anderson,bryan86@example.org,985-952-5676,Male,1988-01-20,2026-05-15,India,Maharashtra,Mumbai,Organic,1,2026-05-15
4160,Sherri,Morris,sandra11@example.com,+1-869-811-5340x52426,Male,1985-12-04,2023-08-11,India,Maharashtra,Mumbai,Referral,1,2023-08-11
4161,Rachel,Jenkins,kgilbert@example.org,3785281604,Female,1981-12-31,2024-08-01,Australia,NSW,Sydney,Social Media,0,2024-08-01
4162,Michelle,Day,ellen49@example.com,3383341031,Other,1975-04-19,2021-03-20,UK,England,London,Paid Ad,1,2021-03-20
4163,Todd,Walsh,galvandominique@example.net,290-382-4560x9432,Other,2005-08-03,2021-04-07,Canada,Ontario,Toronto,Partner,0,2021-04-07
4164,Tina,Hernandez,jamesmack@example.org,+1-954-403-5713x3844,Male,1988-11-28,2021-10-06,UK,England,London,Referral,1,2021-10-06
4165,Andrea,Anderson,larsonrenee@example.net,873-851-5496x06607,Male,1969-10-27,2021-05-28,Germany,Bavaria,Munich,Referral,1,2021-05-28
4166,Christopher,Nelson,jessica68@example.org,285-249-7515x798,Male,1972-05-01,2026-07-07,Germany,Bavaria,Munich,Paid Ad,1,2026-07-07
4167,William,Hernandez,zfields@example.org,(930)517-9821x09592,Other,2002-09-24,2025-02-16,USA,New York,New York City,Referral,0,2025-02-16
4168,Jill,Hall,claudia68@example.org,551-416-1065x151,Male,2005-02-19,2023-05-22,UK,England,London,Email Campaign,1,2023-05-22
4169,George,Perry,nicholasmorgan@example.net,649.496.0520,Female,2002-10-08,2024-02-27,USA,California,Los Angeles,Email Campaign,1,2024-02-27
4170,Dustin,Cardenas,emaldonado@example.net,688.251.5869,Male,1988-03-12,2025-05-10,India,Karnataka,Bengaluru,Referral,1,2025-05-10
4171,Martha,Parrish,hhenson@example.net,(899)317-8076,Female,2004-11-03,2023-11-16,Germany,Bavaria,Munich,Referral,1,2023-11-16
4172,Jonathan,Padilla,gallowaystephanie@example.com,387-400-1365,Female,1965-06-30,2023-12-03,India,Karnataka,Bengaluru,Organic,1,2023-12-03
4173,Bryan,Harris,glong@example.org,(447)425-9856x8421,Male,1982-11-05,2026-01-24,India,Tamil Nadu,Chennai,Social Media,1,2026-01-24
4174,Stephanie,Moreno,katiecabrera@example.org,430-719-4267x363,Male,2003-04-27,2025-07-20,Germany,Bavaria,Munich,Referral,0,2025-07-20
4175,Leah,Gomez,williamsjennifer@example.net,208.404.5310,Female,1972-11-18,2021-06-20,USA,New York,New York City,Organic,1,2021-06-20
4176,Brandon,West,isabella76@example.net,671-835-9518,Other,1999-06-05,2023-03-31,India,Maharashtra,Mumbai,Partner,0,2023-03-31
4177,Heather,Kennedy,thomas12@example.com,999-527-2419,Other,1998-10-11,2023-05-28,India,Tamil Nadu,Chennai,Paid Ad,0,2023-05-28
4178,Jesus,Brown,michael97@example.com,935-852-2022,Male,1960-12-20,2026-03-15,India,Karnataka,Bengaluru,Partner,0,2026-03-15
4179,Tracy,Tapia,johnsonlisa@example.net,5855517294,Male,1993-01-15,2023-10-31,India,Maharashtra,Mumbai,Email Campaign,1,2023-10-31
4180,Darius,Elliott,xpierce@example.com,7528564060,Male,1971-12-29,2024-06-23,USA,California,Los Angeles,Referral,1,2024-06-23
4181,Jared,Taylor,williamsandrea@example.com,8915572750,Male,2003-09-12,2024-09-29,USA,Texas,Houston,Social Media,1,2024-09-29
4182,Robert,Hernandez,michellemartin@example.org,(638)465-3123x584,Female,2008-03-25,2024-09-02,UK,England,London,Social Media,1,2024-09-02
4183,Ashley,Davis,kenneth62@example.org,424-357-9727x313,Female,1961-05-31,2022-11-08,Germany,Bavaria,Munich,Social Media,0,2022-11-08
4184,William,Hicks,elizabethwalker@example.net,2745385729,Other,2004-08-06,2024-03-14,Australia,NSW,Sydney,Referral,1,2024-03-14
4185,Virginia,Hopkins,natalie15@example.com,(873)737-6107x27787,Male,2006-09-20,2022-03-16,USA,New York,New York City,Organic,1,2022-03-16
4186,Jill,Spence,edwardbarnes@example.com,+1-570-850-2119x25058,Male,1993-06-20,2021-07-24,Germany,Bavaria,Munich,Paid Ad,1,2021-07-24
4187,Michelle,Murphy,ellisbrandon@example.org,555-426-7469x344,Female,1995-11-13,2024-05-27,USA,California,Los Angeles,Social Media,1,2024-05-27
4188,Victoria,Pierce,ecollier@example.org,6272322044,Male,1989-10-04,2022-10-16,Germany,Bavaria,Munich,Organic,0,2022-10-16
4189,Alexander,Kelly,keith62@example.org,992.981.7272x4334,Other,1964-07-30,2023-06-01,India,Karnataka,Bengaluru,Referral,1,2023-06-01
4190,Andrew,Boyer,justin76@example.org,+1-782-855-9948x4827,Male,1975-01-10,2025-03-08,UK,England,London,Paid Ad,0,2025-03-08
4191,Caitlin,Vasquez,stephanie30@example.org,471.606.2359x16931,Female,1995-03-02,2021-04-02,UK,England,London,Organic,0,2021-04-02
4192,Leah,Hill,lnunez@example.com,(365)566-0207x6245,Male,1994-05-31,2024-05-22,USA,New York,New York City,Paid Ad,0,2024-05-22
4193,Bonnie,Rodriguez,stevenperez@example.net,657.794.9418x44265,Male,1967-07-09,2023-04-19,Canada,Ontario,Toronto,Partner,1,2023-04-19
4194,Sarah,Richardson,joseph41@example.com,774.949.1502x22951,Male,2005-05-30,2026-05-06,USA,California,Los Angeles,Organic,1,2026-05-06
4195,Zachary,Jones,michael89@example.org,290-287-6991x5748,Other,1971-09-21,2021-12-19,USA,New York,New York City,Referral,1,2021-12-19
4196,William,Cherry,warrenalexander@example.net,(567)682-2490,Female,1962-09-01,2024-01-24,Canada,Ontario,Toronto,Organic,0,2024-01-24
4197,Megan,Adams,sspence@example.com,522-981-5515x62499,Male,1963-02-10,2026-05-19,Germany,Bavaria,Munich,Partner,0,2026-05-19
4198,Carolyn,Pratt,austinclark@example.org,(604)826-3759x9729,Male,1988-12-25,2023-06-02,USA,Texas,Houston,Social Media,1,2023-06-02
4199,Rebekah,Hicks,stephen05@example.org,+1-357-659-9753x92918,Male,1957-11-14,2021-05-03,UK,England,London,Social Media,0,2021-05-03
4200,Juan,Hinton,robert52@example.net,589-235-8058,Female,1979-03-26,2026-03-23,UK,England,London,Referral,1,2026-03-23
4201,Lisa,Taylor,strongjohn@example.org,(802)444-2117x3849,Other,1994-07-14,2021-06-30,USA,California,Los Angeles,Organic,1,2021-06-30
4202,Jose,Reeves,ucastro@example.com,-2361,Other,1972-11-23,2024-02-28,India,Tamil Nadu,Chennai,Social Media,1,2024-02-28
4203,Logan,Johnson,veronica05@example.com,001-610-362-0802x0110,Male,1963-05-07,2023-12-31,India,Maharashtra,Mumbai,Partner,0,2023-12-31
4204,Michael,Bender,sbarker@example.net,+1-760-722-5092x0119,Male,1964-05-17,2023-02-10,India,Tamil Nadu,Chennai,Partner,1,2023-02-10
4205,Christopher,Taylor,tracyanderson@example.com,225-692-7976,Other,1958-02-12,2021-01-08,Canada,Ontario,Toronto,Organic,1,2021-01-08
4206,Shannon,Patel,kimberlysparks@example.org,2845952540,Other,1975-01-09,2025-11-19,Germany,Bavaria,Munich,Partner,1,2025-11-19
4207,Patricia,Blevins,wisejessica@example.net,+1-993-445-7649x4789,Other,1976-03-11,2023-08-07,Canada,Ontario,Toronto,Partner,1,2023-08-07
4208,Karen,Chandler,millerdenise@example.net,001-416-946-6632x6631,Female,1982-05-22,2024-03-19,USA,California,Los Angeles,Organic,1,2024-03-19
4209,Darlene,Hampton,jdaniels@example.com,(984)785-1662x635,Female,1971-06-01,2025-02-13,Germany,Bavaria,Munich,Social Media,0,2025-02-13
4210,William,Carter,kevinserrano@example.com,668-933-1421,Female,1965-02-24,2022-11-03,Australia,NSW,Sydney,Partner,1,2022-11-03
4211,John,Holmes,ericwilliams@example.com,444-202-7412x43205,Female,1993-10-22,2022-08-20,India,Karnataka,Bengaluru,Partner,1,2022-08-20
4212,Thomas,Larsen,deborah66@example.org,+1-736-276-3485x28529,Male,1966-09-17,2025-07-26,India,Karnataka,Bengaluru,Email Campaign,0,2025-07-26
4213,Gail,Spears,rodriguezjudy@example.org,001-979-968-5596x5211,Female,2002-01-04,2025-03-05,UK,England,London,Paid Ad,1,2025-03-05
4214,Andrea,Smith,vincentgrimes@example.com,001-839-903-0641,Other,1991-01-13,2022-08-28,India,Tamil Nadu,Chennai,Social Media,1,2022-08-28
4215,Andrew,Burgess,ariana90@example.com,734.501.0772x50210,Female,1958-09-13,2025-07-29,Australia,NSW,Sydney,Social Media,0,2025-07-29
4216,Russell,Smith,james29@example.org,453.994.1187,Male,1970-02-06,2023-11-04,USA,New York,New York City,Paid Ad,0,2023-11-04
4217,Wanda,Obrien,lauramarshall@example.com,736-731-1596,Female,2003-05-31,2026-03-27,India,Karnataka,Bengaluru,Email Campaign,0,2026-03-27
4218,Rebecca,Vega,ipierce@example.net,257-463-4162x53164,Female,1992-09-16,2021-06-25,USA,Texas,Houston,Email Campaign,0,2021-06-25
4219,Shannon,Berry,cortezmicheal@example.net,241.729.8603x779,Other,1969-06-09,2024-10-31,USA,Texas,Houston,Partner,1,2024-10-31
4220,Luis,Robinson,alvarezandrew@example.org,477.821.7887x2878,Male,1973-09-28,2022-07-26,USA,Texas,Houston,Partner,1,2022-07-26
4221,Brandon,Garrett,newtonsarah@example.com,583-466-2539x6718,Female,1996-12-24,2021-12-01,UK,England,London,Organic,1,2021-12-01
4222,Brianna,Gonzalez,chadrogers@example.com,(223)793-1591,Other,1992-08-26,2021-06-21,Australia,NSW,Sydney,Organic,1,2021-06-21
4223,Amy,Pollard,penasylvia@example.net,722.281.0891x8870,Female,1957-11-29,2021-01-17,Germany,Bavaria,Munich,Email Campaign,1,2021-01-17
4224,Brandon,Rose,garciavictoria@example.org,9366096033,Other,1985-07-25,2023-07-18,USA,Texas,Houston,Partner,1,2023-07-18
4225,Richard,Jones,richardmorrow@example.com,(880)279-3446,Male,1989-07-23,2026-06-27,India,Karnataka,Bengaluru,Paid Ad,1,2026-06-27
4226,Daniel,Moore,lanejohn@example.net,001-480-544-6007x9194,Other,1973-03-20,2025-06-06,India,Karnataka,Bengaluru,Partner,1,2025-06-06
4227,Heather,Guerrero,thompsonmonica@example.net,2493978055,Other,1971-06-19,2023-06-17,UK,England,London,Paid Ad,0,2023-06-17
4228,Rebecca,Robinson,garciacarl@example.com,605.412.1075x3535,Male,1995-02-28,2022-03-12,UK,England,London,Partner,1,2022-03-12
4229,Ronald,Caldwell,ibailey@example.com,+1-712-882-6424x914,Other,1961-10-09,2022-09-30,Canada,Ontario,Toronto,Referral,0,2022-09-30
4230,Christina,Decker,destiny85@example.com,001-473-698-9301x6127,Female,1965-04-12,2022-03-18,USA,California,Los Angeles,Referral,1,2022-03-18
4231,David,Robertson,jonesluke@example.org,616.889.2321x711,Male,2004-10-19,2024-06-09,USA,New York,New York City,Social Media,0,2024-06-09
4232,Tiffany,Clark,davisleonard@example.com,4559701430,Other,1999-11-27,2023-05-08,India,Tamil Nadu,Chennai,Partner,0,2023-05-08
4233,Peter,Valdez,lambertdavid@example.com,2427832420,Male,1969-10-21,2023-02-22,USA,New York,New York City,Organic,1,2023-02-22
4234,Benjamin,Romero,david97@example.net,001-467-764-2633x313,Male,1977-09-24,2024-04-26,USA,California,Los Angeles,Referral,0,2024-04-26
4235,Howard,Gilmore,uhill@example.net,805-351-6297x7291,Male,1991-05-16,2021-10-20,USA,Texas,Houston,Paid Ad,0,2021-10-20
4236,Sarah,Fisher,sarahramirez@example.com,274-964-8782,Female,2000-06-17,2022-05-03,Canada,Ontario,Toronto,Paid Ad,0,2022-05-03
4237,Brenda,Rivera,tiffanyjimenez@example.com,5462483715,Other,1965-12-01,2021-02-13,UK,England,London,Email Campaign,1,2021-02-13
4238,Robert,Shelton,rdudley@example.net,467-943-1218,Female,1963-10-07,2024-11-06,India,Tamil Nadu,Chennai,Paid Ad,1,2024-11-06
4239,Anne,Barnes,teresaortega@example.com,717.884.1647,Female,1956-12-09,2024-05-29,India,Maharashtra,Mumbai,Email Campaign,1,2024-05-29
4240,Sylvia,House,taylor54@example.org,(479)261-4282x342,Other,1988-08-05,2026-05-14,Germany,Bavaria,Munich,Email Campaign,1,2026-05-14
4241,Alison,Henderson,victoriawright@example.com,942.921.3286,Other,1967-04-16,2021-06-21,Germany,Bavaria,Munich,Social Media,1,2021-06-21
4242,Mark,Gillespie,kwilliams@example.net,594.675.8598,Female,1969-07-02,2026-08-10,USA,California,Los Angeles,Paid Ad,1,2026-08-10
4243,Edwin,Robertson,carlsonemily@example.net,651-777-9017x1548,Other,1958-07-28,2023-11-14,USA,California,Los Angeles,Social Media,1,2023-11-14
4244,John,Spears,pmartinez@example.com,+1-807-668-2637x40685,Female,1977-08-17,2022-02-06,UK,England,London,Partner,1,2022-02-06
4245,Lauren,Burnett,murphytimothy@example.org,989-556-6546x4398,Other,1955-12-03,2024-12-08,Germany,Bavaria,Munich,Social Media,0,2024-12-08
4246,Scott,Smith,campbellrobert@example.org,001-452-226-1247x1305,Male,1976-08-20,2025-04-06,USA,California,Los Angeles,Social Media,1,2025-04-06
4247,Jenna,Blevins,harveychristian@example.com,001-306-369-3548x9102,Female,1969-10-05,2026-04-30,USA,New York,New York City,Email Campaign,1,2026-04-30
4248,Anthony,Lawrence,lawrence81@example.com,738.833.9970x4983,Male,2000-10-13,2021-12-06,USA,New York,New York City,Partner,1,2021-12-06
4249,Joel,Alvarez,lewischad@example.net,828.987.5257,Female,1974-02-19,2026-02-06,USA,New York,New York City,Partner,1,2026-02-06
4250,Donna,Sullivan,samuelcarlson@example.com,001-397-852-5421x719,Other,1983-07-29,2023-09-16,India,Karnataka,Bengaluru,Social Media,1,2023-09-16
4251,Jennifer,Glenn,ashley26@example.org,001-249-645-9053x75499,Female,1987-10-12,2024-08-15,USA,California,Los Angeles,Email Campaign,1,2024-08-15
4252,Matthew,Wilson,pagedaniel@example.org,208-798-7269,Other,2002-12-03,2023-06-07,Canada,Ontario,Toronto,Social Media,0,2023-06-07
4253,Kristen,Cole,trevorvargas@example.com,001-566-695-9818x370,Other,1981-12-13,2021-02-12,USA,New York,New York City,Referral,1,2021-02-12
4254,Jeffrey,Rodriguez,karengarrett@example.com,+1-270-275-1497x674,Other,2005-12-22,2021-04-26,Germany,Bavaria,Munich,Social Media,1,2021-04-26
4255,Amanda,Washington,perryanthony@example.com,419.785.0478,Female,1974-12-02,2023-01-13,USA,New York,New York City,Paid Ad,1,2023-01-13
4256,Glenda,Garcia,katherineevans@example.net,(987)227-4064,Other,1983-12-09,2025-05-09,Germany,Bavaria,Munich,Partner,1,2025-05-09
4257,Sean,Scott,ashley60@example.com,001-230-727-5879x432,Other,1958-03-02,2023-11-04,USA,California,Los Angeles,Organic,1,2023-11-04
4258,Sydney,Maxwell,elizabeth65@example.net,(607)554-5422x33606,Male,1996-11-09,2026-07-05,Australia,NSW,Sydney,Social Media,0,2026-07-05
4259,Scott,Richards,qriley@example.org,(315)929-9596,Male,1988-11-24,2022-10-29,India,Tamil Nadu,Chennai,Paid Ad,1,2022-10-29
4260,Shelly,Mills,amy18@example.net,(764)690-9412,Female,1981-05-06,2024-09-19,Germany,Bavaria,Munich,Organic,1,2024-09-19
4261,Kenneth,Harris,blakekevin@example.net,001-840-894-3089x436,Male,1993-05-01,2021-11-11,USA,Texas,Houston,Social Media,1,2021-11-11
4262,Trevor,Chambers,kyle71@example.net,001-261-930-6957,Male,1962-04-07,2023-10-18,Canada,Ontario,Toronto,Social Media,1,2023-10-18
4263,Andrew,Shaw,donnaromero@example.net,327-924-4069x53517,Male,1962-04-25,2025-03-24,USA,Texas,Houston,Paid Ad,1,2025-03-24
4264,David,Hicks,chriswright@example.org,723.661.3280x001,Female,2004-10-08,2023-07-05,USA,Texas,Houston,Partner,0,2023-07-05
4265,Alejandra,Vazquez,wking@example.org,534.867.0577,Male,1991-03-21,2026-07-14,Germany,Bavaria,Munich,Partner,1,2026-07-14
4266,Daniel,Campbell,isaacmunoz@example.com,(209)448-4618,Male,1983-08-06,2022-04-21,Canada,Ontario,Toronto,Referral,0,2022-04-21
4267,Eduardo,Robinson,james72@example.org,583-218-5175,Other,2007-02-23,2022-06-25,USA,Texas,Houston,Email Campaign,0,2022-06-25
4268,Christine,Mendoza,greenjasmine@example.com,-5266,Female,1957-11-07,2021-04-07,Germany,Bavaria,Munich,Social Media,1,2021-04-07
4269,Robert,Zamora,gregorymclean@example.com,001-245-668-6314x687,Male,1995-01-20,2025-10-28,India,Karnataka,Bengaluru,Partner,0,2025-10-28
4270,Tammy,Morton,david69@example.com,239-921-8112x46488,Other,2008-07-13,2025-02-17,Australia,NSW,Sydney,Email Campaign,1,2025-02-17
4271,Molly,Greene,porterlaura@example.com,409.383.9222,Female,1989-05-17,2025-09-11,USA,New York,New York City,Organic,1,2025-09-11
4272,Tammy,Taylor,sarah34@example.net,341.771.9322x57177,Other,1957-12-19,2025-11-23,India,Tamil Nadu,Chennai,Partner,1,2025-11-23
4273,Kevin,Wheeler,odominguez@example.org,9362071498,Male,1999-11-02,2021-10-02,UK,England,London,Organic,0,2021-10-02
4274,Shaun,Bass,kimberly57@example.net,001-567-463-1413x1929,Female,1965-02-11,2025-01-04,India,Tamil Nadu,Chennai,Social Media,0,2025-01-04
4275,Jeremy,Evans,imaxwell@example.org,8055067156,Male,1976-02-03,2023-09-24,Australia,NSW,Sydney,Organic,1,2023-09-24
4276,Heidi,Jordan,mcguireaustin@example.net,+1-797-934-8290x450,Male,1966-11-22,2022-10-26,USA,California,Los Angeles,Email Campaign,1,2022-10-26
4277,Joanna,Schultz,brianperry@example.net,(497)622-3709x144,Female,2007-04-30,2023-03-16,USA,Texas,Houston,Partner,1,2023-03-16
4278,Margaret,Jacobson,blanchardkathryn@example.org,496-409-1330x7726,Other,1982-06-28,2025-03-10,Australia,NSW,Sydney,Paid Ad,1,2025-03-10
4279,Michael,Howe,jesse28@example.org,585-980-2576x9985,Other,1963-11-30,2021-10-01,Canada,Ontario,Toronto,Referral,1,2021-10-01
4280,Curtis,Johnson,fkim@example.com,(788)555-1895,Male,1987-05-27,2025-08-20,Germany,Bavaria,Munich,Email Campaign,0,2025-08-20
4281,Melissa,Reed,michael38@example.net,(921)646-1110x559,Male,1965-07-01,2023-08-10,USA,California,Los Angeles,Referral,0,2023-08-10
4282,Robin,Brady,damon24@example.org,(628)798-9365x19565,Other,1992-05-12,2022-06-30,India,Tamil Nadu,Chennai,Partner,1,2022-06-30
4283,Richard,Smith,richard19@example.com,999.264.1765,Female,1981-05-04,2021-02-15,UK,England,London,Organic,1,2021-02-15
4284,Tamara,Wheeler,jacksonbrendan@example.org,(986)263-7021x698,Male,1985-07-17,2021-02-19,Australia,NSW,Sydney,Email Campaign,0,2021-02-19
4285,Valerie,Hernandez,dbutler@example.org,938.323.3797x1302,Female,1990-12-25,2021-02-06,India,Tamil Nadu,Chennai,Referral,0,2021-02-06
4286,Christopher,Baxter,dustinwillis@example.org,-8762,Female,1958-03-22,2023-09-26,India,Karnataka,Bengaluru,Referral,1,2023-09-26
4287,Joy,Williams,craigrodriguez@example.org,+1-541-464-4796x88248,Female,1966-02-20,2026-04-29,India,Maharashtra,Mumbai,Social Media,0,2026-04-29
4288,Christopher,Cherry,mary48@example.com,001-241-852-0314x7548,Male,1960-03-23,2022-02-10,India,Maharashtra,Mumbai,Social Media,1,2022-02-10
4289,Tina,Ruiz,psanchez@example.net,(769)847-1834x4998,Male,2002-03-05,2021-10-18,Australia,NSW,Sydney,Partner,1,2021-10-18
4290,Steven,Gomez,wendychandler@example.com,+1-355-860-5923x38925,Male,2003-08-18,2022-08-19,USA,Texas,Houston,Social Media,1,2022-08-19
4291,Breanna,Camacho,butlertiffany@example.org,329-528-5034,Other,2003-02-21,2021-10-25,Australia,NSW,Sydney,Referral,1,2021-10-25
4292,Christina,Porter,callahansteven@example.com,252-258-6217,Other,1982-07-05,2025-08-21,India,Maharashtra,Mumbai,Paid Ad,1,2025-08-21
4293,Sara,Hunter,joansalazar@example.org,211-782-7984,Female,1990-01-03,2023-12-12,India,Maharashtra,Mumbai,Organic,1,2023-12-12
4294,Walter,Vasquez,kathleen99@example.net,(659)789-8920x8582,Female,1997-12-23,2021-06-25,UK,England,London,Social Media,1,2021-06-25
4295,Rebecca,Smith,conniereynolds@example.org,9737359985,Other,1959-07-16,2023-02-28,USA,California,Los Angeles,Partner,0,2023-02-28
4296,Molly,Higgins,jenniferbailey@example.org,469.284.8282x4104,Female,1990-08-25,2025-05-20,India,Karnataka,Bengaluru,Email Campaign,1,2025-05-20
4297,Christopher,Lucas,spencecourtney@example.com,839.618.0757,Female,1970-12-16,2022-06-06,India,Maharashtra,Mumbai,Email Campaign,1,2022-06-06
4298,James,Thompson,jacobwade@example.com,223-828-9310x4988,Other,1985-08-16,2025-07-24,Australia,NSW,Sydney,Partner,0,2025-07-24
4299,Joseph,Russell,natalietaylor@example.net,466.615.9282,Other,1986-11-30,2023-09-16,USA,Texas,Houston,Email Campaign,1,2023-09-16
4300,John,Martin,ggreene@example.com,+1-391-775-5413x308,Male,1991-07-19,2026-07-30,India,Tamil Nadu,Chennai,Social Media,1,2026-07-30
4301,Chad,Perez,millersara@example.com,-5543,Female,1986-03-19,2021-05-07,Germany,Bavaria,Munich,Organic,1,2021-05-07
4302,Joseph,Crosby,xmartinez@example.com,(363)390-7387x5656,Other,2000-03-24,2021-12-14,Australia,NSW,Sydney,Referral,0,2021-12-14
4303,Kimberly,Travis,deborah90@example.com,001-901-527-2419x7502,Female,1968-08-22,2025-02-22,USA,California,Los Angeles,Social Media,1,2025-02-22
4304,Cameron,Green,christina56@example.org,957.577.7832x186,Other,1966-07-30,2026-03-18,India,Tamil Nadu,Chennai,Paid Ad,0,2026-03-18
4305,Scott,James,msutton@example.com,(300)745-1655,Female,1959-05-19,2024-09-01,India,Tamil Nadu,Chennai,Social Media,1,2024-09-01
4306,Stacey,Weaver,scottrobinson@example.com,4215421721,Female,1992-08-10,2026-06-21,Australia,NSW,Sydney,Partner,1,2026-06-21
4307,Scott,Hernandez,williamgonzalez@example.com,529-207-1223x025,Female,2005-03-20,2022-07-17,Germany,Bavaria,Munich,Paid Ad,1,2022-07-17
4308,Laurie,Harrison,jeffreythomas@example.net,+1-944-244-0513x7488,Female,1974-08-31,2026-06-29,USA,New York,New York City,Email Campaign,0,2026-06-29
4309,Jonathan,Sloan,williamstaylor@example.org,429-344-9309x98233,Female,1974-03-25,2021-09-15,Australia,NSW,Sydney,Partner,0,2021-09-15
4310,Rebecca,Jackson,kimberlylewis@example.org,7188616264,Female,1958-08-02,2024-01-17,India,Tamil Nadu,Chennai,Email Campaign,1,2024-01-17
4311,Wyatt,Ellis,fmartinez@example.org,984.670.4022,Female,2002-11-12,2023-07-23,Australia,NSW,Sydney,Paid Ad,0,2023-07-23
4312,James,Sutton,conleyhaley@example.net,+1-529-755-3631x57370,Female,1979-08-08,2023-02-23,India,Maharashtra,Mumbai,Paid Ad,0,2023-02-23
4313,David,Kaufman,hammondjason@example.com,001-506-335-9999x06702,Other,2002-04-27,2024-10-04,India,Maharashtra,Mumbai,Partner,1,2024-10-04
4314,Kayla,Williams,smithjohn@example.org,362-329-6522,Female,2006-03-20,2024-02-15,UK,England,London,Email Campaign,1,2024-02-15
4315,Allison,Butler,thomas33@example.com,281-829-1686,Other,1965-04-19,2023-02-11,UK,England,London,Referral,1,2023-02-11
4316,Melanie,Vang,richardelizabeth@example.org,548.578.6777x11090,Other,1990-04-24,2023-02-18,India,Tamil Nadu,Chennai,Partner,1,2023-02-18
4317,Katelyn,Smith,lburton@example.com,331.769.5628x5916,Male,1984-07-10,2024-08-08,India,Karnataka,Bengaluru,Social Media,1,2024-08-08
4318,Edward,Johnson,smithalex@example.com,(975)580-8273x37799,Male,1959-06-10,2022-12-12,Germany,Bavaria,Munich,Partner,0,2022-12-12
4319,Michael,Meyer,richardkennedy@example.net,558.568.5873x25744,Male,1984-03-11,2023-10-09,India,Tamil Nadu,Chennai,Email Campaign,1,2023-10-09
4320,Taylor,Oneill,johnathangarcia@example.com,(893)499-1196,Other,2002-03-28,2023-01-20,India,Karnataka,Bengaluru,Social Media,1,2023-01-20
4321,Colin,Mckee,bdiaz@example.com,387.420.6797x23842,Female,1976-10-02,2023-10-04,India,Karnataka,Bengaluru,Social Media,1,2023-10-04
4322,Gail,Lucas,beverly00@example.org,001-503-580-1219x2446,Other,1958-11-02,2026-02-24,India,Tamil Nadu,Chennai,Paid Ad,0,2026-02-24
4323,Ashley,Perez,brenda27@example.net,803-639-2132x8390,Other,1998-12-12,2023-11-10,USA,Texas,Houston,Organic,1,2023-11-10
4324,Tiffany,Brady,murphyjamie@example.org,(513)503-9949x201,Female,1990-05-11,2022-05-25,India,Tamil Nadu,Chennai,Email Campaign,1,2022-05-25
4325,James,Landry,geoffreyberry@example.com,001-618-624-3256x509,Male,1977-05-28,2021-01-14,UK,England,London,Referral,1,2021-01-14
4326,Elizabeth,Bauer,michael99@example.net,7339654531,Female,1971-12-24,2026-07-21,India,Tamil Nadu,Chennai,Email Campaign,1,2026-07-21
4327,Kevin,Vargas,robert32@example.com,532.499.9604,Other,1958-11-26,2024-02-09,Germany,Bavaria,Munich,Email Campaign,0,2024-02-09
4328,Rodney,Norton,davidcasey@example.net,6435796508,Female,1965-09-23,2023-03-27,UK,England,London,Organic,1,2023-03-27
4329,Steven,Anderson,banksshannon@example.net,3979827698,Other,1992-02-16,2026-06-29,UK,England,London,Organic,1,2026-06-29
4330,Daniel,Barnes,briansharp@example.com,337-251-7778x425,Female,1992-10-18,2025-11-26,Canada,Ontario,Toronto,Paid Ad,1,2025-11-26
4331,Christopher,Morgan,ehansen@example.org,001-867-447-7531,Male,1990-11-23,2022-07-27,USA,New York,New York City,Organic,1,2022-07-27
4332,Kimberly,Austin,jordannoah@example.net,+1-495-851-5403x289,Male,1963-08-23,2021-08-12,India,Karnataka,Bengaluru,Organic,1,2021-08-12
4333,Shawn,Allen,zacevedo@example.com,-6104,Other,1970-02-28,2022-03-17,India,Tamil Nadu,Chennai,Email Campaign,1,2022-03-17
4334,Melissa,Huffman,usaunders@example.net,(883)698-2157x095,Male,1975-12-14,2022-06-06,India,Tamil Nadu,Chennai,Partner,1,2022-06-06
4335,Devin,Obrien,ngonzales@example.org,255.944.3644x93747,Male,1995-02-07,2023-04-20,UK,England,London,Partner,0,2023-04-20
4336,Sarah,Lucero,xweaver@example.org,649.216.9715x76289,Male,1976-10-20,2021-09-03,Germany,Bavaria,Munich,Organic,0,2021-09-03
4337,John,Robinson,prattkimberly@example.com,(564)877-8809,Female,1998-02-02,2024-02-10,India,Karnataka,Bengaluru,Social Media,0,2024-02-10
4338,Patrick,Garcia,othompson@example.net,2232193902,Male,2006-02-15,2023-08-03,India,Maharashtra,Mumbai,Email Campaign,0,2023-08-03
4339,Laura,Boyer,anthony62@example.com,640-409-0372x2472,Other,1998-10-31,2023-12-29,Germany,Bavaria,Munich,Paid Ad,1,2023-12-29
4340,Jeffrey,Bell,qblackburn@example.org,680-882-3006x79928,Male,1966-05-03,2022-09-14,India,Maharashtra,Mumbai,Email Campaign,0,2022-09-14
4341,Rachel,Hickman,patrick22@example.com,3812759701,Male,1982-06-28,2024-07-21,Germany,Bavaria,Munich,Referral,1,2024-07-21
4342,Mary,Stout,tgreene@example.net,001-405-215-8488x82581,Other,1995-09-20,2023-04-13,UK,England,London,Email Campaign,0,2023-04-13
4343,Donna,Lopez,zmartin@example.net,814-716-8950,Male,2003-02-24,2022-10-19,USA,California,Los Angeles,Email Campaign,0,2022-10-19
4344,Tricia,Harrell,glennmorgan@example.com,(229)474-2866x771,Female,1965-12-24,2024-01-10,Germany,Bavaria,Munich,Organic,1,2024-01-10
4345,Jacob,Stephenson,jcastro@example.net,280.789.7079x472,Female,2003-07-23,2023-10-06,USA,New York,New York City,Referral,1,2023-10-06
4346,Dean,Davis,pford@example.org,-9023,Other,1962-04-14,2026-02-26,India,Maharashtra,Mumbai,Referral,1,2026-02-26
4347,Gabriel,Chen,qpatrick@example.org,+1-343-766-8995x7041,Female,1967-10-01,2023-06-22,USA,Texas,Houston,Organic,1,2023-06-22
4348,Rodney,Martinez,kaiserphillip@example.com,(919)763-4610,Other,1992-01-20,2023-09-06,USA,California,Los Angeles,Paid Ad,1,2023-09-06
4349,Adriana,Johnson,idonovan@example.org,(440)657-9268,Female,1982-09-02,2025-05-03,UK,England,London,Referral,1,2025-05-03
4350,Thomas,Cook,twilliams@example.org,+1-940-635-1957x3009,Male,1977-07-14,2022-02-16,India,Maharashtra,Mumbai,Social Media,1,2022-02-16
4351,Vickie,Anderson,kevinlee@example.net,514-650-6453,Male,1993-01-18,2025-12-18,Canada,Ontario,Toronto,Partner,1,2025-12-18
4352,Michelle,Wheeler,rickey24@example.org,638-259-8646,Male,1992-11-26,2025-04-07,UK,England,London,Email Campaign,1,2025-04-07
4353,Jill,Howard,sarahmoore@example.org,787-743-2362x9825,Other,1960-02-28,2023-04-21,India,Tamil Nadu,Chennai,Social Media,1,2023-04-21
4354,Stephanie,Hill,bennettjessica@example.com,001-200-306-7947x19912,Female,1959-04-03,2024-11-03,UK,England,London,Organic,1,2024-11-03
4355,Daniel,Graham,marialopez@example.net,5559641990,Female,1956-03-20,2025-05-08,Canada,Ontario,Toronto,Email Campaign,1,2025-05-08
4356,Julie,Mendez,bernardcheryl@example.org,905-761-2199,Male,2004-03-21,2025-03-08,India,Maharashtra,Mumbai,Partner,1,2025-03-08
4357,Michael,King,alexanderamber@example.com,+1-894-747-2512x120,Male,1992-10-25,2025-03-27,USA,New York,New York City,Social Media,1,2025-03-27
4358,Luke,Perkins,mendozadamon@example.com,605.684.7163,Female,1962-01-29,2023-06-12,India,Maharashtra,Mumbai,Paid Ad,0,2023-06-12
4359,Daniel,Hall,zmcbride@example.net,(440)936-0127,Male,1955-12-31,2024-01-28,UK,England,London,Partner,1,2024-01-28
4360,Sarah,Henry,martinsarah@example.com,7267356887,Female,1964-02-10,2023-08-04,India,Tamil Nadu,Chennai,Email Campaign,1,2023-08-04
4361,Brenda,Johnson,mtaylor@example.org,(296)570-8323x87825,Other,1991-09-10,2021-04-10,Canada,Ontario,Toronto,Email Campaign,1,2021-04-10
4362,Antonio,Lindsey,allisonbrandon@example.com,(840)303-8160x6032,Female,2001-04-07,2021-09-22,India,Maharashtra,Mumbai,Partner,0,2021-09-22
4363,Jon,Lee,klevy@example.com,(688)896-8273x47072,Other,1965-05-18,2025-05-12,USA,California,Los Angeles,Paid Ad,1,2025-05-12
4364,Mark,Guzman,krichards@example.com,262.505.5067x28236,Male,2008-07-12,2025-04-10,India,Karnataka,Bengaluru,Social Media,1,2025-04-10
4365,Stephanie,Lee,brittneywheeler@example.net,462.577.0287x48928,Female,1996-07-04,2025-12-30,UK,England,London,Organic,1,2025-12-30
4366,Kristina,Miller,nliu@example.net,723-306-5533,Female,1979-06-25,2023-11-11,UK,England,London,Referral,1,2023-11-11
4367,Michelle,Silva,mariah84@example.net,(971)494-7143x95161,Female,1969-10-29,2025-02-10,India,Tamil Nadu,Chennai,Social Media,0,2025-02-10
4368,Adam,Sanchez,stephen23@example.org,833.661.4345,Male,1983-12-05,2022-11-22,USA,Texas,Houston,Email Campaign,0,2022-11-22
4369,Rebecca,Simpson,petersonbrittany@example.net,230.933.4160x4629,Male,1957-06-28,2023-03-13,Australia,NSW,Sydney,Social Media,0,2023-03-13
4370,Matthew,Johnson,donald55@example.net,001-526-435-4057x0136,Male,2008-04-07,2021-07-16,India,Karnataka,Bengaluru,Organic,0,2021-07-16
4371,Caroline,Pruitt,jacqueline57@example.org,(296)669-9149x825,Other,1977-04-07,2022-01-14,USA,Texas,Houston,Partner,1,2022-01-14
4372,Virginia,Rodriguez,lewistravis@example.org,871-818-5630x690,Female,1989-11-03,2021-07-25,Australia,NSW,Sydney,Organic,1,2021-07-25
4373,James,White,michellehawkins@example.net,646.868.3516x123,Female,1993-07-03,2023-11-12,Australia,NSW,Sydney,Referral,0,2023-11-12
4374,Christian,Taylor,jamieblake@example.org,001-206-258-2283,Female,1986-04-07,2022-08-04,India,Tamil Nadu,Chennai,Paid Ad,0,2022-08-04
4375,Joseph,Walker,transherry@example.com,496-316-8914x90889,Female,1964-10-15,2023-07-28,USA,Texas,Houston,Paid Ad,0,2023-07-28
4376,Anthony,Paul,spencergreg@example.com,863.765.6756,Male,1996-08-10,2021-10-01,USA,Texas,Houston,Organic,1,2021-10-01
4377,Hector,Vargas,angela22@example.com,+1-750-644-6567x0162,Other,1988-05-07,2021-08-02,Germany,Bavaria,Munich,Partner,1,2021-08-02
4378,Elizabeth,Sullivan,alexandra49@example.org,641-768-6052x573,Other,1956-05-01,2024-03-26,USA,Texas,Houston,Social Media,0,2024-03-26
4379,Blake,Clark,jorgeochoa@example.net,001-400-591-5422x1843,Male,1991-05-28,2022-11-19,UK,England,London,Organic,0,2022-11-19
4380,Stephanie,Ruiz,troberts@example.com,440.710.7490,Male,2003-09-17,2021-11-12,India,Maharashtra,Mumbai,Organic,0,2021-11-12
4381,James,Keller,isims@example.org,666-974-6493x2516,Other,1969-04-28,2023-01-03,India,Tamil Nadu,Chennai,Organic,1,2023-01-03
4382,Troy,Mcintosh,graveschristina@example.net,(239)885-8798,Other,1978-09-28,2025-02-20,Canada,Ontario,Toronto,Referral,1,2025-02-20
4383,Michael,Thomas,barnold@example.net,830.940.0095x365,Male,1966-04-09,2023-02-05,USA,Texas,Houston,Organic,1,2023-02-05
4384,Jacob,Leon,fwagner@example.com,728-584-4142,Female,1990-02-22,2022-12-05,India,Karnataka,Bengaluru,Email Campaign,1,2022-12-05
4385,Robert,Bartlett,fcastillo@example.net,735.994.4634x2853,Other,1972-01-27,2026-08-14,USA,California,Los Angeles,Organic,0,2026-08-14
4386,Katie,Moore,donaldsonpatricia@example.com,(273)259-6552,Male,2007-12-30,2022-07-07,UK,England,London,Organic,0,2022-07-07
4387,Patricia,Zimmerman,zpotts@example.com,+1-971-956-3075x9257,Male,1990-01-21,2022-10-01,Canada,Ontario,Toronto,Referral,0,2022-10-01
4388,Patrick,Singleton,ayalalaura@example.org,(373)413-7265,Other,2007-01-23,2025-02-13,Germany,Bavaria,Munich,Paid Ad,1,2025-02-13
4389,Larry,Peterson,nataliemelendez@example.org,902-911-9906x436,Female,1994-12-21,2023-10-04,Canada,Ontario,Toronto,Referral,1,2023-10-04
4390,Justin,Cameron,mmitchell@example.org,+1-305-803-1827x36921,Male,1993-11-13,2023-10-14,USA,New York,New York City,Partner,0,2023-10-14
4391,Timothy,Singh,bmiller@example.net,(469)947-9380x2839,Male,2006-08-17,2021-06-23,Germany,Bavaria,Munich,Social Media,1,2021-06-23
4392,Amy,Marquez,emily78@example.com,001-903-300-4512,Female,2004-07-21,2021-01-03,USA,Texas,Houston,Social Media,1,2021-01-03
4393,Jo,Rodgers,edavis@example.org,601.781.1073x5527,Other,1993-05-04,2026-06-30,Australia,NSW,Sydney,Social Media,0,2026-06-30
4394,Douglas,Dennis,smithpatricia@example.net,688.334.9877,Other,1974-02-05,2025-07-13,Australia,NSW,Sydney,Social Media,0,2025-07-13
4395,Karen,Alvarez,rmaldonado@example.net,8869847625,Other,1964-06-22,2024-12-20,Australia,NSW,Sydney,Email Campaign,1,2024-12-20
4396,Kimberly,Gonzalez,evalencia@example.net,889.617.7102x037,Other,1961-07-07,2023-10-27,UK,England,London,Social Media,1,2023-10-27
4397,David,Gilbert,shawn71@example.com,001-993-888-6848,Male,1995-09-12,2026-08-09,USA,Texas,Houston,Organic,1,2026-08-09
4398,Angela,Nelson,adavis@example.net,(351)731-2773x152,Other,1987-11-28,2021-10-28,India,Maharashtra,Mumbai,Paid Ad,1,2021-10-28
4399,Aaron,Hood,vbowman@example.org,001-315-416-3945,Other,1998-01-31,2022-04-19,India,Tamil Nadu,Chennai,Social Media,1,2022-04-19
4400,Matthew,Holmes,leeadam@example.net,617.591.1598x72483,Female,2006-04-15,2025-03-20,UK,England,London,Paid Ad,1,2025-03-20
4401,Brian,Baldwin,sruiz@example.org,(971)823-9889x1399,Female,1983-11-11,2024-07-12,USA,California,Los Angeles,Referral,0,2024-07-12
4402,Timothy,Williamson,ypatton@example.com,572.743.6752,Female,1997-11-21,2023-06-02,USA,California,Los Angeles,Partner,1,2023-06-02
4403,Robert,Shea,smithcynthia@example.net,+1-997-333-5613x08524,Other,1986-03-25,2026-01-17,USA,Texas,Houston,Partner,0,2026-01-17
4404,Megan,Bell,bradleymcgee@example.com,621.587.1634x578,Female,1985-10-25,2024-05-21,USA,Texas,Houston,Referral,1,2024-05-21
4405,Laurie,Christensen,david53@example.org,001-223-346-9297x837,Male,1962-09-06,2021-03-09,USA,Texas,Houston,Social Media,1,2021-03-09
4406,Theresa,Duarte,masseymary@example.org,983.933.1129,Female,1989-12-06,2026-06-17,India,Tamil Nadu,Chennai,Social Media,0,2026-06-17
4407,Mary,Morgan,ohoover@example.com,+1-996-562-4282x37663,Male,1960-05-28,2025-03-02,Canada,Ontario,Toronto,Social Media,0,2025-03-02
4408,Benjamin,Zhang,jwebb@example.net,578.868.9433,Male,1995-01-18,2025-08-31,USA,Texas,Houston,Referral,0,2025-08-31
4409,Kimberly,Green,ebony82@example.com,695.948.1661,Female,1999-12-03,2022-02-19,USA,Texas,Houston,Paid Ad,1,2022-02-19
4410,Colin,Robertson,jessicahamilton@example.net,(992)445-9094,Female,1961-05-31,2024-12-06,USA,California,Los Angeles,Social Media,1,2024-12-06
4411,Matthew,Jacobson,nicholas25@example.org,(588)385-8212x402,Other,1968-12-19,2021-11-16,UK,England,London,Paid Ad,1,2021-11-16
4412,Kristen,Owen,christine09@example.net,831.533.1256x809,Male,1990-06-08,2026-05-09,India,Karnataka,Bengaluru,Social Media,1,2026-05-09
4413,Jonathan,Jacobs,kfrey@example.com,(957)601-7278x539,Female,1994-01-15,2024-12-14,USA,New York,New York City,Referral,0,2024-12-14
4414,Matthew,Stokes,virginiajordan@example.org,492-286-4018x101,Male,2002-05-17,2022-11-11,India,Tamil Nadu,Chennai,Organic,1,2022-11-11
4415,Jackson,Leonard,johnsonashley@example.net,266.590.2051,Male,1965-06-28,2024-01-10,USA,Texas,Houston,Organic,1,2024-01-10
4416,Allison,Martin,janiceanderson@example.com,(520)429-8135x283,Other,1984-06-16,2023-06-15,Australia,NSW,Sydney,Email Campaign,1,2023-06-15
4417,Matthew,Leonard,ahoffman@example.com,+1-263-202-3598x860,Female,1955-12-26,2021-04-09,India,Karnataka,Bengaluru,Social Media,1,2021-04-09
4418,Joshua,Long,michaelthomas@example.com,750-976-5233,Female,1958-02-27,2026-03-01,India,Karnataka,Bengaluru,Email Campaign,1,2026-03-01
4419,Daniel,Garcia,brandon29@example.net,+1-306-451-5270x12740,Female,2005-03-30,2024-03-13,India,Karnataka,Bengaluru,Organic,0,2024-03-13
4420,Sara,Coleman,achaney@example.com,(449)454-7671,Female,1999-06-27,2022-05-21,Australia,NSW,Sydney,Social Media,1,2022-05-21
4421,Shawn,Hammond,gabrielsimon@example.org,+1-825-788-0761x29270,Other,1996-11-07,2021-05-29,UK,England,London,Email Campaign,1,2021-05-29
4422,Robin,Brewer,wgarcia@example.net,612-237-9281,Male,1963-12-07,2021-10-03,Germany,Bavaria,Munich,Social Media,1,2021-10-03
4423,Kathleen,Hanson,jenniferrogers@example.net,647.444.1240x438,Other,1993-07-03,2025-12-07,India,Karnataka,Bengaluru,Partner,1,2025-12-07
4424,Allison,Stevenson,johnbailey@example.net,+1-411-558-2702x45285,Male,1971-01-14,2022-08-13,India,Tamil Nadu,Chennai,Referral,0,2022-08-13
4425,Robert,Perez,georgejones@example.net,001-247-301-1723x96319,Female,1992-07-04,2025-04-22,USA,New York,New York City,Social Media,1,2025-04-22
4426,Heather,Williams,fhernandez@example.net,(556)271-2301x674,Male,1963-10-31,2021-06-21,India,Maharashtra,Mumbai,Paid Ad,0,2021-06-21
4427,Dalton,Anderson,wallrichard@example.org,001-867-639-5894x8328,Male,1992-04-23,2022-06-29,USA,California,Los Angeles,Social Media,0,2022-06-29
4428,Robert,Martinez,bfisher@example.com,001-368-932-8233,Female,1980-09-25,2023-03-05,Germany,Bavaria,Munich,Referral,1,2023-03-05
4429,Michelle,Reynolds,karen33@example.com,001-946-281-7557x958,Male,1975-12-05,2023-11-12,UK,England,London,Organic,1,2023-11-12
4430,William,Gray,wheelerpedro@example.net,001-650-375-6638x6233,Male,1996-07-06,2022-11-01,USA,New York,New York City,Paid Ad,0,2022-11-01
4431,Tiffany,Alvarado,sheaashley@example.com,-8201,Male,1992-11-19,2021-09-28,Canada,Ontario,Toronto,Social Media,1,2021-09-28
4432,Pamela,Frazier,moorekimberly@example.com,881.979.4632x9514,Male,1972-02-10,2026-07-15,USA,Texas,Houston,Organic,1,2026-07-15
4433,Ruth,Pearson,stevenavery@example.com,+1-619-904-2446x24167,Other,1970-04-22,2024-11-04,Canada,Ontario,Toronto,Partner,1,2024-11-04
4434,Laura,Oliver,annewilliams@example.com,331.982.1181x48506,Female,1986-05-22,2026-04-05,India,Karnataka,Bengaluru,Email Campaign,1,2026-04-05
4435,Ronald,King,andrew08@example.net,(547)292-2297,Other,1988-11-25,2024-09-16,Australia,NSW,Sydney,Partner,0,2024-09-16
4436,Samantha,Riley,griffinashley@example.net,(793)598-9085,Other,1964-04-19,2022-09-30,India,Karnataka,Bengaluru,Partner,1,2022-09-30
4437,Tyler,Owens,kellydoris@example.org,971.881.9624,Other,1977-05-02,2024-02-17,Germany,Bavaria,Munich,Referral,1,2024-02-17
4438,Leslie,Lawrence,monica34@example.net,+1-675-774-4510x1598,Female,1974-11-02,2021-04-02,India,Maharashtra,Mumbai,Social Media,1,2021-04-02
4439,John,Huynh,ltaylor@example.org,391.840.1864x357,Other,1959-09-26,2024-09-06,India,Tamil Nadu,Chennai,Paid Ad,1,2024-09-06
4440,Alexis,Thomas,fhammond@example.org,9294455469,Male,1978-07-18,2025-07-16,Canada,Ontario,Toronto,Email Campaign,0,2025-07-16
4441,Joseph,Adams,sarahscott@example.net,657.623.0896x126,Male,2008-01-23,2023-11-22,India,Tamil Nadu,Chennai,Referral,1,2023-11-22
4442,Michael,Carrillo,marshalljavier@example.org,442.738.2389,Male,1977-05-15,2023-07-05,Australia,NSW,Sydney,Referral,1,2023-07-05
4443,Angela,Reynolds,timothyrussell@example.net,(987)542-5943,Male,1995-03-14,2022-09-20,Canada,Ontario,Toronto,Partner,1,2022-09-20
4444,Ashley,Wilson,baileyteresa@example.org,649.894.7662x73872,Female,1965-10-22,2025-01-26,Australia,NSW,Sydney,Partner,0,2025-01-26
4445,Elizabeth,Chapman,danielmcknight@example.net,437.853.6143,Other,2006-06-22,2025-09-14,UK,England,London,Paid Ad,1,2025-09-14
4446,Julie,Wood,gfoley@example.net,+1-924-209-1941x22954,Male,1968-07-31,2021-11-29,India,Tamil Nadu,Chennai,Referral,0,2021-11-29
4447,Crystal,Travis,yvonneshields@example.net,(464)399-2898,Other,1979-10-22,2026-05-25,Germany,Bavaria,Munich,Organic,1,2026-05-25
4448,Kimberly,Harvey,cheryl86@example.com,392.911.2196,Female,1965-08-20,2021-08-22,India,Karnataka,Bengaluru,Social Media,0,2021-08-22
4449,Nancy,Calderon,jonesderrick@example.org,718.222.9094x467,Female,2006-09-19,2022-09-23,UK,England,London,Social Media,1,2022-09-23
4450,Michael,Vang,richard12@example.net,(547)814-1167,Female,1993-07-07,2024-09-29,USA,California,Los Angeles,Organic,1,2024-09-29
4451,Matthew,Foster,tmiller@example.com,001-511-977-6969x39110,Female,2001-10-23,2023-08-24,India,Tamil Nadu,Chennai,Social Media,1,2023-08-24
4452,James,Rogers,arobinson@example.com,513-504-5047x4424,Female,2001-10-24,2023-05-27,UK,England,London,Social Media,0,2023-05-27
4453,Laura,Allen,prattjennifer@example.com,536-759-1061,Male,1997-03-13,2024-03-19,India,Maharashtra,Mumbai,Email Campaign,1,2024-03-19
4454,Jordan,Levine,joshua10@example.com,+1-692-735-9551x0725,Male,1979-10-22,2024-10-08,USA,Texas,Houston,Email Campaign,1,2024-10-08
4455,Adrian,Snyder,gracegarza@example.org,276-522-8989x9242,Male,2002-12-05,2025-03-24,India,Karnataka,Bengaluru,Organic,1,2025-03-24
4456,Debbie,Williams,laura17@example.com,001-726-459-9387,Other,1984-09-06,2021-12-04,USA,New York,New York City,Organic,1,2021-12-04
4457,April,Matthews,ygibson@example.org,218.250.8146x358,Female,1974-12-30,2025-10-22,USA,Texas,Houston,Organic,1,2025-10-22
4458,Tim,Jones,johngarza@example.org,+1-282-398-1186x2438,Male,1960-08-19,2021-07-30,USA,Texas,Houston,Social Media,1,2021-07-30
4459,William,Dawson,jenniferalvarado@example.com,7303666557,Male,1985-01-30,2021-05-14,USA,Texas,Houston,Paid Ad,0,2021-05-14
4460,Jonathan,Lamb,alicialittle@example.org,890-206-6632x2581,Other,1996-01-15,2025-01-03,India,Karnataka,Bengaluru,Email Campaign,1,2025-01-03
4461,David,Hernandez,lpage@example.net,001-445-405-4952,Male,1969-02-13,2021-06-15,USA,New York,New York City,Paid Ad,1,2021-06-15
4462,Sally,Tyler,nhanna@example.net,522-205-8592x7751,Male,1989-10-24,2022-02-14,India,Karnataka,Bengaluru,Email Campaign,1,2022-02-14
4463,Elizabeth,Leonard,edwinmeyers@example.com,(291)340-2268,Other,1970-12-30,2021-06-11,USA,New York,New York City,Organic,1,2021-06-11
4464,Raymond,Acosta,stephaniemorris@example.org,(966)354-0791x3705,Female,1962-02-03,2022-11-28,India,Maharashtra,Mumbai,Social Media,0,2022-11-28
4465,Wendy,Hall,michellecurtis@example.net,(535)466-2578,Other,1994-10-28,2023-12-31,USA,New York,New York City,Paid Ad,1,2023-12-31
4466,Kathleen,Navarro,juan65@example.com,(501)933-2057,Other,1961-04-23,2021-10-21,Germany,Bavaria,Munich,Paid Ad,0,2021-10-21
4467,Holly,Ray,billy07@example.org,(877)671-9101,Female,1990-03-15,2021-09-24,USA,Texas,Houston,Email Campaign,1,2021-09-24
4468,Brad,Thomas,stephanierodriguez@example.net,(572)465-7552,Other,1981-08-22,2022-10-07,India,Tamil Nadu,Chennai,Partner,0,2022-10-07
4469,Troy,Harris,martingregory@example.org,2848851116,Female,1989-12-08,2022-01-29,Australia,NSW,Sydney,Email Campaign,1,2022-01-29
4470,David,Hensley,rroberts@example.org,4276818325,Male,1971-11-04,2024-03-08,India,Maharashtra,Mumbai,Social Media,1,2024-03-08
4471,Pam,Glover,taraporter@example.org,(682)615-5671x92012,Other,2000-11-21,2022-10-29,India,Karnataka,Bengaluru,Social Media,1,2022-10-29
4472,Daniel,Brown,justin39@example.com,489-507-8315,Other,1969-02-22,2025-01-09,Canada,Ontario,Toronto,Paid Ad,0,2025-01-09
4473,Brooke,Moses,gailbanks@example.com,001-726-599-5191x3205,Female,1996-02-19,2025-07-01,India,Tamil Nadu,Chennai,Referral,1,2025-07-01
4474,Travis,Moody,zachary48@example.org,001-676-942-3369x39091,Male,1965-03-11,2024-08-30,India,Tamil Nadu,Chennai,Referral,1,2024-08-30
4475,Alex,Richard,taylorstanley@example.com,+1-882-710-5673x3806,Other,1962-05-03,2022-09-02,Canada,Ontario,Toronto,Referral,1,2022-09-02
4476,Robert,Ruiz,julie53@example.com,953.356.5026,Male,1972-07-29,2021-11-22,USA,California,Los Angeles,Email Campaign,1,2021-11-22
4477,Julie,Hardy,timothy40@example.com,299-927-1108x379,Male,2007-11-23,2022-08-28,USA,New York,New York City,Social Media,1,2022-08-28
4478,Felicia,Stout,bakercarl@example.net,(456)773-8564x88001,Other,1994-05-01,2022-09-04,USA,Texas,Houston,Organic,0,2022-09-04
4479,Cheryl,Finley,natalie32@example.org,(996)336-0402x451,Other,1987-02-09,2024-09-24,India,Tamil Nadu,Chennai,Paid Ad,0,2024-09-24
4480,Kenneth,Hill,david31@example.com,438.496.0105,Other,1965-08-23,2023-09-07,Germany,Bavaria,Munich,Social Media,1,2023-09-07
4481,Elizabeth,Gonzalez,madison75@example.com,644.836.3225x032,Male,1979-09-10,2025-08-06,UK,England,London,Partner,1,2025-08-06
4482,William,Dawson,vsoto@example.net,322.965.7114,Other,1966-09-27,2024-05-24,Australia,NSW,Sydney,Referral,1,2024-05-24
4483,Kenneth,Atkinson,dodom@example.net,326-959-7984x3620,Female,2003-01-12,2021-05-19,Canada,Ontario,Toronto,Referral,1,2021-05-19
4484,Corey,Strong,goldenjacob@example.org,001-381-983-7260x3463,Female,1982-12-31,2023-02-24,UK,England,London,Organic,0,2023-02-24
4485,Aaron,Wright,lsanchez@example.com,969.296.9178,Female,1956-08-13,2021-05-09,USA,California,Los Angeles,Social Media,1,2021-05-09
4486,Olivia,Simon,james83@example.org,(519)374-0282,Female,1977-01-24,2026-08-01,USA,Texas,Houston,Partner,1,2026-08-01
4487,Joseph,Johnson,stephanie90@example.org,-2732,Female,1972-09-08,2024-08-18,UK,England,London,Referral,1,2024-08-18
4488,John,Jones,anthonyjustin@example.net,001-779-655-9366,Other,2002-08-26,2025-09-26,India,Karnataka,Bengaluru,Paid Ad,1,2025-09-26
4489,Marcus,Chan,monroegabriela@example.org,-6475,Male,1959-01-18,2023-01-24,Germany,Bavaria,Munich,Referral,1,2023-01-24
4490,Jeffrey,Watkins,longanthony@example.net,001-210-499-8452x761,Male,1969-08-15,2025-08-31,India,Tamil Nadu,Chennai,Social Media,1,2025-08-31
4491,Lisa,Hendricks,jason18@example.com,(743)550-4814,Male,1987-06-27,2022-08-30,India,Karnataka,Bengaluru,Referral,1,2022-08-30
4492,Randy,Hicks,dunnbrittany@example.com,+1-834-573-7257x730,Female,1984-11-26,2026-07-22,India,Maharashtra,Mumbai,Referral,1,2026-07-22
4493,Michael,Klein,powersmichelle@example.net,9639425879,Male,1964-04-24,2025-09-08,USA,Texas,Houston,Organic,1,2025-09-08
4494,Hayden,May,iperry@example.net,982.448.9182x4553,Other,1970-08-08,2024-11-05,India,Karnataka,Bengaluru,Paid Ad,1,2024-11-05
4495,Eric,Duffy,susanmarquez@example.net,(795)728-0707x71881,Male,1984-07-03,2021-01-12,India,Karnataka,Bengaluru,Social Media,1,2021-01-12
4496,Haley,Martin,nmatthews@example.com,(925)259-1654x3496,Male,1988-03-07,2023-04-07,Australia,NSW,Sydney,Referral,0,2023-04-07
4497,Doris,Perez,crystaldavis@example.org,001-428-211-0180x13805,Other,1977-09-26,2024-01-26,India,Karnataka,Bengaluru,Social Media,1,2024-01-26
4498,Matthew,Taylor,john40@example.com,001-689-902-1772x074,Female,1962-08-15,2023-03-17,Australia,NSW,Sydney,Partner,1,2023-03-17
4499,Diana,Horne,qgraham@example.org,001-711-372-2837,Other,1986-05-24,2026-02-07,USA,California,Los Angeles,Email Campaign,1,2026-02-07
4500,Amanda,Bush,margaretmarsh@example.net,+1-987-904-8595x9389,Other,1963-09-20,2024-04-03,Australia,NSW,Sydney,Social Media,1,2024-04-03
4501,Shelly,Lloyd,franklinkristina@example.net,816.487.7541x1847,Female,1987-02-10,2024-03-11,USA,California,Los Angeles,Organic,1,2024-03-11
4502,Diana,Berry,colleen91@example.com,001-717-910-2763x0901,Female,1967-09-02,2021-09-15,UK,England,London,Social Media,1,2021-09-15
4503,Alejandro,Howard,rebeccachapman@example.org,437-257-4676x654,Female,2002-09-14,2023-08-04,Canada,Ontario,Toronto,Email Campaign,0,2023-08-04
4504,Amanda,Gray,maurice07@example.org,231.381.4421x0209,Female,1976-09-16,2026-01-15,India,Maharashtra,Mumbai,Paid Ad,0,2026-01-15
4505,Keith,Dalton,oscardavis@example.org,538-358-2406x85889,Other,1991-11-06,2023-07-29,USA,California,Los Angeles,Email Campaign,0,2023-07-29
4506,Matthew,Rowe,richard47@example.org,(517)870-2538,Female,1999-04-02,2025-06-06,India,Tamil Nadu,Chennai,Organic,1,2025-06-06
4507,Jennifer,Mcpherson,lschroeder@example.org,7994220896,Male,2001-08-29,2023-07-28,Australia,NSW,Sydney,Referral,1,2023-07-28
4508,Michael,Ruiz,christy45@example.com,001-325-334-6058,Female,2002-05-10,2023-09-06,Canada,Ontario,Toronto,Organic,0,2023-09-06
4509,Leon,Walker,frodriguez@example.com,834-624-5912x53685,Male,1998-08-01,2021-07-15,UK,England,London,Paid Ad,1,2021-07-15
4510,James,Wilson,lisa93@example.net,001-820-577-0839x540,Male,1972-10-22,2025-09-04,Australia,NSW,Sydney,Email Campaign,1,2025-09-04
4511,Nicholas,Dean,julie45@example.net,483-303-8606x551,Female,1962-09-02,2021-07-29,India,Tamil Nadu,Chennai,Email Campaign,0,2021-07-29
4512,Stephanie,Rose,tuckerrichard@example.org,001-890-349-0782x433,Male,2004-01-30,2024-03-23,India,Maharashtra,Mumbai,Referral,1,2024-03-23
4513,Aaron,Coleman,bryanmeza@example.com,-3509,Male,1999-07-24,2024-09-07,UK,England,London,Email Campaign,0,2024-09-07
4514,Jessica,Oconnell,rodriguezjustin@example.net,(638)576-7989x764,Other,1967-12-08,2021-02-28,India,Maharashtra,Mumbai,Social Media,0,2021-02-28
4515,Jacqueline,Edwards,ycraig@example.org,-4840,Other,1962-03-21,2024-09-08,USA,New York,New York City,Referral,1,2024-09-08
4516,Rita,Jones,simonkimberly@example.org,907-485-3733x50206,Male,1999-11-24,2021-03-26,Canada,Ontario,Toronto,Referral,1,2021-03-26
4517,Elizabeth,Harrington,qrice@example.com,+1-667-967-1498x386,Other,1983-04-22,2022-11-24,India,Tamil Nadu,Chennai,Paid Ad,1,2022-11-24
4518,Madeline,Finley,xmccarthy@example.org,412.694.6576x02491,Male,1977-05-11,2025-08-30,India,Tamil Nadu,Chennai,Social Media,1,2025-08-30
4519,Tamara,Martin,fwang@example.com,(440)917-4890x90130,Female,1992-04-07,2022-11-03,India,Maharashtra,Mumbai,Organic,1,2022-11-03
4520,William,Perez,eugenebrown@example.com,+1-371-546-7031x2869,Other,1995-04-11,2024-06-21,India,Tamil Nadu,Chennai,Partner,0,2024-06-21
4521,David,Reilly,melissa52@example.net,943.786.3222x17050,Male,1980-02-16,2021-10-08,Australia,NSW,Sydney,Referral,1,2021-10-08
4522,Angela,Adams,caleb64@example.org,-2315,Male,1977-09-05,2021-01-14,USA,New York,New York City,Organic,1,2021-01-14
4523,Carla,Rodriguez,ivazquez@example.org,001-747-462-2214x711,Male,1977-05-21,2023-01-04,India,Tamil Nadu,Chennai,Social Media,1,2023-01-04
4524,Randy,Lopez,longscott@example.com,001-439-954-4755x68254,Other,1991-04-04,2022-05-13,India,Karnataka,Bengaluru,Email Campaign,0,2022-05-13
4525,Todd,Gillespie,debra16@example.net,+1-277-500-1848x45648,Female,1975-04-15,2022-05-16,Canada,Ontario,Toronto,Partner,1,2022-05-16
4526,Samuel,Coleman,reedjustin@example.org,387-934-2225x38618,Male,1996-06-12,2024-02-14,Germany,Bavaria,Munich,Paid Ad,0,2024-02-14
4527,David,Mckee,harveykimberly@example.org,001-920-368-1836x9124,Male,1991-03-13,2024-12-17,USA,New York,New York City,Social Media,1,2024-12-17
4528,Kathryn,Lewis,qvazquez@example.net,2026432405,Other,1986-03-17,2023-10-23,India,Maharashtra,Mumbai,Organic,1,2023-10-23
4529,Cory,Gibbs,bradyamy@example.org,+1-481-837-9724x1742,Male,2006-04-26,2021-12-20,Germany,Bavaria,Munich,Referral,1,2021-12-20
4530,Natasha,King,daniel01@example.org,(311)633-4078,Male,2005-08-18,2024-11-02,USA,Texas,Houston,Email Campaign,1,2024-11-02
4531,Russell,Hubbard,fwright@example.com,001-734-987-5535,Female,1984-04-19,2023-03-07,Australia,NSW,Sydney,Partner,1,2023-03-07
4532,Seth,Steele,tsimmons@example.org,001-774-522-4417,Female,2004-04-28,2021-05-03,India,Karnataka,Bengaluru,Social Media,0,2021-05-03
4533,Kara,Salas,dcastaneda@example.com,362.210.2735,Other,1979-01-27,2022-03-01,UK,England,London,Social Media,0,2022-03-01
4534,Heather,Brown,todd56@example.com,+1-307-670-2147x4550,Male,1995-01-06,2022-11-18,India,Maharashtra,Mumbai,Email Campaign,0,2022-11-18
4535,Cynthia,Taylor,diane99@example.org,984-257-5431,Other,2005-11-24,2021-10-02,Canada,Ontario,Toronto,Referral,0,2021-10-02
4536,Tyler,Peters,bwashington@example.org,+1-469-768-7992x86308,Female,1997-01-16,2026-02-19,Canada,Ontario,Toronto,Paid Ad,1,2026-02-19
4537,Rebecca,Walker,smithjoseph@example.org,(870)840-4922x2406,Male,1956-10-16,2023-03-27,India,Karnataka,Bengaluru,Organic,0,2023-03-27
4538,Nancy,Duarte,yking@example.com,(327)588-6638x0033,Male,2000-11-24,2023-02-10,Canada,Ontario,Toronto,Email Campaign,1,2023-02-10
4539,Katherine,Richardson,dgordon@example.com,(777)758-3131x2978,Other,1963-10-13,2021-03-12,India,Karnataka,Bengaluru,Paid Ad,1,2021-03-12
4540,Ronald,Baker,briannawagner@example.net,001-761-613-9554x340,Other,2002-06-21,2025-08-30,India,Karnataka,Bengaluru,Organic,1,2025-08-30
4541,Emily,Morales,markandersen@example.com,001-980-581-7869x772,Male,1978-08-08,2026-03-14,India,Karnataka,Bengaluru,Referral,0,2026-03-14
4542,Michael,Ingram,leonardmichael@example.org,(883)599-5258x000,Other,1960-03-26,2022-04-23,USA,New York,New York City,Referral,1,2022-04-23
4543,Blake,Christensen,wprice@example.net,273.250.1038,Other,1976-11-15,2026-07-18,Canada,Ontario,Toronto,Email Campaign,0,2026-07-18
4544,Hannah,Rogers,hgonzalez@example.net,(444)418-9234,Other,1964-11-13,2022-05-06,India,Karnataka,Bengaluru,Organic,0,2022-05-06
4545,Kenneth,Miller,jackie51@example.com,+1-828-254-8959x8711,Female,1962-05-23,2023-10-05,India,Karnataka,Bengaluru,Email Campaign,0,2023-10-05
4546,Tina,Boyd,eballard@example.net,+1-218-639-4975x2712,Male,1964-01-31,2024-04-16,UK,England,London,Organic,1,2024-04-16
4547,Andre,Guerra,gmitchell@example.net,216.844.3373x09009,Other,1964-12-05,2024-05-14,USA,California,Los Angeles,Referral,0,2024-05-14
4548,Carol,Hardy,callahanjeremy@example.org,910-540-6331x476,Male,1956-09-28,2025-04-04,India,Tamil Nadu,Chennai,Paid Ad,1,2025-04-04
4549,Jennifer,Garcia,sharon19@example.net,001-315-685-3089x67463,Male,1973-11-27,2025-08-15,India,Karnataka,Bengaluru,Email Campaign,1,2025-08-15
4550,Eric,Brewer,jessicaanderson@example.org,+1-303-461-6543x844,Female,1978-10-15,2021-11-04,India,Karnataka,Bengaluru,Paid Ad,1,2021-11-04
4551,Francisco,Parsons,ewhite@example.net,001-463-945-9626x35352,Male,1992-12-19,2025-07-25,India,Tamil Nadu,Chennai,Organic,0,2025-07-25
4552,Jose,Rose,washingtonrandall@example.org,001-996-854-5925x44951,Male,1971-06-13,2024-09-04,India,Tamil Nadu,Chennai,Partner,0,2024-09-04
4553,Shelby,Walton,ianallen@example.com,-1206,Other,2006-01-29,2022-07-17,USA,New York,New York City,Email Campaign,1,2022-07-17
4554,Sarah,Arias,ndelgado@example.org,001-897-628-5802x0820,Female,1976-03-21,2022-02-15,Germany,Bavaria,Munich,Organic,1,2022-02-15
4555,Andrew,Chang,alisonstone@example.net,768.257.8601,Female,1969-04-10,2023-12-19,USA,New York,New York City,Paid Ad,0,2023-12-19
4556,Christine,Potter,delgadowilliam@example.net,(975)204-4643x07720,Other,2004-03-21,2023-01-19,USA,New York,New York City,Referral,0,2023-01-19
4557,Jacob,Bean,krojas@example.net,9996889537,Male,1979-05-19,2021-11-19,Germany,Bavaria,Munich,Organic,1,2021-11-19
4558,Ruth,Hanson,robertswendy@example.net,710-658-3784x98600,Other,1963-02-08,2024-06-29,India,Tamil Nadu,Chennai,Email Campaign,0,2024-06-29
4559,Charles,Palmer,shaffermichael@example.org,378.684.3995x0918,Other,1988-03-10,2024-05-02,USA,New York,New York City,Partner,1,2024-05-02
4560,Jennifer,Stein,markwilliams@example.org,(952)387-9059x73077,Female,1958-04-08,2022-02-16,India,Tamil Nadu,Chennai,Organic,0,2022-02-16
4561,Julia,Rodriguez,watsonmatthew@example.com,400-331-6996,Male,2004-09-08,2025-09-18,India,Tamil Nadu,Chennai,Partner,1,2025-09-18
4562,Laurie,Harris,jamesnolan@example.com,(614)224-3294x292,Other,1978-04-07,2024-01-08,India,Karnataka,Bengaluru,Organic,1,2024-01-08
4563,Mark,Hall,veronica24@example.com,001-499-741-9735x7188,Male,1966-08-09,2021-10-09,USA,Texas,Houston,Email Campaign,1,2021-10-09
4564,Lori,Harris,lynnmichael@example.org,954-687-8970,Female,1996-12-20,2022-03-14,USA,California,Los Angeles,Organic,0,2022-03-14
4565,Paul,Osborn,richardalbert@example.com,443-556-3108,Female,1965-05-19,2025-01-19,Canada,Ontario,Toronto,Email Campaign,0,2025-01-19
4566,Morgan,Rodriguez,alexis24@example.net,+1-686-311-4163x5557,Male,1970-08-28,2023-12-19,USA,New York,New York City,Email Campaign,1,2023-12-19
4567,Lisa,Tate,pmitchell@example.com,(687)985-7671x634,Male,1980-01-19,2023-10-12,Australia,NSW,Sydney,Paid Ad,1,2023-10-12
4568,Angela,Young,hammondchristopher@example.com,(975)330-4537x074,Other,1966-12-20,2023-01-29,USA,Texas,Houston,Email Campaign,1,2023-01-29
4569,Jon,Davenport,sarahjenkins@example.org,(919)728-2793x07504,Female,1980-06-03,2021-03-10,USA,New York,New York City,Referral,1,2021-03-10
4570,Brian,Cunningham,ztorres@example.org,517-345-0115x959,Other,2001-05-12,2022-11-25,USA,Texas,Houston,Partner,0,2022-11-25
4571,Nathan,Orr,larsonscott@example.org,(844)478-5894x4397,Female,2001-05-21,2023-09-05,Australia,NSW,Sydney,Organic,1,2023-09-05
4572,Julia,Moran,robertsonmegan@example.net,748.354.2084x8139,Other,2003-07-11,2024-01-25,Australia,NSW,Sydney,Partner,1,2024-01-25
4573,Alexander,Henry,dixonholly@example.org,4856626239,Other,1960-04-15,2026-07-11,India,Maharashtra,Mumbai,Referral,0,2026-07-11
4574,Michael,Allen,emily17@example.com,+1-771-236-4125x418,Male,1983-05-27,2025-10-27,USA,California,Los Angeles,Email Campaign,1,2025-10-27
4575,Daniel,Klein,ywalsh@example.com,617-893-8525x27470,Other,1973-02-20,2023-02-28,UK,England,London,Paid Ad,1,2023-02-28
4576,Christopher,Ellis,oherring@example.net,857-287-2930,Female,1999-01-21,2022-07-12,India,Karnataka,Bengaluru,Email Campaign,1,2022-07-12
4577,Amber,Kline,austinandre@example.org,929.263.5532x58788,Female,2003-06-28,2024-03-24,UK,England,London,Referral,1,2024-03-24
4578,Devin,Jones,lauren64@example.org,001-961-666-9459x4830,Other,1960-05-31,2022-05-26,Germany,Bavaria,Munich,Social Media,0,2022-05-26
4579,Brandy,Houston,gloria42@example.org,397.543.4762x96117,Male,1988-03-24,2026-08-01,India,Tamil Nadu,Chennai,Organic,1,2026-08-01
4580,Bradley,Spencer,carlospatterson@example.org,001-224-716-5673x868,Other,1978-10-27,2023-02-23,UK,England,London,Paid Ad,1,2023-02-23
4581,Alan,James,stevensrachel@example.com,(369)423-3833,Other,1971-12-06,2023-01-26,USA,Texas,Houston,Email Campaign,0,2023-01-26
4582,Robert,Webb,fhood@example.net,001-737-398-8900x84384,Male,1975-03-30,2023-10-17,USA,New York,New York City,Partner,1,2023-10-17
4583,Chelsea,Wheeler,jacksonashley@example.com,829.390.3253,Male,1972-03-24,2023-08-04,USA,California,Los Angeles,Partner,1,2023-08-04
4584,Jeffrey,Mills,cooperrebecca@example.net,001-652-877-8340,Other,2005-11-05,2021-10-23,USA,California,Los Angeles,Social Media,1,2021-10-23
4585,Michael,Mitchell,psummers@example.net,282.882.3266,Female,1976-06-15,2023-06-13,USA,Texas,Houston,Organic,1,2023-06-13
4586,Heather,Howard,cgarcia@example.com,(674)866-2035x66094,Other,1988-02-26,2021-01-12,Germany,Bavaria,Munich,Referral,1,2021-01-12
4587,Amy,Wood,brandon47@example.net,(826)325-7897x61682,Female,2006-05-03,2021-02-26,USA,New York,New York City,Organic,1,2021-02-26
4588,Rachel,Taylor,smithshannon@example.org,468.421.5658x8680,Female,2004-04-09,2023-04-26,India,Karnataka,Bengaluru,Referral,0,2023-04-26
4589,Jeremy,Kennedy,nielsenjoshua@example.org,001-513-763-1776x2601,Female,1997-09-23,2022-05-20,USA,Texas,Houston,Paid Ad,1,2022-05-20
4590,Tamara,Hoffman,bartonstephen@example.net,-5948,Other,1976-08-19,2025-04-01,UK,England,London,Email Campaign,0,2025-04-01
4591,Annette,Gallegos,xfry@example.com,(966)266-4155,Other,1997-05-25,2025-12-22,India,Tamil Nadu,Chennai,Referral,0,2025-12-22
4592,Brooke,Jones,conleystephen@example.net,-4949,Female,1969-02-05,2023-04-27,USA,Texas,Houston,Paid Ad,1,2023-04-27
4593,Bradley,Smith,reginald39@example.com,853-822-1784x151,Female,2001-11-26,2023-09-22,India,Maharashtra,Mumbai,Social Media,1,2023-09-22
4594,Cody,Lindsey,ashley31@example.net,964.839.6219,Male,1969-08-19,2025-11-27,India,Tamil Nadu,Chennai,Paid Ad,0,2025-11-27
4595,James,Levy,dustinschwartz@example.com,001-851-842-1454x781,Female,1991-11-04,2025-11-10,USA,California,Los Angeles,Referral,1,2025-11-10
4596,Michael,Williams,cwhite@example.com,(994)721-7000x18894,Other,1979-07-29,2021-09-02,USA,California,Los Angeles,Social Media,1,2021-09-02
4597,Ann,Martin,ricemargaret@example.com,860.820.9628,Male,1958-05-11,2024-03-30,Australia,NSW,Sydney,Social Media,0,2024-03-30
4598,Jonathan,Hill,wbell@example.com,8614851688,Male,1958-03-18,2024-03-22,USA,New York,New York City,Paid Ad,1,2024-03-22
4599,Jason,Fowler,lloydlaurie@example.net,441-708-8265,Female,1979-05-02,2022-12-27,India,Tamil Nadu,Chennai,Organic,1,2022-12-27
4600,Diane,Le,wallaceemily@example.org,001-644-280-4873,Other,1972-05-27,2021-09-25,Canada,Ontario,Toronto,Social Media,1,2021-09-25
4601,Monica,Bryant,marshalljeanne@example.com,253.494.6343x152,Other,1975-01-02,2024-05-26,India,Karnataka,Bengaluru,Referral,0,2024-05-26
4602,Nancy,Williams,teresalawrence@example.org,316-228-1672x79664,Other,2000-01-01,2023-04-03,Canada,Ontario,Toronto,Paid Ad,0,2023-04-03
4603,Brandon,Anderson,jeannelson@example.net,(207)231-0837,Female,1973-08-27,2025-05-19,Canada,Ontario,Toronto,Referral,1,2025-05-19
4604,Jared,Snyder,sylvia96@example.com,(984)945-4064,Female,1978-10-25,2023-06-23,Canada,Ontario,Toronto,Referral,0,2023-06-23
4605,Charlotte,Whitney,lewisjessica@example.net,548.719.5000x15969,Other,1969-11-24,2023-08-19,USA,California,Los Angeles,Social Media,0,2023-08-19
4606,Brenda,Duncan,samanthaeaton@example.net,001-593-865-9552,Other,1978-01-08,2023-06-16,UK,England,London,Email Campaign,1,2023-06-16
4607,Richard,Green,shanelyons@example.org,378-999-3703x87262,Female,1982-06-07,2022-03-26,USA,Texas,Houston,Partner,1,2022-03-26
4608,Sarah,Jacobs,emilynewton@example.com,887-294-7693x2572,Other,1970-09-16,2023-11-10,India,Karnataka,Bengaluru,Organic,1,2023-11-10
4609,Justin,Bishop,webermichael@example.org,001-728-403-9098x80253,Other,1968-12-01,2024-06-24,India,Tamil Nadu,Chennai,Social Media,1,2024-06-24
4610,Kyle,Tran,scott12@example.com,297-778-7268x5655,Other,1992-03-13,2021-09-15,USA,California,Los Angeles,Organic,1,2021-09-15
4611,April,Young,evanskenneth@example.net,224-764-5220x3948,Female,2003-10-06,2024-03-04,India,Maharashtra,Mumbai,Referral,0,2024-03-04
4612,John,Dennis,curtiskristine@example.com,737-482-6259x4583,Other,1960-05-30,2023-01-20,Australia,NSW,Sydney,Social Media,0,2023-01-20
4613,Cassandra,Bryant,thomas67@example.com,4242401143,Male,1972-07-15,2021-01-14,Australia,NSW,Sydney,Organic,1,2021-01-14
4614,Wendy,Fox,blackburnpatricia@example.org,778-287-8441,Other,1975-02-10,2025-09-16,India,Karnataka,Bengaluru,Paid Ad,1,2025-09-16
4615,Angela,Malone,dpugh@example.com,485-529-8675x542,Male,2000-10-04,2026-05-25,USA,California,Los Angeles,Referral,1,2026-05-25
4616,George,Freeman,sherilittle@example.net,7815727552,Other,1987-01-11,2024-06-08,USA,New York,New York City,Social Media,1,2024-06-08
4617,Lance,Cooper,owhite@example.com,511-912-1395x1167,Other,1969-07-26,2024-01-19,India,Tamil Nadu,Chennai,Referral,1,2024-01-19
4618,Elizabeth,Munoz,lmarks@example.net,+1-520-621-5442x3899,Male,2007-12-07,2025-01-01,UK,England,London,Social Media,0,2025-01-01
4619,Sean,Ryan,stevensmith@example.net,780.762.0922x7515,Male,1963-08-22,2023-03-15,Canada,Ontario,Toronto,Paid Ad,1,2023-03-15
4620,Mia,Brown,emma14@example.org,369-463-7109x9964,Female,1969-04-24,2024-10-08,USA,California,Los Angeles,Social Media,1,2024-10-08
4621,Sheri,Price,carlsonbryan@example.org,001-929-419-7426x94111,Female,1966-09-21,2024-09-27,India,Maharashtra,Mumbai,Referral,0,2024-09-27
4622,Jon,Henderson,halladam@example.org,231-571-8718,Other,1977-10-02,2021-03-09,UK,England,London,Organic,0,2021-03-09
4623,Jason,Jones,shane21@example.net,7328871718,Male,1957-06-21,2022-07-16,USA,New York,New York City,Social Media,0,2022-07-16
4624,Sharon,Ruiz,amanda98@example.org,(332)201-0735x583,Female,1978-11-02,2023-04-20,USA,California,Los Angeles,Social Media,1,2023-04-20
4625,Nicole,Martin,gutierrezbrittany@example.org,596-336-5088x290,Male,2007-05-25,2021-10-25,Australia,NSW,Sydney,Partner,0,2021-10-25
4626,Andrea,Smith,carpenterdaniel@example.com,(365)208-5624x5553,Other,1988-05-09,2025-12-13,Australia,NSW,Sydney,Referral,0,2025-12-13
4627,Joseph,Carroll,randy85@example.org,379.672.7545,Male,1967-11-21,2023-05-29,India,Maharashtra,Mumbai,Paid Ad,0,2023-05-29
4628,Sandra,Thomas,michael99@example.org,846.262.1678x5557,Female,1973-03-13,2021-05-30,USA,New York,New York City,Organic,0,2021-05-30
4629,Thomas,Mosley,chavezjason@example.net,6297640821,Male,1990-05-01,2025-08-03,Germany,Bavaria,Munich,Paid Ad,1,2025-08-03
4630,Amanda,Mcguire,powellmary@example.com,+1-496-531-8871x879,Male,2002-10-27,2026-01-17,Germany,Bavaria,Munich,Organic,1,2026-01-17
4631,Daniel,Kim,clarkenathan@example.com,3504558147,Other,1965-06-15,2023-08-28,India,Karnataka,Bengaluru,Organic,1,2023-08-28
4632,Danny,Woods,williamwinters@example.org,(388)349-0289x104,Other,2006-11-12,2023-10-23,USA,New York,New York City,Email Campaign,0,2023-10-23
4633,Melissa,George,brianagregory@example.org,284-404-0933x73260,Female,1984-02-05,2021-06-30,India,Maharashtra,Mumbai,Partner,0,2021-06-30
4634,Sarah,Carrillo,richard56@example.com,(248)262-0263x695,Other,1956-05-05,2022-11-16,India,Tamil Nadu,Chennai,Partner,1,2022-11-16
4635,Michelle,Pierce,russellmelinda@example.net,+1-941-565-1163x99319,Male,2005-03-06,2026-06-29,USA,California,Los Angeles,Social Media,1,2026-06-29
4636,Jeremy,Sawyer,phicks@example.net,277.504.2519x9529,Male,1957-02-22,2022-02-14,India,Karnataka,Bengaluru,Email Campaign,0,2022-02-14
4637,Michelle,Bullock,ssalazar@example.com,+1-374-714-5187x365,Other,2001-06-27,2023-07-29,Germany,Bavaria,Munich,Paid Ad,0,2023-07-29
4638,William,Mcbride,kellysilva@example.org,(813)548-2024,Other,1966-03-06,2025-10-16,USA,California,Los Angeles,Paid Ad,0,2025-10-16
4639,Nicole,White,whitecrystal@example.net,953.394.1173,Other,1980-02-26,2026-01-27,India,Karnataka,Bengaluru,Partner,0,2026-01-27
4640,Kevin,Boyd,andrea28@example.com,243.731.1647x8961,Other,1965-08-30,2021-04-21,USA,Texas,Houston,Organic,1,2021-04-21
4641,Ronald,Smith,mcampbell@example.org,001-789-298-0907,Other,1971-07-26,2021-03-29,Germany,Bavaria,Munich,Paid Ad,1,2021-03-29
4642,John,Walker,julia99@example.net,+1-887-504-6281x5933,Male,1958-02-13,2022-12-06,India,Maharashtra,Mumbai,Referral,1,2022-12-06
4643,Ellen,Rodriguez,aharmon@example.com,566-381-3576,Male,2006-07-20,2023-01-05,USA,California,Los Angeles,Referral,0,2023-01-05
4644,Ashley,Alexander,jenniferhickman@example.net,516.708.8745,Female,1960-02-12,2022-06-28,India,Maharashtra,Mumbai,Social Media,0,2022-06-28
4645,Tonya,Cole,vlewis@example.net,277-726-7950x3558,Male,1967-04-14,2026-01-16,USA,California,Los Angeles,Email Campaign,1,2026-01-16
4646,Francisco,Cook,chelsea74@example.net,+1-787-269-7042x20244,Male,1964-10-15,2021-05-09,USA,Texas,Houston,Partner,0,2021-05-09
4647,Jeffrey,Harding,zimmermandavid@example.com,7244187987,Other,2003-08-09,2025-02-10,India,Maharashtra,Mumbai,Paid Ad,1,2025-02-10
4648,Alice,Hale,bgrant@example.com,001-714-391-6968x01598,Other,1955-11-14,2022-09-23,UK,England,London,Organic,1,2022-09-23
4649,Chad,Garcia,veronica25@example.net,(464)305-1795,Female,1988-01-20,2026-04-25,USA,Texas,Houston,Organic,1,2026-04-25
4650,Crystal,Richardson,eddie14@example.com,(809)875-9177,Male,1972-03-08,2025-03-15,USA,Texas,Houston,Email Campaign,0,2025-03-15
4651,Haley,Williams,anthonymoyer@example.net,001-425-385-7282x85971,Male,1973-08-02,2025-09-18,USA,Texas,Houston,Organic,1,2025-09-18
4652,Amanda,Watson,allison80@example.com,001-998-975-0942x16921,Male,2005-02-19,2023-05-18,USA,Texas,Houston,Referral,1,2023-05-18
4653,Shannon,Morrison,emiller@example.com,+1-630-706-1778x944,Female,2002-02-22,2022-03-21,UK,England,London,Referral,1,2022-03-21
4654,Christopher,Grimes,cayala@example.org,3367873391,Other,1985-02-14,2023-12-27,USA,Texas,Houston,Email Campaign,0,2023-12-27
4655,Johnny,Atkins,wilsonrebecca@example.org,487-642-2749x935,Female,1992-12-26,2024-09-13,Australia,NSW,Sydney,Referral,1,2024-09-13
4656,Kelly,Lawrence,andrew04@example.net,-5733,Female,2003-12-17,2023-06-03,Germany,Bavaria,Munich,Social Media,1,2023-06-03
4657,Roberto,Cole,katherinejohnson@example.net,+1-394-624-1452x9999,Female,1965-08-30,2025-12-29,USA,Texas,Houston,Paid Ad,0,2025-12-29
4658,Veronica,Maxwell,destiny63@example.net,001-886-798-4759x518,Other,1998-03-08,2023-05-28,India,Tamil Nadu,Chennai,Organic,1,2023-05-28
4659,Nicholas,King,kelseynelson@example.com,9606053258,Female,2007-09-11,2025-07-21,India,Maharashtra,Mumbai,Social Media,1,2025-07-21
4660,Laura,Mcpherson,ejones@example.org,(498)935-7739x78341,Male,1958-06-21,2026-03-20,Australia,NSW,Sydney,Email Campaign,0,2026-03-20
4661,Crystal,Carter,aatkinson@example.com,910-525-2965,Male,1985-06-18,2022-06-04,USA,New York,New York City,Referral,0,2022-06-04
4662,Jesus,Riggs,stacyjones@example.com,001-820-450-4657x8466,Other,1997-01-03,2022-04-09,Australia,NSW,Sydney,Social Media,0,2022-04-09
4663,Dakota,Brown,brandon32@example.com,(737)433-9785x037,Male,1968-07-01,2022-07-08,UK,England,London,Email Campaign,1,2022-07-08
4664,Michael,Pratt,colleen20@example.net,(375)701-9334x4365,Male,1967-05-22,2023-08-08,USA,Texas,Houston,Referral,1,2023-08-08
4665,Tyler,Villanueva,cynthiaflores@example.net,351.542.3704x85513,Male,2002-04-11,2021-10-31,USA,California,Los Angeles,Email Campaign,1,2021-10-31
4666,Suzanne,Coffey,ejames@example.org,(988)784-5775x029,Female,1991-02-18,2021-12-09,Australia,NSW,Sydney,Email Campaign,1,2021-12-09
4667,Linda,Dean,osbornebryan@example.org,781-595-0528,Female,1993-12-19,2022-01-19,Australia,NSW,Sydney,Paid Ad,1,2022-01-19
4668,Bradley,Moore,kimchad@example.org,577.998.0874x56347,Male,1964-07-29,2022-07-12,India,Karnataka,Bengaluru,Organic,1,2022-07-12
4669,Tamara,Allen,berrykaren@example.com,438.961.6022,Male,1997-01-24,2026-07-03,UK,England,London,Referral,0,2026-07-03
4670,Elizabeth,Lyons,kennedypaula@example.net,(577)410-5018,Other,1974-06-23,2022-01-02,India,Maharashtra,Mumbai,Referral,1,2022-01-02
4671,Leslie,Hernandez,jennifergardner@example.org,233.293.3462x26424,Male,1995-11-01,2025-12-17,Germany,Bavaria,Munich,Social Media,1,2025-12-17
4672,Daniel,Webb,michaelgarcia@example.net,473-283-3367x076,Other,1991-11-09,2021-11-25,Australia,NSW,Sydney,Paid Ad,0,2021-11-25
4673,Kathleen,Wheeler,laura05@example.org,940-884-7710x0275,Other,2004-08-04,2022-11-06,Canada,Ontario,Toronto,Paid Ad,1,2022-11-06
4674,Timothy,Crawford,carneydavid@example.com,+1-802-948-3896x653,Male,2003-12-20,2021-05-03,India,Karnataka,Bengaluru,Organic,1,2021-05-03
4675,Teresa,Ross,griffinjennifer@example.com,(375)573-1829,Other,1959-08-22,2021-04-10,USA,California,Los Angeles,Organic,1,2021-04-10
4676,Jeffrey,Hansen,coleeric@example.com,562-422-2544x6396,Male,1975-10-22,2024-08-13,USA,New York,New York City,Partner,1,2024-08-13
4677,Annette,Burke,zkane@example.org,602.841.5984,Male,1979-12-31,2021-11-29,Germany,Bavaria,Munich,Partner,1,2021-11-29
4678,Briana,Ferguson,shaun67@example.com,001-269-348-5648x3098,Male,1972-12-30,2026-05-24,India,Maharashtra,Mumbai,Social Media,1,2026-05-24
4679,Brett,Gray,brian33@example.net,001-656-726-4085x9551,Male,1979-10-27,2025-03-02,Australia,NSW,Sydney,Partner,1,2025-03-02
4680,Valerie,Jennings,grayaustin@example.com,+1-360-952-6716x977,Other,1976-05-18,2021-04-16,Germany,Bavaria,Munich,Referral,0,2021-04-16
4681,Jessica,Maldonado,daviddunn@example.org,379-756-0502x065,Female,1979-09-09,2024-07-05,India,Karnataka,Bengaluru,Partner,0,2024-07-05
4682,Donald,Johnson,deborah19@example.org,(236)726-3963x856,Female,1989-11-15,2024-04-02,USA,New York,New York City,Paid Ad,1,2024-04-02
4683,Nicholas,Reed,hwood@example.org,001-301-317-0782,Other,2007-02-14,2021-12-15,USA,Texas,Houston,Referral,1,2021-12-15
4684,Robert,Allen,djohnson@example.com,(947)450-7129,Female,1974-06-24,2026-05-07,Germany,Bavaria,Munich,Social Media,0,2026-05-07
4685,Joan,Alvarez,derrickpratt@example.net,454.628.9005x6741,Male,1990-11-26,2021-11-10,Australia,NSW,Sydney,Referral,1,2021-11-10
4686,Benjamin,Johnson,amber91@example.com,900.286.5787,Other,1970-07-06,2026-08-16,India,Tamil Nadu,Chennai,Organic,1,2026-08-16
4687,Katherine,Wells,clairebaker@example.org,(415)996-6829,Female,1966-12-08,2025-04-04,India,Karnataka,Bengaluru,Organic,1,2025-04-04
4688,Crystal,Booker,jillmontgomery@example.org,207.234.8567x584,Female,1993-05-07,2025-11-16,Australia,NSW,Sydney,Organic,0,2025-11-16
4689,Brittany,Scott,scottwest@example.net,(870)785-5316,Male,1958-09-13,2021-07-20,USA,California,Los Angeles,Partner,0,2021-07-20
4690,Rachel,Rowland,amber66@example.net,417-671-6230,Female,1982-10-07,2023-10-04,India,Tamil Nadu,Chennai,Paid Ad,0,2023-10-04
4691,Eric,Crosby,lewismiranda@example.org,(472)757-5226,Female,1972-06-28,2021-12-30,India,Karnataka,Bengaluru,Partner,1,2021-12-30
4692,Amanda,Wilson,jennifercarroll@example.org,717-296-8514,Other,1994-09-14,2024-02-01,Australia,NSW,Sydney,Referral,1,2024-02-01
4693,Amy,Baker,taylorlisa@example.net,-1101,Other,1969-11-16,2025-03-28,UK,England,London,Organic,0,2025-03-28
4694,Steven,Smith,parkerwilliam@example.net,(404)346-3585,Male,1997-04-18,2025-08-19,India,Maharashtra,Mumbai,Paid Ad,0,2025-08-19
4695,Christopher,Williams,mhorn@example.net,001-420-977-0577,Female,1975-07-14,2023-07-23,Australia,NSW,Sydney,Paid Ad,1,2023-07-23
4696,Jeffrey,Owen,robert73@example.org,001-746-401-2884,Female,2006-03-12,2025-02-08,USA,California,Los Angeles,Referral,0,2025-02-08
4697,Brittany,Haynes,jeremyaustin@example.com,001-526-597-0727x9087,Other,1990-06-18,2025-03-18,Germany,Bavaria,Munich,Organic,1,2025-03-18
4698,Jennifer,Nichols,kleincatherine@example.net,(307)583-8865x589,Other,2000-05-11,2021-06-11,Australia,NSW,Sydney,Social Media,1,2021-06-11
4699,Kevin,Mccarthy,rita28@example.net,453.739.6886x010,Male,1976-10-21,2025-07-24,USA,California,Los Angeles,Referral,1,2025-07-24
4700,Debra,Watkins,christinerodgers@example.net,(999)971-4689x89632,Other,1973-07-29,2026-02-28,UK,England,London,Paid Ad,0,2026-02-28
4701,Joseph,Smith,miguel08@example.net,748.740.3628,Male,1970-09-02,2023-01-27,USA,California,Los Angeles,Organic,1,2023-01-27
4702,Paige,Olson,amandageorge@example.org,001-326-789-8121,Male,1985-05-24,2024-01-02,USA,California,Los Angeles,Organic,0,2024-01-02
4703,Amanda,Robinson,carolynmora@example.org,+1-557-286-5095x256,Other,2000-11-21,2023-11-02,UK,England,London,Organic,1,2023-11-02
4704,Adam,Velez,youngamy@example.org,3742126009,Female,1967-07-20,2021-01-21,Australia,NSW,Sydney,Partner,0,2021-01-21
4705,Dominic,Williams,brookepham@example.net,001-844-574-6226x96407,Other,2004-05-30,2022-12-28,India,Tamil Nadu,Chennai,Social Media,1,2022-12-28
4706,Perry,Soto,qdillon@example.com,001-655-247-0607x805,Other,1979-02-19,2023-10-17,Canada,Ontario,Toronto,Referral,1,2023-10-17
4707,Shelley,Vargas,gknight@example.org,562.515.8873x1450,Other,1961-07-01,2023-02-08,UK,England,London,Partner,0,2023-02-08
4708,Dennis,Good,erinnguyen@example.org,(508)312-7499,Female,1997-10-03,2025-06-26,USA,New York,New York City,Referral,1,2025-06-26
4709,Brett,Smith,duffydavid@example.com,001-801-272-3446x77952,Male,1983-11-26,2021-09-26,USA,Texas,Houston,Partner,0,2021-09-26
4710,Mary,Kaiser,gcarey@example.org,642-338-2919x69880,Other,1987-04-14,2024-04-23,UK,England,London,Referral,1,2024-04-23
4711,Debra,Jones,santosdarryl@example.com,+1-419-377-0744x347,Female,1999-03-03,2024-06-13,Australia,NSW,Sydney,Paid Ad,1,2024-06-13
4712,Sarah,Leonard,angelaknight@example.com,(650)456-4202x446,Male,1983-06-05,2021-03-26,USA,Texas,Houston,Social Media,0,2021-03-26
4713,Rebecca,Carpenter,douglas52@example.net,001-724-620-9042,Other,1968-01-20,2025-02-17,USA,Texas,Houston,Partner,1,2025-02-17
4714,Dana,Duncan,jennifercherry@example.net,8775224414,Male,1965-09-04,2025-10-31,Australia,NSW,Sydney,Organic,1,2025-10-31
4715,Vanessa,Stone,manuel93@example.org,606-499-8758x52572,Male,1996-08-29,2023-10-29,India,Tamil Nadu,Chennai,Social Media,1,2023-10-29
4716,Annette,Gordon,bbaker@example.org,001-969-264-6901x64423,Female,1959-11-30,2025-05-18,USA,California,Los Angeles,Partner,0,2025-05-18
4717,Rachel,Roberts,misty51@example.net,3514775786,Female,1968-04-19,2022-10-04,UK,England,London,Paid Ad,1,2022-10-04
4718,Nathan,Kline,kgray@example.com,+1-709-511-9632x362,Male,1978-12-15,2021-06-23,India,Tamil Nadu,Chennai,Social Media,0,2021-06-23
4719,Ryan,Johnson,obrown@example.net,516.588.9780,Female,1990-10-20,2025-02-20,India,Maharashtra,Mumbai,Email Campaign,0,2025-02-20
4720,Katherine,Hall,vtorres@example.net,(649)817-0580x3071,Male,1957-11-17,2024-04-18,USA,Texas,Houston,Partner,1,2024-04-18
4721,Benjamin,Austin,sjackson@example.org,001-811-339-7303x10519,Female,1997-01-10,2021-12-13,USA,California,Los Angeles,Social Media,1,2021-12-13
4722,Jill,Jordan,smithsamantha@example.com,432-663-1424x382,Female,1993-09-18,2025-08-12,India,Tamil Nadu,Chennai,Paid Ad,1,2025-08-12
4723,Michelle,Andrews,daniel53@example.net,810-724-0975x2606,Male,1992-05-06,2021-04-03,Australia,NSW,Sydney,Partner,1,2021-04-03
4724,Joanna,Robinson,walkerjanice@example.org,+1-763-477-4019x422,Male,1964-12-03,2025-02-17,USA,New York,New York City,Email Campaign,0,2025-02-17
4725,Larry,Gonzalez,walshpaul@example.org,905.504.7827,Female,1971-12-25,2023-01-01,Australia,NSW,Sydney,Paid Ad,0,2023-01-01
4726,Michael,Park,jessicacampbell@example.net,326-974-9988x35199,Other,1979-02-23,2026-03-23,USA,Texas,Houston,Partner,0,2026-03-23
4727,John,Collier,ksmith@example.com,+1-537-872-4574x415,Male,2004-02-19,2024-10-24,USA,California,Los Angeles,Paid Ad,0,2024-10-24
4728,Raven,Rose,twilliams@example.net,+1-994-501-8514x968,Male,2006-04-06,2024-04-08,USA,California,Los Angeles,Referral,1,2024-04-08
4729,Amy,Schmitt,leslie18@example.net,+1-213-549-3167x55031,Female,1983-10-07,2023-05-06,India,Maharashtra,Mumbai,Referral,0,2023-05-06
4730,Amy,White,nicholas79@example.com,867.489.8801,Other,1964-11-03,2023-11-22,Australia,NSW,Sydney,Paid Ad,0,2023-11-22
4731,Cody,Anderson,garciaeileen@example.org,434-704-4440x72111,Other,1986-10-18,2025-06-05,USA,New York,New York City,Referral,1,2025-06-05
4732,Patricia,Sanders,xdalton@example.net,(561)813-9353x019,Male,2004-04-20,2022-02-23,USA,Texas,Houston,Organic,1,2022-02-23
4733,Jay,Riley,xmcmillan@example.com,489.677.6127x6514,Other,1994-05-10,2026-02-06,Germany,Bavaria,Munich,Social Media,1,2026-02-06
4734,Lisa,Rodriguez,phamrobert@example.org,2418813662,Other,1976-02-25,2021-07-17,USA,New York,New York City,Referral,1,2021-07-17
4735,Ronald,Smith,katherinemiller@example.net,345.218.8934x773,Other,1961-04-26,2022-01-10,India,Maharashtra,Mumbai,Partner,1,2022-01-10
4736,Jessica,Sullivan,hallkara@example.net,797-337-0612x45551,Male,1967-06-26,2026-07-11,India,Maharashtra,Mumbai,Referral,1,2026-07-11
4737,Kristie,Harmon,debbiefisher@example.com,6982017056,Male,1970-08-07,2024-08-16,UK,England,London,Organic,1,2024-08-16
4738,Scott,Payne,travis43@example.com,420-604-5158,Other,1967-06-11,2021-05-23,UK,England,London,Organic,1,2021-05-23
4739,Philip,Hamilton,jennifer69@example.com,+1-744-830-2789x1174,Female,1961-06-07,2026-07-28,USA,New York,New York City,Social Media,1,2026-07-28
4740,April,Brown,brooksbenjamin@example.net,345.576.8254,Other,1996-08-22,2026-03-07,USA,New York,New York City,Social Media,0,2026-03-07
4741,Sandra,Fletcher,charlesfleming@example.org,678.918.4393x9578,Male,1977-05-30,2021-02-04,Australia,NSW,Sydney,Referral,1,2021-02-04
4742,Michael,Peterson,qbennett@example.com,+1-953-613-8678x2362,Male,1994-04-07,2021-04-19,India,Maharashtra,Mumbai,Email Campaign,1,2021-04-19
4743,Sarah,Schultz,cbates@example.com,+1-317-517-5732x2836,Female,1983-04-22,2024-10-02,USA,New York,New York City,Organic,0,2024-10-02
4744,Kyle,Smith,andersontimothy@example.org,+1-640-436-2756x29522,Other,1987-05-17,2022-06-08,Australia,NSW,Sydney,Email Campaign,0,2022-06-08
4745,Dustin,Stevens,lauren08@example.org,(407)659-8173x11601,Other,2004-07-25,2023-09-29,USA,California,Los Angeles,Social Media,1,2023-09-29
4746,Jennifer,Hodges,abrown@example.org,-7365,Other,1974-08-18,2026-04-19,India,Karnataka,Bengaluru,Partner,0,2026-04-19
4747,Michael,Kidd,alexajones@example.org,+1-593-319-9389x63552,Other,1967-10-12,2023-12-17,Canada,Ontario,Toronto,Paid Ad,1,2023-12-17
4748,Michelle,Rivera,gthompson@example.com,2383504486,Other,1958-03-27,2022-05-06,Germany,Bavaria,Munich,Social Media,0,2022-05-06
4749,Richard,Harris,smithlarry@example.org,999-589-3960,Female,1965-10-15,2023-05-26,USA,California,Los Angeles,Paid Ad,1,2023-05-26
4750,Isaac,Barnes,qjones@example.org,5626140249,Male,1992-02-20,2024-11-17,Germany,Bavaria,Munich,Organic,1,2024-11-17
4751,Daniel,Simpson,sandovalluke@example.org,912.884.1527,Other,1974-08-14,2024-06-28,USA,New York,New York City,Organic,0,2024-06-28
4752,Erica,Pacheco,stacyward@example.org,425-847-5957x624,Male,1990-08-12,2024-03-20,USA,New York,New York City,Email Campaign,1,2024-03-20
4753,Adrienne,Bryant,aprilchambers@example.org,517.302.6245x85224,Male,1978-08-17,2023-07-15,India,Tamil Nadu,Chennai,Social Media,1,2023-07-15
4754,Shane,Williams,jenniferblack@example.net,661-208-6226x5919,Female,1997-03-18,2026-05-10,Australia,NSW,Sydney,Organic,1,2026-05-10
4755,Robert,Kim,derek05@example.com,(829)475-5933x8419,Female,1961-09-24,2022-07-25,Germany,Bavaria,Munich,Referral,0,2022-07-25
4756,Cathy,Reed,morgancrystal@example.net,001-938-584-6975x384,Male,1976-02-22,2022-10-08,USA,Texas,Houston,Email Campaign,1,2022-10-08
4757,Matthew,Roth,bmoss@example.org,731-276-1586,Male,2002-11-06,2022-08-29,Germany,Bavaria,Munich,Referral,1,2022-08-29
4758,Jasmine,Wagner,rebeccafowler@example.org,706-876-4540,Female,1958-01-20,2024-02-01,Canada,Ontario,Toronto,Paid Ad,1,2024-02-01
4759,Samantha,Trevino,millsjamie@example.net,865-780-9053x80534,Male,1957-03-19,2021-11-11,UK,England,London,Paid Ad,1,2021-11-11
4760,Kayla,Harris,jennifer30@example.com,6305885423,Male,1995-12-09,2024-04-19,USA,California,Los Angeles,Email Campaign,1,2024-04-19
4761,Sharon,Schroeder,waltermurphy@example.com,9896736547,Other,1977-08-16,2025-07-27,Australia,NSW,Sydney,Organic,0,2025-07-27
4762,Brian,Ortega,hansennancy@example.net,001-890-216-3587x514,Female,2006-01-09,2021-03-29,India,Karnataka,Bengaluru,Referral,1,2021-03-29
4763,Yvette,Edwards,smithkarina@example.com,001-684-203-4499x195,Female,1961-10-31,2025-06-08,Canada,Ontario,Toronto,Social Media,1,2025-06-08
4764,Shannon,Carter,andrew54@example.com,+1-425-830-5813x551,Male,1997-05-24,2022-01-29,USA,California,Los Angeles,Partner,1,2022-01-29
4765,Joshua,Johnson,angelairwin@example.com,598-968-0666x43067,Male,1972-05-03,2025-10-14,USA,Texas,Houston,Organic,0,2025-10-14
4766,Edgar,Cameron,mdavidson@example.com,(718)748-1774,Other,1999-10-12,2021-08-15,India,Maharashtra,Mumbai,Referral,0,2021-08-15
4767,Kelly,Hansen,millernicholas@example.com,347.642.2199,Female,1966-02-17,2025-05-19,India,Karnataka,Bengaluru,Email Campaign,0,2025-05-19
4768,Michael,Melendez,ewilliams@example.org,+1-302-502-3492x5096,Female,1999-09-15,2021-04-22,USA,New York,New York City,Referral,1,2021-04-22
4769,Jerry,Hicks,lthompson@example.net,289-299-3284,Female,1999-01-28,2021-10-25,Canada,Ontario,Toronto,Partner,1,2021-10-25
4770,William,Taylor,tammyfrazier@example.org,519-510-0225x916,Male,2000-09-18,2022-02-14,India,Maharashtra,Mumbai,Referral,1,2022-02-14
4771,Stephanie,Rogers,isaac10@example.com,(789)411-9831x030,Female,1997-02-09,2024-10-26,India,Tamil Nadu,Chennai,Organic,1,2024-10-26
4772,Andrew,King,nicholsjoshua@example.org,001-743-880-7554x055,Female,1999-11-21,2023-01-22,UK,England,London,Email Campaign,0,2023-01-22
4773,Joseph,Thomas,christopherbarnett@example.com,591-762-8844,Other,2001-04-24,2026-06-12,USA,New York,New York City,Social Media,1,2026-06-12
4774,Tracy,Rogers,forbesangela@example.org,510.226.2333x29619,Other,1956-03-07,2022-08-08,UK,England,London,Referral,0,2022-08-08
4775,Brad,Austin,cabbott@example.org,+1-958-200-8174x411,Female,1996-05-17,2023-12-17,Australia,NSW,Sydney,Partner,1,2023-12-17
4776,Eric,Allen,chaneyjennifer@example.net,+1-546-766-2981x997,Male,1982-09-26,2022-04-20,USA,California,Los Angeles,Paid Ad,0,2022-04-20
4777,Kayla,Lee,ponceryan@example.com,2367029193,Other,1991-06-14,2021-01-21,Australia,NSW,Sydney,Social Media,1,2021-01-21
4778,Eric,Brown,brownbrenda@example.net,001-644-565-2488x26523,Female,1958-10-12,2024-11-04,India,Maharashtra,Mumbai,Referral,1,2024-11-04
4779,Brad,Golden,michaellowe@example.net,(669)910-3524x154,Female,1988-08-10,2022-07-14,Canada,Ontario,Toronto,Organic,0,2022-07-14
4780,Janet,Cook,wolfelucas@example.net,3123083892,Other,1977-06-17,2023-08-16,India,Maharashtra,Mumbai,Paid Ad,1,2023-08-16
4781,James,Simpson,bradfordkerri@example.com,918-838-4293x631,Male,1990-01-25,2022-05-24,Germany,Bavaria,Munich,Organic,1,2022-05-24
4782,Tina,Bradley,alextorres@example.org,210-794-9899,Other,1977-07-14,2026-01-24,India,Karnataka,Bengaluru,Partner,1,2026-01-24
4783,Carrie,Mcgee,william64@example.net,+1-307-896-1840x421,Other,1993-08-26,2021-07-14,USA,California,Los Angeles,Paid Ad,0,2021-07-14
4784,Jeff,Stanley,jordanjohn@example.org,693.637.3617,Female,1989-08-12,2021-09-23,Germany,Bavaria,Munich,Paid Ad,1,2021-09-23
4785,Bianca,Hickman,nathanconway@example.com,+1-848-653-1241x7591,Male,2003-08-24,2023-01-15,Germany,Bavaria,Munich,Partner,1,2023-01-15
4786,Teresa,Hoffman,sfowler@example.com,001-640-901-4913x370,Other,2004-10-05,2023-11-12,Canada,Ontario,Toronto,Referral,1,2023-11-12
4787,Melanie,Bird,danielhughes@example.org,557-776-1574,Other,1973-01-21,2025-09-20,UK,England,London,Email Campaign,1,2025-09-20
4788,Daniel,Walker,kristin30@example.org,(294)352-9672x4347,Other,1972-02-10,2024-04-29,UK,England,London,Partner,1,2024-04-29
4789,George,Berry,gloverfrancisco@example.com,+1-874-528-9066x904,Male,1999-10-25,2026-02-12,Germany,Bavaria,Munich,Email Campaign,1,2026-02-12
4790,Ryan,Clark,joshua97@example.net,(497)271-5760x67001,Other,1956-11-11,2022-08-18,India,Tamil Nadu,Chennai,Paid Ad,1,2022-08-18
4791,Kevin,Jones,bentleyalexis@example.net,(653)934-3659,Other,1956-05-09,2025-04-23,Germany,Bavaria,Munich,Email Campaign,1,2025-04-23
4792,Anna,Day,elizabethreyes@example.net,001-656-679-9714x6857,Female,1973-07-27,2022-08-25,India,Maharashtra,Mumbai,Email Campaign,1,2022-08-25
4793,April,Booker,luishahn@example.net,001-933-967-8092x27355,Male,1979-05-22,2024-04-20,USA,New York,New York City,Email Campaign,1,2024-04-20
4794,Sharon,Robertson,ahernandez@example.net,674.268.6398,Male,1974-12-17,2023-03-08,India,Tamil Nadu,Chennai,Referral,0,2023-03-08
4795,Jason,White,alicia93@example.net,934-903-6073,Male,1959-11-26,2023-01-28,USA,New York,New York City,Paid Ad,1,2023-01-28
4796,Sandra,Price,deborahwilliams@example.com,590-202-8807x338,Female,1970-08-16,2025-10-27,USA,Texas,Houston,Email Campaign,1,2025-10-27
4797,Kelly,Lawson,holderstephanie@example.org,565.728.9393,Female,1981-10-21,2021-08-13,Australia,NSW,Sydney,Email Campaign,0,2021-08-13
4798,Julia,Bartlett,mitchell82@example.com,+1-674-723-7720x4393,Male,1966-10-07,2026-04-22,USA,California,Los Angeles,Social Media,1,2026-04-22
4799,Jeffrey,Schultz,lanepeter@example.net,587.813.9503x8543,Female,1976-07-19,2026-02-16,USA,New York,New York City,Organic,1,2026-02-16
4800,Sandra,Black,bishopjohn@example.net,7968672162,Other,2006-03-19,2022-12-14,Canada,Ontario,Toronto,Referral,1,2022-12-14
4801,Sarah,Griffin,jason75@example.net,(708)408-6105x726,Other,1982-05-31,2023-07-24,India,Tamil Nadu,Chennai,Email Campaign,1,2023-07-24
4802,Erin,Gross,uerickson@example.net,(854)939-1051x0656,Other,1968-09-14,2024-08-27,India,Maharashtra,Mumbai,Partner,1,2024-08-27
4803,Nancy,Parsons,garycook@example.net,001-599-293-3129x93152,Other,1990-08-19,2025-01-21,Germany,Bavaria,Munich,Referral,0,2025-01-21
4804,Matthew,Miller,jschultz@example.org,831-694-6574x9981,Other,1992-01-13,2022-07-22,Australia,NSW,Sydney,Email Campaign,0,2022-07-22
4805,Kevin,Decker,rhickman@example.net,314.335.6034,Male,2003-06-21,2024-03-12,USA,California,Los Angeles,Paid Ad,0,2024-03-12
4806,Russell,Gomez,karen12@example.net,6942930553,Male,1990-02-23,2022-04-28,UK,England,London,Partner,0,2022-04-28
4807,Brittany,Jenkins,alicia41@example.org,257-853-3951x5746,Female,1999-06-11,2025-11-14,Germany,Bavaria,Munich,Organic,1,2025-11-14
4808,Steven,Shaw,christopherscott@example.net,(730)972-2995x521,Female,2006-03-05,2022-08-27,Australia,NSW,Sydney,Email Campaign,1,2022-08-27
4809,Sabrina,Hall,angela97@example.net,955-796-8413x89288,Female,1976-02-12,2022-08-24,India,Karnataka,Bengaluru,Partner,1,2022-08-24
4810,Brittany,Salazar,steinjoan@example.com,001-769-820-2835x28767,Other,2007-02-02,2022-01-18,India,Tamil Nadu,Chennai,Social Media,1,2022-01-18
4811,Thomas,Wong,crystal84@example.org,914.879.6851x990,Female,1993-05-31,2025-03-30,Germany,Bavaria,Munich,Social Media,1,2025-03-30
4812,David,David,anthonywaters@example.com,6836686067,Male,1986-11-11,2023-06-07,USA,New York,New York City,Email Campaign,1,2023-06-07
4813,Robert,Miller,michaelmcdowell@example.net,+1-292-470-0698x2192,Male,2006-05-05,2025-10-11,Canada,Ontario,Toronto,Partner,0,2025-10-11
4814,Justin,Johnson,iwhite@example.com,649-598-1595x177,Other,1970-11-01,2023-02-19,USA,Texas,Houston,Paid Ad,1,2023-02-19
4815,Donald,Austin,beardandrew@example.org,483-323-4863x415,Male,1966-10-28,2024-10-11,Germany,Bavaria,Munich,Paid Ad,1,2024-10-11
4816,Jill,Castillo,cody71@example.com,685-790-7138x4568,Female,1985-02-07,2023-12-30,India,Maharashtra,Mumbai,Email Campaign,1,2023-12-30
4817,Christopher,Li,sandraallison@example.com,001-738-389-3304x49818,Other,2000-06-21,2023-09-13,USA,Texas,Houston,Paid Ad,1,2023-09-13
4818,Donald,Goodman,riosalexandria@example.com,001-490-733-2631,Other,2006-02-26,2024-01-19,Australia,NSW,Sydney,Organic,0,2024-01-19
4819,Yvonne,Maxwell,mkim@example.net,767.213.9088,Female,1983-04-16,2022-11-04,USA,California,Los Angeles,Referral,0,2022-11-04
4820,Jonathan,Hill,grimeskimberly@example.org,831.754.2125x8870,Other,2002-12-31,2021-01-27,USA,California,Los Angeles,Email Campaign,0,2021-01-27
4821,Kristin,White,joseph52@example.org,001-281-748-1854,Female,1992-01-24,2025-05-20,UK,England,London,Organic,1,2025-05-20
4822,Brandon,Higgins,christopher68@example.com,9525935410,Female,1979-05-21,2022-04-24,USA,California,Los Angeles,Email Campaign,1,2022-04-24
4823,Edward,Rice,hunterwest@example.com,644-280-6344x68023,Male,1981-08-09,2021-11-04,India,Maharashtra,Mumbai,Partner,0,2021-11-04
4824,Henry,Hickman,ibrandt@example.net,(901)288-0381x45909,Male,1980-02-05,2024-10-03,India,Maharashtra,Mumbai,Organic,1,2024-10-03
4825,Alicia,Carter,phillipskelly@example.org,916-249-6494,Other,1987-06-27,2025-03-17,USA,New York,New York City,Organic,0,2025-03-17
4826,Jennifer,Johnston,jordan90@example.org,5806735015,Male,1983-09-12,2024-02-18,Germany,Bavaria,Munich,Paid Ad,1,2024-02-18
4827,Donald,Harrington,mckayanna@example.com,239.409.0907x17029,Other,1994-04-25,2021-10-27,Germany,Bavaria,Munich,Paid Ad,1,2021-10-27
4828,Zachary,Colon,walkerjohn@example.org,980.591.1914x8837,Female,1998-09-01,2026-01-31,USA,California,Los Angeles,Referral,1,2026-01-31
4829,Michael,Nash,sjones@example.net,+1-655-268-2106x9088,Other,1966-03-25,2023-03-14,Australia,NSW,Sydney,Social Media,0,2023-03-14
4830,Troy,Flores,mary66@example.org,554.967.9538,Male,1982-02-07,2022-08-12,UK,England,London,Partner,1,2022-08-12
4831,David,Bradley,wroberts@example.com,293.276.0288x552,Other,1962-06-08,2023-06-23,India,Karnataka,Bengaluru,Paid Ad,0,2023-06-23
4832,Kimberly,Scott,ebrown@example.org,(358)304-8495,Female,1955-11-12,2021-03-10,India,Tamil Nadu,Chennai,Social Media,1,2021-03-10
4833,Michael,Foster,zbrandt@example.org,001-887-584-1856x788,Female,1964-12-09,2024-02-28,Canada,Ontario,Toronto,Referral,0,2024-02-28
4834,Daniel,Jackson,robertnewman@example.com,001-624-744-3807x74421,Male,1998-12-09,2026-01-14,USA,California,Los Angeles,Partner,1,2026-01-14
4835,Misty,Good,tjacobs@example.net,001-476-844-1507x95853,Other,2007-01-10,2025-08-14,UK,England,London,Referral,1,2025-08-14
4836,Paul,Anderson,lauraandersen@example.com,001-816-594-4424x987,Female,1973-04-09,2022-07-16,Germany,Bavaria,Munich,Organic,1,2022-07-16
4837,Zachary,Reyes,toddjames@example.com,213-702-9990x30372,Other,1977-09-04,2022-01-13,Australia,NSW,Sydney,Social Media,1,2022-01-13
4838,Eric,Cochran,tyler52@example.org,897-542-1066x467,Male,1978-12-12,2025-04-24,Canada,Ontario,Toronto,Referral,0,2025-04-24
4839,Randy,Sellers,xprice@example.org,(694)320-2225x88523,Female,1975-08-27,2021-10-01,Germany,Bavaria,Munich,Organic,0,2021-10-01
4840,Justin,Eaton,timothy40@example.org,-2075,Male,1973-01-06,2023-12-13,UK,England,London,Referral,0,2023-12-13
4841,Erika,Baker,jessica92@example.org,(611)367-7477x3133,Female,1961-03-07,2023-04-11,India,Maharashtra,Mumbai,Referral,1,2023-04-11
4842,Laura,Williams,utaylor@example.net,955.397.3286,Female,1980-10-01,2022-06-28,USA,New York,New York City,Paid Ad,0,2022-06-28
4843,Victor,Juarez,lisaadams@example.org,+1-491-520-6155x989,Female,1979-09-23,2023-04-10,USA,Texas,Houston,Social Media,1,2023-04-10
4844,Kristine,Valencia,stephaniehernandez@example.org,(365)251-5192x754,Other,1978-01-19,2026-03-29,USA,New York,New York City,Organic,1,2026-03-29
4845,Michael,Gomez,joshuahernandez@example.com,001-280-441-9111x688,Male,1996-08-09,2021-02-13,Canada,Ontario,Toronto,Referral,0,2021-02-13
4846,Darryl,Murphy,joseph50@example.com,+1-234-242-6204x7148,Other,1969-04-17,2021-11-18,USA,New York,New York City,Referral,0,2021-11-18
4847,Brandy,Mcgee,james33@example.org,(466)460-4523x6923,Male,1957-08-25,2025-04-05,USA,California,Los Angeles,Referral,1,2025-04-05
4848,Natalie,Smith,megan80@example.org,-4714,Other,1999-12-23,2023-09-02,UK,England,London,Partner,0,2023-09-02
4849,Brianna,Copeland,hhenderson@example.net,-6014,Female,1964-03-21,2022-06-27,India,Karnataka,Bengaluru,Social Media,1,2022-06-27
4850,John,Diaz,baxterdavid@example.org,(970)511-9235,Female,1981-06-06,2024-11-13,Australia,NSW,Sydney,Organic,1,2024-11-13
4851,Jennifer,Lang,rebeccawatson@example.net,9192227196,Female,1967-08-17,2023-06-13,India,Maharashtra,Mumbai,Organic,1,2023-06-13
4852,Alexander,Cobb,hwilson@example.org,001-782-505-3377,Female,1959-10-10,2024-04-30,Australia,NSW,Sydney,Paid Ad,1,2024-04-30
4853,Allison,Rivas,john15@example.net,+1-321-966-4445x0742,Other,1983-02-05,2021-07-21,Germany,Bavaria,Munich,Referral,1,2021-07-21
4854,April,Perez,cooperthomas@example.org,375-283-6492x89668,Male,2000-11-18,2024-08-16,Germany,Bavaria,Munich,Referral,1,2024-08-16
4855,Diamond,Smith,rbrock@example.org,482-365-3538,Other,2004-05-03,2024-04-19,UK,England,London,Organic,0,2024-04-19
4856,Daniel,Stephens,sblake@example.org,+1-643-321-4749x354,Female,1955-12-07,2025-11-02,USA,New York,New York City,Paid Ad,1,2025-11-02
4857,Tyler,Watson,xblair@example.com,+1-569-787-9608x70999,Female,1969-12-07,2023-08-27,USA,California,Los Angeles,Referral,1,2023-08-27
4858,Evan,Stein,carolynmiller@example.net,807.472.3096x6941,Female,1957-08-30,2022-02-21,India,Tamil Nadu,Chennai,Social Media,0,2022-02-21
4859,Daniel,Wyatt,murphysteven@example.org,530-759-6160x5050,Male,1960-08-11,2022-03-20,Australia,NSW,Sydney,Social Media,0,2022-03-20
4860,Zachary,Short,qwilliams@example.org,5814982228,Male,1999-05-18,2022-11-29,Canada,Ontario,Toronto,Organic,1,2022-11-29
4861,Angela,Welch,smithleslie@example.com,424-658-1972x3961,Other,1964-07-17,2022-10-24,USA,California,Los Angeles,Organic,0,2022-10-24
4862,Kimberly,Brewer,samuelross@example.org,666.705.3894,Male,1964-07-08,2023-01-18,Canada,Ontario,Toronto,Partner,1,2023-01-18
4863,Tammy,Mendez,fowlermichelle@example.net,001-613-723-7153x57953,Other,1990-04-28,2023-12-06,India,Maharashtra,Mumbai,Social Media,0,2023-12-06
4864,Michael,Owen,ballheather@example.net,554-573-6531,Other,1977-01-07,2024-10-25,USA,Texas,Houston,Social Media,1,2024-10-25
4865,Matthew,Santiago,luisnelson@example.org,(480)454-3913,Male,1975-04-13,2025-11-29,Germany,Bavaria,Munich,Social Media,1,2025-11-29
4866,Matthew,Hodges,osborncristian@example.org,854-478-3643x7482,Male,1967-03-07,2023-09-23,India,Maharashtra,Mumbai,Email Campaign,0,2023-09-23
4867,Lauren,Sandoval,gmclean@example.net,001-289-618-6359x1247,Female,1994-06-08,2024-07-28,USA,Texas,Houston,Organic,1,2024-07-28
4868,Connor,Thomas,andersoncharles@example.org,+1-391-349-2141x710,Other,1997-07-16,2023-07-27,India,Karnataka,Bengaluru,Social Media,1,2023-07-27
4869,Kristen,Mitchell,pamelabarton@example.net,001-206-242-0488x6332,Other,1993-10-11,2026-07-12,USA,California,Los Angeles,Email Campaign,1,2026-07-12
4870,Ryan,Robinson,bsalas@example.com,549.853.8101,Female,1960-04-25,2025-10-22,Australia,NSW,Sydney,Partner,1,2025-10-22
4871,Tricia,Clayton,patricia64@example.com,(666)913-9611x076,Female,1967-09-14,2026-02-01,USA,New York,New York City,Partner,1,2026-02-01
4872,Antonio,Allen,mcbrideerica@example.com,2613485460,Female,2007-02-19,2025-07-08,USA,California,Los Angeles,Referral,1,2025-07-08
4873,Sandra,Wagner,awall@example.org,(607)572-6156,Male,1991-09-05,2022-08-24,UK,England,London,Paid Ad,0,2022-08-24
4874,Daniel,Campbell,yperez@example.net,-4337,Other,1973-05-05,2025-03-21,USA,California,Los Angeles,Referral,0,2025-03-21
4875,Hannah,Holden,bensonmichael@example.org,-10397,Male,1998-12-10,2022-12-02,USA,New York,New York City,Referral,0,2022-12-02
4876,Jessica,Bentley,harold94@example.com,(439)700-6728,Other,1964-09-02,2024-09-05,India,Karnataka,Bengaluru,Referral,1,2024-09-05
4877,Keith,Wilkinson,ian33@example.net,001-911-932-7734x21769,Other,1958-06-02,2025-05-31,USA,New York,New York City,Partner,1,2025-05-31
4878,Katherine,Lowery,michael20@example.com,001-479-988-4554,Female,1994-01-20,2021-03-02,India,Karnataka,Bengaluru,Email Campaign,0,2021-03-02
4879,Adam,Holmes,ustafford@example.net,7819832815,Other,1965-02-17,2022-03-06,Canada,Ontario,Toronto,Paid Ad,1,2022-03-06
4880,Sergio,Patterson,kstrickland@example.net,460.659.1279x728,Other,1997-11-04,2022-09-08,UK,England,London,Organic,0,2022-09-08
4881,Megan,Patterson,angela59@example.org,(910)898-5565,Male,1984-08-21,2022-12-15,Australia,NSW,Sydney,Email Campaign,1,2022-12-15
4882,Darrell,Patel,robertobender@example.net,001-398-851-5519x657,Other,1989-12-11,2024-09-02,USA,Texas,Houston,Social Media,1,2024-09-02
4883,Daniel,Mcdonald,michellelee@example.com,001-204-415-3548x137,Other,1978-06-03,2021-06-11,Canada,Ontario,Toronto,Email Campaign,1,2021-06-11
4884,Kristin,Mack,brianguerra@example.com,-6456,Male,1970-10-28,2024-01-05,Australia,NSW,Sydney,Social Media,1,2024-01-05
4885,Robert,Vargas,erin07@example.net,941-458-0465,Other,1959-10-24,2024-03-28,Germany,Bavaria,Munich,Organic,1,2024-03-28
4886,Andrea,Ballard,williamchristensen@example.com,759.379.0356,Male,1959-06-03,2022-06-04,USA,Texas,Houston,Paid Ad,1,2022-06-04
4887,Melinda,Guzman,zsmith@example.com,+1-284-703-1059x5325,Other,1983-05-15,2023-07-31,USA,California,Los Angeles,Email Campaign,1,2023-07-31
4888,Jose,Taylor,lthomas@example.com,(982)849-4746x9259,Other,1985-09-23,2023-10-25,UK,England,London,Paid Ad,1,2023-10-25
4889,John,Santos,brian52@example.com,(612)504-0784,Other,1980-09-10,2024-05-06,USA,Texas,Houston,Paid Ad,1,2024-05-06
4890,Brandon,Kirk,hartmanluke@example.net,920-840-8063,Other,1967-06-03,2021-09-28,Germany,Bavaria,Munich,Organic,0,2021-09-28
4891,Matthew,Perry,lutznichole@example.org,529.631.1371,Female,1984-12-13,2024-11-21,India,Tamil Nadu,Chennai,Partner,1,2024-11-21
4892,Joel,Dixon,enewton@example.org,326-677-0794,Male,1996-08-28,2026-02-19,Australia,NSW,Sydney,Partner,0,2026-02-19
4893,Patricia,White,yvonnevelez@example.net,2402180794,Female,1989-06-26,2022-01-11,Canada,Ontario,Toronto,Referral,1,2022-01-11
4894,Michael,Brooks,katie95@example.net,365.213.9601x3132,Female,1981-06-21,2025-07-04,India,Maharashtra,Mumbai,Social Media,1,2025-07-04
4895,Alexander,Castaneda,justinanderson@example.com,001-612-824-6394x841,Other,2005-01-24,2023-03-14,Canada,Ontario,Toronto,Partner,1,2023-03-14
4896,Melissa,Edwards,amandachung@example.com,7145689773,Other,1992-01-11,2021-04-18,USA,Texas,Houston,Social Media,1,2021-04-18
4897,Miranda,Fischer,bparks@example.net,+1-261-970-2775x911,Male,1992-03-03,2025-04-08,India,Tamil Nadu,Chennai,Email Campaign,1,2025-04-08
4898,Kimberly,Scott,lesliepotter@example.net,(770)610-3775x65869,Female,1976-12-11,2026-03-05,USA,New York,New York City,Email Campaign,0,2026-03-05
4899,Heather,Clark,jacob21@example.net,666.745.8071x906,Female,1980-03-25,2026-07-11,Australia,NSW,Sydney,Email Campaign,1,2026-07-11
4900,Brian,Moon,randy95@example.net,001-766-680-5119x472,Other,2006-01-02,2025-11-23,USA,Texas,Houston,Social Media,0,2025-11-23
4901,Scott,Webb,kwilson@example.com,+1-585-831-4000x23767,Female,1957-03-26,2022-06-15,USA,Texas,Houston,Email Campaign,1,2022-06-15
4902,Christopher,Jones,vcampbell@example.net,001-623-864-9979x8512,Female,1959-05-01,2023-03-15,Germany,Bavaria,Munich,Partner,1,2023-03-15
4903,Sharon,Burgess,michael56@example.net,(831)283-1425,Other,1965-11-12,2024-07-27,USA,California,Los Angeles,Email Campaign,1,2024-07-27
4904,Colton,Hoffman,nfrench@example.org,+1-718-648-6061x504,Other,1982-11-23,2025-06-21,USA,California,Los Angeles,Referral,1,2025-06-21
4905,Larry,Clark,walleranthony@example.org,001-408-691-4096x4664,Male,1985-07-15,2025-02-19,India,Maharashtra,Mumbai,Partner,1,2025-02-19
4906,Wendy,Daniels,smorris@example.net,307.714.1747,Other,1980-02-21,2021-05-03,India,Tamil Nadu,Chennai,Paid Ad,0,2021-05-03
4907,Brenda,Waters,dyang@example.org,966.211.7614,Other,2003-04-20,2025-04-10,UK,England,London,Email Campaign,0,2025-04-10
4908,Megan,Lynch,dawn04@example.net,761.511.7247x89146,Other,1994-10-10,2026-02-14,India,Karnataka,Bengaluru,Organic,1,2026-02-14
4909,Samantha,Miller,johnjohnson@example.org,620-329-8955,Male,1997-12-08,2022-05-27,USA,California,Los Angeles,Paid Ad,0,2022-05-27
4910,Gregory,Woods,chadthomas@example.net,640.747.2117,Other,1989-04-15,2022-12-22,Australia,NSW,Sydney,Paid Ad,1,2022-12-22
4911,Diana,Coleman,thomasrobert@example.com,340-962-0963,Female,1991-06-20,2024-01-05,India,Karnataka,Bengaluru,Referral,1,2024-01-05
4912,Natasha,James,ydavis@example.com,996.260.0986,Female,1991-05-24,2025-05-30,Australia,NSW,Sydney,Email Campaign,1,2025-05-30
4913,Anthony,Jones,jameslee@example.net,5252751081,Male,2005-07-13,2023-03-15,UK,England,London,Paid Ad,1,2023-03-15
4914,Ellen,Torres,stewartsusan@example.com,(769)559-5197,Male,1987-09-04,2024-04-19,Germany,Bavaria,Munich,Partner,1,2024-04-19
4915,Amber,Knight,robin69@example.net,7942158631,Other,1968-09-18,2022-06-30,India,Maharashtra,Mumbai,Email Campaign,0,2022-06-30
4916,Tyler,Barker,russellelizabeth@example.com,-10832,Female,2002-08-19,2024-01-08,Germany,Bavaria,Munich,Referral,1,2024-01-08
4917,Robert,Jones,stevensonaustin@example.org,9739106526,Female,1977-02-15,2022-02-27,India,Maharashtra,Mumbai,Social Media,1,2022-02-27
4918,Ronnie,Allen,fordcharles@example.com,+1-334-910-6286x47923,Male,2008-05-07,2023-12-04,USA,Texas,Houston,Partner,0,2023-12-04
4919,Julie,Cruz,bakerjessica@example.net,882.644.8156x42643,Other,2005-01-16,2023-02-04,India,Karnataka,Bengaluru,Paid Ad,0,2023-02-04
4920,Carol,Bailey,jamesjohn@example.com,001-589-271-9551x462,Female,1994-06-27,2022-12-30,Canada,Ontario,Toronto,Social Media,1,2022-12-30
4921,Darrell,Chandler,trevorlozano@example.org,-8271,Female,1968-11-01,2022-12-05,USA,Texas,Houston,Email Campaign,1,2022-12-05
4922,Sean,Chang,brandon43@example.com,(444)969-0246x66450,Female,1959-09-18,2023-06-30,India,Maharashtra,Mumbai,Email Campaign,1,2023-06-30
4923,William,Perez,burkescott@example.net,001-323-652-4880x71963,Male,1963-04-20,2025-02-24,Germany,Bavaria,Munich,Referral,1,2025-02-24
4924,Bryan,Cook,jhunt@example.org,(943)590-8159,Other,1963-09-22,2022-03-12,Australia,NSW,Sydney,Partner,0,2022-03-12
4925,Sandra,Wade,ginalynch@example.com,001-942-496-8945,Female,1986-11-06,2025-02-21,UK,England,London,Organic,1,2025-02-21
4926,William,Ramos,gsmith@example.net,909.375.2851x3290,Female,1968-05-07,2023-12-13,Canada,Ontario,Toronto,Email Campaign,1,2023-12-13
4927,Kaitlin,Lewis,cassandra58@example.org,+1-643-758-4972x77913,Other,2000-07-02,2021-03-06,India,Karnataka,Bengaluru,Paid Ad,1,2021-03-06
4928,Becky,Serrano,douglasjones@example.com,(945)868-7946x8576,Female,1995-01-31,2024-03-22,Canada,Ontario,Toronto,Referral,0,2024-03-22
4929,John,Johnson,karisalazar@example.org,+1-670-946-8322x735,Female,1960-03-12,2023-03-07,USA,California,Los Angeles,Partner,0,2023-03-07
4930,Elizabeth,Garner,daisytorres@example.org,209-998-6647,Other,1993-05-29,2022-05-07,Germany,Bavaria,Munich,Email Campaign,0,2022-05-07
4931,Taylor,Benson,rbrady@example.org,787-750-0298x096,Male,1985-11-02,2021-11-02,Germany,Bavaria,Munich,Social Media,1,2021-11-02
4932,Justin,Bowen,gwilcox@example.com,963-357-7208,Male,1990-01-16,2026-06-07,Germany,Bavaria,Munich,Organic,1,2026-06-07
4933,William,Sanchez,reynoldsnicholas@example.com,+1-439-682-1611x995,Other,1962-11-12,2024-09-28,India,Maharashtra,Mumbai,Referral,0,2024-09-28
4934,Elizabeth,Santos,kirkjulie@example.net,600.407.5371,Male,1964-05-05,2021-06-04,India,Tamil Nadu,Chennai,Paid Ad,1,2021-06-04
4935,Richard,Collier,samuelmyers@example.com,433-827-8855x749,Female,2008-06-17,2025-06-04,India,Maharashtra,Mumbai,Organic,0,2025-06-04
4936,Drew,Mcmillan,rharris@example.org,960.731.6508,Female,1974-01-01,2024-04-17,India,Karnataka,Bengaluru,Organic,0,2024-04-17
4937,Chase,Robinson,dawnmolina@example.com,677-618-8874,Male,2002-11-11,2024-09-04,India,Karnataka,Bengaluru,Organic,1,2024-09-04
4938,Gregory,Martinez,jonesbrian@example.net,931.291.9756x8326,Female,1969-11-22,2022-12-12,India,Maharashtra,Mumbai,Email Campaign,1,2022-12-12
4939,Melvin,Dorsey,nwiggins@example.com,565.947.2230x30859,Female,1957-08-21,2025-09-15,India,Maharashtra,Mumbai,Partner,1,2025-09-15
4940,Shelly,Washington,mooreandrew@example.com,223.931.2278x081,Male,2004-03-16,2022-02-03,Australia,NSW,Sydney,Social Media,1,2022-02-03
4941,Bryan,Parker,abigail07@example.com,783.845.3653,Male,1984-12-10,2024-07-23,Canada,Ontario,Toronto,Organic,1,2024-07-23
4942,Logan,Sanders,amyandrews@example.com,7528686676,Male,1969-12-26,2023-12-25,Germany,Bavaria,Munich,Partner,1,2023-12-25
4943,Reginald,Smith,anthonymcdonald@example.org,001-306-539-2494x8403,Male,1989-10-20,2024-03-07,USA,New York,New York City,Organic,1,2024-03-07
4944,Abigail,Wells,jnelson@example.com,(885)717-7565,Female,1984-03-18,2022-12-28,India,Karnataka,Bengaluru,Social Media,1,2022-12-28
4945,Isabel,Ortiz,gardnerpaul@example.com,(236)880-5245x79517,Other,1989-09-24,2022-05-15,Germany,Bavaria,Munich,Email Campaign,1,2022-05-15
4946,Barbara,Hernandez,ygray@example.com,(932)826-6426x519,Other,1963-01-22,2026-04-21,Australia,NSW,Sydney,Organic,1,2026-04-21
4947,Valerie,Wyatt,sheilaperry@example.org,605-470-5917x87663,Female,1984-09-23,2022-06-24,Germany,Bavaria,Munich,Organic,1,2022-06-24
4948,Jeffrey,Taylor,michaelmartin@example.net,001-637-711-9182x060,Male,1971-07-18,2025-01-18,India,Tamil Nadu,Chennai,Referral,1,2025-01-18
4949,Anthony,Hamilton,stacypearson@example.org,313-448-2655,Female,1984-02-14,2024-11-27,Australia,NSW,Sydney,Referral,1,2024-11-27
4950,Sandra,Rowland,monicaromero@example.org,+1-595-771-4639x7090,Other,1999-07-14,2024-09-17,USA,Texas,Houston,Social Media,1,2024-09-17
4951,Kimberly,Bailey,conniechavez@example.org,+1-565-401-7727x338,Female,1986-07-26,2021-08-28,UK,England,London,Email Campaign,1,2021-08-28
4952,Thomas,Barnes,beltransusan@example.org,688-433-6589,Female,2001-03-27,2025-08-29,Australia,NSW,Sydney,Email Campaign,1,2025-08-29
4953,William,Young,fisherpatricia@example.com,376.561.4180,Female,1981-08-25,2024-02-19,Canada,Ontario,Toronto,Referral,1,2024-02-19
4954,Veronica,Ward,torresdavid@example.net,754.610.9597x568,Other,1963-06-17,2026-07-12,USA,Texas,Houston,Paid Ad,0,2026-07-12
4955,Robert,Ramos,whitechristina@example.com,848.254.2098,Other,1998-10-03,2024-10-13,Australia,NSW,Sydney,Partner,1,2024-10-13
4956,Tracy,Scott,alicialee@example.org,001-442-981-1236x293,Other,1979-05-26,2024-10-22,India,Tamil Nadu,Chennai,Email Campaign,0,2024-10-22
4957,Amber,Summers,oharris@example.com,2355743395,Female,2002-01-04,2025-01-29,UK,England,London,Partner,1,2025-01-29
4958,Scott,Skinner,qperez@example.org,541.898.8886x631,Male,1980-11-24,2024-03-25,Germany,Bavaria,Munich,Email Campaign,1,2024-03-25
4959,Robert,Harris,wrightmorgan@example.com,(270)527-6806x7048,Other,1984-01-24,2024-06-01,USA,Texas,Houston,Organic,1,2024-06-01
4960,Kelly,Moran,hamiltonpatricia@example.org,255.264.1672,Female,1978-09-13,2025-10-20,USA,New York,New York City,Organic,1,2025-10-20
4961,David,Jackson,castroalicia@example.org,+1-826-831-0138x80862,Male,1964-10-18,2021-01-26,USA,Texas,Houston,Organic,0,2021-01-26
4962,Eduardo,Wilson,fowlergregory@example.com,955.553.8373x579,Female,1971-07-24,2024-06-10,USA,Texas,Houston,Partner,0,2024-06-10
4963,Lindsay,Ferguson,christinaarnold@example.com,001-521-247-9599x38693,Male,1996-07-25,2023-08-09,India,Maharashtra,Mumbai,Referral,0,2023-08-09
4964,Patricia,Pratt,joanne47@example.net,(689)759-4211,Female,1995-07-01,2022-04-20,USA,Texas,Houston,Paid Ad,1,2022-04-20
4965,Willie,Bennett,ghumphrey@example.org,381-689-0290x1818,Male,1957-08-07,2023-05-04,USA,New York,New York City,Paid Ad,1,2023-05-04
4966,Deborah,Brandt,angela83@example.org,910.307.0573x77339,Male,1970-07-16,2026-05-23,India,Karnataka,Bengaluru,Email Campaign,1,2026-05-23
4967,Billy,Newman,lawrencejustin@example.net,001-422-903-2544x08137,Other,1993-03-18,2025-10-10,India,Maharashtra,Mumbai,Partner,0,2025-10-10
4968,Samuel,Sanchez,vegabryan@example.org,(565)613-0679x13384,Female,1994-03-26,2022-02-16,USA,Texas,Houston,Paid Ad,1,2022-02-16
4969,Jeremiah,Jones,pricephyllis@example.org,+1-537-489-5404x777,Female,2002-07-03,2025-04-19,India,Tamil Nadu,Chennai,Email Campaign,0,2025-04-19
4970,Kathy,Wagner,amytorres@example.net,+1-889-646-9584x7136,Male,1998-11-15,2026-07-03,Germany,Bavaria,Munich,Social Media,1,2026-07-03
4971,James,Castro,zacharyyang@example.com,910.552.1562,Female,1959-06-16,2025-09-29,India,Maharashtra,Mumbai,Partner,1,2025-09-29
4972,David,Burnett,christinawilkins@example.net,(564)276-9650,Other,1959-02-16,2024-04-13,Canada,Ontario,Toronto,Social Media,1,2024-04-13
4973,Alicia,Smith,nlopez@example.com,397-471-4369x17159,Male,1958-09-18,2021-01-27,USA,Texas,Houston,Paid Ad,1,2021-01-27
4974,Stephanie,Parker,richard74@example.org,697.846.6993,Female,1996-11-27,2022-11-18,Australia,NSW,Sydney,Paid Ad,1,2022-11-18
4975,Caitlin,Hogan,aedwards@example.com,(548)563-1134,Other,2000-02-27,2021-10-13,India,Maharashtra,Mumbai,Referral,1,2021-10-13
4976,Ann,Lopez,banksrussell@example.com,(826)950-6403x6840,Other,1964-03-22,2022-03-10,USA,Texas,Houston,Referral,1,2022-03-10
4977,Michael,Ford,daniellemartinez@example.org,826.642.7251x609,Male,1980-02-20,2021-09-15,India,Maharashtra,Mumbai,Referral,1,2021-09-15
4978,Stacey,Powell,jason43@example.com,(399)948-0571x81878,Other,1980-01-07,2022-08-10,Germany,Bavaria,Munich,Organic,1,2022-08-10
4979,Austin,Webb,jacobdunlap@example.org,573.723.5142,Male,1997-08-02,2022-01-15,India,Tamil Nadu,Chennai,Social Media,0,2022-01-15
4980,Sabrina,Phillips,isaiahsmith@example.net,(932)283-1682x6882,Other,2007-10-06,2022-01-04,USA,California,Los Angeles,Referral,1,2022-01-04
4981,William,Blankenship,sandy21@example.net,001-436-908-0608x3174,Female,1969-06-09,2023-12-11,UK,England,London,Referral,1,2023-12-11
4982,Alyssa,Tapia,jamesjanice@example.net,-3542,Female,1959-10-13,2026-03-13,India,Maharashtra,Mumbai,Organic,0,2026-03-13
4983,Ann,Nguyen,richard76@example.org,2822883469,Female,1975-08-29,2022-11-08,Australia,NSW,Sydney,Social Media,1,2022-11-08
4984,Cassidy,Nguyen,vicki63@example.org,725-826-1598x26810,Other,1962-10-21,2021-12-23,Australia,NSW,Sydney,Social Media,0,2021-12-23
4985,Bradley,Bennett,leepaul@example.org,(565)416-3537,Female,1966-11-11,2023-01-11,USA,Texas,Houston,Social Media,1,2023-01-11
4986,Kelly,Guerra,dunlapaaron@example.net,976-569-4592x680,Female,1957-11-20,2024-08-07,Canada,Ontario,Toronto,Partner,1,2024-08-07
4987,Jennifer,Williams,franklin36@example.org,745-746-1522,Female,2000-10-18,2023-12-25,India,Karnataka,Bengaluru,Referral,1,2023-12-25
4988,Curtis,Perkins,fcrawford@example.com,(316)448-0421x00062,Other,1966-11-12,2022-09-26,UK,England,London,Organic,1,2022-09-26
4989,Miguel,Simmons,iallen@example.com,-10310,Other,2006-03-07,2022-08-07,India,Karnataka,Bengaluru,Organic,1,2022-08-07
4990,Robert,Chung,michael02@example.net,(591)648-0405x41273,Female,2006-10-20,2026-02-01,Australia,NSW,Sydney,Partner,0,2026-02-01
4991,Brandon,Wise,rachel35@example.org,001-884-276-2362x28829,Other,1980-04-25,2023-09-15,Australia,NSW,Sydney,Organic,1,2023-09-15
4992,Jerry,Serrano,vortiz@example.net,635-569-5139x4759,Other,1970-02-10,2021-08-06,UK,England,London,Referral,1,2021-08-06
4993,Paul,Hayes,dday@example.org,+1-352-373-3006x27727,Other,1989-02-16,2022-05-11,Canada,Ontario,Toronto,Social Media,1,2022-05-11
4994,Mark,Ross,marie71@example.org,(273)265-0733x14074,Female,1978-04-18,2021-09-17,USA,Texas,Houston,Partner,1,2021-09-17
4995,John,Martin,bradleythompson@example.org,001-723-509-0861x2088,Female,1958-12-20,2023-03-24,India,Maharashtra,Mumbai,Partner,1,2023-03-24
4996,Katelyn,Murphy,jerryabbott@example.org,(585)830-2418x6572,Male,1971-03-31,2023-02-02,India,Maharashtra,Mumbai,Paid Ad,1,2023-02-02
4997,Adam,Johnson,dvasquez@example.net,001-891-897-5554x9047,Male,1967-04-22,2022-12-08,USA,Texas,Houston,Email Campaign,0,2022-12-08
4998,Bradley,Howard,lbailey@example.com,(463)259-0434,Other,1980-04-23,2023-05-27,Germany,Bavaria,Munich,Social Media,1,2023-05-27
4999,Sean,Johns,ajones@example.org,5603195677,Other,1997-10-28,2022-02-17,USA,Texas,Houston,Social Media,1,2022-02-17
5000,Andrea,Thomas,josephmedina@example.org,5693290554,Other,1964-01-06,2021-11-05,India,Karnataka,Bengaluru,Paid Ad,1,2021-11-05
