feedback_id,customer_id,survey_date,nps_score,csat_score,feedback_text
1,2433,2026-01-16,4,3,Would like more integrations.
2,4351,2026-09-03,9,3,Excellent onboarding experience.
3,3697,2026-06-21,1,3,Customer support was slow to respond.
4,4049,2023-09-03,4,3,Customer support was slow to respond.
5,605,2025-07-07,2,5,Would like more integrations.
6,3913,2026-08-20,1,1,Pricing is a bit high for what I get.
7,2525,2026-08-11,4,2,Would like more integrations.
8,4612,2024-02-23,1,5,Excellent onboarding experience.
9,4154,2023-04-09,3,1,"Great product, easy to use."
10,2863,2023-04-04,6,1,"Great product, easy to use."
11,1498,2026-09-08,8,2,App crashes occasionally.
12,40,2022-01-26,7,2,App crashes occasionally.
13,2608,2024-08-21,8,2,Exactly what my team needed.
14,3258,2025-12-28,2,5,"Great product, easy to use."
15,1669,2026-03-16,5,5,"Great product, easy to use."
16,1425,2025-10-10,4,4,Exactly what my team needed.
17,2988,2025-02-21,3,2,Love the new dashboard features.
18,2981,2026-06-26,2,5,Pricing is a bit high for what I get.
19,2681,2024-11-13,8,4,"Great product, easy to use."
20,1198,2026-05-14,6,2,Exactly what my team needed.
21,152,2025-01-24,8,1,Excellent onboarding experience.
22,3603,2025-12-02,7,1,Pricing is a bit high for what I get.
23,357,2026-05-23,5,3,Customer support was slow to respond.
24,1527,2026-09-07,5,4,"Great product, easy to use."
25,4931,2026-04-09,4,2,Would like more integrations.
26,4412,2026-08-23,9,4,App crashes occasionally.
27,3828,2025-09-17,6,2,Pricing is a bit high for what I get.
28,3309,2025-10-22,7,5,Love the new dashboard features.
29,2881,2025-11-12,8,3,App crashes occasionally.
30,214,2024-07-23,9,4,Customer support was slow to respond.
31,2408,2026-01-04,2,4,App crashes occasionally.
32,2040,2024-05-20,3,3,"Great product, easy to use."
33,1726,2026-02-12,0,3,Pricing is a bit high for what I get.
34,1629,2025-08-17,3,4,"Great product, easy to use."
35,3814,2025-12-29,3,1,Excellent onboarding experience.
36,843,2023-10-27,5,4,Love the new dashboard features.
37,2201,2024-10-29,3,3,Would like more integrations.
38,4757,2024-10-18,4,1,Customer support was slow to respond.
39,2148,2025-01-20,7,3,Exactly what my team needed.
40,209,2023-07-14,0,5,"Great product, easy to use."
41,2491,2025-11-13,8,4,Pricing is a bit high for what I get.
42,971,2024-07-19,8,2,App crashes occasionally.
43,176,2022-06-13,1,1,Exactly what my team needed.
44,1070,2024-02-12,9,5,"Great product, easy to use."
45,1275,2024-11-12,4,2,Would like more integrations.
46,4540,2026-09-07,3,3,Would like more integrations.
47,2129,2024-01-01,4,3,"Great product, easy to use."
48,3924,2026-03-07,7,3,Customer support was slow to respond.
49,610,2026-04-01,8,2,Pricing is a bit high for what I get.
50,341,2025-12-11,7,3,Exactly what my team needed.
51,4733,2026-05-15,1,5,"Great product, easy to use."
52,3225,2026-05-23,3,5,App crashes occasionally.
53,2146,2025-09-23,8,2,Excellent onboarding experience.
54,2839,2026-01-11,7,2,Customer support was slow to respond.
55,4214,2026-04-21,2,3,Would like more integrations.
56,145,2024-11-22,0,1,Pricing is a bit high for what I get.
57,3917,2025-06-04,1,5,"Great product, easy to use."
58,2346,2023-12-11,9,4,"Great product, easy to use."
59,1819,2026-05-10,9,1,Love the new dashboard features.
60,3498,2026-09-12,9,2,Excellent onboarding experience.
61,2885,2023-07-01,1,2,App crashes occasionally.
62,4629,2026-09-08,6,1,Would like more integrations.
63,1721,2026-04-18,6,4,Would like more integrations.
64,4660,2026-05-31,5,4,Customer support was slow to respond.
65,2909,2025-09-15,7,2,App crashes occasionally.
66,4156,2026-03-20,1,1,Would like more integrations.
67,3802,2026-08-02,8,4,Love the new dashboard features.
68,519,2025-10-12,8,3,App crashes occasionally.
69,4250,2026-03-27,5,1,Pricing is a bit high for what I get.
70,1225,2026-07-12,7,1,Pricing is a bit high for what I get.
71,2519,2026-02-20,10,5,Exactly what my team needed.
72,959,2023-02-28,3,1,Would like more integrations.
73,4702,2025-11-02,7,3,Would like more integrations.
74,2202,2026-02-13,9,1,Excellent onboarding experience.
75,2695,2026-06-11,7,3,Love the new dashboard features.
76,1443,2024-12-19,6,4,Excellent onboarding experience.
77,3156,2026-05-08,8,4,App crashes occasionally.
78,1035,2023-02-24,6,2,Would like more integrations.
79,4492,2026-08-25,2,3,Pricing is a bit high for what I get.
80,1935,2025-04-16,3,5,Excellent onboarding experience.
81,2755,2025-01-20,8,5,Love the new dashboard features.
82,4254,2023-10-07,6,4,"Great product, easy to use."
83,716,2026-07-05,0,2,"Great product, easy to use."
84,3437,2026-01-09,7,3,App crashes occasionally.
85,819,2026-03-16,7,1,"Great product, easy to use."
86,1401,2023-12-02,7,5,Customer support was slow to respond.
87,1226,2025-09-05,10,5,Exactly what my team needed.
88,3195,2025-04-06,10,3,Love the new dashboard features.
89,288,2021-06-11,9,5,Customer support was slow to respond.
90,3776,2025-03-31,3,5,Excellent onboarding experience.
91,1140,2026-09-02,7,3,Pricing is a bit high for what I get.
92,4856,2026-03-25,9,1,Exactly what my team needed.
93,2237,2024-09-27,1,4,Exactly what my team needed.
94,2590,2025-05-20,1,4,"Great product, easy to use."
95,2793,2025-12-15,9,2,Would like more integrations.
96,3932,2024-12-21,6,5,Excellent onboarding experience.
97,4683,2023-11-24,6,4,App crashes occasionally.
98,2951,2024-05-15,9,3,Pricing is a bit high for what I get.
99,3086,2023-11-18,1,4,Exactly what my team needed.
100,4751,2026-03-22,7,2,"Great product, easy to use."
101,3572,2023-01-11,2,5,Pricing is a bit high for what I get.
102,979,2026-02-06,9,4,Exactly what my team needed.
103,1278,2026-05-23,6,4,Would like more integrations.
104,1437,2022-12-17,4,3,Pricing is a bit high for what I get.
105,2665,2025-06-28,1,4,Would like more integrations.
106,4018,2022-04-08,0,1,Pricing is a bit high for what I get.
107,1936,2022-12-14,5,1,"Great product, easy to use."
108,4732,2025-09-19,0,2,Exactly what my team needed.
109,1654,2024-11-07,0,3,Pricing is a bit high for what I get.
110,921,2026-06-11,8,1,"Great product, easy to use."
111,287,2025-10-08,6,2,Exactly what my team needed.
112,1867,2026-05-05,1,1,Customer support was slow to respond.
113,1736,2024-12-02,3,3,Pricing is a bit high for what I get.
114,3922,2024-05-06,3,4,Pricing is a bit high for what I get.
115,4717,2025-02-28,9,4,Exactly what my team needed.
116,1034,2025-02-11,6,4,Pricing is a bit high for what I get.
117,101,2025-04-25,8,2,App crashes occasionally.
118,3683,2025-12-28,10,2,App crashes occasionally.
119,1407,2024-01-05,4,3,Customer support was slow to respond.
120,1899,2025-03-30,5,1,"Great product, easy to use."
121,4610,2025-09-28,4,2,Pricing is a bit high for what I get.
122,1470,2021-02-16,2,1,Love the new dashboard features.
123,3046,2024-10-12,1,2,Would like more integrations.
124,4487,2026-08-04,0,1,App crashes occasionally.
125,3627,2024-10-31,5,1,App crashes occasionally.
126,2404,2025-09-11,6,2,Love the new dashboard features.
127,3500,2026-06-06,5,4,Excellent onboarding experience.
128,4145,2022-02-19,3,3,Customer support was slow to respond.
129,2959,2024-02-10,6,5,"Great product, easy to use."
130,1714,2023-03-28,4,5,Love the new dashboard features.
131,3674,2022-12-04,3,4,App crashes occasionally.
132,2498,2025-07-18,1,1,Customer support was slow to respond.
133,4956,2026-07-23,6,2,Excellent onboarding experience.
134,2500,2023-09-28,8,1,Would like more integrations.
135,496,2025-08-09,10,4,Exactly what my team needed.
136,3424,2024-03-15,5,2,Exactly what my team needed.
137,4359,2025-12-05,3,2,Excellent onboarding experience.
138,1203,2026-01-27,4,4,Excellent onboarding experience.
139,4613,2021-03-13,7,4,Pricing is a bit high for what I get.
140,721,2026-07-01,2,4,Love the new dashboard features.
141,781,2025-07-27,9,5,Exactly what my team needed.
142,4995,2025-07-16,1,4,Pricing is a bit high for what I get.
143,4298,2025-12-03,8,3,Excellent onboarding experience.
144,1024,2023-03-21,5,4,Love the new dashboard features.
145,2929,2026-05-10,4,1,Customer support was slow to respond.
146,830,2025-06-29,4,5,Exactly what my team needed.
147,2319,2024-05-11,4,1,Customer support was slow to respond.
148,1257,2025-05-06,4,5,Customer support was slow to respond.
149,4965,2023-11-23,5,5,App crashes occasionally.
150,4385,2026-08-19,6,1,Excellent onboarding experience.
151,4863,2026-01-24,2,2,Love the new dashboard features.
152,3600,2024-11-27,10,3,Would like more integrations.
153,4650,2025-04-14,3,5,Exactly what my team needed.
154,3635,2026-01-27,4,1,App crashes occasionally.
155,3538,2026-08-10,9,2,Love the new dashboard features.
156,966,2024-07-03,6,5,"Great product, easy to use."
157,4060,2021-03-17,6,2,Exactly what my team needed.
158,4183,2023-11-10,0,1,Exactly what my team needed.
159,1060,2026-02-01,3,1,App crashes occasionally.
160,4704,2021-10-11,6,3,App crashes occasionally.
161,1491,2025-06-23,3,1,Exactly what my team needed.
162,1152,2025-07-13,3,1,Excellent onboarding experience.
163,1641,2025-01-26,0,4,Exactly what my team needed.
164,1558,2026-04-29,0,3,"Great product, easy to use."
165,2496,2025-10-27,5,1,Love the new dashboard features.
166,4854,2025-09-23,7,1,Customer support was slow to respond.
167,4634,2026-09-05,10,4,Would like more integrations.
168,182,2026-03-18,5,2,Pricing is a bit high for what I get.
169,4050,2026-05-17,0,5,App crashes occasionally.
170,1287,2025-03-15,0,1,Excellent onboarding experience.
171,817,2025-09-10,8,2,Customer support was slow to respond.
172,4199,2021-11-13,8,3,Customer support was slow to respond.
173,2041,2025-08-14,6,3,Customer support was slow to respond.
174,3230,2021-11-19,9,5,Would like more integrations.
175,4189,2026-08-06,1,5,Love the new dashboard features.
176,1567,2024-08-11,4,3,Customer support was slow to respond.
177,3881,2026-06-17,2,4,Love the new dashboard features.
178,2736,2024-11-24,7,1,Pricing is a bit high for what I get.
179,2052,2024-07-06,7,4,Would like more integrations.
180,2172,2026-05-01,3,2,Love the new dashboard features.
181,47,2026-02-04,10,2,Excellent onboarding experience.
182,4161,2024-12-14,8,2,Excellent onboarding experience.
183,4118,2026-04-20,10,1,Would like more integrations.
184,4793,2026-04-12,2,5,Customer support was slow to respond.
185,311,2026-09-03,6,4,Exactly what my team needed.
186,3208,2026-04-02,2,1,Pricing is a bit high for what I get.
187,4676,2025-06-10,4,4,Pricing is a bit high for what I get.
188,4735,2022-02-26,1,5,Love the new dashboard features.
189,1923,2021-12-16,4,2,"Great product, easy to use."
190,1064,2024-08-22,8,1,Love the new dashboard features.
191,2216,2026-08-07,5,4,Exactly what my team needed.
192,4635,2026-07-14,0,2,Love the new dashboard features.
193,3089,2025-09-01,10,3,Customer support was slow to respond.
194,4178,2026-08-21,7,2,Exactly what my team needed.
195,1633,2023-11-23,1,4,Would like more integrations.
196,4327,2025-11-13,3,3,Pricing is a bit high for what I get.
197,1201,2024-07-18,9,2,"Great product, easy to use."
198,3240,2025-11-30,3,3,Customer support was slow to respond.
199,1246,2023-06-20,1,4,Love the new dashboard features.
200,1797,2025-07-17,0,4,Excellent onboarding experience.
201,2058,2026-02-20,6,3,Customer support was slow to respond.
202,867,2025-11-11,5,2,Pricing is a bit high for what I get.
203,3734,2024-10-27,5,2,Excellent onboarding experience.
204,4486,2026-09-06,8,5,Customer support was slow to respond.
205,147,2025-04-02,10,5,Love the new dashboard features.
206,2723,2026-08-15,9,2,App crashes occasionally.
207,3845,2025-02-28,4,5,Pricing is a bit high for what I get.
208,3413,2025-02-25,7,2,Would like more integrations.
209,321,2025-01-30,9,4,App crashes occasionally.
210,3005,2024-11-20,9,2,App crashes occasionally.
211,2439,2026-07-21,9,1,"Great product, easy to use."
212,2566,2026-01-26,9,1,"Great product, easy to use."
213,3012,2024-02-11,3,2,Love the new dashboard features.
214,4136,2025-01-10,4,3,Love the new dashboard features.
215,2588,2024-07-24,6,5,Would like more integrations.
216,1846,2023-10-27,1,5,Pricing is a bit high for what I get.
217,2754,2024-12-17,10,1,Customer support was slow to respond.
218,4038,2025-01-31,8,5,"Great product, easy to use."
219,2672,2025-11-08,4,3,Exactly what my team needed.
220,720,2025-10-19,9,3,Exactly what my team needed.
221,4388,2025-07-21,4,4,Excellent onboarding experience.
222,1305,2024-08-18,2,1,Customer support was slow to respond.
223,558,2025-04-19,2,3,Customer support was slow to respond.
224,1824,2026-08-28,7,4,Exactly what my team needed.
225,1317,2026-03-20,7,3,Pricing is a bit high for what I get.
226,918,2026-01-28,3,1,Excellent onboarding experience.
227,2783,2025-05-20,5,5,Would like more integrations.
228,2930,2026-08-15,0,3,Love the new dashboard features.
229,1557,2026-08-15,10,3,App crashes occasionally.
230,2425,2024-12-08,6,5,Exactly what my team needed.
231,1595,2024-07-31,5,3,App crashes occasionally.
232,4963,2025-11-11,7,1,Love the new dashboard features.
233,1161,2022-12-25,6,4,Customer support was slow to respond.
234,2996,2026-04-11,0,5,App crashes occasionally.
235,4798,2026-06-19,6,2,Would like more integrations.
236,964,2026-06-22,2,5,Would like more integrations.
237,4360,2026-01-23,7,2,Would like more integrations.
238,3319,2024-06-18,1,1,Exactly what my team needed.
239,1599,2025-08-11,5,5,Would like more integrations.
240,2189,2026-08-25,10,5,Exactly what my team needed.
241,2257,2026-01-31,0,1,Pricing is a bit high for what I get.
242,4027,2025-08-08,5,3,Pricing is a bit high for what I get.
243,3280,2026-08-09,5,4,Love the new dashboard features.
244,4865,2026-05-02,8,5,Pricing is a bit high for what I get.
245,3078,2025-08-10,0,3,Customer support was slow to respond.
246,3449,2024-07-17,9,2,Exactly what my team needed.
247,234,2026-09-15,4,3,Exactly what my team needed.
248,1789,2025-03-19,8,3,"Great product, easy to use."
249,3818,2025-05-06,0,4,Love the new dashboard features.
250,2687,2026-05-23,8,4,App crashes occasionally.
251,3439,2024-06-16,8,4,Would like more integrations.
252,3047,2024-02-07,4,1,Excellent onboarding experience.
253,2298,2026-07-21,9,4,"Great product, easy to use."
254,1197,2024-08-04,0,3,Customer support was slow to respond.
255,2622,2024-02-08,6,4,Pricing is a bit high for what I get.
256,2300,2026-03-08,8,3,Would like more integrations.
257,4705,2026-05-18,10,1,"Great product, easy to use."
258,3712,2026-01-10,7,4,Exactly what my team needed.
259,2782,2025-05-08,4,2,Love the new dashboard features.
260,3848,2025-04-15,5,5,Love the new dashboard features.
261,310,2024-11-27,0,5,Pricing is a bit high for what I get.
262,646,2026-06-01,10,4,Would like more integrations.
263,1362,2023-10-06,9,2,Customer support was slow to respond.
264,1845,2026-03-17,5,5,App crashes occasionally.
265,339,2025-05-03,7,1,Pricing is a bit high for what I get.
266,1139,2026-09-02,4,1,Love the new dashboard features.
267,592,2025-02-23,10,4,Customer support was slow to respond.
268,857,2024-08-31,7,3,Exactly what my team needed.
269,999,2026-05-08,4,5,Excellent onboarding experience.
270,1554,2026-08-07,5,5,Customer support was slow to respond.
271,588,2025-01-07,7,1,Pricing is a bit high for what I get.
272,414,2024-08-01,1,1,Exactly what my team needed.
273,997,2026-01-19,4,4,Customer support was slow to respond.
274,4698,2025-02-15,7,4,Would like more integrations.
275,4204,2024-10-19,10,4,Would like more integrations.
276,4707,2026-05-14,3,3,Pricing is a bit high for what I get.
277,2936,2026-02-26,3,2,Would like more integrations.
278,1322,2026-05-20,3,3,Exactly what my team needed.
279,1559,2023-12-28,8,1,Pricing is a bit high for what I get.
280,4381,2023-01-28,4,1,App crashes occasionally.
281,792,2026-09-09,7,1,Exactly what my team needed.
282,535,2026-09-04,7,1,Customer support was slow to respond.
283,797,2025-11-20,9,2,App crashes occasionally.
284,2631,2025-06-09,9,3,App crashes occasionally.
285,3401,2022-12-25,3,3,Pricing is a bit high for what I get.
286,1382,2025-05-26,3,3,App crashes occasionally.
287,3135,2024-08-08,2,4,Exactly what my team needed.
288,360,2025-01-08,9,5,Would like more integrations.
289,616,2023-05-06,2,3,Pricing is a bit high for what I get.
290,1346,2025-07-11,8,5,"Great product, easy to use."
291,504,2026-04-27,0,3,Love the new dashboard features.
292,2668,2026-04-27,10,5,Excellent onboarding experience.
293,749,2025-03-06,8,2,Pricing is a bit high for what I get.
294,3425,2026-08-03,0,4,Would like more integrations.
295,4167,2026-08-12,4,3,Excellent onboarding experience.
296,1178,2025-11-16,4,5,App crashes occasionally.
297,970,2026-07-16,0,3,Excellent onboarding experience.
298,4172,2024-08-27,5,3,Exactly what my team needed.
299,4005,2026-03-15,2,2,Pricing is a bit high for what I get.
300,3636,2025-02-28,4,4,Exactly what my team needed.
301,3052,2026-03-05,0,5,Would like more integrations.
302,710,2022-05-11,4,1,Exactly what my team needed.
303,3465,2025-02-09,9,3,Exactly what my team needed.
304,578,2025-10-28,6,5,App crashes occasionally.
305,1416,2024-10-02,4,1,Love the new dashboard features.
306,1415,2025-11-09,10,5,Customer support was slow to respond.
307,2164,2024-05-26,5,2,App crashes occasionally.
308,2463,2025-12-30,5,4,Exactly what my team needed.
309,2547,2023-03-21,5,2,Would like more integrations.
310,4515,2025-06-26,2,4,Would like more integrations.
311,1912,2024-12-12,9,4,"Great product, easy to use."
312,2269,2022-12-29,0,5,Pricing is a bit high for what I get.
313,1098,2025-07-18,4,4,Would like more integrations.
314,3265,2021-10-25,0,1,"Great product, easy to use."
315,3757,2026-06-23,4,2,Exactly what my team needed.
316,1769,2026-08-31,1,3,Love the new dashboard features.
317,4984,2026-05-11,4,4,App crashes occasionally.
318,146,2026-07-07,4,3,Customer support was slow to respond.
319,4191,2022-01-09,10,5,Excellent onboarding experience.
320,4572,2024-02-28,8,5,Exactly what my team needed.
321,2802,2026-01-26,10,2,Love the new dashboard features.
322,4114,2025-11-18,9,5,Pricing is a bit high for what I get.
323,2827,2023-08-08,2,3,Customer support was slow to respond.
324,2465,2026-03-14,8,3,Pricing is a bit high for what I get.
325,3928,2026-06-28,6,3,App crashes occasionally.
326,2375,2024-01-19,3,1,"Great product, easy to use."
327,3948,2024-01-17,4,5,Excellent onboarding experience.
328,1445,2025-12-13,9,3,Would like more integrations.
329,1130,2025-06-12,2,1,Love the new dashboard features.
330,3368,2024-04-13,7,2,Would like more integrations.
331,199,2026-07-21,1,4,Pricing is a bit high for what I get.
332,1526,2026-08-24,8,2,Exactly what my team needed.
333,283,2023-03-16,0,1,Would like more integrations.
334,1891,2026-02-22,9,2,Customer support was slow to respond.
335,3441,2026-02-27,1,1,Excellent onboarding experience.
336,3141,2025-03-30,8,4,Excellent onboarding experience.
337,3570,2024-04-10,9,5,Excellent onboarding experience.
338,1253,2026-07-21,10,4,Pricing is a bit high for what I get.
339,4542,2022-08-17,6,3,Pricing is a bit high for what I get.
340,1390,2025-01-15,2,1,Customer support was slow to respond.
341,4901,2025-05-25,4,1,"Great product, easy to use."
342,3218,2026-05-22,4,2,Pricing is a bit high for what I get.
343,4946,2026-07-31,7,5,Customer support was slow to respond.
344,1177,2023-07-29,0,3,Pricing is a bit high for what I get.
345,3057,2026-02-22,6,5,Pricing is a bit high for what I get.
346,955,2023-09-04,9,3,Excellent onboarding experience.
347,915,2026-02-20,4,1,Customer support was slow to respond.
348,2848,2026-07-19,4,4,"Great product, easy to use."
349,511,2025-10-29,1,3,Would like more integrations.
350,1298,2025-01-01,0,1,Would like more integrations.
351,3422,2024-05-14,3,3,App crashes occasionally.
352,2223,2026-04-23,1,2,App crashes occasionally.
353,1887,2026-05-25,7,2,Would like more integrations.
354,3804,2025-11-10,5,1,Exactly what my team needed.
355,3446,2025-06-24,3,3,App crashes occasionally.
356,4659,2026-06-27,4,3,Excellent onboarding experience.
357,3693,2025-08-19,3,5,Exactly what my team needed.
358,1312,2023-06-20,2,1,Exactly what my team needed.
359,492,2025-03-22,3,2,Pricing is a bit high for what I get.
360,4534,2024-08-24,10,1,Pricing is a bit high for what I get.
361,1279,2025-12-31,4,5,App crashes occasionally.
362,1199,2025-06-15,5,2,Love the new dashboard features.
363,3467,2026-07-17,0,4,Would like more integrations.
364,2197,2024-04-25,3,5,Pricing is a bit high for what I get.
365,2387,2026-02-11,9,2,Customer support was slow to respond.
366,4700,2026-06-20,8,2,Pricing is a bit high for what I get.
367,1075,2024-09-25,2,4,Exactly what my team needed.
368,1533,2026-02-20,2,4,Exactly what my team needed.
369,1592,2026-05-05,5,4,Customer support was slow to respond.
370,1387,2026-02-22,10,1,Customer support was slow to respond.
371,1032,2025-06-10,8,5,Customer support was slow to respond.
372,2340,2026-03-26,7,1,Love the new dashboard features.
373,1853,2022-10-05,8,3,Love the new dashboard features.
374,2615,2023-02-02,5,5,Would like more integrations.
375,1310,2025-12-19,7,3,Pricing is a bit high for what I get.
376,1133,2024-08-15,2,5,"Great product, easy to use."
377,451,2023-11-02,9,2,Would like more integrations.
378,210,2026-01-23,5,1,Exactly what my team needed.
379,3792,2026-03-07,10,5,Would like more integrations.
380,2908,2021-10-14,5,5,Excellent onboarding experience.
381,590,2026-08-29,0,5,Would like more integrations.
382,3433,2026-03-17,4,2,Would like more integrations.
383,1731,2026-07-01,10,2,Would like more integrations.
384,3199,2026-04-24,2,4,Would like more integrations.
385,1856,2025-04-17,7,4,Would like more integrations.
386,4149,2026-08-28,9,1,Would like more integrations.
387,4205,2025-05-13,4,1,"Great product, easy to use."
388,2788,2025-01-06,4,3,Excellent onboarding experience.
389,2630,2026-06-05,10,1,Love the new dashboard features.
390,3686,2025-05-23,9,4,Customer support was slow to respond.
391,2381,2025-03-26,0,1,Love the new dashboard features.
392,4369,2024-11-07,10,4,Love the new dashboard features.
393,136,2026-04-18,6,5,Exactly what my team needed.
394,3783,2024-10-14,0,2,Customer support was slow to respond.
395,4238,2026-08-15,8,4,Exactly what my team needed.
396,4146,2026-01-19,1,3,Would like more integrations.
397,437,2026-02-10,2,3,Excellent onboarding experience.
398,260,2024-03-10,2,3,Customer support was slow to respond.
399,2068,2026-09-06,10,4,Pricing is a bit high for what I get.
400,658,2024-07-18,6,5,Would like more integrations.
401,4672,2023-04-07,5,3,Love the new dashboard features.
402,229,2025-04-25,9,5,Exactly what my team needed.
403,4436,2023-03-02,7,4,Would like more integrations.
404,1143,2025-10-12,7,1,Customer support was slow to respond.
405,4471,2025-02-13,10,2,Customer support was slow to respond.
406,1535,2025-09-19,0,5,Pricing is a bit high for what I get.
407,1519,2026-08-08,2,5,Excellent onboarding experience.
408,862,2026-08-19,9,5,Would like more integrations.
409,1858,2023-06-25,4,2,"Great product, easy to use."
410,520,2025-10-06,1,4,App crashes occasionally.
411,4979,2024-08-19,6,2,Customer support was slow to respond.
412,2535,2025-09-05,6,4,Pricing is a bit high for what I get.
413,3479,2025-06-30,0,1,Would like more integrations.
414,3525,2025-04-07,7,4,"Great product, easy to use."
415,760,2025-06-20,10,3,Would like more integrations.
416,3187,2026-05-02,6,4,Exactly what my team needed.
417,3226,2024-01-30,3,2,App crashes occasionally.
418,2704,2026-02-22,9,4,Customer support was slow to respond.
419,2696,2024-02-08,4,5,Excellent onboarding experience.
420,3855,2025-08-13,2,4,App crashes occasionally.
421,3743,2026-07-23,6,4,Would like more integrations.
422,2230,2024-09-03,1,5,Customer support was slow to respond.
423,3522,2024-09-06,8,5,Excellent onboarding experience.
424,3732,2024-05-23,8,5,Love the new dashboard features.
425,1863,2025-06-02,3,4,"Great product, easy to use."
426,4782,2026-03-11,9,3,Love the new dashboard features.
427,364,2026-06-19,4,2,Love the new dashboard features.
428,3988,2022-01-08,8,3,"Great product, easy to use."
429,4993,2024-10-23,1,5,Exactly what my team needed.
430,618,2026-04-06,1,2,Excellent onboarding experience.
431,2143,2022-10-19,10,3,Customer support was slow to respond.
432,3099,2026-03-08,6,2,Excellent onboarding experience.
433,3389,2025-10-06,3,3,App crashes occasionally.
434,1055,2021-12-09,9,5,Customer support was slow to respond.
435,2707,2022-03-16,6,2,"Great product, easy to use."
436,370,2024-06-29,6,2,Excellent onboarding experience.
437,4362,2022-08-17,10,5,Love the new dashboard features.
438,3844,2026-05-28,3,2,Customer support was slow to respond.
439,525,2022-11-13,9,5,Love the new dashboard features.
440,2264,2025-01-09,0,4,Would like more integrations.
441,874,2026-07-02,5,2,Excellent onboarding experience.
442,384,2024-11-13,9,3,Customer support was slow to respond.
443,1987,2024-10-28,6,3,Pricing is a bit high for what I get.
444,423,2026-03-04,6,1,App crashes occasionally.
445,1053,2024-12-09,5,4,App crashes occasionally.
446,1092,2026-08-31,1,3,Customer support was slow to respond.
447,4169,2024-11-11,10,2,Customer support was slow to respond.
448,2103,2026-02-08,10,5,Would like more integrations.
449,3741,2025-10-09,2,3,Pricing is a bit high for what I get.
450,1107,2026-08-31,7,2,"Great product, easy to use."
451,4567,2024-12-18,1,3,Pricing is a bit high for what I get.
452,4320,2026-03-28,3,5,Customer support was slow to respond.
453,4971,2026-08-17,0,4,Customer support was slow to respond.
454,4777,2023-05-14,10,5,Would like more integrations.
455,3992,2026-08-15,8,1,App crashes occasionally.
456,3068,2025-10-29,7,4,Excellent onboarding experience.
457,1215,2025-01-17,7,4,Pricing is a bit high for what I get.
458,2080,2025-02-19,4,2,Exactly what my team needed.
459,4846,2024-09-24,2,2,App crashes occasionally.
460,4750,2025-01-03,7,4,Excellent onboarding experience.
461,1487,2025-01-16,7,2,Excellent onboarding experience.
462,2911,2026-06-30,10,3,"Great product, easy to use."
463,4819,2024-03-28,4,5,Customer support was slow to respond.
464,692,2022-07-17,7,4,"Great product, easy to use."
465,3801,2026-08-19,0,3,Exactly what my team needed.
466,4212,2025-09-01,8,4,App crashes occasionally.
467,2669,2024-03-31,1,2,Pricing is a bit high for what I get.
468,2386,2025-08-17,2,2,Customer support was slow to respond.
469,4679,2025-07-20,3,4,Exactly what my team needed.
470,4778,2025-10-07,2,4,Excellent onboarding experience.
471,1413,2026-09-11,1,3,"Great product, easy to use."
472,1886,2024-11-13,1,3,Would like more integrations.
473,4646,2024-12-22,7,2,Exactly what my team needed.
474,3263,2026-04-16,7,4,App crashes occasionally.
475,3548,2023-10-02,3,5,Excellent onboarding experience.
476,3965,2026-09-14,1,3,Love the new dashboard features.
477,3361,2025-01-07,1,2,Pricing is a bit high for what I get.
478,968,2026-02-04,2,3,"Great product, easy to use."
479,846,2023-12-09,10,2,Would like more integrations.
480,4489,2025-06-17,8,5,"Great product, easy to use."
481,1065,2023-06-04,10,4,Would like more integrations.
482,13,2025-09-10,3,1,"Great product, easy to use."
483,3499,2026-09-08,1,4,Love the new dashboard features.
484,730,2026-06-23,4,2,"Great product, easy to use."
485,2435,2026-09-13,1,3,Pricing is a bit high for what I get.
486,430,2026-04-22,7,2,Excellent onboarding experience.
487,946,2023-11-04,3,4,Would like more integrations.
488,383,2024-08-18,2,3,Excellent onboarding experience.
489,356,2022-05-25,5,3,App crashes occasionally.
490,4805,2025-08-22,5,3,Customer support was slow to respond.
491,4658,2026-05-24,1,1,Pricing is a bit high for what I get.
492,4354,2025-11-09,4,4,"Great product, easy to use."
493,791,2023-07-01,6,3,Love the new dashboard features.
494,1114,2023-10-09,4,3,"Great product, easy to use."
495,446,2026-05-20,8,4,Excellent onboarding experience.
496,3127,2025-12-04,4,5,Pricing is a bit high for what I get.
497,1986,2025-07-30,2,5,App crashes occasionally.
498,1455,2026-07-20,5,2,App crashes occasionally.
499,3087,2023-09-28,7,5,Excellent onboarding experience.
500,3597,2025-09-08,8,2,Exactly what my team needed.
501,3262,2026-08-03,7,5,Customer support was slow to respond.
502,2034,2025-02-26,1,1,Would like more integrations.
503,2495,2026-04-15,1,1,Exactly what my team needed.
504,1738,2026-03-28,3,5,Excellent onboarding experience.
505,4091,2026-06-21,3,4,Customer support was slow to respond.
506,1981,2026-09-07,2,4,Excellent onboarding experience.
507,3760,2026-07-31,6,3,Pricing is a bit high for what I get.
508,399,2026-07-04,5,4,Excellent onboarding experience.
509,1327,2026-02-11,4,1,App crashes occasionally.
510,3136,2026-07-14,3,2,"Great product, easy to use."
511,3894,2026-04-27,2,3,Would like more integrations.
512,1166,2026-03-03,3,2,App crashes occasionally.
513,2819,2026-04-24,0,5,Customer support was slow to respond.
514,2717,2026-08-03,8,1,"Great product, easy to use."
515,1058,2025-10-04,6,1,Pricing is a bit high for what I get.
516,776,2026-04-12,4,3,Exactly what my team needed.
517,714,2024-12-23,10,2,Excellent onboarding experience.
518,3343,2026-05-08,3,3,Exactly what my team needed.
519,77,2023-02-28,2,5,Would like more integrations.
520,3000,2024-02-14,1,3,Excellent onboarding experience.
521,4723,2024-06-22,4,3,Pricing is a bit high for what I get.
522,4467,2023-10-19,9,1,Love the new dashboard features.
523,4176,2026-01-12,8,1,Love the new dashboard features.
524,2758,2026-04-11,3,4,Exactly what my team needed.
525,3097,2026-04-28,4,4,Customer support was slow to respond.
526,903,2025-02-22,1,2,"Great product, easy to use."
527,621,2024-02-27,4,4,Exactly what my team needed.
528,2877,2026-04-15,7,2,Pricing is a bit high for what I get.
529,3789,2024-11-16,9,5,App crashes occasionally.
530,240,2025-06-17,4,2,App crashes occasionally.
531,208,2024-05-03,9,3,"Great product, easy to use."
532,79,2023-11-16,2,2,Excellent onboarding experience.
533,135,2025-11-03,8,4,"Great product, easy to use."
534,319,2024-01-03,7,3,Excellent onboarding experience.
535,1826,2025-01-20,0,2,Pricing is a bit high for what I get.
536,4184,2024-10-30,4,5,"Great product, easy to use."
537,1028,2025-12-14,4,3,App crashes occasionally.
538,2486,2025-10-10,0,1,Customer support was slow to respond.
539,1134,2026-02-16,2,2,App crashes occasionally.
540,2935,2025-12-29,5,1,"Great product, easy to use."
541,4511,2024-02-05,3,2,Excellent onboarding experience.
542,4379,2024-11-01,9,1,Exactly what my team needed.
543,2183,2026-06-13,10,1,Would like more integrations.
544,4321,2024-08-14,8,2,Customer support was slow to respond.
545,922,2025-05-08,1,2,App crashes occasionally.
546,28,2026-09-02,2,2,Excellent onboarding experience.
547,115,2026-05-03,1,2,"Great product, easy to use."
548,976,2025-02-02,5,2,"Great product, easy to use."
549,2144,2026-04-26,0,5,Customer support was slow to respond.
550,486,2023-10-30,5,3,App crashes occasionally.
551,2538,2026-02-26,10,1,App crashes occasionally.
552,661,2025-04-07,10,2,Exactly what my team needed.
553,4619,2023-03-28,8,3,Excellent onboarding experience.
554,4335,2025-10-09,2,1,"Great product, easy to use."
555,528,2025-07-24,6,3,Love the new dashboard features.
556,1005,2025-05-09,2,5,Exactly what my team needed.
557,1857,2026-04-04,9,4,App crashes occasionally.
558,863,2022-10-14,2,2,"Great product, easy to use."
559,2396,2024-12-19,5,2,Pricing is a bit high for what I get.
560,3050,2023-01-30,3,3,"Great product, easy to use."
561,1754,2026-06-04,4,2,Love the new dashboard features.
562,2763,2026-04-07,3,4,"Great product, easy to use."
563,1224,2025-04-14,6,2,App crashes occasionally.
564,61,2026-08-21,7,1,Exactly what my team needed.
565,4126,2024-06-30,4,1,Excellent onboarding experience.
566,4917,2024-03-30,7,4,"Great product, easy to use."
567,2016,2026-05-13,9,2,"Great product, easy to use."
568,78,2026-04-02,4,4,App crashes occasionally.
569,3612,2026-09-11,10,5,Pricing is a bit high for what I get.
570,2544,2026-01-31,0,5,Exactly what my team needed.
571,4397,2026-09-01,4,3,App crashes occasionally.
572,708,2024-10-12,10,4,Would like more integrations.
573,334,2026-04-04,1,5,Excellent onboarding experience.
574,263,2026-09-13,0,1,Pricing is a bit high for what I get.
575,3660,2025-07-14,8,1,Customer support was slow to respond.
576,3058,2025-08-02,7,3,App crashes occasionally.
577,2829,2026-04-07,9,4,"Great product, easy to use."
578,1793,2025-09-14,4,1,Would like more integrations.
579,4896,2021-07-07,1,3,Customer support was slow to respond.
580,1520,2023-04-04,3,5,"Great product, easy to use."
581,649,2026-06-26,1,4,App crashes occasionally.
582,3461,2026-07-15,10,2,"Great product, easy to use."
583,3990,2026-04-27,6,1,Love the new dashboard features.
584,841,2026-06-03,5,1,"Great product, easy to use."
585,1943,2024-10-04,1,4,Would like more integrations.
586,4665,2023-06-16,10,5,Love the new dashboard features.
587,3454,2026-07-01,1,2,Would like more integrations.
588,2806,2024-01-12,0,3,App crashes occasionally.
589,4780,2025-12-24,5,5,"Great product, easy to use."
590,3986,2022-11-24,8,3,Exactly what my team needed.
591,599,2026-08-03,0,2,Excellent onboarding experience.
592,3116,2025-09-16,5,4,Would like more integrations.
593,674,2021-10-09,9,5,Pricing is a bit high for what I get.
594,3592,2026-07-04,9,5,Customer support was slow to respond.
595,2648,2023-02-08,8,4,"Great product, easy to use."
596,3159,2025-11-10,5,3,"Great product, easy to use."
597,4559,2025-05-25,10,1,Love the new dashboard features.
598,276,2024-05-22,10,4,"Great product, easy to use."
599,2851,2023-01-20,0,5,Excellent onboarding experience.
600,3428,2026-08-16,10,4,Love the new dashboard features.
601,676,2024-09-09,3,1,Would like more integrations.
602,1612,2024-03-21,1,1,Excellent onboarding experience.
603,876,2025-12-04,6,2,Would like more integrations.
604,34,2024-05-24,3,1,App crashes occasionally.
605,2799,2026-05-23,2,3,Exactly what my team needed.
606,530,2025-08-17,7,5,Excellent onboarding experience.
607,3806,2026-07-18,2,1,Would like more integrations.
608,2267,2025-04-19,5,2,Would like more integrations.
609,3977,2023-06-26,6,1,Exactly what my team needed.
610,4020,2026-03-24,0,5,Love the new dashboard features.
611,2878,2022-12-15,5,1,Customer support was slow to respond.
612,4960,2026-04-05,8,4,App crashes occasionally.
613,2601,2025-06-01,10,1,Exactly what my team needed.
614,1036,2024-03-21,0,4,Pricing is a bit high for what I get.
615,4522,2022-10-11,4,5,App crashes occasionally.
616,2069,2023-12-06,1,5,Excellent onboarding experience.
617,1326,2025-09-04,9,5,Excellent onboarding experience.
618,3850,2024-08-02,2,5,App crashes occasionally.
619,3054,2025-07-05,2,4,Exactly what my team needed.
620,4546,2026-04-30,1,3,Love the new dashboard features.
621,3330,2024-10-21,10,2,Excellent onboarding experience.
622,1157,2024-10-26,4,2,App crashes occasionally.
623,4165,2023-04-28,7,3,"Great product, easy to use."
624,2986,2023-05-16,7,3,Would like more integrations.
625,1969,2026-06-14,2,1,Would like more integrations.
626,3349,2026-08-10,10,2,Excellent onboarding experience.
627,1648,2026-08-10,1,4,App crashes occasionally.
628,4652,2025-11-15,9,3,Excellent onboarding experience.
629,1785,2025-09-09,5,1,Exactly what my team needed.
630,3397,2023-09-07,7,3,Exactly what my team needed.
631,1230,2024-04-30,4,5,Customer support was slow to respond.
632,3768,2026-09-11,6,2,Excellent onboarding experience.
633,2369,2024-11-16,9,2,Excellent onboarding experience.
634,4004,2023-06-28,3,5,Exactly what my team needed.
635,4893,2022-03-22,1,1,Love the new dashboard features.
636,2685,2025-07-12,2,2,Pricing is a bit high for what I get.
637,2913,2025-01-20,8,2,"Great product, easy to use."
638,1840,2026-06-08,10,1,Exactly what my team needed.
639,552,2026-07-14,0,5,App crashes occasionally.
640,1281,2024-12-08,5,4,Excellent onboarding experience.
641,4662,2024-04-08,7,3,Exactly what my team needed.
642,1764,2025-09-09,8,4,Excellent onboarding experience.
643,66,2026-06-18,4,1,Would like more integrations.
644,901,2026-06-20,6,4,"Great product, easy to use."
645,3904,2025-09-29,5,2,App crashes occasionally.
646,4278,2025-07-27,1,1,Love the new dashboard features.
647,3081,2025-03-14,0,1,Pricing is a bit high for what I get.
648,3521,2026-01-22,4,3,Exactly what my team needed.
649,1475,2026-09-14,9,2,Exactly what my team needed.
650,90,2025-09-23,1,4,Would like more integrations.
651,4237,2024-01-19,9,3,Excellent onboarding experience.
652,4275,2025-08-30,10,2,App crashes occasionally.
653,3813,2026-06-17,10,2,Pricing is a bit high for what I get.
654,3227,2026-09-13,4,1,Exactly what my team needed.
655,4045,2025-12-28,3,2,Love the new dashboard features.
656,342,2024-01-16,8,2,"Great product, easy to use."
657,4229,2026-07-12,10,2,Would like more integrations.
658,4435,2025-11-15,8,2,Excellent onboarding experience.
659,2552,2025-04-17,8,1,Love the new dashboard features.
660,444,2026-02-26,3,5,Customer support was slow to respond.
661,2139,2024-01-25,4,5,Pricing is a bit high for what I get.
662,2336,2026-06-27,9,3,Love the new dashboard features.
663,3436,2024-02-04,3,5,Customer support was slow to respond.
664,3278,2023-11-03,2,5,"Great product, easy to use."
665,664,2026-09-07,5,1,App crashes occasionally.
666,3020,2021-11-27,0,1,Customer support was slow to respond.
667,4999,2025-05-07,6,4,"Great product, easy to use."
668,2743,2022-12-10,7,1,"Great product, easy to use."
669,1343,2023-08-17,7,1,Exactly what my team needed.
670,4459,2023-06-20,8,3,Exactly what my team needed.
671,751,2026-02-09,10,3,Customer support was slow to respond.
672,2166,2023-11-30,10,3,Customer support was slow to respond.
673,663,2026-05-03,4,4,Excellent onboarding experience.
674,3117,2026-09-14,5,5,Customer support was slow to respond.
675,3887,2022-05-27,2,4,Excellent onboarding experience.
676,3468,2025-09-10,4,4,Excellent onboarding experience.
677,3993,2025-03-14,7,4,Excellent onboarding experience.
678,3120,2026-04-19,9,4,Excellent onboarding experience.
679,3753,2023-12-06,1,4,Exactly what my team needed.
680,815,2022-04-04,3,4,Excellent onboarding experience.
681,4538,2026-07-22,6,1,Pricing is a bit high for what I get.
682,4553,2025-10-10,8,5,Excellent onboarding experience.
683,2967,2023-09-27,9,5,Exactly what my team needed.
684,2171,2024-03-29,6,3,Exactly what my team needed.
685,3250,2025-08-24,6,2,Customer support was slow to respond.
686,3580,2021-11-28,8,1,Exactly what my team needed.
687,741,2025-02-03,7,1,Pricing is a bit high for what I get.
688,4276,2025-10-09,5,4,Customer support was slow to respond.
689,2749,2024-09-18,1,1,"Great product, easy to use."
690,1460,2026-03-24,2,2,App crashes occasionally.
691,2431,2026-01-19,2,2,"Great product, easy to use."
692,4506,2026-01-11,9,3,Exactly what my team needed.
693,1852,2025-02-17,10,3,Customer support was slow to respond.
694,4524,2022-08-28,6,1,Pricing is a bit high for what I get.
695,1998,2022-06-06,7,4,Love the new dashboard features.
696,2907,2026-06-09,4,3,Exactly what my team needed.
697,4010,2022-11-14,4,1,Pricing is a bit high for what I get.
698,1591,2025-07-21,5,1,Excellent onboarding experience.
699,820,2025-04-01,0,1,Love the new dashboard features.
700,1971,2025-08-30,1,2,App crashes occasionally.
701,3469,2024-12-05,9,1,Would like more integrations.
702,412,2025-07-30,1,2,Pricing is a bit high for what I get.
703,4000,2026-04-19,2,5,Customer support was slow to respond.
704,1441,2025-05-18,8,3,Love the new dashboard features.
705,4488,2026-03-28,6,2,"Great product, easy to use."
706,3541,2023-11-27,6,1,Exactly what my team needed.
707,930,2026-01-15,9,3,Customer support was slow to respond.
708,1067,2025-03-06,8,5,"Great product, easy to use."
709,2627,2022-08-11,7,2,Would like more integrations.
710,3462,2025-04-10,2,3,Exactly what my team needed.
711,1431,2025-11-05,6,2,Love the new dashboard features.
712,105,2024-11-19,10,4,Customer support was slow to respond.
713,2232,2026-04-20,9,1,"Great product, easy to use."
714,4624,2023-04-27,5,4,Love the new dashboard features.
715,3679,2025-03-03,5,4,Love the new dashboard features.
716,1977,2026-09-13,9,4,"Great product, easy to use."
717,4131,2022-10-04,6,3,Customer support was slow to respond.
718,1433,2026-08-29,7,3,Customer support was slow to respond.
719,2950,2024-10-10,0,1,Pricing is a bit high for what I get.
720,3455,2026-05-18,8,1,"Great product, easy to use."
721,913,2024-12-15,1,4,Would like more integrations.
722,2984,2026-01-02,1,5,Customer support was slow to respond.
723,238,2026-08-19,9,3,Customer support was slow to respond.
724,160,2026-03-30,6,3,App crashes occasionally.
725,629,2026-07-26,2,2,"Great product, easy to use."
726,1354,2026-08-14,1,1,Love the new dashboard features.
727,731,2025-06-25,1,1,Exactly what my team needed.
728,317,2026-04-20,1,1,App crashes occasionally.
729,3537,2024-05-29,9,5,App crashes occasionally.
730,898,2022-12-04,3,3,Pricing is a bit high for what I get.
731,531,2026-08-02,6,2,Excellent onboarding experience.
732,1504,2025-03-09,4,4,Excellent onboarding experience.
733,3738,2024-12-17,0,2,"Great product, easy to use."
734,275,2025-10-11,8,4,Customer support was slow to respond.
735,3364,2024-01-27,9,3,Exactly what my team needed.
736,1380,2025-01-08,5,3,Customer support was slow to respond.
737,3820,2026-08-08,5,5,App crashes occasionally.
738,3223,2025-08-27,6,5,Would like more integrations.
739,1781,2023-05-13,2,5,Would like more integrations.
740,3777,2024-06-14,1,5,Customer support was slow to respond.
741,4318,2026-08-30,4,3,Exactly what my team needed.
742,3709,2026-07-05,3,2,Love the new dashboard features.
743,1484,2022-01-19,3,2,Would like more integrations.
744,2624,2025-03-23,0,3,Excellent onboarding experience.
745,4945,2026-07-30,7,4,Pricing is a bit high for what I get.
746,755,2024-01-06,1,1,Excellent onboarding experience.
747,2667,2023-02-09,3,3,Would like more integrations.
748,1605,2023-06-08,3,3,Love the new dashboard features.
749,2295,2025-10-30,6,2,App crashes occasionally.
750,2501,2026-09-10,10,2,Exactly what my team needed.
751,2330,2024-03-25,1,2,Excellent onboarding experience.
752,1834,2025-11-06,3,5,Would like more integrations.
753,3949,2025-10-08,6,2,App crashes occasionally.
754,4148,2023-10-13,3,2,Excellent onboarding experience.
755,584,2026-01-09,1,3,Pricing is a bit high for what I get.
756,4992,2025-03-31,9,5,Customer support was slow to respond.
757,3940,2023-12-04,8,4,App crashes occasionally.
758,3338,2022-09-24,4,3,App crashes occasionally.
759,4384,2023-04-15,2,5,Would like more integrations.
760,1865,2025-02-10,7,2,Excellent onboarding experience.
761,1684,2026-01-05,0,3,Love the new dashboard features.
762,1396,2025-11-21,4,1,Excellent onboarding experience.
763,3550,2025-05-27,4,2,"Great product, easy to use."
764,633,2022-12-22,3,1,Customer support was slow to respond.
765,2437,2026-02-22,8,5,Love the new dashboard features.
766,541,2025-06-09,2,3,"Great product, easy to use."
767,1525,2023-09-02,5,1,Pricing is a bit high for what I get.
768,681,2024-05-18,5,1,Excellent onboarding experience.
769,1766,2024-10-12,2,3,Love the new dashboard features.
770,3113,2026-03-01,2,5,Would like more integrations.
771,1818,2026-05-20,8,2,Excellent onboarding experience.
772,4355,2025-12-05,8,3,Customer support was slow to respond.
773,4054,2023-12-31,0,2,"Great product, easy to use."
774,69,2026-08-10,0,1,Customer support was slow to respond.
775,2662,2026-08-01,7,4,Would like more integrations.
776,3907,2026-01-11,6,4,Love the new dashboard features.
777,2173,2026-02-24,7,1,Love the new dashboard features.
778,1627,2021-06-05,7,4,Love the new dashboard features.
779,2710,2022-12-08,5,4,Exactly what my team needed.
780,1647,2025-11-20,1,2,App crashes occasionally.
781,3450,2025-04-22,8,3,"Great product, easy to use."
782,3927,2026-05-30,0,5,Love the new dashboard features.
783,3486,2025-01-14,3,4,"Great product, easy to use."
784,1579,2026-08-17,6,2,Exactly what my team needed.
785,3239,2026-04-04,0,2,"Great product, easy to use."
786,4002,2025-01-04,3,4,Customer support was slow to respond.
787,2503,2025-04-18,5,4,Pricing is a bit high for what I get.
788,991,2026-01-04,2,3,"Great product, easy to use."
789,2676,2026-08-04,3,5,Would like more integrations.
790,4569,2023-11-25,10,1,Excellent onboarding experience.
791,1014,2024-09-28,9,2,Pricing is a bit high for what I get.
792,1626,2026-03-10,5,2,App crashes occasionally.
793,4398,2024-05-23,6,5,Customer support was slow to respond.
794,4138,2024-04-02,8,3,App crashes occasionally.
795,4113,2026-05-21,5,2,Excellent onboarding experience.
796,1027,2025-04-17,1,3,Excellent onboarding experience.
797,223,2026-08-14,0,2,Exactly what my team needed.
798,4059,2024-12-31,4,2,Love the new dashboard features.
799,3458,2026-08-22,2,1,"Great product, easy to use."
800,2923,2024-03-23,7,2,App crashes occasionally.
801,3277,2026-06-13,5,5,Would like more integrations.
802,3295,2026-02-03,6,5,Excellent onboarding experience.
803,2049,2026-02-09,0,2,Love the new dashboard features.
804,110,2025-11-14,9,3,Exactly what my team needed.
805,3373,2025-10-05,7,2,Exactly what my team needed.
806,148,2026-04-20,5,1,Pricing is a bit high for what I get.
807,2602,2025-07-11,2,2,Pricing is a bit high for what I get.
808,1176,2024-09-23,5,2,"Great product, easy to use."
809,1185,2025-07-21,9,3,Exactly what my team needed.
810,2944,2023-03-15,4,2,Would like more integrations.
811,374,2026-06-08,10,5,Pricing is a bit high for what I get.
812,2785,2025-01-14,6,1,App crashes occasionally.
813,3960,2023-05-15,1,2,Customer support was slow to respond.
814,1503,2026-06-01,3,5,Love the new dashboard features.
815,3515,2024-10-19,7,3,Excellent onboarding experience.
816,4922,2024-06-18,10,3,Pricing is a bit high for what I get.
817,679,2021-05-10,0,1,Would like more integrations.
818,400,2025-11-16,1,1,Love the new dashboard features.
819,2446,2026-04-29,7,5,"Great product, easy to use."
820,4391,2025-11-15,8,1,Love the new dashboard features.
821,3279,2026-03-23,0,2,App crashes occasionally.
822,218,2026-04-27,0,1,App crashes occasionally.
823,4997,2022-12-21,10,4,Customer support was slow to respond.
824,2384,2026-05-17,7,2,Exactly what my team needed.
825,4405,2023-04-11,10,5,App crashes occasionally.
826,3402,2026-04-11,6,3,Excellent onboarding experience.
827,3870,2025-07-22,3,4,Love the new dashboard features.
828,1697,2025-07-05,3,5,Customer support was slow to respond.
829,3725,2024-09-24,7,2,Would like more integrations.
830,2794,2025-10-05,8,2,Excellent onboarding experience.
831,826,2023-04-05,7,5,Would like more integrations.
832,3936,2026-05-17,6,5,Excellent onboarding experience.
833,4401,2026-06-03,0,2,Customer support was slow to respond.
834,1544,2023-08-27,3,4,Love the new dashboard features.
835,4057,2024-02-07,7,5,Customer support was slow to respond.
836,1103,2025-08-01,2,2,Excellent onboarding experience.
837,2598,2026-08-29,8,1,Pricing is a bit high for what I get.
838,774,2025-06-30,5,4,"Great product, easy to use."
839,1061,2021-09-30,8,1,Customer support was slow to respond.
840,2594,2026-09-12,8,5,Customer support was slow to respond.
841,1931,2025-04-09,10,3,Exactly what my team needed.
842,1732,2026-08-23,8,2,Excellent onboarding experience.
843,2905,2025-09-04,7,2,Would like more integrations.
844,3527,2025-10-08,7,2,App crashes occasionally.
845,2240,2022-07-27,1,5,Love the new dashboard features.
846,4341,2025-09-21,0,5,Pricing is a bit high for what I get.
847,899,2026-01-31,3,3,Pricing is a bit high for what I get.
848,4474,2024-11-18,4,5,Exactly what my team needed.
849,4933,2025-01-25,8,2,Excellent onboarding experience.
850,981,2023-12-14,4,2,Exactly what my team needed.
851,11,2026-07-05,3,4,Pricing is a bit high for what I get.
852,4967,2025-10-24,7,3,Excellent onboarding experience.
853,715,2026-03-02,4,2,Pricing is a bit high for what I get.
854,1965,2025-11-13,4,3,Would like more integrations.
855,502,2026-05-21,6,3,App crashes occasionally.
856,4043,2022-05-04,6,5,Excellent onboarding experience.
857,1399,2026-07-31,3,1,Exactly what my team needed.
858,4645,2026-05-09,10,2,Love the new dashboard features.
859,409,2025-12-23,3,5,App crashes occasionally.
860,3957,2025-09-12,8,1,App crashes occasionally.
861,1796,2026-02-01,4,1,Exactly what my team needed.
862,1752,2026-07-21,10,4,Love the new dashboard features.
863,4186,2024-01-13,7,2,"Great product, easy to use."
864,2328,2026-08-19,9,2,Love the new dashboard features.
865,3019,2024-06-30,0,2,Excellent onboarding experience.
866,3956,2026-08-08,3,4,"Great product, easy to use."
867,476,2025-02-16,4,2,Pricing is a bit high for what I get.
868,587,2024-01-03,7,2,Would like more integrations.
869,2017,2025-02-15,6,5,Exactly what my team needed.
870,3583,2026-02-03,10,5,Excellent onboarding experience.
871,4715,2026-03-21,4,5,Exactly what my team needed.
872,2948,2025-07-01,7,2,Customer support was slow to respond.
873,1469,2026-09-05,10,4,Excellent onboarding experience.
874,345,2025-12-26,5,5,Pricing is a bit high for what I get.
875,118,2023-08-21,4,3,App crashes occasionally.
876,3658,2021-11-02,8,3,Excellent onboarding experience.
877,1236,2025-03-27,7,3,"Great product, easy to use."
878,2985,2024-08-31,3,4,Pricing is a bit high for what I get.
879,109,2025-09-01,4,5,Love the new dashboard features.
880,2626,2023-09-21,5,5,Excellent onboarding experience.
881,2686,2026-09-05,4,4,Exactly what my team needed.
882,600,2026-07-04,4,3,"Great product, easy to use."
883,440,2025-07-13,1,5,"Great product, easy to use."
884,4867,2025-02-13,2,2,Customer support was slow to respond.
885,1120,2025-11-28,2,3,Exactly what my team needed.
886,3351,2026-04-16,1,2,Pricing is a bit high for what I get.
887,4845,2026-01-14,10,3,Customer support was slow to respond.
888,2261,2025-09-25,5,3,Pricing is a bit high for what I get.
889,3354,2025-02-12,3,5,App crashes occasionally.
890,4520,2024-08-27,3,3,Customer support was slow to respond.
891,1842,2025-11-25,0,5,"Great product, easy to use."
892,361,2025-06-27,1,5,"Great product, easy to use."
893,91,2026-08-14,10,1,App crashes occasionally.
894,3197,2026-08-03,8,3,Love the new dashboard features.
895,1801,2026-07-07,3,2,App crashes occasionally.
896,2623,2026-08-27,6,4,Excellent onboarding experience.
897,2116,2024-02-25,3,5,Love the new dashboard features.
898,2008,2026-09-09,2,4,Exactly what my team needed.
899,1679,2026-01-02,10,3,App crashes occasionally.
900,1249,2023-10-30,1,2,Would like more integrations.
901,4159,2026-05-23,7,3,Love the new dashboard features.
902,2036,2024-05-10,4,2,Love the new dashboard features.
903,1352,2025-12-31,6,5,Pricing is a bit high for what I get.
904,4462,2024-01-20,6,2,Love the new dashboard features.
905,4770,2025-07-04,2,3,Exactly what my team needed.
906,1492,2026-01-27,1,4,Love the new dashboard features.
907,3114,2025-11-01,3,5,Pricing is a bit high for what I get.
908,3879,2024-11-19,6,4,Exactly what my team needed.
909,3711,2026-01-10,4,4,Would like more integrations.
910,272,2026-01-15,5,2,Exactly what my team needed.
911,4431,2022-03-11,1,5,Exactly what my team needed.
912,1515,2026-05-05,10,2,Customer support was slow to respond.
913,4357,2025-09-30,8,2,"Great product, easy to use."
914,3161,2024-11-26,4,3,App crashes occasionally.
915,998,2025-03-11,10,4,Exactly what my team needed.
916,1272,2024-02-07,10,3,App crashes occasionally.
917,3598,2023-12-13,5,5,Exactly what my team needed.
918,2398,2026-09-06,2,5,"Great product, easy to use."
919,4843,2026-09-06,1,2,Love the new dashboard features.
920,706,2026-05-29,3,2,App crashes occasionally.
921,556,2024-10-12,0,3,Customer support was slow to respond.
922,4445,2026-05-09,10,5,Exactly what my team needed.
923,2515,2026-03-26,0,2,"Great product, easy to use."
924,4087,2026-06-14,2,2,Customer support was slow to respond.
925,316,2025-07-16,10,3,Pricing is a bit high for what I get.
926,1637,2025-07-29,7,4,Excellent onboarding experience.
927,920,2026-01-22,3,1,Customer support was slow to respond.
928,1373,2023-06-06,1,3,Exactly what my team needed.
929,3474,2026-06-01,8,4,Excellent onboarding experience.
930,2792,2024-12-25,3,5,Would like more integrations.
931,161,2024-10-09,7,5,Would like more integrations.
932,855,2025-08-28,10,3,"Great product, easy to use."
933,926,2026-07-14,4,4,Love the new dashboard features.
934,1882,2026-01-14,7,4,Exactly what my team needed.
935,3903,2024-03-25,1,3,Excellent onboarding experience.
936,850,2024-12-17,7,2,"Great product, easy to use."
937,3065,2026-02-15,0,1,"Great product, easy to use."
938,3641,2026-08-19,4,5,Would like more integrations.
939,1319,2026-01-21,6,4,Excellent onboarding experience.
940,3411,2024-02-25,7,1,Excellent onboarding experience.
941,4651,2025-12-09,6,4,"Great product, easy to use."
942,4098,2025-08-03,1,4,"Great product, easy to use."
943,2884,2025-08-17,1,4,Would like more integrations.
944,3328,2022-11-18,1,5,Exactly what my team needed.
945,4858,2026-03-17,0,3,Exactly what my team needed.
946,2228,2026-04-22,6,2,"Great product, easy to use."
947,1004,2026-03-01,1,4,Would like more integrations.
948,640,2026-08-22,0,5,Customer support was slow to respond.
949,3209,2026-07-22,8,3,App crashes occasionally.
950,3664,2021-12-20,4,4,Would like more integrations.
951,2060,2021-10-24,5,5,Customer support was slow to respond.
952,4209,2025-07-10,0,1,Excellent onboarding experience.
953,2509,2026-02-15,0,2,Pricing is a bit high for what I get.
954,407,2026-05-04,4,5,Pricing is a bit high for what I get.
955,2443,2024-02-28,9,3,Would like more integrations.
956,501,2023-08-17,4,5,Excellent onboarding experience.
957,3460,2026-02-06,3,2,Would like more integrations.
958,4862,2023-08-18,5,4,Pricing is a bit high for what I get.
959,1013,2023-02-13,0,2,Exactly what my team needed.
960,3873,2026-01-17,0,2,App crashes occasionally.
961,1108,2026-03-30,8,5,Exactly what my team needed.
962,1112,2026-09-01,1,4,App crashes occasionally.
963,4649,2026-09-10,6,3,Would like more integrations.
964,1217,2025-11-04,8,3,Customer support was slow to respond.
965,2128,2026-04-22,6,2,Exactly what my team needed.
966,2945,2026-04-08,2,4,Would like more integrations.
967,1563,2022-01-26,1,3,App crashes occasionally.
968,4656,2026-04-04,3,3,Love the new dashboard features.
969,802,2026-08-28,2,1,Exactly what my team needed.
970,2589,2023-09-23,1,4,Pricing is a bit high for what I get.
971,2457,2026-02-22,7,4,Excellent onboarding experience.
972,2853,2026-07-02,1,2,Customer support was slow to respond.
973,2234,2023-11-05,5,1,App crashes occasionally.
974,892,2026-06-11,5,5,Customer support was slow to respond.
975,107,2023-08-12,3,2,App crashes occasionally.
976,4380,2022-05-10,0,3,"Great product, easy to use."
977,758,2026-02-14,4,2,"Great product, easy to use."
978,800,2026-03-23,7,1,"Great product, easy to use."
979,4886,2024-08-13,3,3,App crashes occasionally.
980,3549,2025-07-12,6,2,App crashes occasionally.
981,839,2026-03-18,9,5,Pricing is a bit high for what I get.
982,2492,2024-12-22,10,4,Exactly what my team needed.
983,273,2026-04-30,7,4,Exactly what my team needed.
984,456,2026-05-25,10,3,"Great product, easy to use."
985,3921,2025-04-05,6,5,Pricing is a bit high for what I get.
986,2098,2025-09-05,2,4,Excellent onboarding experience.
987,1778,2025-10-05,3,4,Excellent onboarding experience.
988,4688,2026-09-11,9,5,Customer support was slow to respond.
989,4677,2023-07-13,9,3,Would like more integrations.
990,4670,2024-01-22,0,5,"Great product, easy to use."
991,1531,2025-08-04,2,4,Customer support was slow to respond.
992,2333,2024-03-18,10,2,Excellent onboarding experience.
993,1083,2022-12-15,3,5,Customer support was slow to respond.
994,985,2024-06-18,7,2,Would like more integrations.
995,4402,2023-11-02,7,3,App crashes occasionally.
996,2449,2023-09-25,1,3,App crashes occasionally.
997,2354,2026-08-18,3,3,Excellent onboarding experience.
998,2039,2025-04-17,6,3,Exactly what my team needed.
999,4190,2026-03-22,10,5,Excellent onboarding experience.
1000,4633,2025-12-20,10,1,Love the new dashboard features.
1001,4824,2026-07-26,1,3,Pricing is a bit high for what I get.
1002,1212,2025-05-24,10,4,Customer support was slow to respond.
1003,3290,2024-09-10,2,1,Love the new dashboard features.
1004,1497,2024-08-09,3,2,Love the new dashboard features.
1005,3244,2026-04-30,10,2,Would like more integrations.
1006,4561,2026-03-17,0,1,Excellent onboarding experience.
1007,171,2026-04-25,8,1,Pricing is a bit high for what I get.
1008,2459,2022-04-10,1,1,Exactly what my team needed.
1009,780,2026-01-01,4,2,Pricing is a bit high for what I get.
1010,1516,2025-12-04,0,2,Customer support was slow to respond.
1011,4940,2023-11-29,2,4,Pricing is a bit high for what I get.
1012,1933,2026-04-13,9,1,Exactly what my team needed.
1013,212,2026-03-12,3,5,Would like more integrations.
1014,4267,2026-08-18,9,3,Customer support was slow to respond.
1015,1109,2025-06-14,1,2,App crashes occasionally.
1016,6,2026-05-14,7,1,Pricing is a bit high for what I get.
1017,765,2024-11-27,0,3,Pricing is a bit high for what I get.
1018,2780,2025-05-13,2,3,Pricing is a bit high for what I get.
1019,4985,2026-02-10,10,3,Exactly what my team needed.
1020,3611,2026-01-23,10,4,"Great product, easy to use."
1021,2044,2025-08-08,2,4,Would like more integrations.
1022,3241,2025-05-19,0,3,Would like more integrations.
1023,4866,2024-02-14,4,2,Would like more integrations.
1024,4371,2023-01-26,4,1,Exactly what my team needed.
1025,951,2026-01-20,9,2,Excellent onboarding experience.
1026,3371,2023-05-17,7,5,Customer support was slow to respond.
1027,3162,2024-03-07,1,1,Pricing is a bit high for what I get.
1028,3011,2026-03-01,1,1,Excellent onboarding experience.
1029,170,2024-05-14,5,3,Excellent onboarding experience.
1030,975,2025-09-11,1,5,Would like more integrations.
1031,3248,2025-12-02,9,1,Excellent onboarding experience.
1032,2640,2026-06-26,3,1,Customer support was slow to respond.
1033,4505,2026-07-11,1,1,"Great product, easy to use."
1034,2531,2026-08-28,3,2,Excellent onboarding experience.
1035,50,2025-10-27,0,4,Excellent onboarding experience.
1036,195,2026-07-15,2,3,Customer support was slow to respond.
1037,1306,2026-07-23,7,3,App crashes occasionally.
1038,2356,2026-03-31,4,5,Customer support was slow to respond.
1039,2619,2024-07-06,8,4,Excellent onboarding experience.
1040,3275,2026-01-17,5,4,Love the new dashboard features.
1041,4124,2025-03-24,9,2,Would like more integrations.
1042,1174,2026-08-08,1,5,Love the new dashboard features.
1043,88,2023-04-09,0,1,Love the new dashboard features.
1044,4607,2025-09-22,2,5,Customer support was slow to respond.
1045,4230,2023-08-17,7,4,"Great product, easy to use."
1046,4924,2023-11-11,9,2,Love the new dashboard features.
1047,3426,2025-03-23,6,2,Customer support was slow to respond.
1048,1038,2025-03-29,6,4,Excellent onboarding experience.
1049,568,2024-09-06,7,1,Customer support was slow to respond.
1050,2125,2026-06-25,2,2,Pricing is a bit high for what I get.
1051,1033,2026-06-21,5,3,Customer support was slow to respond.
1052,1700,2025-10-19,9,5,App crashes occasionally.
1053,4761,2025-12-11,1,3,"Great product, easy to use."
1054,1151,2026-01-10,3,4,Excellent onboarding experience.
1055,1121,2022-11-06,1,3,Would like more integrations.
1056,3028,2025-05-23,10,2,App crashes occasionally.
1057,1331,2024-12-27,1,3,Would like more integrations.
1058,4513,2026-07-18,6,3,Would like more integrations.
1059,1511,2025-06-19,5,2,App crashes occasionally.
1060,3762,2022-02-12,4,3,"Great product, easy to use."
1061,4600,2023-06-06,0,3,Love the new dashboard features.
1062,4475,2023-09-25,5,2,Would like more integrations.
1063,824,2025-10-16,7,5,"Great product, easy to use."
1064,2185,2026-05-17,4,3,Excellent onboarding experience.
1065,289,2021-09-15,8,3,Customer support was slow to respond.
1066,3645,2026-07-17,0,3,Love the new dashboard features.
1067,3297,2022-11-03,2,5,Would like more integrations.
1068,2823,2025-12-26,0,3,Would like more integrations.
1069,911,2024-03-10,3,1,Exactly what my team needed.
1070,4279,2023-01-09,2,5,Customer support was slow to respond.
1071,4752,2026-08-05,1,4,Pricing is a bit high for what I get.
1072,690,2025-05-25,2,3,Pricing is a bit high for what I get.
1073,4653,2024-07-30,4,3,"Great product, easy to use."
1074,4769,2026-01-01,1,3,Would like more integrations.
1075,398,2026-08-05,5,5,Exactly what my team needed.
1076,1597,2022-04-01,7,5,"Great product, easy to use."
1077,1974,2024-05-22,6,1,Exactly what my team needed.
1078,823,2025-08-25,4,3,"Great product, easy to use."
1079,470,2024-11-01,9,2,Exactly what my team needed.
1080,104,2026-04-30,7,3,Love the new dashboard features.
1081,4349,2025-09-25,10,5,Would like more integrations.
1082,4563,2026-06-25,1,5,App crashes occasionally.
1083,4454,2026-04-14,3,2,Excellent onboarding experience.
1084,859,2024-12-17,0,4,Exactly what my team needed.
1085,1620,2023-04-16,0,4,App crashes occasionally.
1086,1715,2026-08-26,8,3,Exactly what my team needed.
1087,4560,2026-06-29,6,4,Exactly what my team needed.
1088,2583,2026-06-26,8,2,Love the new dashboard features.
1089,1332,2023-07-17,8,4,"Great product, easy to use."
1090,1989,2026-08-14,2,3,App crashes occasionally.
1091,2012,2026-01-28,9,1,Exactly what my team needed.
1092,2813,2026-03-01,6,3,Love the new dashboard features.
1093,4762,2021-08-23,0,2,App crashes occasionally.
1094,327,2023-10-18,1,2,Would like more integrations.
1095,4112,2026-06-30,7,2,Excellent onboarding experience.
1096,377,2026-04-10,2,2,Pricing is a bit high for what I get.
1097,2705,2025-07-04,9,5,Exactly what my team needed.
1098,4503,2025-02-21,6,1,Would like more integrations.
1099,4596,2022-06-15,1,3,"Great product, easy to use."
1100,1949,2025-05-04,7,4,"Great product, easy to use."
1101,936,2021-06-07,7,1,Exactly what my team needed.
1102,1022,2024-02-14,1,4,Exactly what my team needed.
1103,4219,2026-08-19,5,5,"Great product, easy to use."
1104,4074,2024-08-27,7,4,Customer support was slow to respond.
1105,3505,2024-02-23,6,3,Customer support was slow to respond.
1106,1953,2024-07-12,7,2,Excellent onboarding experience.
1107,2956,2026-04-25,3,2,Love the new dashboard features.
1108,609,2024-09-03,9,2,Customer support was slow to respond.
1109,3308,2026-06-22,4,4,App crashes occasionally.
1110,1288,2026-09-12,1,5,Love the new dashboard features.
1111,114,2026-06-20,6,3,"Great product, easy to use."
1112,1001,2025-07-31,2,1,Excellent onboarding experience.
1113,673,2025-02-05,7,1,Would like more integrations.
1114,3101,2024-12-10,7,5,Would like more integrations.
1115,2703,2025-03-19,0,4,Excellent onboarding experience.
1116,2447,2024-07-18,1,1,Love the new dashboard features.
1117,4568,2024-11-14,8,5,Love the new dashboard features.
1118,4434,2026-08-23,4,1,Pricing is a bit high for what I get.
1119,4926,2026-04-17,0,5,Pricing is a bit high for what I get.
1120,4833,2024-06-29,3,3,Would like more integrations.
1121,2062,2026-06-02,7,4,"Great product, easy to use."
1122,3321,2026-02-15,3,3,Pricing is a bit high for what I get.
1123,4067,2022-04-27,3,5,Excellent onboarding experience.
1124,329,2023-11-04,8,1,Pricing is a bit high for what I get.
1125,559,2022-03-16,9,1,App crashes occasionally.
1126,931,2023-02-03,1,1,Excellent onboarding experience.
1127,2018,2024-09-18,10,1,"Great product, easy to use."
1128,4725,2026-07-24,1,3,Love the new dashboard features.
1129,1614,2026-08-03,2,4,Would like more integrations.
1130,2713,2025-10-01,8,5,Customer support was slow to respond.
1131,4547,2024-10-03,7,1,Pricing is a bit high for what I get.
1132,4982,2026-08-13,7,5,Exactly what my team needed.
1133,2772,2024-05-29,8,4,App crashes occasionally.
1134,4497,2024-11-14,4,3,Exactly what my team needed.
1135,2206,2026-09-11,3,1,Excellent onboarding experience.
1136,561,2026-04-14,3,5,Excellent onboarding experience.
1137,1330,2024-10-12,8,4,Exactly what my team needed.
1138,4181,2024-12-22,0,2,Exactly what my team needed.
1139,197,2025-08-16,0,3,Exactly what my team needed.
1140,3192,2025-12-22,1,1,"Great product, easy to use."
1141,1702,2025-07-14,2,1,Customer support was slow to respond.
1142,1550,2026-06-12,6,1,Excellent onboarding experience.
1143,162,2026-07-23,2,1,App crashes occasionally.
1144,3610,2026-08-28,4,2,Love the new dashboard features.
1145,1926,2025-01-31,4,1,Love the new dashboard features.
1146,1077,2026-09-13,4,5,Would like more integrations.
1147,3220,2026-06-16,9,5,Customer support was slow to respond.
1148,2341,2025-03-29,2,1,Exactly what my team needed.
1149,301,2026-09-12,4,4,Love the new dashboard features.
1150,2186,2024-07-24,9,4,Pricing is a bit high for what I get.
1151,1105,2025-11-25,5,5,Would like more integrations.
1152,1903,2023-02-06,6,2,Would like more integrations.
1153,3045,2023-03-27,8,2,Excellent onboarding experience.
1154,1919,2021-10-11,9,4,Pricing is a bit high for what I get.
1155,623,2025-10-16,7,5,Excellent onboarding experience.
1156,482,2022-01-19,6,4,Pricing is a bit high for what I get.
1157,2559,2025-09-20,7,2,Excellent onboarding experience.
1158,131,2022-03-20,8,4,Would like more integrations.
1159,4713,2025-11-05,3,5,Excellent onboarding experience.
1160,1967,2022-08-05,4,2,Exactly what my team needed.
1161,3233,2026-06-09,7,4,Would like more integrations.
1162,2994,2024-10-18,7,2,Customer support was slow to respond.
1163,1410,2022-05-13,8,5,Exactly what my team needed.
1164,220,2025-12-31,1,2,"Great product, easy to use."
1165,3040,2026-06-01,0,2,App crashes occasionally.
1166,2370,2025-03-21,1,4,Customer support was slow to respond.
1167,4925,2026-05-03,2,3,Would like more integrations.
1168,1518,2025-03-12,5,3,Exactly what my team needed.
1169,1682,2023-10-29,5,5,Excellent onboarding experience.
1170,4065,2023-03-19,0,5,"Great product, easy to use."
1171,1650,2023-03-09,7,2,Excellent onboarding experience.
1172,3628,2026-01-27,3,3,Would like more integrations.
1173,3216,2026-02-12,0,3,Exactly what my team needed.
1174,3829,2026-01-07,2,2,"Great product, easy to use."
1175,2182,2024-03-26,10,2,App crashes occasionally.
1176,2510,2025-05-23,7,5,Would like more integrations.
1177,2816,2024-10-18,6,2,Excellent onboarding experience.
1178,1820,2026-06-24,7,1,Excellent onboarding experience.
1179,4472,2026-01-31,5,5,"Great product, easy to use."
1180,1566,2026-06-05,1,4,Customer support was slow to respond.
1181,20,2026-02-06,0,2,Love the new dashboard features.
1182,4116,2026-06-13,6,3,Would like more integrations.
1183,4142,2024-10-20,4,1,Exactly what my team needed.
1184,3832,2026-07-30,2,1,Customer support was slow to respond.
1185,4372,2024-08-08,0,2,Love the new dashboard features.
1186,3055,2026-03-01,10,5,Excellent onboarding experience.
1187,2210,2025-10-25,4,2,Pricing is a bit high for what I get.
1188,1815,2022-09-12,8,3,Customer support was slow to respond.
1189,4722,2025-11-02,1,2,Customer support was slow to respond.
1190,1377,2026-07-19,6,2,Exactly what my team needed.
1191,3431,2025-11-04,9,3,Pricing is a bit high for what I get.
1192,3540,2025-11-13,4,2,Love the new dashboard features.
1193,1039,2026-04-22,1,2,Customer support was slow to respond.
1194,2282,2022-11-27,2,5,Pricing is a bit high for what I get.
1195,4089,2024-07-26,8,2,Would like more integrations.
1196,2530,2022-10-01,8,1,"Great product, easy to use."
1197,2301,2025-09-06,7,1,Exactly what my team needed.
1198,1843,2022-10-05,0,2,"Great product, easy to use."
1199,459,2025-08-12,4,3,"Great product, easy to use."
1200,3130,2022-11-05,1,2,Customer support was slow to respond.
1201,2580,2026-06-25,7,5,Love the new dashboard features.
1202,696,2022-08-25,2,1,"Great product, easy to use."
1203,2769,2025-05-15,6,5,Customer support was slow to respond.
1204,2584,2023-06-25,2,2,Customer support was slow to respond.
1205,17,2026-05-20,9,5,Customer support was slow to respond.
1206,1467,2024-10-13,9,5,Customer support was slow to respond.
1207,2409,2025-11-09,10,5,Pricing is a bit high for what I get.
1208,1508,2025-12-07,8,2,Customer support was slow to respond.
1209,3717,2024-06-10,8,4,Excellent onboarding experience.
1210,2825,2025-06-08,6,2,Excellent onboarding experience.
1211,2975,2023-10-16,10,1,Would like more integrations.
1212,4852,2025-04-12,9,2,Exactly what my team needed.
1213,2483,2026-05-10,3,3,Exactly what my team needed.
1214,4383,2025-03-10,7,4,App crashes occasionally.
1215,4537,2024-03-17,5,5,Love the new dashboard features.
1216,2841,2024-11-19,4,3,Excellent onboarding experience.
1217,647,2023-06-28,9,3,Love the new dashboard features.
1218,4884,2026-05-11,8,3,Excellent onboarding experience.
1219,4256,2026-08-18,9,3,"Great product, easy to use."
1220,2606,2026-07-23,5,5,Would like more integrations.
1221,3004,2025-08-18,10,4,Exactly what my team needed.
1222,2906,2024-11-18,9,4,App crashes occasionally.
1223,2397,2025-07-22,6,1,Exactly what my team needed.
1224,3001,2026-05-18,8,2,Customer support was slow to respond.
1225,642,2023-09-08,8,3,App crashes occasionally.
1226,2329,2024-08-10,0,1,Love the new dashboard features.
1227,2149,2023-08-20,9,2,Would like more integrations.
1228,4107,2026-07-23,3,1,Love the new dashboard features.
1229,4512,2026-02-15,5,3,Customer support was slow to respond.
1230,3083,2026-08-20,5,4,Love the new dashboard features.
1231,897,2021-07-15,8,1,Customer support was slow to respond.
1232,4152,2025-08-24,9,1,Love the new dashboard features.
1233,4532,2022-04-27,2,3,Would like more integrations.
1234,4211,2026-09-10,9,4,App crashes occasionally.
1235,611,2025-02-18,0,3,Excellent onboarding experience.
1236,72,2024-09-12,1,1,Excellent onboarding experience.
1237,3222,2026-08-14,2,3,"Great product, easy to use."
1238,206,2026-05-23,8,5,Customer support was slow to respond.
1239,3830,2024-03-03,6,2,Would like more integrations.
1240,3908,2025-06-07,7,3,Pricing is a bit high for what I get.
1241,1167,2023-03-30,7,4,Pricing is a bit high for what I get.
1242,2762,2026-05-31,8,1,"Great product, easy to use."
1243,1054,2026-03-21,8,1,Exactly what my team needed.
1244,4231,2026-01-01,0,4,Customer support was slow to respond.
1245,3926,2025-03-05,10,5,"Great product, easy to use."
1246,3585,2024-12-14,4,4,"Great product, easy to use."
1247,4578,2025-08-13,4,1,Would like more integrations.
1248,873,2026-01-13,9,3,Love the new dashboard features.
1249,359,2025-08-22,3,3,"Great product, easy to use."
1250,2316,2025-01-31,3,5,Would like more integrations.
1251,1301,2024-02-24,10,3,App crashes occasionally.
1252,1860,2023-12-19,10,3,"Great product, easy to use."
1253,3655,2023-02-08,10,3,Pricing is a bit high for what I get.
1254,1540,2024-10-12,5,4,Customer support was slow to respond.
1255,4693,2026-07-05,7,4,"Great product, easy to use."
1256,1636,2023-04-07,2,4,App crashes occasionally.
1257,1806,2023-08-02,10,5,Excellent onboarding experience.
1258,3177,2025-12-23,1,5,App crashes occasionally.
1259,4330,2026-08-21,0,4,Excellent onboarding experience.
1260,806,2023-07-20,0,4,App crashes occasionally.
1261,45,2026-06-27,6,5,Customer support was slow to respond.
1262,2204,2026-02-06,7,5,Pricing is a bit high for what I get.
1263,2867,2024-07-25,5,3,"Great product, easy to use."
1264,271,2025-07-07,4,5,Exactly what my team needed.
1265,2490,2026-03-05,2,1,App crashes occasionally.
1266,227,2026-09-11,2,5,Would like more integrations.
1267,4616,2025-09-09,5,5,Love the new dashboard features.
1268,3599,2025-09-11,1,2,Exactly what my team needed.
1269,4500,2024-04-20,8,5,Exactly what my team needed.
1270,1480,2025-10-10,5,2,Excellent onboarding experience.
1271,385,2026-06-05,6,4,"Great product, easy to use."
1272,3285,2025-02-13,4,2,Excellent onboarding experience.
1273,2168,2026-08-12,7,4,Pricing is a bit high for what I get.
1274,783,2023-04-12,2,3,App crashes occasionally.
1275,4056,2026-05-22,4,4,Pricing is a bit high for what I get.
1276,3962,2025-08-03,7,2,"Great product, easy to use."
1277,1283,2026-09-03,8,1,App crashes occasionally.
1278,3857,2026-08-04,9,4,Excellent onboarding experience.
1279,2051,2026-08-01,0,2,"Great product, easy to use."
1280,1581,2023-01-25,7,4,Love the new dashboard features.
1281,286,2026-08-24,1,4,Love the new dashboard features.
1282,2927,2026-07-14,1,5,"Great product, easy to use."
1283,3722,2026-01-03,9,1,Love the new dashboard features.
1284,3153,2025-11-28,3,4,Excellent onboarding experience.
1285,4909,2025-02-04,7,3,Customer support was slow to respond.
1286,2312,2022-08-29,2,5,Pricing is a bit high for what I get.
1287,3975,2025-09-26,6,1,Exactly what my team needed.
1288,2126,2026-01-06,4,2,Customer support was slow to respond.
1289,4111,2026-01-15,4,4,Would like more integrations.
1290,3502,2024-11-25,4,1,Customer support was slow to respond.
1291,3842,2025-03-17,0,4,Customer support was slow to respond.
1292,1575,2026-02-22,0,1,Would like more integrations.
1293,2555,2026-03-28,7,2,"Great product, easy to use."
1294,1018,2026-02-28,7,4,Exactly what my team needed.
1295,1737,2025-05-07,9,3,App crashes occasionally.
1296,2445,2026-03-11,2,3,"Great product, easy to use."
1297,4086,2024-11-20,3,5,Would like more integrations.
1298,349,2023-05-13,6,3,Customer support was slow to respond.
1299,2262,2023-10-30,6,4,Pricing is a bit high for what I get.
1300,2450,2024-10-20,4,1,Pricing is a bit high for what I get.
1301,3284,2025-05-06,0,4,Excellent onboarding experience.
1302,2753,2026-01-10,4,1,App crashes occasionally.
1303,2824,2025-04-27,10,2,Exactly what my team needed.
1304,3784,2024-11-05,3,2,Love the new dashboard features.
1305,952,2026-03-15,9,4,Customer support was slow to respond.
1306,3676,2025-04-17,7,1,Love the new dashboard features.
1307,1463,2024-11-18,2,3,Exactly what my team needed.
1308,2119,2023-09-14,1,5,App crashes occasionally.
1309,3889,2025-10-06,3,3,Would like more integrations.
1310,1657,2026-03-24,0,2,Exactly what my team needed.
1311,2835,2025-03-11,2,5,Exactly what my team needed.
1312,4558,2024-10-19,9,2,Exactly what my team needed.
1313,2102,2025-01-08,4,1,Pricing is a bit high for what I get.
1314,4739,2026-08-15,6,5,"Great product, easy to use."
1315,2866,2024-08-31,10,1,Excellent onboarding experience.
1316,906,2024-11-29,2,2,App crashes occasionally.
1317,3746,2026-02-03,0,5,Excellent onboarding experience.
1318,1539,2025-08-03,6,1,Pricing is a bit high for what I get.
1319,1115,2026-08-08,3,3,Pricing is a bit high for what I get.
1320,154,2025-12-19,0,5,Would like more integrations.
1321,2306,2026-03-21,9,5,Would like more integrations.
1322,1002,2025-03-19,8,5,Customer support was slow to respond.
1323,4174,2025-12-07,9,4,Exactly what my team needed.
1324,4382,2026-02-22,2,3,"Great product, easy to use."
1325,70,2026-05-31,0,3,Exactly what my team needed.
1326,1835,2025-03-11,8,2,Love the new dashboard features.
1327,3999,2023-08-01,2,5,Would like more integrations.
1328,3366,2025-03-13,8,4,Exactly what my team needed.
1329,3875,2026-04-16,3,1,App crashes occasionally.
1330,266,2025-11-20,2,4,Exactly what my team needed.
1331,2466,2026-06-18,8,2,App crashes occasionally.
1332,299,2025-09-11,1,4,"Great product, easy to use."
1333,2810,2026-02-15,9,5,Love the new dashboard features.
1334,3809,2022-04-01,0,4,Love the new dashboard features.
1335,4915,2023-02-24,10,2,Customer support was slow to respond.
1336,1572,2025-03-05,4,2,App crashes occasionally.
1337,882,2023-09-05,10,1,Pricing is a bit high for what I get.
1338,499,2022-12-23,8,2,"Great product, easy to use."
1339,56,2024-08-21,1,5,Customer support was slow to respond.
1340,3253,2026-05-11,2,3,Customer support was slow to respond.
1341,30,2024-03-02,1,3,Pricing is a bit high for what I get.
1342,1110,2026-02-03,3,3,Would like more integrations.
1343,1983,2024-04-09,6,3,Customer support was slow to respond.
1344,2337,2026-03-14,2,1,Customer support was slow to respond.
1345,4844,2026-06-05,1,4,Exactly what my team needed.
1346,3409,2024-09-03,3,4,"Great product, easy to use."
1347,99,2025-11-15,10,5,Excellent onboarding experience.
1348,566,2025-04-30,5,3,App crashes occasionally.
1349,3492,2025-07-29,9,5,Pricing is a bit high for what I get.
1350,2221,2024-03-16,9,5,Customer support was slow to respond.
1351,1742,2023-06-15,0,5,Pricing is a bit high for what I get.
1352,2647,2021-10-10,0,2,Pricing is a bit high for what I get.
1353,4041,2026-03-16,1,2,Exactly what my team needed.
1354,1707,2025-11-07,8,5,Would like more integrations.
1355,1757,2025-02-22,4,3,Customer support was slow to respond.
1356,2313,2026-09-13,6,4,App crashes occasionally.
1357,480,2025-02-21,10,5,Exactly what my team needed.
1358,3168,2025-10-26,4,1,Customer support was slow to respond.
1359,3858,2026-08-17,5,2,Excellent onboarding experience.
1360,491,2026-06-06,4,4,Excellent onboarding experience.
1361,3148,2026-01-14,9,4,Excellent onboarding experience.
1362,1238,2025-07-15,2,5,Pricing is a bit high for what I get.
1363,3761,2026-02-03,6,4,"Great product, easy to use."
1364,3151,2026-08-08,9,2,Pricing is a bit high for what I get.
1365,904,2025-11-02,8,3,Pricing is a bit high for what I get.
1366,3772,2026-08-16,1,1,Excellent onboarding experience.
1367,221,2025-02-04,0,3,Pricing is a bit high for what I get.
1368,2413,2022-06-18,6,1,Would like more integrations.
1369,2332,2025-10-14,7,4,Exactly what my team needed.
1370,256,2024-03-23,1,4,Would like more integrations.
1371,1235,2024-05-06,9,1,Love the new dashboard features.
1372,1747,2023-09-28,8,1,App crashes occasionally.
1373,2894,2026-02-18,10,2,Pricing is a bit high for what I get.
1374,4765,2026-08-25,3,1,Would like more integrations.
1375,2518,2023-05-12,1,5,Exactly what my team needed.
1376,3613,2026-06-02,1,2,App crashes occasionally.
1377,680,2024-09-21,10,3,Excellent onboarding experience.
1378,3778,2025-10-02,10,5,"Great product, easy to use."
1379,1307,2026-03-14,0,2,Exactly what my team needed.
1380,255,2025-01-21,10,1,Would like more integrations.
1381,1328,2024-11-19,10,3,Excellent onboarding experience.
1382,2200,2022-05-14,6,4,Customer support was slow to respond.
1383,4308,2026-08-25,6,5,Love the new dashboard features.
1384,2217,2026-07-13,4,2,App crashes occasionally.
1385,3562,2026-04-05,5,3,Exactly what my team needed.
1386,1011,2026-03-11,1,1,Excellent onboarding experience.
1387,2471,2026-08-25,2,3,"Great product, easy to use."
1388,3266,2021-11-15,10,4,Exactly what my team needed.
1389,1916,2024-06-14,6,1,Customer support was slow to respond.
1390,3547,2024-10-10,8,2,Exactly what my team needed.
1391,784,2022-04-19,8,1,Pricing is a bit high for what I get.
1392,3972,2024-06-29,7,2,Excellent onboarding experience.
1393,3721,2026-04-10,4,2,"Great product, easy to use."
1394,3640,2026-08-31,9,1,App crashes occasionally.
1395,517,2026-03-03,2,1,Pricing is a bit high for what I get.
1396,2045,2026-07-07,6,5,Pricing is a bit high for what I get.
1397,3925,2025-03-01,1,3,Excellent onboarding experience.
1398,551,2025-04-12,0,2,App crashes occasionally.
1399,1,2023-03-11,7,2,Would like more integrations.
1400,465,2026-04-02,7,1,Pricing is a bit high for what I get.
1401,93,2026-01-03,8,3,App crashes occasionally.
1402,1479,2025-12-10,5,2,App crashes occasionally.
1403,4264,2026-05-04,9,5,Exactly what my team needed.
1404,4428,2023-07-02,7,3,Pricing is a bit high for what I get.
1405,332,2025-02-19,7,2,Excellent onboarding experience.
1406,1096,2024-06-25,6,4,Would like more integrations.
1407,3115,2023-10-30,3,2,App crashes occasionally.
1408,3357,2025-09-24,1,5,Excellent onboarding experience.
1409,4407,2025-09-07,9,5,Exactly what my team needed.
1410,2660,2022-11-28,2,2,Exactly what my team needed.
1411,3356,2026-01-05,8,2,Would like more integrations.
1412,258,2026-08-19,7,3,Love the new dashboard features.
1413,4771,2025-12-02,5,4,Exactly what my team needed.
1414,3892,2025-09-25,9,5,App crashes occasionally.
1415,2941,2023-09-19,7,1,Love the new dashboard features.
1416,3242,2026-01-28,5,3,Excellent onboarding experience.
1417,3619,2024-09-15,1,2,Love the new dashboard features.
1418,3860,2025-08-29,3,5,"Great product, easy to use."
1419,3039,2026-01-27,1,2,Excellent onboarding experience.
1420,538,2026-03-24,9,1,"Great product, easy to use."
1421,2747,2023-08-30,4,2,Love the new dashboard features.
1422,4781,2024-11-27,1,2,Customer support was slow to respond.
1423,4323,2023-12-08,10,5,"Great product, easy to use."
1424,872,2026-07-06,0,2,Would like more integrations.
1425,2073,2025-11-04,3,4,Customer support was slow to respond.
1426,2438,2024-12-20,8,5,Pricing is a bit high for what I get.
1427,606,2025-12-10,2,4,"Great product, easy to use."
1428,1529,2025-04-07,9,2,Love the new dashboard features.
1429,835,2026-01-13,2,2,Love the new dashboard features.
1430,2349,2024-10-26,9,5,Customer support was slow to respond.
1431,4076,2022-12-27,6,5,Pricing is a bit high for what I get.
1432,2904,2023-05-23,6,1,Exactly what my team needed.
1433,3644,2022-04-24,0,3,Would like more integrations.
1434,2169,2024-04-23,8,3,Excellent onboarding experience.
1435,2689,2026-08-29,8,3,"Great product, easy to use."
1436,211,2024-11-24,5,4,Exactly what my team needed.
1437,2293,2022-07-11,8,5,Love the new dashboard features.
1438,4168,2025-10-03,4,1,App crashes occasionally.
1439,1304,2026-04-15,10,1,Love the new dashboard features.
1440,2702,2026-08-10,5,4,Exactly what my team needed.
1441,2311,2021-12-18,4,5,Customer support was slow to respond.
1442,3931,2026-09-05,1,5,Would like more integrations.
1443,1015,2026-07-17,7,1,Pricing is a bit high for what I get.
1444,651,2024-09-10,0,2,Exactly what my team needed.
1445,344,2026-03-09,4,1,Pricing is a bit high for what I get.
1446,3198,2026-07-27,1,3,Exactly what my team needed.
1447,1814,2024-03-25,5,3,"Great product, easy to use."
1448,96,2022-01-16,10,4,App crashes occasionally.
1449,1209,2023-06-14,2,1,App crashes occasionally.
1450,388,2024-03-20,7,4,"Great product, easy to use."
1451,4566,2024-05-02,1,2,Excellent onboarding experience.
1452,2424,2026-05-26,2,4,Exactly what my team needed.
1453,523,2026-01-19,9,5,Would like more integrations.
1454,4193,2025-05-24,2,5,Love the new dashboard features.
1455,1163,2023-12-24,0,3,Customer support was slow to respond.
1456,4235,2023-07-01,5,2,App crashes occasionally.
1457,2075,2025-03-23,7,5,App crashes occasionally.
1458,3849,2025-03-05,0,5,Exactly what my team needed.
1459,3035,2026-06-04,5,1,Exactly what my team needed.
1460,4783,2022-01-27,3,1,Pricing is a bit high for what I get.
1461,3672,2024-10-08,2,1,"Great product, easy to use."
1462,1761,2025-12-04,9,4,Customer support was slow to respond.
1463,644,2026-08-06,5,5,Love the new dashboard features.
1464,205,2024-07-25,0,1,Excellent onboarding experience.
1465,3944,2023-11-25,0,1,Love the new dashboard features.
1466,3593,2026-06-14,1,3,App crashes occasionally.
1467,3791,2026-08-14,4,1,Love the new dashboard features.
1468,4504,2026-04-22,7,3,Would like more integrations.
1469,2245,2026-04-12,6,4,Customer support was slow to respond.
1470,811,2026-02-26,2,5,Pricing is a bit high for what I get.
1471,393,2023-07-15,7,3,Excellent onboarding experience.
1472,3901,2026-05-30,5,5,Exactly what my team needed.
1473,569,2026-06-01,10,1,Pricing is a bit high for what I get.
1474,4251,2025-11-29,10,4,Pricing is a bit high for what I get.
1475,3493,2025-02-01,3,5,Excellent onboarding experience.
1476,7,2026-05-08,8,2,Excellent onboarding experience.
1477,55,2026-08-29,5,4,Love the new dashboard features.
1478,2115,2025-04-10,7,2,Exactly what my team needed.
1479,2055,2025-06-04,5,3,Love the new dashboard features.
1480,4527,2025-12-03,7,5,Excellent onboarding experience.
1481,1164,2025-09-25,3,1,Excellent onboarding experience.
1482,4921,2024-12-31,5,3,Customer support was slow to respond.
1483,3811,2023-03-09,5,5,"Great product, easy to use."
1484,3207,2022-08-07,5,4,Exactly what my team needed.
1485,3093,2025-10-24,8,3,App crashes occasionally.
1486,1871,2026-07-24,7,4,Love the new dashboard features.
1487,816,2026-06-12,5,3,Love the new dashboard features.
1488,732,2024-09-23,4,4,"Great product, easy to use."
1489,2086,2026-03-24,1,3,Would like more integrations.
1490,1395,2023-09-12,5,5,Would like more integrations.
1491,138,2026-09-01,5,2,App crashes occasionally.
1492,394,2026-05-24,2,4,Pricing is a bit high for what I get.
1493,1644,2025-08-31,5,2,"Great product, easy to use."
1494,2154,2024-08-21,5,3,Excellent onboarding experience.
1495,682,2026-04-06,5,3,"Great product, easy to use."
1496,4026,2024-11-28,4,1,App crashes occasionally.
1497,3955,2026-04-14,3,2,App crashes occasionally.
1498,392,2025-07-25,4,2,Excellent onboarding experience.
1499,3867,2022-02-11,9,4,"Great product, easy to use."
1500,3964,2025-08-16,9,3,App crashes occasionally.
1501,1828,2026-07-21,9,3,Customer support was slow to respond.
1502,1056,2026-08-10,5,1,"Great product, easy to use."
1503,2786,2023-12-06,3,3,Excellent onboarding experience.
1504,1384,2024-03-29,1,1,Pricing is a bit high for what I get.
1505,1556,2026-08-20,4,2,Excellent onboarding experience.
1506,2405,2023-12-18,4,5,Customer support was slow to respond.
1507,3023,2026-08-06,1,4,Customer support was slow to respond.
1508,3744,2025-06-25,9,5,App crashes occasionally.
1509,4708,2026-01-04,4,2,Love the new dashboard features.
1510,489,2026-09-15,8,4,"Great product, easy to use."
1511,4266,2023-07-09,2,3,Exactly what my team needed.
1512,1037,2024-07-20,0,5,Pricing is a bit high for what I get.
1513,2035,2024-06-30,7,4,Excellent onboarding experience.
1514,3324,2026-02-25,3,1,Pricing is a bit high for what I get.
1515,3482,2025-04-29,9,2,Excellent onboarding experience.
1516,4177,2025-07-03,7,1,Pricing is a bit high for what I get.
1517,485,2026-08-06,0,4,Excellent onboarding experience.
1518,3348,2026-07-21,2,4,Pricing is a bit high for what I get.
1519,1810,2026-08-05,10,1,Customer support was slow to respond.
1520,3182,2024-12-24,0,5,App crashes occasionally.
1521,4773,2026-08-23,4,3,Customer support was slow to respond.
1522,2980,2022-10-18,0,3,Love the new dashboard features.
1523,4990,2026-03-19,1,2,Excellent onboarding experience.
1524,3372,2025-08-05,10,4,Excellent onboarding experience.
1525,65,2026-07-17,9,4,Customer support was slow to respond.
1526,1864,2023-04-16,5,5,Exactly what my team needed.
1527,1189,2023-06-07,1,2,Would like more integrations.
1528,2289,2025-08-29,2,4,Love the new dashboard features.
1529,2030,2025-09-04,8,5,Customer support was slow to respond.
1530,1499,2026-03-17,7,5,Would like more integrations.
1531,1914,2026-04-22,6,2,Customer support was slow to respond.
1532,4129,2025-08-30,1,2,Love the new dashboard features.
1533,2160,2025-10-26,8,1,Pricing is a bit high for what I get.
1534,2259,2022-09-28,6,1,Would like more integrations.
1535,3824,2022-07-30,5,1,Pricing is a bit high for what I get.
1536,4326,2026-09-09,8,2,Love the new dashboard features.
1537,3337,2024-12-28,1,5,App crashes occasionally.
1538,3002,2023-09-14,3,2,Pricing is a bit high for what I get.
1539,4259,2023-08-05,6,2,Customer support was slow to respond.
1540,18,2024-10-05,10,5,Exactly what my team needed.
1541,3914,2025-05-26,0,4,"Great product, easy to use."
1542,3090,2025-12-13,1,2,Exactly what my team needed.
1543,1966,2025-11-13,1,4,Exactly what my team needed.
1544,3053,2025-06-02,9,1,Would like more integrations.
1545,262,2026-08-09,5,5,Excellent onboarding experience.
1546,164,2025-08-17,5,3,Customer support was slow to respond.
1547,2120,2026-07-09,8,1,App crashes occasionally.
1548,2006,2023-06-22,6,3,"Great product, easy to use."
1549,1452,2024-01-31,1,4,"Great product, easy to use."
1550,768,2025-06-25,10,5,"Great product, easy to use."
1551,3276,2026-09-09,5,4,Would like more integrations.
1552,3688,2024-05-19,9,1,Exactly what my team needed.
1553,3696,2026-09-14,5,4,App crashes occasionally.
1554,3215,2025-11-29,3,1,Love the new dashboard features.
1555,891,2024-02-23,6,5,Excellent onboarding experience.
1556,974,2023-02-11,3,3,Excellent onboarding experience.
1557,4736,2026-07-15,2,1,Customer support was slow to respond.
1558,4666,2022-08-22,9,4,"Great product, easy to use."
1559,3260,2025-06-22,8,3,Exactly what my team needed.
1560,1944,2021-11-08,3,5,Love the new dashboard features.
1561,4657,2026-06-03,0,2,Love the new dashboard features.
1562,76,2025-11-04,6,4,Love the new dashboard features.
1563,2643,2025-12-11,5,2,App crashes occasionally.
1564,3243,2025-05-06,5,4,Love the new dashboard features.
1565,207,2022-12-02,7,3,App crashes occasionally.
1566,659,2026-03-01,6,5,"Great product, easy to use."
1567,2553,2025-07-01,10,4,Exactly what my team needed.
1568,1147,2024-11-29,8,1,Excellent onboarding experience.
1569,771,2022-12-04,4,1,Love the new dashboard features.
1570,3353,2026-07-19,8,4,Would like more integrations.
1571,4740,2026-07-12,3,4,Love the new dashboard features.
1572,4775,2025-04-22,1,5,App crashes occasionally.
1573,1168,2022-09-29,3,2,Pricing is a bit high for what I get.
1574,1389,2026-01-13,7,3,Love the new dashboard features.
1575,4364,2025-04-18,2,2,"Great product, easy to use."
1576,1101,2026-07-05,8,1,Customer support was slow to respond.
1577,1869,2023-10-01,4,5,Pricing is a bit high for what I get.
1578,4281,2025-01-12,2,1,Pricing is a bit high for what I get.
1579,264,2025-08-01,3,4,Customer support was slow to respond.
1580,612,2025-08-15,1,5,Pricing is a bit high for what I get.
1581,1908,2026-07-27,0,2,Exactly what my team needed.
1582,620,2023-12-09,8,3,App crashes occasionally.
1583,3911,2024-11-26,9,4,Pricing is a bit high for what I get.
1584,1704,2026-08-22,9,2,Love the new dashboard features.
1585,4806,2025-07-23,0,2,Pricing is a bit high for what I get.
1586,2089,2026-06-26,6,2,Love the new dashboard features.
1587,2719,2023-05-04,7,1,Would like more integrations.
1588,2130,2022-04-02,0,2,Would like more integrations.
1589,2745,2026-01-07,7,3,Pricing is a bit high for what I get.
1590,2641,2025-09-16,1,4,Exactly what my team needed.
1591,2005,2026-06-25,4,3,Pricing is a bit high for what I get.
1592,1564,2025-05-23,2,5,Love the new dashboard features.
1593,4249,2026-08-02,3,3,Love the new dashboard features.
1594,4208,2024-05-19,9,5,Would like more integrations.
1595,3007,2026-06-07,2,2,"Great product, easy to use."
1596,2955,2024-12-12,2,3,Excellent onboarding experience.
1597,1980,2024-03-04,6,4,Customer support was slow to respond.
1598,853,2022-03-11,6,3,Love the new dashboard features.
1599,969,2025-02-13,9,3,"Great product, easy to use."
1600,3810,2026-04-06,3,2,App crashes occasionally.
1601,2639,2024-07-26,3,1,Pricing is a bit high for what I get.
1602,2573,2025-12-26,2,4,Love the new dashboard features.
1603,2709,2026-03-09,10,3,"Great product, easy to use."
1604,3488,2024-01-26,3,3,App crashes occasionally.
1605,3700,2026-05-26,1,1,Pricing is a bit high for what I get.
1606,1111,2023-02-06,3,4,Exactly what my team needed.
1607,1950,2025-10-03,10,1,Pricing is a bit high for what I get.
1608,1893,2025-11-19,5,1,Excellent onboarding experience.
1609,3370,2024-12-07,9,2,Customer support was slow to respond.
1610,1868,2025-10-27,9,3,App crashes occasionally.
1611,656,2025-05-28,10,2,App crashes occasionally.
1612,4603,2025-08-01,4,5,Customer support was slow to respond.
1613,4978,2024-06-05,10,1,Love the new dashboard features.
1614,942,2022-10-16,3,2,Excellent onboarding experience.
1615,1606,2025-02-16,5,3,Love the new dashboard features.
1616,3546,2026-04-16,1,2,"Great product, easy to use."
1617,1687,2025-02-22,3,4,"Great product, easy to use."
1618,3985,2023-04-12,6,4,Pricing is a bit high for what I get.
1619,1085,2025-01-04,2,1,Would like more integrations.
1620,2728,2026-09-09,10,2,Pricing is a bit high for what I get.
1621,4907,2025-06-05,5,5,"Great product, easy to use."
1622,2854,2024-07-26,1,1,Would like more integrations.
1623,2919,2026-05-19,4,3,Pricing is a bit high for what I get.
1624,4864,2025-10-03,4,3,"Great product, easy to use."
1625,4309,2022-01-08,3,2,Exactly what my team needed.
1626,1720,2024-10-02,6,2,"Great product, easy to use."
1627,2287,2024-01-17,10,4,"Great product, easy to use."
1628,32,2026-04-23,6,2,Love the new dashboard features.
1629,2952,2022-05-25,1,5,App crashes occasionally.
1630,2451,2026-08-21,5,5,Exactly what my team needed.
1631,4625,2023-05-11,4,5,Exactly what my team needed.
1632,4766,2024-04-03,1,5,App crashes occasionally.
1633,949,2022-09-24,5,1,Excellent onboarding experience.
1634,827,2025-09-21,8,4,Love the new dashboard features.
1635,3475,2025-08-18,4,5,Pricing is a bit high for what I get.
1636,2836,2026-07-24,8,4,Pricing is a bit high for what I get.
1637,2846,2026-01-20,10,2,App crashes occasionally.
1638,736,2026-04-27,10,5,"Great product, easy to use."
1639,3489,2021-10-20,3,5,Would like more integrations.
1640,3868,2025-09-18,4,5,Exactly what my team needed.
1641,1954,2024-07-26,10,1,"Great product, easy to use."
1642,4703,2025-11-11,1,4,Love the new dashboard features.
1643,4807,2026-05-11,7,5,Excellent onboarding experience.
1644,1010,2026-05-22,9,3,"Great product, easy to use."
1645,1481,2024-04-30,6,1,Love the new dashboard features.
1646,615,2026-08-25,0,1,Customer support was slow to respond.
1647,1829,2026-07-23,4,2,"Great product, easy to use."
1648,49,2025-11-20,3,3,Pricing is a bit high for what I get.
1649,3915,2026-08-17,4,4,Exactly what my team needed.
1650,1438,2024-10-28,3,3,Customer support was slow to respond.
1651,1755,2026-02-13,0,1,Customer support was slow to respond.
1652,527,2025-04-22,7,3,"Great product, easy to use."
1653,493,2026-09-14,1,5,App crashes occasionally.
1654,594,2025-11-05,8,1,App crashes occasionally.
1655,2285,2025-08-01,5,1,Exactly what my team needed.
1656,2242,2026-02-15,4,1,Exactly what my team needed.
1657,1156,2022-12-19,5,3,App crashes occasionally.
1658,3293,2026-03-06,4,3,App crashes occasionally.
1659,124,2026-04-21,4,1,Exactly what my team needed.
1660,3673,2026-05-04,5,3,"Great product, easy to use."
1661,2299,2026-03-09,4,5,Customer support was slow to respond.
1662,1313,2025-11-29,9,2,"Great product, easy to use."
1663,2650,2024-12-17,1,3,App crashes occasionally.
1664,2203,2023-10-14,8,3,App crashes occasionally.
1665,3953,2024-10-11,9,4,Pricing is a bit high for what I get.
1666,3459,2026-06-15,7,2,Would like more integrations.
1667,1794,2024-04-02,10,4,"Great product, easy to use."
1668,3663,2024-06-05,9,3,App crashes occasionally.
1669,2422,2023-09-17,7,4,Exactly what my team needed.
1670,2157,2026-08-16,10,4,Customer support was slow to respond.
1671,3835,2026-03-04,1,5,Pricing is a bit high for what I get.
1672,4648,2024-10-25,0,5,Excellent onboarding experience.
1673,257,2026-08-15,5,4,Love the new dashboard features.
1674,4730,2024-05-18,5,4,Customer support was slow to respond.
1675,4626,2026-02-24,8,5,Love the new dashboard features.
1676,4548,2025-09-06,9,2,Excellent onboarding experience.
1677,2082,2024-07-27,2,1,Excellent onboarding experience.
1678,4268,2022-02-07,1,2,App crashes occasionally.
1679,1922,2025-06-24,4,3,Excellent onboarding experience.
1680,909,2026-03-15,0,3,Excellent onboarding experience.
1681,204,2026-06-27,0,4,Love the new dashboard features.
1682,4906,2026-01-20,5,1,Pricing is a bit high for what I get.
1683,3805,2026-03-28,9,1,"Great product, easy to use."
1684,1183,2025-10-16,4,1,Would like more integrations.
1685,3180,2024-11-03,6,4,Love the new dashboard features.
1686,2976,2026-05-20,9,4,Customer support was slow to respond.
1687,3728,2026-01-09,6,5,Excellent onboarding experience.
1688,3710,2024-11-13,0,1,Excellent onboarding experience.
1689,4353,2025-01-14,1,4,App crashes occasionally.
1690,729,2025-10-02,9,1,Pricing is a bit high for what I get.
1691,3882,2026-08-23,6,2,Customer support was slow to respond.
1692,2253,2024-04-29,0,2,Pricing is a bit high for what I get.
1693,4973,2023-10-20,10,3,"Great product, easy to use."
1694,4047,2022-09-07,5,1,"Great product, easy to use."
1695,2587,2025-12-25,8,5,Excellent onboarding experience.
1696,1308,2026-01-26,1,3,Customer support was slow to respond.
1697,1404,2026-05-24,0,4,Exactly what my team needed.
1698,2661,2022-04-16,7,1,"Great product, easy to use."
1699,4706,2024-08-06,6,3,Excellent onboarding experience.
1700,4404,2025-05-12,6,4,Customer support was slow to respond.
1701,3701,2025-12-19,3,2,"Great product, easy to use."
1702,3382,2026-04-22,3,1,Customer support was slow to respond.
1703,4840,2025-11-02,5,5,Would like more integrations.
1704,1393,2024-09-16,9,1,Exactly what my team needed.
1705,4655,2024-12-07,9,3,Customer support was slow to respond.
1706,2219,2025-03-29,2,4,Exactly what my team needed.
1707,560,2024-02-28,2,5,App crashes occasionally.
1708,4080,2026-07-31,7,5,Love the new dashboard features.
1709,1665,2026-09-04,8,2,Excellent onboarding experience.
1710,937,2022-07-09,3,1,Customer support was slow to respond.
1711,4696,2026-01-01,6,5,Pricing is a bit high for what I get.
1712,1299,2026-06-21,5,5,App crashes occasionally.
1713,4285,2022-02-23,8,3,Excellent onboarding experience.
1714,1471,2021-12-28,2,1,Pricing is a bit high for what I get.
1715,4411,2022-06-20,7,3,Pricing is a bit high for what I get.
1716,1213,2025-03-29,7,4,Would like more integrations.
1717,2693,2024-12-31,6,3,Excellent onboarding experience.
1718,3188,2024-03-18,8,5,"Great product, easy to use."
1719,1662,2026-03-16,0,5,Pricing is a bit high for what I get.
1720,787,2025-07-10,8,5,"Great product, easy to use."
1721,307,2024-11-04,8,3,App crashes occasionally.
1722,4557,2026-07-12,1,3,Exactly what my team needed.
1723,1344,2024-10-27,3,2,Exactly what my team needed.
1724,3666,2026-06-30,1,3,"Great product, easy to use."
1725,438,2025-03-13,6,1,"Great product, easy to use."
1726,2611,2026-07-26,9,2,Love the new dashboard features.
1727,1948,2021-10-26,4,4,Would like more integrations.
1728,1129,2026-01-13,9,5,Excellent onboarding experience.
1729,654,2024-06-01,10,1,Excellent onboarding experience.
1730,2562,2026-09-14,1,5,Would like more integrations.
1731,246,2025-12-10,6,2,App crashes occasionally.
1732,4795,2026-03-02,5,5,Customer support was slow to respond.
1733,582,2025-04-19,4,2,"Great product, easy to use."
1734,2224,2026-05-24,5,2,Pricing is a bit high for what I get.
1735,585,2024-11-14,10,3,Exactly what my team needed.
1736,2937,2025-11-21,10,1,App crashes occasionally.
1737,281,2025-08-17,8,4,"Great product, easy to use."
1738,1400,2024-10-10,1,3,Exactly what my team needed.
1739,1291,2023-05-22,2,2,App crashes occasionally.
1740,4392,2023-04-28,5,1,Love the new dashboard features.
1741,1020,2023-03-18,1,4,Excellent onboarding experience.
1742,309,2023-12-18,6,4,App crashes occasionally.
1743,3987,2024-01-23,4,1,Love the new dashboard features.
1744,875,2025-05-22,1,4,Exactly what my team needed.
1745,366,2022-12-02,0,4,Pricing is a bit high for what I get.
1746,598,2022-10-19,1,5,Would like more integrations.
1747,4731,2026-02-09,9,5,"Great product, easy to use."
1748,2367,2025-06-09,7,1,Pricing is a bit high for what I get.
1749,1277,2022-09-13,5,2,Customer support was slow to respond.
1750,4163,2024-11-14,1,3,App crashes occasionally.
1751,2377,2026-02-28,3,5,Pricing is a bit high for what I get.
1752,1994,2025-03-10,10,4,Pricing is a bit high for what I get.
1753,1830,2026-04-20,1,5,Excellent onboarding experience.
1754,3657,2025-06-17,3,3,Exactly what my team needed.
1755,4586,2023-09-06,3,5,App crashes occasionally.
1756,3715,2026-08-01,7,1,Customer support was slow to respond.
1757,657,2025-04-21,1,3,Customer support was slow to respond.
1758,165,2022-05-27,0,2,Exactly what my team needed.
1759,742,2026-01-09,7,5,App crashes occasionally.
1760,3929,2023-02-01,4,5,App crashes occasionally.
1761,4347,2026-09-13,1,4,Love the new dashboard features.
1762,2960,2024-05-29,3,1,Would like more integrations.
1763,2925,2026-08-22,7,1,Customer support was slow to respond.
1764,2162,2021-04-29,6,4,Love the new dashboard features.
1765,2474,2026-06-22,1,1,"Great product, easy to use."
1766,3573,2024-06-06,7,3,Pricing is a bit high for what I get.
1767,4223,2021-09-06,9,3,Exactly what my team needed.
1768,2158,2026-09-02,7,5,Excellent onboarding experience.
1769,4104,2024-08-11,1,5,App crashes occasionally.
1770,222,2023-12-10,7,2,App crashes occasionally.
1771,178,2026-05-13,1,3,Would like more integrations.
1772,2582,2024-08-17,6,3,Pricing is a bit high for what I get.
1773,1461,2026-02-08,9,4,"Great product, easy to use."
1774,3736,2025-02-26,9,5,Exactly what my team needed.
1775,1269,2023-09-16,4,5,Excellent onboarding experience.
1776,3579,2025-11-16,7,5,Pricing is a bit high for what I get.
1777,881,2026-03-17,3,5,Customer support was slow to respond.
1778,896,2026-05-06,7,2,Exactly what my team needed.
1779,1607,2023-12-30,1,5,Would like more integrations.
1780,877,2026-08-04,10,5,Would like more integrations.
1781,2013,2025-10-18,7,1,Customer support was slow to respond.
1782,318,2025-11-05,6,3,App crashes occasionally.
1783,2899,2021-07-20,8,2,Customer support was slow to respond.
1784,1427,2025-10-04,1,2,Love the new dashboard features.
1785,734,2026-02-24,5,4,"Great product, easy to use."
1786,3202,2025-03-08,6,3,Pricing is a bit high for what I get.
1787,3946,2024-11-25,0,1,Pricing is a bit high for what I get.
1788,704,2026-08-15,7,2,Love the new dashboard features.
1789,619,2026-05-25,8,5,Customer support was slow to respond.
1790,4008,2026-05-12,6,3,Pricing is a bit high for what I get.
1791,1844,2026-08-18,4,5,App crashes occasionally.
1792,3453,2025-04-04,7,1,"Great product, easy to use."
1793,479,2022-10-11,9,2,Would like more integrations.
1794,2604,2026-08-31,9,5,"Great product, easy to use."
1795,2151,2026-06-07,1,1,Would like more integrations.
1796,4216,2025-06-02,8,3,App crashes occasionally.
1797,2581,2022-11-21,5,3,"Great product, easy to use."
1798,1406,2025-03-21,6,3,"Great product, easy to use."
1799,4748,2023-05-10,1,4,App crashes occasionally.
1800,2938,2025-12-13,5,5,Love the new dashboard features.
1801,4579,2026-09-01,7,4,"Great product, easy to use."
1802,2376,2025-11-10,7,3,Exactly what my team needed.
1803,1464,2025-09-25,3,4,App crashes occasionally.
1804,537,2026-04-04,0,4,Love the new dashboard features.
1805,1729,2026-05-12,9,2,Would like more integrations.
1806,3596,2023-11-22,6,3,App crashes occasionally.
1807,3608,2026-06-25,5,5,"Great product, easy to use."
1808,2362,2026-04-01,7,2,Love the new dashboard features.
1809,2493,2024-01-28,0,3,"Great product, easy to use."
1810,3689,2026-05-02,6,1,Customer support was slow to respond.
1811,3800,2024-09-28,3,3,Love the new dashboard features.
1812,41,2023-03-05,10,4,Exactly what my team needed.
1813,1421,2025-11-02,5,4,Excellent onboarding experience.
1814,1792,2023-10-10,10,1,Love the new dashboard features.
1815,2572,2026-07-28,2,3,Would like more integrations.
1816,1798,2026-07-30,7,5,"Great product, easy to use."
1817,996,2025-11-06,7,2,Would like more integrations.
1818,428,2026-02-23,7,3,Excellent onboarding experience.
1819,2774,2025-12-10,4,4,Excellent onboarding experience.
1820,2038,2025-02-05,10,1,Excellent onboarding experience.
1821,2542,2022-05-29,4,3,Excellent onboarding experience.
1822,2517,2026-07-25,6,2,Would like more integrations.
1823,1624,2026-08-31,2,1,Exactly what my team needed.
1824,2464,2025-01-23,2,5,Love the new dashboard features.
1825,453,2025-09-18,1,4,Exactly what my team needed.
1826,1885,2026-06-14,4,4,Pricing is a bit high for what I get.
1827,1658,2026-06-08,4,3,Would like more integrations.
1828,2372,2024-10-24,9,1,Customer support was slow to respond.
1829,4841,2024-05-01,2,1,Excellent onboarding experience.
1830,3877,2026-07-22,8,3,Excellent onboarding experience.
1831,1958,2024-02-06,3,2,Pricing is a bit high for what I get.
1832,1128,2026-05-29,10,1,App crashes occasionally.
1833,632,2026-02-10,1,5,Excellent onboarding experience.
1834,4046,2025-02-03,4,5,Excellent onboarding experience.
1835,4144,2025-06-12,3,3,App crashes occasionally.
1836,1359,2025-03-29,9,5,Pricing is a bit high for what I get.
1837,4215,2026-01-12,8,1,Exactly what my team needed.
1838,3048,2025-02-25,8,2,"Great product, easy to use."
1839,2315,2022-06-01,4,5,Excellent onboarding experience.
1840,1097,2024-12-06,2,3,App crashes occasionally.
1841,4832,2021-06-27,9,2,Would like more integrations.
1842,3103,2024-02-20,6,1,Customer support was slow to respond.
1843,202,2025-10-24,9,4,Exactly what my team needed.
1844,3134,2026-01-27,6,4,Would like more integrations.
1845,1169,2025-01-23,1,5,Excellent onboarding experience.
1846,3632,2024-05-29,7,1,Exactly what my team needed.
1847,4589,2025-03-24,7,5,Pricing is a bit high for what I get.
1848,4606,2026-06-13,9,3,Pricing is a bit high for what I get.
1849,2586,2022-04-17,7,1,Customer support was slow to respond.
1850,2917,2024-05-17,10,2,Excellent onboarding experience.
1851,132,2024-05-21,3,4,App crashes occasionally.
1852,3767,2021-12-04,0,2,Would like more integrations.
1853,1044,2022-09-23,9,1,Pricing is a bit high for what I get.
1854,4179,2026-07-08,8,5,Exactly what my team needed.
1855,3245,2025-02-13,4,2,App crashes occasionally.
1856,3862,2026-04-04,0,4,"Great product, easy to use."
1857,1884,2025-06-21,3,4,"Great product, easy to use."
1858,1670,2023-02-02,10,4,App crashes occasionally.
1859,4879,2024-12-09,8,3,Excellent onboarding experience.
1860,550,2024-10-03,3,4,App crashes occasionally.
1861,1677,2026-04-25,10,1,App crashes occasionally.
1862,4998,2026-09-12,5,5,Would like more integrations.
1863,196,2024-03-11,5,3,Pricing is a bit high for what I get.
1864,116,2025-05-06,3,1,Love the new dashboard features.
1865,4942,2024-05-26,6,2,Customer support was slow to respond.
1866,1270,2024-12-03,9,1,App crashes occasionally.
1867,3584,2023-08-13,7,2,Love the new dashboard features.
1868,3631,2023-10-17,4,5,Exactly what my team needed.
1869,1681,2026-08-07,3,3,"Great product, easy to use."
1870,3171,2024-03-24,2,4,Would like more integrations.
1871,3231,2026-06-24,0,4,Would like more integrations.
1872,2726,2026-05-27,6,2,Excellent onboarding experience.
1873,775,2026-06-09,3,1,"Great product, easy to use."
1874,3591,2025-09-23,6,1,Would like more integrations.
1875,4900,2026-07-02,2,4,Love the new dashboard features.
1876,2638,2026-06-04,10,1,Exactly what my team needed.
1877,192,2026-05-23,0,1,Love the new dashboard features.
1878,2522,2024-10-25,1,5,Pricing is a bit high for what I get.
1879,858,2026-08-11,4,2,Pricing is a bit high for what I get.
1880,2548,2026-07-29,2,2,Pricing is a bit high for what I get.
1881,2193,2025-06-04,7,5,Customer support was slow to respond.
1882,4283,2024-12-10,10,1,"Great product, easy to use."
1883,2610,2026-07-29,0,5,Customer support was slow to respond.
1884,2974,2026-08-30,4,3,"Great product, easy to use."
1885,739,2026-01-06,5,1,"Great product, easy to use."
1886,1172,2025-01-07,0,5,Exactly what my team needed.
1887,604,2026-09-02,8,5,Would like more integrations.
1888,1074,2025-07-17,9,2,Love the new dashboard features.
1889,3404,2025-04-25,6,5,App crashes occasionally.
1890,4194,2026-08-13,8,1,App crashes occasionally.
1891,1999,2022-07-24,3,3,Pricing is a bit high for what I get.
1892,2642,2023-05-31,9,2,Exactly what my team needed.
1893,2722,2024-08-02,1,5,Excellent onboarding experience.
1894,2462,2026-08-18,9,1,Love the new dashboard features.
1895,916,2026-07-25,4,1,Customer support was slow to respond.
1896,1181,2026-05-23,0,5,"Great product, easy to use."
1897,4439,2025-08-24,5,5,App crashes occasionally.
1898,2730,2024-05-21,9,4,Customer support was slow to respond.
1899,1208,2024-05-17,8,2,Exactly what my team needed.
1900,3823,2026-03-14,8,4,Excellent onboarding experience.
1901,2251,2023-02-11,10,2,Excellent onboarding experience.
1902,3022,2025-08-29,10,1,"Great product, easy to use."
1903,2761,2026-09-13,10,5,"Great product, easy to use."
1904,944,2026-01-16,0,1,App crashes occasionally.
1905,2107,2022-04-26,1,3,Pricing is a bit high for what I get.
1906,3518,2026-06-10,5,5,App crashes occasionally.
1907,2873,2025-11-06,9,5,App crashes occasionally.
1908,1422,2025-01-22,3,4,Customer support was slow to respond.
1909,3292,2026-01-05,0,5,Love the new dashboard features.
1910,1458,2022-03-16,6,5,Customer support was slow to respond.
1911,887,2026-01-24,0,1,Pricing is a bit high for what I get.
1912,777,2022-04-15,1,2,Exactly what my team needed.
1913,3175,2026-08-21,6,3,Exactly what my team needed.
1914,4227,2024-02-22,4,2,Would like more integrations.
1915,2263,2026-06-21,7,5,Exactly what my team needed.
1916,1426,2024-11-18,6,1,Love the new dashboard features.
1917,1146,2025-02-02,2,2,"Great product, easy to use."
1918,4162,2022-09-03,1,5,Exactly what my team needed.
1919,2895,2026-03-12,9,5,Customer support was slow to respond.
1920,2472,2025-12-13,6,5,"Great product, easy to use."
1921,3508,2025-09-25,6,1,Love the new dashboard features.
1922,1432,2024-03-21,8,4,Would like more integrations.
1923,1353,2026-06-21,1,2,Love the new dashboard features.
1924,804,2025-07-25,2,1,Exactly what my team needed.
1925,1262,2025-10-13,0,5,Excellent onboarding experience.
1926,1825,2025-02-02,3,5,Love the new dashboard features.
1927,812,2024-12-24,4,2,Would like more integrations.
1928,3472,2026-01-27,4,1,"Great product, easy to use."
1929,1768,2022-09-12,9,1,Love the new dashboard features.
1930,4042,2023-08-15,2,3,Customer support was slow to respond.
1931,3138,2022-05-30,10,4,Pricing is a bit high for what I get.
1932,573,2024-09-21,7,2,Exactly what my team needed.
1933,3063,2025-04-13,3,2,Love the new dashboard features.
1934,4873,2026-02-26,7,3,Pricing is a bit high for what I get.
1935,3038,2025-09-23,7,2,Exactly what my team needed.
1936,3185,2026-06-24,5,1,Pricing is a bit high for what I get.
1937,698,2026-03-18,0,1,Pricing is a bit high for what I get.
1938,549,2022-11-26,10,1,Excellent onboarding experience.
1939,4590,2025-10-22,6,4,Customer support was slow to respond.
1940,4831,2024-02-08,10,1,App crashes occasionally.
1941,179,2026-05-06,0,4,Exactly what my team needed.
1942,473,2023-10-24,6,4,Would like more integrations.
1943,522,2026-07-22,0,2,"Great product, easy to use."
1944,4315,2025-09-09,3,5,Love the new dashboard features.
1945,2990,2025-06-01,0,1,Pricing is a bit high for what I get.
1946,4849,2023-01-31,10,2,Customer support was slow to respond.
1947,614,2025-05-03,7,4,Would like more integrations.
1948,4869,2026-07-28,6,3,Love the new dashboard features.
1949,4464,2026-07-09,2,3,Pricing is a bit high for what I get.
1950,4063,2023-02-23,0,2,"Great product, easy to use."
1951,16,2022-05-19,9,5,Customer support was slow to respond.
1952,487,2025-10-08,3,5,Exactly what my team needed.
1953,2056,2025-07-28,7,5,Exactly what my team needed.
1954,990,2024-01-06,10,5,Love the new dashboard features.
1955,4787,2026-07-17,3,1,Exactly what my team needed.
1956,889,2026-04-08,2,5,App crashes occasionally.
1957,3653,2024-05-31,10,3,Customer support was slow to respond.
1958,3803,2026-02-05,9,4,Love the new dashboard features.
1959,3659,2026-07-25,0,5,Customer support was slow to respond.
1960,2331,2024-06-02,0,5,Pricing is a bit high for what I get.
1961,1314,2024-11-19,9,1,Exactly what my team needed.
1962,4150,2026-09-13,3,1,Exactly what my team needed.
1963,402,2026-05-03,8,2,Exactly what my team needed.
1964,3013,2024-06-17,10,2,Exactly what my team needed.
1965,251,2025-11-05,7,2,Exactly what my team needed.
1966,905,2026-02-04,10,5,Would like more integrations.
1967,2599,2025-06-29,1,2,Excellent onboarding experience.
1968,1135,2026-08-25,3,4,Would like more integrations.
1969,1542,2023-08-09,10,4,Love the new dashboard features.
1970,4964,2025-11-26,10,1,App crashes occasionally.
1971,4745,2024-10-24,8,1,Pricing is a bit high for what I get.
1972,895,2026-02-01,1,1,Customer support was slow to respond.
1973,431,2026-02-05,7,1,Love the new dashboard features.
1974,4872,2026-01-12,8,1,Pricing is a bit high for what I get.
1975,3920,2023-04-05,4,1,App crashes occasionally.
1976,4797,2021-09-25,3,3,"Great product, easy to use."
1977,1345,2025-05-11,5,2,Excellent onboarding experience.
1978,3694,2026-03-23,6,3,Love the new dashboard features.
1979,469,2025-11-25,8,4,Would like more integrations.
1980,3408,2026-01-01,0,4,Customer support was slow to respond.
1981,4082,2022-12-18,5,4,Excellent onboarding experience.
1982,574,2026-01-27,0,2,Customer support was slow to respond.
1983,3885,2026-09-10,6,2,Customer support was slow to respond.
1984,4495,2024-02-05,10,5,Would like more integrations.
1985,2239,2022-12-10,6,1,Would like more integrations.
1986,2902,2024-01-01,9,1,Love the new dashboard features.
1987,4887,2023-11-17,7,3,Customer support was slow to respond.
1988,3238,2021-09-11,10,1,App crashes occasionally.
1989,228,2024-07-20,0,3,"Great product, easy to use."
1990,60,2022-06-03,4,2,Customer support was slow to respond.
1991,75,2025-08-14,2,1,"Great product, easy to use."
1992,3582,2025-11-09,0,1,Customer support was slow to respond.
1993,4853,2026-06-28,8,2,Would like more integrations.
1994,516,2026-01-05,2,4,Would like more integrations.
1995,2680,2026-03-13,3,1,Customer support was slow to respond.
1996,4541,2026-05-14,7,4,Customer support was slow to respond.
1997,1822,2022-08-10,4,4,App crashes occasionally.
1998,1927,2025-04-25,4,3,Would like more integrations.
1999,4432,2026-07-18,1,1,Pricing is a bit high for what I get.
2000,2484,2024-09-12,8,3,Would like more integrations.
2001,1477,2026-03-24,5,4,Pricing is a bit high for what I get.
2002,3916,2026-08-18,7,2,Customer support was slow to respond.
2003,4132,2023-12-22,4,3,Exactly what my team needed.
2004,3773,2024-02-03,1,1,"Great product, easy to use."
2005,4588,2023-09-01,1,1,Would like more integrations.
2006,303,2026-06-16,0,1,Would like more integrations.
2007,626,2023-07-13,2,1,Pricing is a bit high for what I get.
2008,1917,2026-07-29,9,1,Excellent onboarding experience.
2009,4247,2026-06-03,4,4,Would like more integrations.
2010,3473,2023-03-05,9,4,Love the new dashboard features.
2011,2057,2026-05-16,5,1,App crashes occasionally.
2012,810,2024-10-29,5,2,App crashes occasionally.
2013,4911,2026-08-17,3,3,"Great product, easy to use."
2014,2896,2025-06-19,9,1,Exactly what my team needed.
2015,4170,2025-10-20,9,1,Pricing is a bit high for what I get.
2016,4040,2026-08-16,5,3,Pricing is a bit high for what I get.
2017,3210,2023-10-30,1,4,Love the new dashboard features.
2018,3490,2026-07-31,4,2,Customer support was slow to respond.
2019,2784,2024-02-09,9,3,Would like more integrations.
2020,1898,2025-06-20,2,5,Exactly what my team needed.
2021,1138,2023-12-30,6,3,Love the new dashboard features.
2022,4203,2025-09-25,0,4,Would like more integrations.
2023,2791,2026-09-11,4,5,Pricing is a bit high for what I get.
2024,3968,2025-05-25,7,4,Would like more integrations.
2025,3381,2024-10-08,10,4,Would like more integrations.
2026,3976,2024-11-15,10,2,Pricing is a bit high for what I get.
2027,1397,2025-12-31,0,4,"Great product, easy to use."
2028,252,2024-11-27,4,2,Customer support was slow to respond.
2029,4296,2026-04-11,2,2,"Great product, easy to use."
2030,1338,2026-06-10,8,4,"Great product, easy to use."
2031,567,2026-06-09,5,1,Would like more integrations.
2032,95,2026-02-17,4,3,Customer support was slow to respond.
2033,3214,2026-02-14,7,3,"Great product, easy to use."
2034,83,2025-06-30,9,1,Customer support was slow to respond.
2035,831,2026-04-11,1,4,Excellent onboarding experience.
2036,1264,2024-03-05,0,4,Exactly what my team needed.
2037,4961,2023-11-07,0,3,Customer support was slow to respond.
2038,2,2026-03-30,1,1,Customer support was slow to respond.
2039,4460,2026-05-25,2,5,App crashes occasionally.
2040,2870,2022-02-18,10,1,Pricing is a bit high for what I get.
2041,1744,2026-08-16,1,1,"Great product, easy to use."
2042,2003,2023-04-20,5,4,Pricing is a bit high for what I get.
2043,297,2025-10-31,2,3,Exactly what my team needed.
2044,1106,2021-09-01,6,3,Excellent onboarding experience.
2045,2351,2025-12-02,10,2,Love the new dashboard features.
2046,4490,2026-03-10,2,4,"Great product, easy to use."
2047,3605,2025-06-09,3,5,Customer support was slow to respond.
2048,2077,2024-12-22,5,2,"Great product, easy to use."
2049,3981,2024-04-26,0,4,Pricing is a bit high for what I get.
2050,232,2022-06-28,2,4,"Great product, easy to use."
2051,3601,2022-02-26,5,4,Customer support was slow to respond.
2052,3648,2022-02-06,8,4,Pricing is a bit high for what I get.
2053,2779,2022-03-07,4,2,Pricing is a bit high for what I get.
2054,4182,2026-07-30,4,2,Love the new dashboard features.
2055,3534,2022-08-15,10,5,Excellent onboarding experience.
2056,4609,2024-11-16,1,5,Customer support was slow to respond.
2057,3326,2024-01-25,9,5,Exactly what my team needed.
2058,1675,2026-04-29,10,1,"Great product, easy to use."
2059,3495,2026-08-30,7,2,"Great product, easy to use."
2060,2161,2025-07-12,1,3,Love the new dashboard features.
2061,3394,2024-06-17,2,2,Would like more integrations.
2062,4994,2025-12-03,0,3,Exactly what my team needed.
2063,2807,2024-02-14,3,4,"Great product, easy to use."
2064,4602,2023-06-28,1,3,App crashes occasionally.
2065,2114,2024-02-02,5,2,"Great product, easy to use."
2066,4498,2024-08-22,6,3,Customer support was slow to respond.
2067,3952,2024-10-11,10,3,App crashes occasionally.
2068,3682,2026-02-17,2,1,Love the new dashboard features.
2069,1087,2026-08-21,8,5,Exactly what my team needed.
2070,2858,2025-11-24,7,5,Customer support was slow to respond.
2071,2482,2026-06-19,3,2,Would like more integrations.
2072,2954,2026-05-05,2,3,Love the new dashboard features.
2073,1804,2026-08-09,4,3,"Great product, easy to use."
2074,4139,2025-08-25,2,4,Excellent onboarding experience.
2075,924,2021-11-16,8,4,Excellent onboarding experience.
2076,173,2023-10-31,6,3,Pricing is a bit high for what I get.
2077,2026,2025-06-08,4,3,Customer support was slow to respond.
2078,382,2026-08-25,7,1,Would like more integrations.
2079,3843,2026-09-15,10,3,Would like more integrations.
2080,3234,2025-05-15,3,5,App crashes occasionally.
2081,1817,2026-06-18,7,5,Would like more integrations.
2082,3312,2026-08-02,3,3,"Great product, easy to use."
2083,1123,2022-06-29,2,3,Excellent onboarding experience.
2084,1855,2025-05-28,0,5,"Great product, easy to use."
2085,4738,2023-05-11,7,4,Would like more integrations.
2086,2213,2024-06-22,0,1,Pricing is a bit high for what I get.
2087,1434,2024-05-01,1,1,Would like more integrations.
2088,3110,2026-07-20,5,2,Would like more integrations.
2089,3837,2025-06-23,4,2,Exactly what my team needed.
2090,3201,2025-09-25,7,5,Customer support was slow to respond.
2091,2983,2024-02-16,1,1,Love the new dashboard features.
2092,3528,2026-09-09,6,5,Love the new dashboard features.
2093,416,2025-06-28,0,5,App crashes occasionally.
2094,4103,2026-03-04,5,5,Would like more integrations.
2095,3880,2022-08-20,6,1,"Great product, easy to use."
2096,4244,2023-01-23,9,2,Excellent onboarding experience.
2097,1089,2024-07-20,6,3,App crashes occasionally.
2098,1473,2026-01-14,6,3,Customer support was slow to respond.
2099,3737,2026-03-21,5,2,Love the new dashboard features.
2100,2856,2025-05-12,9,1,Would like more integrations.
2101,2897,2026-04-24,4,4,Exactly what my team needed.
2102,4746,2026-06-18,1,2,"Great product, easy to use."
2103,2358,2022-10-24,7,1,Customer support was slow to respond.
2104,808,2026-01-04,0,1,Exactly what my team needed.
2105,1493,2026-06-15,3,3,"Great product, easy to use."
2106,2801,2024-12-06,2,4,Would like more integrations.
2107,4800,2023-12-13,8,1,Pricing is a bit high for what I get.
2108,1883,2022-12-16,7,3,App crashes occasionally.
2109,1200,2021-12-23,6,2,Pricing is a bit high for what I get.
2110,1995,2025-03-31,3,4,Love the new dashboard features.
2111,4125,2026-06-21,6,5,Customer support was slow to respond.
2112,4811,2025-05-05,7,3,Exactly what my team needed.
2113,1831,2026-05-25,1,5,Pricing is a bit high for what I get.
2114,717,2025-08-12,2,4,"Great product, easy to use."
2115,879,2022-08-01,3,4,"Great product, easy to use."
2116,455,2024-12-12,8,3,Love the new dashboard features.
2117,3092,2026-03-18,7,2,Would like more integrations.
2118,1009,2025-03-30,9,1,Exactly what my team needed.
2119,2209,2025-06-10,9,5,Pricing is a bit high for what I get.
2120,4803,2026-04-07,5,3,Exactly what my team needed.
2121,4228,2024-02-18,8,3,Excellent onboarding experience.
2122,672,2026-08-08,1,4,App crashes occasionally.
2123,3193,2025-12-30,8,4,App crashes occasionally.
2124,2420,2025-05-20,5,2,Exactly what my team needed.
2125,956,2024-11-13,3,5,Love the new dashboard features.
2126,3934,2026-09-04,5,5,Pricing is a bit high for what I get.
2127,4451,2025-08-23,9,1,"Great product, easy to use."
2128,3021,2025-10-06,3,5,App crashes occasionally.
2129,793,2024-10-18,9,5,App crashes occasionally.
2130,1642,2026-08-27,4,1,Pricing is a bit high for what I get.
2131,1573,2023-04-22,10,4,Pricing is a bit high for what I get.
2132,3435,2025-08-02,5,5,App crashes occasionally.
2133,1812,2026-05-20,9,1,Love the new dashboard features.
2134,1350,2024-08-25,0,4,Customer support was slow to respond.
2135,3400,2025-09-07,0,5,Excellent onboarding experience.
2136,2184,2026-08-15,0,3,Would like more integrations.
2137,2536,2026-08-19,9,1,App crashes occasionally.
2138,3133,2023-08-09,10,5,App crashes occasionally.
2139,4019,2023-02-23,6,2,App crashes occasionally.
2140,10,2024-12-09,10,3,"Great product, easy to use."
2141,2529,2026-07-06,4,3,Pricing is a bit high for what I get.
2142,102,2023-11-05,7,5,Would like more integrations.
2143,2739,2026-07-12,3,5,Pricing is a bit high for what I get.
2144,259,2025-05-04,0,4,Pricing is a bit high for what I get.
2145,2277,2025-11-23,8,1,Love the new dashboard features.
2146,1315,2024-01-22,3,5,"Great product, easy to use."
2147,625,2026-04-12,1,4,Excellent onboarding experience.
2148,405,2025-08-15,4,3,App crashes occasionally.
2149,2837,2024-04-26,10,1,Excellent onboarding experience.
2150,3539,2024-11-20,3,4,Excellent onboarding experience.
2151,669,2025-09-23,6,5,Love the new dashboard features.
2152,2921,2025-11-11,8,3,"Great product, easy to use."
2153,4441,2026-04-15,4,2,App crashes occasionally.
2154,3104,2022-01-30,4,2,"Great product, easy to use."
2155,773,2024-05-22,2,1,Pricing is a bit high for what I get.
2156,1546,2023-09-14,3,2,App crashes occasionally.
2157,4536,2026-05-07,10,3,"Great product, easy to use."
2158,1676,2025-03-05,6,2,Love the new dashboard features.
2159,2511,2026-04-23,9,4,Would like more integrations.
2160,575,2026-07-27,6,2,App crashes occasionally.
2161,2452,2025-10-13,5,4,App crashes occasionally.
2162,2712,2026-06-04,6,4,"Great product, easy to use."
2163,4685,2023-05-23,7,2,App crashes occasionally.
2164,296,2024-05-30,3,4,Excellent onboarding experience.
2165,2635,2026-08-30,5,3,Love the new dashboard features.
2166,508,2025-11-04,9,5,Excellent onboarding experience.
2167,2506,2024-02-10,8,4,App crashes occasionally.
2168,3706,2021-04-14,0,1,Exactly what my team needed.
2169,3257,2025-09-07,9,5,Would like more integrations.
2170,963,2026-06-13,0,3,Excellent onboarding experience.
2171,1451,2025-01-03,8,3,Would like more integrations.
2172,4071,2024-06-02,6,3,Love the new dashboard features.
2173,2454,2024-07-01,8,3,Excellent onboarding experience.
2174,26,2025-01-10,5,4,Customer support was slow to respond.
2175,4880,2024-06-20,7,5,Exactly what my team needed.
2176,454,2023-01-18,1,5,Pricing is a bit high for what I get.
2177,1205,2026-07-18,10,2,Customer support was slow to respond.
2178,4850,2025-09-05,3,2,Excellent onboarding experience.
2179,320,2023-11-29,9,2,Would like more integrations.
2180,2700,2024-01-06,6,5,Exactly what my team needed.
2181,3385,2025-03-22,2,4,Pricing is a bit high for what I get.
2182,3132,2025-03-20,4,1,Love the new dashboard features.
2183,1383,2025-02-28,9,3,Excellent onboarding experience.
2184,628,2025-01-01,5,2,App crashes occasionally.
2185,581,2024-06-30,8,1,"Great product, easy to use."
2186,4192,2026-04-13,7,1,Would like more integrations.
2187,2811,2023-10-17,0,4,"Great product, easy to use."
2188,728,2026-07-10,6,2,Exactly what my team needed.
2189,4756,2025-12-18,0,5,Exactly what my team needed.
2190,1274,2026-07-20,5,1,Pricing is a bit high for what I get.
2191,950,2023-06-24,7,1,"Great product, easy to use."
2192,1553,2026-03-08,9,4,"Great product, easy to use."
2193,2732,2025-06-15,3,4,Customer support was slow to respond.
2194,4714,2026-04-17,6,2,Would like more integrations.
2195,2226,2025-11-15,9,1,Love the new dashboard features.
2196,3752,2025-12-28,7,2,"Great product, easy to use."
2197,1584,2025-12-21,7,4,Exactly what my team needed.
2198,1237,2024-05-03,8,3,Would like more integrations.
2199,4198,2025-08-28,5,4,Exactly what my team needed.
2200,3287,2025-11-02,6,2,"Great product, easy to use."
2201,3070,2026-09-02,10,2,App crashes occasionally.
2202,607,2025-09-29,7,2,Pricing is a bit high for what I get.
2203,375,2025-04-15,6,5,Love the new dashboard features.
2204,2844,2024-02-01,6,5,Love the new dashboard features.
2205,4550,2024-09-28,2,1,Would like more integrations.
2206,54,2026-08-31,6,5,Customer support was slow to respond.
2207,1374,2025-09-14,8,2,Exactly what my team needed.
2208,3720,2025-05-01,10,5,"Great product, easy to use."
2209,3786,2026-06-17,2,2,Pricing is a bit high for what I get.
2210,448,2025-09-16,3,1,Customer support was slow to respond.
2211,1924,2023-08-07,5,4,Excellent onboarding experience.
2212,372,2026-09-13,10,3,"Great product, easy to use."
2213,1672,2023-03-20,7,4,App crashes occasionally.
2214,2497,2023-02-25,3,5,App crashes occasionally.
2215,1411,2026-07-29,4,4,Exactly what my team needed.
2216,2047,2025-11-24,10,1,Love the new dashboard features.
2217,3448,2025-05-04,4,1,Would like more integrations.
2218,1485,2022-09-20,4,5,App crashes occasionally.
2219,4888,2025-09-25,8,1,App crashes occasionally.
2220,2310,2026-07-03,3,5,Would like more integrations.
2221,3105,2024-10-03,10,2,App crashes occasionally.
2222,4430,2024-06-12,4,3,App crashes occasionally.
2223,1571,2024-03-26,6,5,Love the new dashboard features.
2224,4280,2026-03-07,9,5,"Great product, easy to use."
2225,2136,2026-08-25,6,4,"Great product, easy to use."
2226,2721,2024-05-24,0,2,Love the new dashboard features.
2227,1043,2024-09-12,4,4,"Great product, easy to use."
2228,3574,2026-06-12,0,4,Customer support was slow to respond.
2229,1211,2025-12-18,7,2,"Great product, easy to use."
2230,1770,2025-10-27,10,5,Customer support was slow to respond.
2231,617,2025-12-24,1,5,"Great product, easy to use."
2232,4928,2026-06-21,1,2,Pricing is a bit high for what I get.
2233,4468,2024-08-23,3,5,App crashes occasionally.
2234,2402,2021-08-15,8,1,Would like more integrations.
2235,2557,2022-12-21,2,4,Pricing is a bit high for what I get.
2236,3827,2024-12-25,4,5,Customer support was slow to respond.
2237,467,2026-04-17,0,4,Exactly what my team needed.
2238,4861,2023-11-28,9,3,Would like more integrations.
2239,4860,2026-04-09,8,3,Love the new dashboard features.
2240,4429,2025-06-21,6,3,Would like more integrations.
2241,254,2022-12-09,5,4,Pricing is a bit high for what I get.
2242,1841,2024-10-22,6,2,Love the new dashboard features.
2243,1618,2023-05-02,8,2,Excellent onboarding experience.
2244,1316,2024-02-03,9,2,Exactly what my team needed.
2245,1254,2023-07-14,5,5,Customer support was slow to respond.
2246,1982,2025-05-22,10,4,Excellent onboarding experience.
2247,1202,2023-06-22,1,5,Would like more integrations.
2248,4948,2025-01-20,7,2,Exactly what my team needed.
2249,2972,2026-07-30,5,1,Excellent onboarding experience.
2250,3179,2024-11-22,1,2,App crashes occasionally.
2251,3840,2024-09-11,2,2,"Great product, easy to use."
2252,1976,2026-07-04,10,2,"Great product, easy to use."
2253,1686,2023-07-05,6,4,Love the new dashboard features.
2254,2442,2023-09-24,10,5,"Great product, easy to use."
2255,4494,2025-10-30,10,2,Excellent onboarding experience.
2256,3286,2023-11-22,8,4,Excellent onboarding experience.
2257,4977,2024-01-18,4,5,Customer support was slow to respond.
2258,2674,2026-06-10,2,5,App crashes occasionally.
2259,3061,2023-10-22,3,1,"Great product, easy to use."
2260,39,2024-10-07,10,2,Pricing is a bit high for what I get.
2261,2585,2024-07-16,8,3,Excellent onboarding experience.
2262,2383,2024-05-23,5,2,Love the new dashboard features.
2263,3477,2024-09-19,9,1,App crashes occasionally.
2264,3871,2023-07-22,6,5,Love the new dashboard features.
2265,1555,2024-07-24,2,4,Exactly what my team needed.
2266,4716,2026-08-16,4,3,Pricing is a bit high for what I get.
2267,4368,2023-06-24,3,4,Love the new dashboard features.
2268,3299,2025-06-02,6,3,Pricing is a bit high for what I get.
2269,2286,2026-08-16,9,5,Excellent onboarding experience.
2270,4361,2024-03-15,10,3,Love the new dashboard features.
2271,2322,2024-01-21,4,2,"Great product, easy to use."
2272,886,2026-04-06,6,4,Exactly what my team needed.
2273,3376,2026-04-02,1,3,Excellent onboarding experience.
2274,4232,2024-05-14,6,5,Would like more integrations.
2275,677,2026-09-10,0,1,Would like more integrations.
2276,3121,2026-08-27,2,4,Excellent onboarding experience.
2277,261,2026-05-07,9,2,Exactly what my team needed.
2278,2145,2026-04-03,4,2,"Great product, easy to use."
2279,2679,2025-11-11,2,5,Would like more integrations.
2280,3943,2023-06-02,2,3,Pricing is a bit high for what I get.
2281,2882,2025-04-12,3,5,Excellent onboarding experience.
2282,1561,2026-07-09,6,4,"Great product, easy to use."
2283,2487,2025-09-30,7,5,Would like more integrations.
2284,2729,2023-06-24,5,1,Pricing is a bit high for what I get.
2285,2933,2025-10-17,10,5,Pricing is a bit high for what I get.
2286,71,2025-04-20,3,1,Customer support was slow to respond.
2287,351,2026-06-30,8,5,Exactly what my team needed.
2288,2993,2026-07-25,9,5,"Great product, easy to use."
2289,2309,2026-04-26,9,3,"Great product, easy to use."
2290,577,2026-05-27,3,3,Love the new dashboard features.
2291,203,2025-03-12,3,2,Would like more integrations.
2292,1242,2025-11-18,8,4,Exactly what my team needed.
2293,3305,2025-12-06,6,4,Customer support was slow to respond.
2294,1996,2024-12-09,5,3,"Great product, easy to use."
2295,4545,2025-03-11,6,1,Exactly what my team needed.
2296,2081,2026-02-11,1,4,Love the new dashboard features.
2297,3891,2026-01-14,8,1,Pricing is a bit high for what I get.
2298,4934,2023-09-16,3,5,Would like more integrations.
2299,3390,2026-07-04,7,4,Would like more integrations.
2300,829,2026-02-17,10,1,Pricing is a bit high for what I get.
2301,2124,2023-03-08,2,3,"Great product, easy to use."
2302,2970,2024-08-17,1,4,Love the new dashboard features.
2303,3750,2025-03-21,4,3,Customer support was slow to respond.
2304,4299,2025-06-04,0,4,Customer support was slow to respond.
2305,1155,2025-05-29,3,4,Would like more integrations.
2306,1631,2023-10-29,2,2,Customer support was slow to respond.
2307,988,2021-09-03,9,1,Excellent onboarding experience.
2308,718,2025-05-26,2,3,App crashes occasionally.
2309,4699,2026-01-16,4,2,Would like more integrations.
2310,533,2026-08-25,4,1,Excellent onboarding experience.
2311,150,2026-03-22,2,1,"Great product, easy to use."
2312,44,2022-10-24,8,1,Customer support was slow to respond.
2313,2644,2026-09-03,10,1,Exactly what my team needed.
2314,1963,2026-03-25,8,4,Excellent onboarding experience.
2315,2883,2026-01-14,6,4,Would like more integrations.
2316,3557,2025-09-08,8,5,Customer support was slow to respond.
2317,4173,2026-04-02,1,3,Love the new dashboard features.
2318,2567,2024-06-03,6,4,Pricing is a bit high for what I get.
2319,4425,2025-08-14,9,5,Pricing is a bit high for what I get.
2320,1447,2023-08-14,1,4,"Great product, easy to use."
2321,2283,2023-02-08,4,5,Love the new dashboard features.
2322,2658,2026-06-04,2,4,Excellent onboarding experience.
2323,4463,2023-11-14,9,2,Pricing is a bit high for what I get.
2324,565,2025-09-20,3,5,Excellent onboarding experience.
2325,4317,2026-06-06,0,4,Would like more integrations.
2326,1692,2026-01-18,9,5,App crashes occasionally.
2327,745,2026-09-09,0,3,"Great product, easy to use."
2328,277,2023-04-16,8,1,Customer support was slow to respond.
2329,3126,2026-01-24,8,2,Pricing is a bit high for what I get.
2330,3758,2026-04-13,3,3,Would like more integrations.
2331,463,2025-06-03,10,5,Would like more integrations.
2332,2634,2024-10-21,2,1,App crashes occasionally.
2333,247,2026-06-21,1,5,Pricing is a bit high for what I get.
2334,4121,2023-11-29,0,3,Pricing is a bit high for what I get.
2335,2150,2026-06-17,8,1,Pricing is a bit high for what I get.
2336,4936,2025-01-18,3,3,"Great product, easy to use."
2337,596,2026-03-10,4,2,Exactly what my team needed.
2338,4983,2024-09-18,6,5,Exactly what my team needed.
2339,3504,2023-04-23,3,2,Would like more integrations.
2340,2847,2024-11-21,10,1,Customer support was slow to respond.
2341,4293,2026-06-05,6,2,Exactly what my team needed.
2342,2932,2025-06-10,5,5,App crashes occasionally.
2343,1179,2024-08-31,10,5,Would like more integrations.
2344,4621,2025-10-18,0,1,Customer support was slow to respond.
2345,2273,2025-10-20,10,1,Pricing is a bit high for what I get.
2346,4753,2025-09-19,6,3,Love the new dashboard features.
2347,4137,2026-05-30,1,2,Love the new dashboard features.
2348,4790,2022-11-05,2,5,Love the new dashboard features.
2349,4363,2025-06-15,10,1,Would like more integrations.
2350,1833,2026-07-14,8,4,"Great product, easy to use."
2351,4776,2025-01-11,6,5,Excellent onboarding experience.
2352,4697,2026-01-06,10,5,Customer support was slow to respond.
2353,8,2025-09-23,3,1,Pricing is a bit high for what I get.
2354,869,2026-06-03,4,5,Excellent onboarding experience.
2355,474,2026-02-10,3,3,Customer support was slow to respond.
2356,3542,2024-02-27,9,4,Love the new dashboard features.
2357,3564,2025-01-22,6,2,Would like more integrations.
2358,23,2025-04-29,9,4,Excellent onboarding experience.
2359,1661,2025-03-22,10,3,Love the new dashboard features.
2360,330,2026-01-13,10,1,Love the new dashboard features.
2361,4554,2022-12-20,0,2,Pricing is a bit high for what I get.
2362,3517,2026-04-30,2,2,Exactly what my team needed.
2363,1102,2023-07-07,7,2,Pricing is a bit high for what I get.
2364,837,2026-04-21,7,5,Would like more integrations.
2365,224,2026-06-27,0,2,Customer support was slow to respond.
2366,3418,2025-12-28,0,4,"Great product, easy to use."
2367,995,2026-08-03,3,3,Excellent onboarding experience.
2368,4400,2025-04-30,3,3,"Great product, easy to use."
2369,727,2024-10-13,2,3,Love the new dashboard features.
2370,1501,2026-01-12,9,2,Exactly what my team needed.
2371,2527,2026-06-18,4,5,App crashes occasionally.
2372,595,2023-12-29,1,1,Would like more integrations.
2373,1522,2026-09-08,3,4,Customer support was slow to respond.
2374,973,2024-04-04,0,5,Pricing is a bit high for what I get.
2375,917,2026-07-17,10,3,"Great product, easy to use."
2376,3429,2026-04-22,7,5,Excellent onboarding experience.
2377,2297,2025-04-30,4,3,"Great product, easy to use."
2378,4835,2026-07-27,6,5,Excellent onboarding experience.
2379,4058,2023-07-12,8,3,Customer support was slow to respond.
2380,554,2024-10-05,0,1,Excellent onboarding experience.
2381,1084,2026-09-04,3,3,Would like more integrations.
2382,2715,2026-07-17,7,2,Would like more integrations.
2383,878,2025-02-10,1,4,Love the new dashboard features.
2384,2592,2024-12-28,10,2,"Great product, easy to use."
2385,404,2024-11-28,4,5,"Great product, easy to use."
2386,799,2026-04-05,0,5,Love the new dashboard features.
2387,3386,2024-07-04,4,3,Pricing is a bit high for what I get.
2388,2992,2024-12-05,6,1,Love the new dashboard features.
2389,450,2026-04-14,5,1,App crashes occasionally.
2390,1506,2022-09-08,7,2,Customer support was slow to respond.
2391,3074,2025-11-23,10,1,Customer support was slow to respond.
2392,4528,2024-01-03,6,2,Customer support was slow to respond.
2393,3566,2025-06-18,4,2,Would like more integrations.
2394,2241,2022-01-16,2,5,Love the new dashboard features.
2395,782,2025-04-26,4,4,Love the new dashboard features.
2396,4641,2021-08-27,10,5,"Great product, easy to use."
2397,4077,2024-12-29,7,2,"Great product, easy to use."
2398,2212,2026-03-06,6,3,Pricing is a bit high for what I get.
2399,1604,2024-08-23,10,3,Excellent onboarding experience.
2400,2787,2026-03-11,6,4,Pricing is a bit high for what I get.
2401,2364,2025-09-27,1,1,Excellent onboarding experience.
2402,4743,2025-09-23,5,2,"Great product, easy to use."
2403,1296,2026-05-23,1,1,Would like more integrations.
2404,2023,2026-05-15,5,1,"Great product, easy to use."
2405,3200,2022-12-05,9,1,App crashes occasionally.
2406,2597,2026-08-03,0,2,Would like more integrations.
2407,1800,2026-06-15,1,5,"Great product, easy to use."
2408,2015,2026-07-17,0,4,App crashes occasionally.
2409,3471,2026-05-25,7,5,Pricing is a bit high for what I get.
2410,498,2023-10-29,8,1,Would like more integrations.
2411,4604,2026-02-17,0,2,Love the new dashboard features.
2412,725,2025-08-20,8,2,Customer support was slow to respond.
2413,4519,2025-04-05,4,3,Excellent onboarding experience.
2414,1030,2026-07-12,10,4,Pricing is a bit high for what I get.
2415,2231,2022-06-29,0,1,Customer support was slow to respond.
2416,2499,2026-03-28,9,5,Excellent onboarding experience.
2417,4521,2026-08-20,5,4,Customer support was slow to respond.
2418,235,2026-04-22,7,1,"Great product, easy to use."
2419,2379,2026-03-10,1,5,Love the new dashboard features.
2420,1204,2026-01-20,8,5,Excellent onboarding experience.
2421,326,2025-09-07,6,2,Would like more integrations.
2422,2011,2026-03-10,6,3,App crashes occasionally.
2423,4720,2025-09-11,3,5,"Great product, easy to use."
2424,4582,2024-07-21,0,4,Would like more integrations.
2425,2104,2025-03-07,6,1,"Great product, easy to use."
2426,813,2025-04-01,7,1,Excellent onboarding experience.
2427,3256,2022-03-24,6,4,Exactly what my team needed.
2428,2421,2022-10-15,3,5,Exactly what my team needed.
2429,4023,2026-08-26,2,2,Customer support was slow to respond.
2430,703,2026-02-27,9,5,Excellent onboarding experience.
2431,216,2025-12-03,3,3,"Great product, easy to use."
2432,4130,2024-11-29,0,1,"Great product, easy to use."
2433,3646,2025-07-30,5,3,App crashes occasionally.
2434,1429,2024-10-20,3,3,"Great product, easy to use."
2435,3100,2026-08-10,8,2,"Great product, easy to use."
2436,2343,2026-08-15,3,4,Love the new dashboard features.
2437,3652,2022-10-27,2,2,Love the new dashboard features.
2438,1251,2025-06-04,8,1,Exactly what my team needed.
2439,983,2023-01-21,0,2,Pricing is a bit high for what I get.
2440,4158,2024-10-15,1,3,App crashes occasionally.
2441,1909,2026-08-07,5,5,"Great product, easy to use."
2442,4726,2026-06-08,2,1,Customer support was slow to respond.
2443,1646,2025-04-27,2,1,Would like more integrations.
2444,4110,2025-11-16,1,3,Exactly what my team needed.
2445,1424,2025-06-01,0,1,Excellent onboarding experience.
2446,174,2026-03-06,9,1,Pricing is a bit high for what I get.
2447,3391,2025-05-08,5,1,App crashes occasionally.
2448,4011,2026-08-26,6,4,Customer support was slow to respond.
2449,1137,2026-01-30,8,5,Pricing is a bit high for what I get.
2450,3735,2026-01-26,8,1,Excellent onboarding experience.
2451,1218,2024-06-10,6,1,Love the new dashboard features.
2452,2773,2026-04-12,6,2,"Great product, easy to use."
2453,2292,2026-07-10,3,5,Customer support was slow to respond.
2454,1494,2026-07-18,9,2,Would like more integrations.
2455,4151,2024-12-16,4,1,Excellent onboarding experience.
2456,1465,2026-06-25,8,3,Love the new dashboard features.
2457,432,2026-05-17,2,1,Pricing is a bit high for what I get.
2458,3918,2023-07-26,8,1,Love the new dashboard features.
2459,4481,2026-01-05,6,4,Would like more integrations.
2460,2024,2026-07-06,5,5,Customer support was slow to respond.
2461,3082,2024-12-16,2,4,"Great product, easy to use."
2462,2698,2025-10-13,0,4,Would like more integrations.
2463,1358,2024-12-11,5,5,"Great product, easy to use."
2464,2790,2026-05-12,2,4,Customer support was slow to respond.
2465,2831,2026-04-11,10,5,App crashes occasionally.
2466,1895,2026-03-06,9,1,"Great product, easy to use."
2467,3304,2025-06-19,3,2,Customer support was slow to respond.
2468,2653,2026-07-12,4,4,Would like more integrations.
2469,4374,2024-05-17,5,5,Would like more integrations.
2470,3984,2023-12-01,2,2,Love the new dashboard features.
2471,4051,2024-06-24,0,4,App crashes occasionally.
2472,3044,2025-08-19,6,2,"Great product, easy to use."
2473,770,2025-05-14,1,4,App crashes occasionally.
2474,3649,2023-09-21,0,4,Pricing is a bit high for what I get.
2475,3166,2025-04-11,9,5,App crashes occasionally.
2476,2620,2025-10-04,2,2,Customer support was slow to respond.
2477,1095,2026-02-05,1,2,Would like more integrations.
2478,2325,2026-08-05,2,1,"Great product, easy to use."
2479,2621,2023-03-21,4,1,Would like more integrations.
2480,2962,2026-08-27,10,4,Love the new dashboard features.
2481,1803,2025-10-13,1,4,Exactly what my team needed.
2482,2706,2025-06-17,0,1,App crashes occasionally.
2483,4689,2023-04-27,8,4,Love the new dashboard features.
2484,3164,2026-06-02,7,2,"Great product, easy to use."
2485,295,2026-06-25,4,5,Customer support was slow to respond.
2486,2476,2024-12-02,3,1,Customer support was slow to respond.
2487,1710,2025-11-20,7,4,Would like more integrations.
2488,1791,2025-04-29,5,4,Exactly what my team needed.
2489,3456,2024-04-15,10,3,Pricing is a bit high for what I get.
2490,3896,2025-01-13,10,4,App crashes occasionally.
2491,3423,2026-04-06,1,5,Love the new dashboard features.
2492,3812,2026-09-11,1,3,Customer support was slow to respond.
2493,3815,2025-05-15,4,3,Exactly what my team needed.
2494,24,2025-01-14,6,5,Love the new dashboard features.
2495,1613,2025-12-17,5,4,"Great product, easy to use."
2496,3769,2022-07-26,6,4,Love the new dashboard features.
2497,759,2025-07-30,9,4,Customer support was slow to respond.
2498,190,2025-03-07,9,2,Customer support was slow to respond.
2499,1640,2024-10-31,7,2,Excellent onboarding experience.
2500,2890,2024-12-27,1,3,Would like more integrations.
2501,2940,2024-06-19,2,2,App crashes occasionally.
2502,576,2026-07-03,6,3,Love the new dashboard features.
2503,753,2024-05-14,1,1,"Great product, easy to use."
2504,4310,2025-09-22,7,2,Exactly what my team needed.
2505,4290,2026-04-06,5,5,Love the new dashboard features.
2506,2805,2024-07-03,2,2,Love the new dashboard features.
2507,338,2025-07-04,1,2,Excellent onboarding experience.
2508,3839,2024-01-28,3,2,App crashes occasionally.
2509,389,2025-11-24,1,2,Excellent onboarding experience.
2510,3235,2022-08-18,6,3,App crashes occasionally.
2511,958,2026-08-09,2,2,Love the new dashboard features.
2512,2818,2026-03-22,8,2,Excellent onboarding experience.
2513,166,2022-08-14,4,4,Would like more integrations.
2514,3010,2023-01-26,2,3,Customer support was slow to respond.
2515,2664,2025-11-18,4,2,Love the new dashboard features.
2516,4345,2026-01-19,10,2,Would like more integrations.
2517,3213,2024-04-26,10,4,Love the new dashboard features.
2518,1719,2025-03-10,2,3,App crashes occasionally.
2519,1080,2026-04-04,4,5,Customer support was slow to respond.
2520,4155,2025-04-25,6,1,"Great product, easy to use."
2521,3032,2025-07-20,10,3,Excellent onboarding experience.
2522,871,2024-07-05,9,4,Customer support was slow to respond.
2523,1741,2024-11-19,5,5,Pricing is a bit high for what I get.
2524,2137,2026-01-03,10,5,App crashes occasionally.
2525,2063,2024-08-04,9,5,Pricing is a bit high for what I get.
2526,1414,2026-01-20,8,2,App crashes occasionally.
2527,461,2026-08-25,0,1,Pricing is a bit high for what I get.
2528,2135,2023-09-30,1,4,Would like more integrations.
2529,4620,2026-04-26,2,5,App crashes occasionally.
2530,268,2026-03-14,2,4,Would like more integrations.
2531,665,2024-12-03,10,2,"Great product, easy to use."
2532,4958,2024-05-11,4,2,Love the new dashboard features.
2533,1952,2024-08-21,10,4,Would like more integrations.
2534,3695,2024-01-12,10,5,App crashes occasionally.
2535,181,2025-12-23,2,2,Customer support was slow to respond.
2536,1979,2022-05-13,3,1,Exactly what my team needed.
2537,2072,2026-07-04,4,3,Customer support was slow to respond.
2538,2094,2026-04-18,0,5,Excellent onboarding experience.
2539,943,2026-09-12,1,1,Would like more integrations.
2540,4302,2024-01-20,6,1,Would like more integrations.
2541,2617,2026-04-17,4,3,Excellent onboarding experience.
2542,2327,2023-08-31,1,4,Would like more integrations.
2543,3511,2026-03-08,5,5,Excellent onboarding experience.
2544,242,2026-03-05,0,1,Exactly what my team needed.
2545,298,2025-05-22,8,3,Exactly what my team needed.
2546,3483,2026-03-04,5,3,Customer support was slow to respond.
2547,1500,2026-03-26,7,4,Exactly what my team needed.
2548,3581,2025-03-10,1,1,Exactly what my team needed.
2549,2942,2025-09-18,9,5,Exactly what my team needed.
2550,4031,2026-09-02,2,4,Customer support was slow to respond.
2551,1180,2026-04-03,3,2,App crashes occasionally.
2552,954,2026-08-27,5,4,Exactly what my team needed.
2553,3026,2023-07-23,5,3,Exactly what my team needed.
2554,4,2022-08-24,6,4,Excellent onboarding experience.
2555,219,2025-05-11,2,1,"Great product, easy to use."
2556,4147,2026-04-02,9,3,"Great product, easy to use."
2557,1367,2026-07-25,0,3,Would like more integrations.
2558,2504,2023-04-28,6,4,Customer support was slow to respond.
2559,4037,2024-06-23,8,2,Exactly what my team needed.
2560,4021,2023-10-12,1,3,Customer support was slow to respond.
2561,4788,2026-04-28,7,4,Customer support was slow to respond.
2562,2973,2024-03-02,3,4,"Great product, easy to use."
2563,187,2026-08-30,5,2,App crashes occasionally.
2564,3974,2023-03-29,6,2,App crashes occasionally.
2565,1772,2026-07-04,7,4,"Great product, easy to use."
2566,2121,2025-09-28,8,1,Would like more integrations.
2567,113,2024-01-05,0,3,Excellent onboarding experience.
2568,507,2025-07-21,5,2,Exactly what my team needed.
2569,3313,2025-03-14,4,4,Love the new dashboard features.
2570,3878,2024-10-01,5,3,Would like more integrations.
2571,4262,2025-02-16,4,1,"Great product, easy to use."
2572,4253,2022-02-18,2,3,App crashes occasionally.
2573,1590,2025-09-11,3,1,Pricing is a bit high for what I get.
2574,460,2025-12-20,4,1,Would like more integrations.
2575,1889,2026-07-01,5,5,Would like more integrations.
2576,2879,2023-10-07,0,3,Would like more integrations.
2577,1512,2025-01-27,6,1,Excellent onboarding experience.
2578,4898,2026-04-05,2,1,Love the new dashboard features.
2579,4763,2026-03-25,8,3,Customer support was slow to respond.
2580,4892,2026-08-03,4,2,Exactly what my team needed.
2581,3387,2026-08-10,10,4,Excellent onboarding experience.
2582,932,2023-01-22,4,1,Love the new dashboard features.
2583,494,2024-09-05,2,1,Pricing is a bit high for what I get.
2584,1660,2023-10-13,1,3,Love the new dashboard features.
2585,2561,2023-07-02,0,1,Customer support was slow to respond.
2586,1466,2026-08-28,1,5,Exactly what my team needed.
2587,3430,2023-06-03,2,1,Would like more integrations.
2588,2489,2024-07-12,7,4,Excellent onboarding experience.
2589,637,2025-09-02,10,1,Exactly what my team needed.
2590,3173,2024-06-18,1,4,App crashes occasionally.
2591,4947,2025-01-31,3,3,Excellent onboarding experience.
2592,3779,2025-10-09,8,1,Pricing is a bit high for what I get.
2593,3643,2026-07-18,6,3,Excellent onboarding experience.
2594,3568,2025-06-17,4,4,Exactly what my team needed.
2595,4324,2025-12-07,3,3,Would like more integrations.
2596,1985,2026-08-02,4,4,Customer support was slow to respond.
2597,3259,2023-07-01,9,4,Pricing is a bit high for what I get.
2598,557,2026-08-29,10,2,Pricing is a bit high for what I get.
2599,4729,2024-10-24,5,2,Pricing is a bit high for what I get.
2600,1877,2026-03-04,5,2,Exactly what my team needed.
2601,3670,2026-09-01,1,5,Would like more integrations.
2602,3708,2023-07-22,5,5,Excellent onboarding experience.
2603,1517,2023-05-27,4,3,Customer support was slow to respond.
2604,2556,2026-08-11,8,5,Excellent onboarding experience.
2605,411,2025-10-28,0,5,Exactly what my team needed.
2606,1007,2022-07-27,8,4,Customer support was slow to respond.
2607,3485,2024-10-11,3,5,Customer support was slow to respond.
2608,1739,2025-08-01,7,1,Exactly what my team needed.
2609,2541,2026-07-04,0,2,App crashes occasionally.
2610,4133,2025-11-12,5,2,Love the new dashboard features.
2611,1942,2023-07-09,7,2,App crashes occasionally.
2612,4830,2025-09-17,5,2,Love the new dashboard features.
2613,3267,2023-03-09,9,5,Would like more integrations.
2614,2915,2025-10-30,4,2,Customer support was slow to respond.
2615,73,2023-07-18,3,1,Customer support was slow to respond.
2616,4263,2025-09-19,9,5,Excellent onboarding experience.
2617,4438,2026-03-12,4,3,Excellent onboarding experience.
2618,4258,2026-08-02,2,3,Pricing is a bit high for what I get.
2619,1159,2025-03-02,1,3,Pricing is a bit high for what I get.
2620,1195,2022-10-09,2,3,Customer support was slow to respond.
2621,250,2026-07-19,7,3,Customer support was slow to respond.
2622,2767,2026-08-25,9,4,Exactly what my team needed.
2623,3563,2026-09-03,6,1,App crashes occasionally.
2624,3388,2026-02-16,4,1,"Great product, easy to use."
2625,2545,2024-05-31,8,4,Excellent onboarding experience.
2626,4587,2024-05-16,10,1,"Great product, easy to use."
2627,3662,2022-09-04,3,2,Excellent onboarding experience.
2628,25,2025-06-16,3,4,Pricing is a bit high for what I get.
2629,4437,2024-07-12,10,3,Exactly what my team needed.
2630,4449,2023-01-09,1,4,Customer support was slow to respond.
2631,1524,2024-12-13,7,1,Customer support was slow to respond.
2632,2834,2024-12-16,0,4,App crashes occasionally.
2633,1244,2026-02-13,2,4,Pricing is a bit high for what I get.
2634,4202,2025-10-14,4,1,"Great product, easy to use."
2635,4226,2026-08-24,4,4,Would like more integrations.
2636,795,2024-05-23,3,3,App crashes occasionally.
2637,2922,2025-08-05,8,5,Exactly what my team needed.
2638,4959,2025-09-08,8,1,Love the new dashboard features.
2639,1854,2024-07-11,7,2,Customer support was slow to respond.
2640,158,2023-04-28,3,3,Pricing is a bit high for what I get.
2641,3155,2026-01-08,5,2,App crashes occasionally.
2642,2539,2025-11-12,6,5,Love the new dashboard features.
2643,269,2025-04-08,3,5,Pricing is a bit high for what I get.
2644,3149,2026-08-31,3,5,Would like more integrations.
2645,4328,2025-03-31,1,1,Love the new dashboard features.
2646,1066,2025-10-16,3,3,Love the new dashboard features.
2647,938,2024-09-19,3,1,Customer support was slow to respond.
2648,4908,2026-06-16,10,3,Pricing is a bit high for what I get.
2649,3358,2026-06-15,3,3,Customer support was slow to respond.
2650,2571,2026-09-11,8,1,"Great product, easy to use."
2651,128,2025-12-02,3,1,"Great product, easy to use."
2652,3301,2025-03-07,6,4,Pricing is a bit high for what I get.
2653,3509,2024-06-23,3,2,Customer support was slow to respond.
2654,1419,2024-05-07,3,1,Pricing is a bit high for what I get.
2655,1578,2026-09-03,9,5,Pricing is a bit high for what I get.
2656,4724,2026-01-22,8,4,Love the new dashboard features.
2657,1601,2026-07-30,2,2,App crashes occasionally.
2658,3980,2024-04-01,8,3,Excellent onboarding experience.
2659,2142,2022-02-04,0,4,Love the new dashboard features.
2660,2576,2025-08-04,10,1,Customer support was slow to respond.
2661,2872,2026-09-03,0,1,Customer support was slow to respond.
2662,4943,2025-07-18,2,2,Excellent onboarding experience.
2663,1456,2026-03-05,5,3,Excellent onboarding experience.
2664,865,2022-07-18,9,3,Would like more integrations.
2665,919,2025-06-22,5,1,"Great product, easy to use."
2666,2411,2025-03-14,7,5,Love the new dashboard features.
2667,4654,2024-05-27,1,1,Love the new dashboard features.
2668,3512,2026-04-20,1,2,Customer support was slow to respond.
2669,3681,2026-07-18,2,4,Customer support was slow to respond.
2670,1905,2025-04-27,9,4,Customer support was slow to respond.
2671,3183,2024-05-29,9,4,Love the new dashboard features.
2672,4966,2026-05-26,10,1,Exactly what my team needed.
2673,3661,2026-06-18,10,3,Love the new dashboard features.
2674,3536,2026-02-12,3,2,Would like more integrations.
2675,1906,2025-10-21,3,5,Customer support was slow to respond.
2676,563,2024-02-11,7,1,Excellent onboarding experience.
2677,4403,2026-08-20,0,1,Exactly what my team needed.
2678,3846,2026-03-30,7,1,Would like more integrations.
2679,1297,2026-04-16,7,5,Excellent onboarding experience.
2680,1261,2023-01-16,3,5,Excellent onboarding experience.
2681,1990,2025-09-04,9,4,Would like more integrations.
2682,3723,2026-06-26,6,1,Would like more integrations.
2683,3967,2025-10-01,3,5,Excellent onboarding experience.
2684,993,2022-03-02,3,1,Customer support was slow to respond.
2685,3440,2025-07-12,8,5,App crashes occasionally.
2686,4466,2023-02-12,9,1,Pricing is a bit high for what I get.
2687,294,2026-08-02,7,3,"Great product, easy to use."
2688,4755,2023-06-13,6,5,"Great product, easy to use."
2689,4897,2026-07-15,4,1,Exactly what my team needed.
2690,3899,2023-01-19,7,2,Would like more integrations.
2691,4350,2025-09-12,4,3,Excellent onboarding experience.
2692,860,2022-11-02,7,1,Would like more integrations.
2693,2215,2026-01-05,5,4,Exactly what my team needed.
2694,2389,2025-12-19,10,5,App crashes occasionally.
2695,2458,2026-04-16,10,1,Pricing is a bit high for what I get.
2696,436,2025-12-24,4,2,Exactly what my team needed.
2697,419,2025-08-01,10,4,App crashes occasionally.
2698,3793,2023-05-13,8,2,Love the new dashboard features.
2699,2612,2024-06-09,10,5,Exactly what my team needed.
2700,2845,2026-05-17,5,3,Pricing is a bit high for what I get.
2701,4599,2026-05-31,10,2,Customer support was slow to respond.
2702,3109,2024-02-10,3,1,Would like more integrations.
2703,15,2023-11-08,10,5,Customer support was slow to respond.
2704,434,2025-05-21,3,1,Customer support was slow to respond.
2705,2175,2026-07-08,2,4,Pricing is a bit high for what I get.
2706,3821,2025-02-20,0,5,Would like more integrations.
2707,1523,2021-11-06,0,4,Excellent onboarding experience.
2708,4013,2026-02-10,8,2,Excellent onboarding experience.
2709,678,2026-07-31,1,1,App crashes occasionally.
2710,3989,2026-05-04,6,2,Customer support was slow to respond.
2711,4551,2025-10-19,8,2,Customer support was slow to respond.
2712,3808,2024-01-22,1,2,Pricing is a bit high for what I get.
2713,822,2025-01-03,2,3,Would like more integrations.
2714,4565,2025-12-26,0,4,Would like more integrations.
2715,46,2025-11-16,0,5,"Great product, easy to use."
2716,648,2026-09-08,5,1,Customer support was slow to respond.
2717,2840,2023-02-03,8,4,App crashes occasionally.
2718,1263,2023-10-06,0,3,"Great product, easy to use."
2719,3567,2025-08-29,5,5,Exactly what my team needed.
2720,4348,2024-12-27,7,3,"Great product, easy to use."
2721,1302,2024-05-27,9,3,App crashes occasionally.
2722,506,2025-01-09,9,3,Excellent onboarding experience.
2723,1282,2023-08-15,1,1,Customer support was slow to respond.
2724,2764,2022-10-04,1,5,Excellent onboarding experience.
2725,852,2022-05-19,10,1,Excellent onboarding experience.
2726,1136,2024-09-15,7,5,Pricing is a bit high for what I get.
2727,4303,2026-08-29,4,4,App crashes occasionally.
2728,1318,2026-04-17,5,3,"Great product, easy to use."
2729,3642,2025-07-13,7,4,App crashes occasionally.
2730,1836,2024-11-16,8,5,"Great product, easy to use."
2731,4951,2025-12-17,9,5,Love the new dashboard features.
2732,3719,2026-07-16,8,3,Love the new dashboard features.
2733,3296,2026-03-09,1,3,Excellent onboarding experience.
2734,1507,2025-07-31,4,1,Would like more integrations.
2735,2117,2023-09-17,1,2,App crashes occasionally.
2736,391,2025-07-01,3,2,Love the new dashboard features.
2737,4668,2023-01-28,8,4,"Great product, easy to use."
2738,3237,2023-08-30,10,4,Exactly what my team needed.
2739,1816,2025-09-16,8,4,"Great product, easy to use."
2740,635,2025-07-04,3,1,App crashes occasionally.
2741,4196,2025-09-02,5,2,Would like more integrations.
2742,940,2025-01-25,9,1,Would like more integrations.
2743,2048,2026-07-13,9,5,Exactly what my team needed.
2744,350,2025-04-13,9,4,"Great product, easy to use."
2745,3191,2025-06-18,8,3,App crashes occasionally.
2746,825,2023-02-22,3,3,"Great product, easy to use."
2747,3392,2022-10-31,3,2,Excellent onboarding experience.
2748,2473,2026-06-07,7,2,Exactly what my team needed.
2749,2401,2026-03-12,5,2,Would like more integrations.
2750,1653,2026-05-17,8,5,Would like more integrations.
2751,1847,2026-02-12,0,2,"Great product, easy to use."
2752,1951,2023-10-06,0,3,Excellent onboarding experience.
2753,3733,2025-09-30,8,3,Would like more integrations.
2754,3691,2024-10-22,4,2,Would like more integrations.
2755,415,2023-11-28,9,1,Excellent onboarding experience.
2756,743,2023-06-19,2,5,Pricing is a bit high for what I get.
2757,2100,2026-05-21,7,5,"Great product, easy to use."
2758,185,2026-03-09,9,2,Exactly what my team needed.
2759,1361,2025-11-29,3,3,App crashes occasionally.
2760,1552,2026-08-08,10,1,Excellent onboarding experience.
2761,1984,2026-08-11,4,3,App crashes occasionally.
2762,2250,2025-02-22,10,2,Pricing is a bit high for what I get.
2763,746,2025-05-04,6,3,App crashes occasionally.
2764,1551,2025-06-10,0,1,Would like more integrations.
2765,779,2025-08-14,9,4,Pricing is a bit high for what I get.
2766,403,2026-07-26,2,3,"Great product, easy to use."
2767,3139,2025-01-31,4,1,Excellent onboarding experience.
2768,4808,2025-04-05,6,5,Exactly what my team needed.
2769,705,2026-06-11,2,1,Love the new dashboard features.
2770,1532,2026-04-11,0,4,Love the new dashboard features.
2771,1423,2026-07-28,9,5,Excellent onboarding experience.
2772,4419,2025-12-26,9,3,Customer support was slow to respond.
2773,2218,2025-03-27,1,3,Would like more integrations.
2774,912,2024-12-12,2,3,"Great product, easy to use."
2775,1265,2026-03-16,10,2,Customer support was slow to respond.
2776,1536,2022-12-14,0,2,Customer support was slow to respond.
2777,3224,2025-04-29,6,2,Excellent onboarding experience.
2778,1932,2026-03-12,4,1,Exactly what my team needed.
2779,4618,2025-06-26,10,4,Excellent onboarding experience.
2780,2965,2022-04-26,0,2,Customer support was slow to respond.
2781,3861,2025-04-15,2,1,Pricing is a bit high for what I get.
2782,2266,2025-02-06,6,2,App crashes occasionally.
2783,513,2023-02-10,7,1,Would like more integrations.
2784,3203,2024-05-04,10,3,"Great product, easy to use."
2785,4902,2024-12-12,8,5,App crashes occasionally.
2786,1730,2026-09-12,8,1,Love the new dashboard features.
2787,2666,2025-07-20,4,5,"Great product, easy to use."
2788,1454,2026-09-14,5,4,Love the new dashboard features.
2789,4939,2026-06-07,6,5,Pricing is a bit high for what I get.
2790,3073,2023-06-30,10,3,Excellent onboarding experience.
2791,4395,2025-08-20,3,4,"Great product, easy to use."
2792,2891,2026-08-09,0,5,Pricing is a bit high for what I get.
2793,1392,2026-08-31,3,2,Exactly what my team needed.
2794,4319,2024-07-18,9,5,App crashes occasionally.
2795,1823,2021-12-18,7,5,Customer support was slow to respond.
2796,1666,2025-01-16,5,1,Would like more integrations.
2797,3369,2026-06-30,0,4,Exactly what my team needed.
2798,3586,2024-03-17,3,3,Would like more integrations.
2799,747,2025-05-07,6,3,Would like more integrations.
2800,1256,2023-08-03,9,5,Love the new dashboard features.
2801,2031,2023-01-16,9,2,Excellent onboarding experience.
2802,4201,2023-07-29,3,1,Would like more integrations.
2803,3851,2026-03-20,1,1,Exactly what my team needed.
2804,1643,2024-01-17,7,2,Pricing is a bit high for what I get.
2805,3427,2023-10-11,1,1,Would like more integrations.
2806,3634,2025-10-17,2,2,Customer support was slow to respond.
2807,4342,2023-08-18,7,3,Love the new dashboard features.
2808,4499,2026-04-29,5,3,Excellent onboarding experience.
2809,2307,2024-09-29,7,5,"Great product, easy to use."
2810,1116,2026-08-03,4,1,Exactly what my team needed.
2811,2914,2024-03-21,6,1,App crashes occasionally.
2812,2752,2022-12-04,0,5,Exactly what my team needed.
2813,3615,2025-08-18,7,1,App crashes occasionally.
2814,4564,2022-11-22,8,5,App crashes occasionally.
2815,580,2024-07-08,2,3,Customer support was slow to respond.
2816,274,2024-11-21,8,4,Customer support was slow to respond.
2817,3268,2024-10-09,6,3,Love the new dashboard features.
2818,4794,2023-11-19,1,3,Excellent onboarding experience.
2819,3838,2025-11-09,0,4,Love the new dashboard features.
2820,3650,2026-04-07,9,5,Pricing is a bit high for what I get.
2821,4106,2024-06-17,8,2,Customer support was slow to respond.
2822,2198,2026-03-30,10,2,Customer support was slow to respond.
2823,3923,2023-02-19,0,3,Excellent onboarding experience.
2824,847,2026-08-18,0,5,"Great product, easy to use."
2825,4544,2024-08-12,1,2,Pricing is a bit high for what I get.
2826,503,2023-01-02,4,4,Love the new dashboard features.
2827,1673,2025-03-29,0,4,App crashes occasionally.
2828,1811,2024-11-09,4,4,"Great product, easy to use."
2829,3669,2026-01-31,10,5,Would like more integrations.
2830,894,2026-01-10,2,3,App crashes occasionally.
2831,2701,2024-05-11,10,3,Excellent onboarding experience.
2832,4501,2026-01-08,1,4,Pricing is a bit high for what I get.
2833,652,2025-03-23,0,1,Exactly what my team needed.
2834,1790,2024-08-08,8,2,Customer support was slow to respond.
2835,2118,2026-08-04,2,3,Exactly what my team needed.
2836,864,2025-10-08,1,2,Exactly what my team needed.
2837,1973,2024-12-10,3,2,Excellent onboarding experience.
2838,2275,2023-06-28,7,5,Excellent onboarding experience.
2839,3417,2026-02-09,7,3,Excellent onboarding experience.
2840,3671,2025-07-29,9,1,Exactly what my team needed.
2841,3698,2025-05-30,4,3,Excellent onboarding experience.
2842,3094,2026-04-25,10,4,Customer support was slow to respond.
2843,4950,2025-09-29,5,4,App crashes occasionally.
2844,2570,2024-10-10,9,2,Exactly what my team needed.
2845,1495,2026-07-11,3,4,Would like more integrations.
2846,1071,2025-01-18,3,2,App crashes occasionally.
2847,1608,2025-04-06,7,1,Customer support was slow to respond.
2848,1733,2023-05-20,5,4,"Great product, easy to use."
2849,2320,2025-06-08,6,2,Pricing is a bit high for what I get.
2850,3575,2026-05-04,2,2,Love the new dashboard features.
2851,4188,2024-10-20,0,5,Love the new dashboard features.
2852,4213,2025-03-07,4,3,Customer support was slow to respond.
2853,4088,2026-04-07,3,5,Pricing is a bit high for what I get.
2854,3307,2022-02-01,7,5,Pricing is a bit high for what I get.
2855,1970,2024-10-14,9,4,"Great product, easy to use."
2856,1255,2026-07-08,1,1,Would like more integrations.
2857,1946,2025-10-26,9,4,Exactly what my team needed.
2858,471,2025-09-11,8,2,Would like more integrations.
2859,3853,2026-07-08,8,4,Pricing is a bit high for what I get.
2860,1250,2025-06-18,7,4,Pricing is a bit high for what I get.
2861,1078,2026-01-03,7,3,Customer support was slow to respond.
2862,4932,2026-07-29,9,1,Would like more integrations.
2863,4195,2025-07-29,10,2,Pricing is a bit high for what I get.
2864,1366,2024-08-09,9,4,Would like more integrations.
2865,1104,2026-07-07,4,2,Exactly what my team needed.
2866,4387,2025-03-02,8,5,Exactly what my team needed.
2867,4252,2024-03-12,1,4,Excellent onboarding experience.
2868,1122,2025-09-07,1,3,Excellent onboarding experience.
2869,2071,2023-12-08,1,3,Excellent onboarding experience.
2870,3782,2024-05-20,1,2,Would like more integrations.
2871,4301,2025-04-25,9,1,Pricing is a bit high for what I get.
2872,1751,2024-09-06,8,4,Pricing is a bit high for what I get.
2873,2091,2025-01-18,2,4,Excellent onboarding experience.
2874,4531,2026-08-13,8,1,Exactly what my team needed.
2875,1586,2026-08-06,3,3,Customer support was slow to respond.
2876,4055,2023-05-04,3,4,Customer support was slow to respond.
2877,1543,2025-11-29,5,4,"Great product, easy to use."
2878,4549,2026-03-25,6,2,Love the new dashboard features.
2879,960,2025-12-22,7,4,Customer support was slow to respond.
2880,1734,2024-07-09,0,5,"Great product, easy to use."
2881,1405,2023-06-20,8,2,Would like more integrations.
2882,4003,2025-08-22,10,2,Pricing is a bit high for what I get.
2883,365,2023-09-09,8,5,Love the new dashboard features.
2884,2265,2025-11-11,9,4,Pricing is a bit high for what I get.
2885,1118,2026-03-21,10,3,"Great product, easy to use."
2886,1478,2026-07-19,3,2,Customer support was slow to respond.
2887,2861,2026-01-15,10,2,Customer support was slow to respond.
2888,1488,2023-10-22,5,3,"Great product, easy to use."
2889,868,2023-09-04,10,3,Pricing is a bit high for what I get.
2890,1668,2026-03-31,5,3,Would like more integrations.
2891,1059,2026-08-07,4,4,Excellent onboarding experience.
2892,910,2026-05-22,4,3,Excellent onboarding experience.
2893,2817,2023-05-02,3,3,App crashes occasionally.
2894,1659,2025-01-28,4,1,Love the new dashboard features.
2895,3961,2026-01-27,3,3,"Great product, easy to use."
2896,2766,2024-08-22,1,3,Excellent onboarding experience.
2897,1589,2023-02-16,1,5,Excellent onboarding experience.
2898,2163,2024-01-09,5,4,App crashes occasionally.
2899,4457,2026-08-04,3,1,Love the new dashboard features.
2900,1323,2025-11-04,8,1,Customer support was slow to respond.
2901,3945,2025-09-12,6,2,Customer support was slow to respond.
2902,4482,2025-10-29,5,2,"Great product, easy to use."
2903,3434,2026-06-16,5,2,Excellent onboarding experience.
2904,2961,2025-03-19,7,2,Excellent onboarding experience.
2905,1945,2024-08-06,3,2,Love the new dashboard features.
2906,4905,2025-10-02,5,3,Pricing is a bit high for what I get.
2907,713,2026-08-03,0,4,Would like more integrations.
2908,4440,2025-12-07,1,1,Pricing is a bit high for what I get.
2909,3523,2026-08-26,5,4,App crashes occasionally.
2910,601,2021-05-05,2,5,Love the new dashboard features.
2911,1191,2023-11-23,10,5,"Great product, easy to use."
2912,3211,2025-04-14,7,3,Pricing is a bit high for what I get.
2913,870,2025-07-14,4,1,App crashes occasionally.
2914,2211,2026-08-27,2,4,Love the new dashboard features.
2915,761,2026-02-02,10,5,Customer support was slow to respond.
2916,1910,2024-07-23,7,4,Would like more integrations.
2917,4102,2026-02-03,2,3,Customer support was slow to respond.
2918,4085,2025-11-30,0,3,"Great product, easy to use."
2919,4175,2024-10-18,7,4,Excellent onboarding experience.
2920,2455,2026-06-28,7,5,Love the new dashboard features.
2921,3874,2025-05-02,9,3,Customer support was slow to respond.
2922,1763,2022-07-02,3,3,Love the new dashboard features.
2923,52,2024-05-13,8,1,Love the new dashboard features.
2924,735,2026-07-05,7,4,App crashes occasionally.
2925,4406,2026-07-16,2,3,Excellent onboarding experience.
2926,1694,2025-04-26,7,3,Pricing is a bit high for what I get.
2927,2400,2026-08-14,1,1,Exactly what my team needed.
2928,2596,2025-12-23,3,4,Customer support was slow to respond.
2929,1333,2026-07-15,5,1,Pricing is a bit high for what I get.
2930,2208,2025-11-19,3,1,Exactly what my team needed.
2931,1746,2024-05-15,9,2,App crashes occasionally.
2932,421,2026-08-22,9,1,Would like more integrations.
2933,4631,2024-07-01,5,1,Pricing is a bit high for what I get.
2934,4375,2025-12-30,3,4,App crashes occasionally.
2935,769,2025-03-16,2,5,Customer support was slow to respond.
2936,2192,2025-08-20,3,1,Customer support was slow to respond.
2937,4571,2024-01-15,4,4,Pricing is a bit high for what I get.
2938,3137,2022-10-08,0,3,Customer support was slow to respond.
2939,3102,2024-07-26,4,2,Exactly what my team needed.
2940,4444,2025-03-29,0,2,Would like more integrations.
2941,1616,2025-09-10,0,5,Customer support was slow to respond.
2942,2428,2022-12-10,8,5,Excellent onboarding experience.
2943,1079,2024-09-01,4,1,"Great product, easy to use."
2944,4140,2023-10-01,10,3,App crashes occasionally.
2945,4918,2025-01-01,3,2,Excellent onboarding experience.
2946,2478,2025-01-16,5,4,App crashes occasionally.
2947,1695,2021-08-09,7,2,Exactly what my team needed.
2948,4611,2025-08-15,8,4,App crashes occasionally.
2949,4821,2025-10-23,5,4,Pricing is a bit high for what I get.
2950,337,2022-08-01,4,1,Pricing is a bit high for what I get.
2951,1805,2025-09-06,6,4,Would like more integrations.
2952,631,2025-07-15,9,5,Love the new dashboard features.
2953,4530,2026-09-10,8,1,App crashes occasionally.
2954,2272,2026-05-19,6,2,Exactly what my team needed.
2955,2046,2023-07-04,9,1,Love the new dashboard features.
2956,1376,2024-07-23,5,5,Pricing is a bit high for what I get.
2957,3947,2021-03-05,8,1,Love the new dashboard features.
2958,4640,2024-05-11,0,1,Customer support was slow to respond.
2959,3261,2024-09-14,4,5,Would like more integrations.
2960,4955,2025-06-09,6,2,"Great product, easy to use."
2961,418,2022-03-13,0,4,Love the new dashboard features.
2962,1925,2022-05-08,6,3,Excellent onboarding experience.
2963,2412,2026-01-20,8,1,Excellent onboarding experience.
2964,2645,2023-06-01,5,1,Customer support was slow to respond.
2965,603,2026-04-26,1,1,Pricing is a bit high for what I get.
2966,401,2026-01-15,6,5,Pricing is a bit high for what I get.
2967,1258,2025-08-03,8,1,Pricing is a bit high for what I get.
2968,3529,2025-06-01,6,3,Customer support was slow to respond.
2969,1280,2026-03-28,3,2,Love the new dashboard features.
2970,3145,2025-03-30,10,1,"Great product, easy to use."
2971,413,2023-03-15,3,1,App crashes occasionally.
2972,2302,2026-07-07,4,4,Excellent onboarding experience.
2973,4539,2021-09-14,6,4,Excellent onboarding experience.
2974,2533,2026-07-12,9,2,Love the new dashboard features.
2975,3398,2026-03-13,6,1,Would like more integrations.
2976,634,2021-04-04,8,5,Exactly what my team needed.
2977,4239,2025-09-06,8,1,Would like more integrations.
2978,123,2025-09-03,3,4,App crashes occasionally.
2979,1775,2026-06-03,9,1,Would like more integrations.
2980,3971,2024-12-26,8,4,"Great product, easy to use."
2981,4376,2025-04-22,0,4,Pricing is a bit high for what I get.
2982,4552,2025-12-17,4,1,"Great product, easy to use."
2983,4614,2026-09-02,3,2,Love the new dashboard features.
2984,2254,2024-11-12,8,4,Customer support was slow to respond.
2985,3996,2024-06-30,4,3,App crashes occasionally.
2986,2220,2023-11-24,2,1,Would like more integrations.
2987,786,2023-12-12,4,3,Exactly what my team needed.
2988,2946,2026-07-12,10,4,Love the new dashboard features.
2989,38,2026-01-27,8,5,Love the new dashboard features.
2990,3998,2025-08-27,2,1,Love the new dashboard features.
2991,2187,2026-09-09,10,4,Customer support was slow to respond.
2992,4408,2026-09-05,10,1,Customer support was slow to respond.
2993,1341,2026-07-22,4,1,"Great product, easy to use."
2994,4218,2025-03-26,4,3,Customer support was slow to respond.
2995,2296,2025-03-08,0,3,Would like more integrations.
2996,1182,2025-11-16,5,1,Love the new dashboard features.
2997,4446,2022-04-26,7,5,"Great product, easy to use."
2998,1678,2022-11-30,4,5,Customer support was slow to respond.
2999,1713,2024-05-27,4,3,Pricing is a bit high for what I get.
3000,1874,2026-08-29,4,3,Would like more integrations.
