subscription_id,customer_id,plan_id,start_date,end_date,status,auto_renew
1,1,2,2021-04-13,2021-07-20,Cancelled,1
2,2,5,2023-07-04,NULL,Active,1
3,3,3,2021-12-23,NULL,Active,0
4,4,4,2021-05-03,NULL,Active,1
5,5,2,2021-04-19,2021-10-29,Expired,1
6,5,2,2021-11-08,NULL,Active,0
7,6,5,2025-09-15,2026-08-05,Cancelled,0
8,7,2,2024-02-14,2024-07-04,Cancelled,0
9,8,2,2024-10-25,NULL,Active,1
10,9,2,2024-10-10,NULL,Active,1
11,10,2,2022-02-01,NULL,Active,1
12,11,2,2023-12-20,NULL,Active,1
13,12,5,2022-05-27,2022-06-27,Cancelled,0
14,13,5,2024-04-15,NULL,Active,1
15,14,2,2023-02-27,NULL,Active,1
16,15,5,2023-07-23,2024-09-13,Cancelled,1
17,16,1,2022-02-18,2023-01-29,Cancelled,1
18,17,4,2025-02-03,NULL,Active,1
19,18,2,2023-05-09,2023-08-24,Expired,1
20,18,2,2023-08-27,NULL,Active,1
21,19,5,2022-12-02,NULL,Active,1
22,20,3,2022-11-01,2024-04-22,Cancelled,1
23,21,5,2023-06-19,NULL,Active,1
24,22,5,2023-07-28,NULL,Active,1
25,23,2,2024-01-02,NULL,Active,1
26,24,1,2024-07-12,2026-07-14,Cancelled,0
27,25,1,2025-06-09,NULL,Active,1
28,26,1,2023-12-21,NULL,Active,1
29,27,2,2023-12-13,NULL,Active,1
30,28,4,2025-06-24,NULL,Active,0
31,29,2,2026-07-15,NULL,Active,1
32,30,1,2022-09-19,2023-03-25,Cancelled,1
33,31,4,2021-09-18,NULL,Active,1
34,32,5,2026-04-02,NULL,Active,1
35,33,2,2021-02-17,2022-09-26,Cancelled,0
36,34,1,2023-12-29,NULL,Active,1
37,35,2,2024-04-17,NULL,Active,1
38,36,5,2021-01-14,NULL,Active,1
39,37,4,2026-08-13,2027-09-12,Expired,1
40,37,4,2027-09-16,2027-10-01,Cancelled,1
41,38,1,2024-05-07,NULL,Active,1
42,39,3,2023-03-26,NULL,Active,1
43,40,5,2021-01-03,2021-03-13,Cancelled,1
44,41,1,2021-03-21,NULL,Active,1
45,42,4,2023-09-08,NULL,Active,0
46,43,2,2021-11-19,2022-05-06,Cancelled,1
47,44,4,2021-10-11,2022-04-05,Expired,1
48,44,4,2022-04-08,2023-01-19,Cancelled,1
49,45,2,2026-05-01,2027-05-24,Expired,1
50,45,2,2027-05-28,NULL,Active,1
51,46,1,2025-09-30,2026-04-18,Cancelled,0
52,47,4,2024-06-30,2024-10-01,Expired,1
53,47,4,2024-10-09,2025-10-15,Cancelled,1
54,48,2,2025-11-30,NULL,Active,1
55,49,3,2023-10-13,2023-12-02,Cancelled,1
56,50,1,2021-03-28,2022-06-08,Cancelled,1
57,51,3,2023-06-22,2023-10-23,Cancelled,1
58,52,1,2023-07-27,2024-05-11,Expired,1
59,52,1,2024-05-14,NULL,Active,1
60,53,1,2021-10-18,2022-08-11,Expired,1
61,53,1,2022-08-15,NULL,Active,1
62,54,4,2026-06-12,2026-07-26,Cancelled,1
63,55,3,2026-04-21,2027-02-26,Expired,1
64,55,3,2027-03-02,NULL,Active,0
65,56,2,2023-02-19,2023-04-02,Cancelled,1
66,57,4,2024-12-22,NULL,Active,0
67,58,1,2021-08-10,NULL,Active,1
68,59,2,2021-09-06,2022-02-15,Expired,0
69,59,2,2022-02-18,NULL,Active,0
70,60,3,2022-03-24,2023-01-01,Expired,1
71,60,3,2023-01-03,NULL,Active,1
72,61,5,2026-01-12,2026-05-28,Cancelled,1
73,62,4,2024-02-15,2025-01-15,Cancelled,1
74,63,1,2025-12-21,NULL,Active,0
75,64,1,2021-03-02,2022-04-01,Expired,1
76,64,1,2022-04-11,2022-05-30,Cancelled,1
77,65,2,2025-07-23,NULL,Active,1
78,66,2,2025-07-01,NULL,Active,1
79,67,5,2021-01-09,NULL,Active,0
80,68,4,2024-03-14,NULL,Active,0
81,69,2,2026-06-17,2026-08-27,Cancelled,1
82,70,5,2023-06-11,2024-01-07,Cancelled,1
83,71,3,2021-09-07,2022-08-25,Expired,1
84,71,3,2022-08-29,NULL,Active,1
85,72,2,2021-07-25,NULL,Active,1
86,73,5,2022-10-07,NULL,Active,1
87,74,5,2023-02-01,2023-11-13,Cancelled,1
88,75,2,2023-08-22,NULL,Active,1
89,76,1,2023-10-06,2024-04-07,Cancelled,1
90,77,5,2021-12-02,2022-05-31,Expired,1
91,77,5,2022-06-10,NULL,Active,0
92,78,2,2024-07-19,2025-05-02,Expired,1
93,78,2,2025-05-11,2026-04-11,Cancelled,1
94,79,5,2023-09-05,2024-04-07,Expired,1
95,79,5,2024-04-10,NULL,Active,1
96,80,4,2024-05-13,2025-04-05,Expired,1
97,80,4,2025-04-15,NULL,Active,0
98,81,5,2021-02-08,NULL,Active,1
99,82,1,2022-02-14,2022-05-08,Expired,0
100,82,1,2022-05-16,2023-01-28,Cancelled,1
101,83,4,2023-12-23,2024-02-22,Cancelled,1
102,84,3,2023-09-28,NULL,Active,0
103,85,5,2025-11-30,2026-08-17,Expired,0
104,85,5,2026-08-18,2026-09-02,Cancelled,1
105,86,1,2021-02-02,NULL,Active,1
106,87,4,2022-03-01,NULL,Active,1
107,88,2,2022-03-15,NULL,Active,1
108,89,3,2024-01-21,NULL,Active,0
109,90,5,2024-11-05,NULL,Active,0
110,91,2,2026-06-25,2026-09-01,Cancelled,1
111,92,5,2025-10-01,2026-05-23,Cancelled,1
112,93,3,2024-09-28,NULL,Active,1
113,94,5,2022-10-24,NULL,Active,1
114,95,3,2025-10-18,2026-05-29,Cancelled,1
115,96,5,2021-11-05,2022-04-27,Expired,1
116,96,5,2022-05-06,NULL,Active,0
117,97,5,2021-05-28,2021-08-07,Cancelled,0
118,98,4,2022-08-30,NULL,Active,0
119,99,5,2024-06-16,NULL,Active,1
120,100,1,2023-05-11,2023-09-18,Cancelled,1
121,101,4,2024-12-19,2026-02-24,Cancelled,1
122,102,1,2022-09-26,2023-08-13,Expired,1
123,102,1,2023-08-20,NULL,Active,1
124,103,1,2025-08-16,2026-03-06,Expired,1
125,103,1,2026-03-14,NULL,Active,1
126,104,3,2025-08-14,2026-07-27,Cancelled,1
127,105,3,2023-12-29,NULL,Active,0
128,106,1,2025-04-16,NULL,Active,1
129,107,5,2023-03-29,2024-10-23,Cancelled,1
130,108,4,2023-07-22,2024-02-06,Expired,1
131,108,4,2024-02-14,2024-09-27,Cancelled,1
132,109,5,2025-06-21,NULL,Active,0
133,110,3,2024-02-18,NULL,Active,1
134,111,5,2025-06-26,NULL,Active,0
135,112,3,2021-04-24,2021-11-29,Expired,1
136,112,3,2021-12-05,NULL,Active,1
137,113,5,2023-12-24,2024-02-27,Cancelled,1
138,114,2,2025-11-15,NULL,Active,0
139,115,3,2025-11-23,NULL,Active,1
140,116,3,2025-04-27,NULL,Active,0
141,117,1,2021-07-01,NULL,Active,0
142,118,2,2023-03-19,2025-01-25,Cancelled,1
143,119,3,2024-09-14,NULL,Active,1
144,120,1,2024-05-15,NULL,Active,1
145,121,2,2024-08-29,NULL,Active,1
146,122,2,2022-06-06,NULL,Active,0
147,123,3,2022-12-14,NULL,Active,0
148,124,4,2025-07-22,2026-03-17,Cancelled,1
149,125,3,2024-03-21,NULL,Active,0
150,126,3,2024-08-12,2025-10-01,Cancelled,1
151,127,2,2023-05-26,NULL,Active,1
152,128,4,2021-12-14,NULL,Active,1
153,129,3,2024-10-04,NULL,Active,1
154,130,2,2023-07-10,NULL,Active,1
155,131,1,2021-07-09,NULL,Active,1
156,132,2,2021-10-26,2022-07-30,Expired,1
157,132,2,2022-08-02,2022-09-30,Cancelled,1
158,133,4,2023-03-08,2024-04-07,Expired,0
159,133,4,2024-04-12,NULL,Active,0
160,134,2,2026-07-18,NULL,Active,0
161,135,1,2021-01-23,2021-05-20,Cancelled,1
162,136,5,2022-12-22,NULL,Active,1
163,137,5,2021-07-25,NULL,Active,0
164,138,4,2026-02-13,NULL,Active,1
165,139,2,2024-07-23,2025-07-22,Expired,1
166,139,2,2025-07-30,2025-08-20,Cancelled,1
167,140,3,2025-10-14,2026-07-18,Expired,1
168,140,3,2026-07-21,NULL,Active,1
169,141,2,2026-04-29,NULL,Active,1
170,142,4,2024-02-10,NULL,Active,0
171,143,5,2024-01-30,NULL,Active,1
172,144,3,2023-08-19,2024-01-15,Expired,1
173,144,3,2024-01-18,NULL,Active,1
174,145,5,2021-11-27,2022-04-20,Cancelled,1
175,146,1,2025-04-18,NULL,Active,1
176,147,3,2021-09-21,NULL,Active,1
177,148,2,2026-03-24,2026-08-02,Expired,1
178,148,2,2026-08-05,2026-09-03,Cancelled,1
179,149,1,2025-09-17,NULL,Active,0
180,150,2,2025-04-08,2026-04-05,Cancelled,1
181,151,2,2024-05-08,2025-01-17,Expired,1
182,151,2,2025-01-19,NULL,Active,0
183,152,3,2023-06-23,NULL,Active,1
184,153,1,2025-11-21,NULL,Active,1
185,154,1,2024-10-08,NULL,Active,1
186,155,1,2022-11-08,NULL,Active,1
187,156,3,2021-04-21,NULL,Active,1
188,157,3,2021-04-22,2021-12-28,Cancelled,1
189,158,5,2022-07-10,NULL,Active,0
190,159,4,2023-12-02,NULL,Active,1
191,160,4,2026-02-06,2026-04-27,Cancelled,1
192,161,1,2024-02-14,2025-01-12,Expired,1
193,161,1,2025-01-14,2025-12-03,Cancelled,1
194,162,3,2026-04-11,NULL,Active,1
195,163,5,2021-08-02,NULL,Active,1
196,164,5,2021-06-14,NULL,Active,0
197,165,5,2021-03-25,NULL,Active,1
198,166,3,2022-06-02,2023-05-24,Expired,1
199,166,3,2023-06-01,2023-07-21,Cancelled,0
200,167,4,2023-06-12,NULL,Active,0
201,168,3,2025-02-19,2025-10-04,Cancelled,1
202,169,5,2022-04-15,NULL,Active,1
203,170,2,2021-04-16,2022-05-18,Expired,0
204,170,2,2022-05-19,NULL,Active,0
205,171,2,2025-06-13,2025-11-08,Expired,1
206,171,2,2025-11-18,NULL,Active,1
207,172,2,2023-09-22,2023-10-10,Cancelled,1
208,173,1,2022-05-11,NULL,Active,0
209,174,4,2025-10-21,2025-12-07,Cancelled,0
210,175,1,2024-10-29,NULL,Active,1
211,176,3,2022-03-09,2022-04-23,Cancelled,1
212,177,5,2022-09-19,2023-02-22,Cancelled,0
213,178,3,2024-01-12,NULL,Active,1
214,179,1,2026-03-20,2026-04-08,Cancelled,0
215,180,1,2024-01-05,NULL,Active,1
216,181,5,2024-02-17,NULL,Active,1
217,182,1,2025-04-02,2026-01-08,Expired,0
218,182,1,2026-01-15,2026-02-22,Cancelled,1
219,183,3,2024-08-24,2025-02-15,Expired,1
220,183,3,2025-02-16,NULL,Active,0
221,184,5,2024-12-24,NULL,Active,1
222,185,5,2024-02-06,NULL,Active,1
223,186,3,2023-02-22,NULL,Active,0
224,187,4,2026-06-25,2026-08-27,Cancelled,0
225,188,4,2026-07-04,NULL,Active,0
226,189,5,2024-04-20,NULL,Active,1
227,190,4,2024-06-08,NULL,Active,0
228,191,5,2026-04-23,2026-08-25,Cancelled,1
229,192,5,2025-10-09,NULL,Active,1
230,193,2,2024-12-12,2026-03-23,Cancelled,1
231,194,1,2024-06-09,2024-07-12,Cancelled,1
232,195,3,2023-02-28,2023-07-10,Cancelled,0
233,196,2,2023-01-29,NULL,Active,1
234,197,1,2024-02-07,NULL,Active,1
235,198,3,2024-03-05,NULL,Active,0
236,199,2,2023-07-21,2024-01-06,Cancelled,0
237,200,1,2021-02-27,2021-09-10,Expired,1
238,200,1,2021-09-15,NULL,Active,1
239,201,1,2024-01-29,2024-08-26,Expired,1
240,201,1,2024-09-03,NULL,Active,1
241,202,3,2024-04-11,NULL,Active,1
242,203,5,2022-02-25,NULL,Active,1
243,204,4,2026-04-07,2026-06-15,Expired,1
244,204,4,2026-06-17,NULL,Active,0
245,205,2,2023-01-26,2023-10-22,Expired,1
246,205,2,2023-10-23,NULL,Active,0
247,206,2,2022-04-13,2023-08-22,Cancelled,1
248,207,5,2021-10-31,NULL,Active,1
249,208,1,2022-09-14,NULL,Active,1
250,209,2,2021-12-15,NULL,Active,1
251,210,1,2025-09-01,NULL,Active,0
252,211,5,2023-07-14,2024-03-21,Expired,1
253,211,5,2024-03-29,NULL,Active,1
254,212,1,2025-12-19,NULL,Active,1
255,213,1,2024-06-04,NULL,Active,1
256,214,5,2022-02-11,NULL,Active,1
257,215,1,2023-12-20,NULL,Active,1
258,216,3,2023-09-10,NULL,Active,0
259,217,1,2022-10-04,2022-12-25,Expired,1
260,217,1,2023-01-02,2023-03-13,Cancelled,1
261,218,4,2026-04-09,NULL,Active,1
262,219,5,2024-03-26,2025-03-11,Cancelled,1
263,220,5,2021-10-19,NULL,Active,1
264,221,4,2023-03-22,NULL,Active,1
265,222,4,2023-07-10,NULL,Active,1
266,223,5,2022-08-06,NULL,Active,1
267,224,4,2024-06-13,2024-09-20,Cancelled,1
268,225,3,2024-03-28,2025-11-07,Cancelled,0
269,226,4,2024-05-30,2025-01-29,Expired,0
270,226,4,2025-02-03,2025-10-23,Cancelled,1
271,227,5,2026-08-12,NULL,Active,0
272,228,1,2021-11-26,NULL,Active,1
273,229,3,2024-08-13,2025-06-26,Expired,1
274,229,3,2025-07-05,NULL,Active,1
275,230,2,2022-01-10,2023-11-01,Cancelled,1
276,231,1,2021-03-26,2022-07-08,Cancelled,1
277,232,3,2021-06-14,NULL,Active,1
278,233,3,2025-12-17,2026-12-01,Expired,1
279,233,3,2026-12-02,2026-12-17,Cancelled,1
280,234,1,2025-11-21,NULL,Active,1
281,235,1,2026-04-10,NULL,Active,1
282,236,1,2024-08-08,2025-05-31,Expired,0
283,236,1,2025-06-02,NULL,Active,1
284,237,2,2024-09-12,2025-09-11,Cancelled,0
285,238,1,2024-03-26,NULL,Active,1
286,239,3,2021-05-31,2021-09-10,Expired,1
287,239,3,2021-09-11,NULL,Active,1
288,240,2,2023-10-31,NULL,Active,1
289,241,1,2021-01-05,NULL,Active,1
290,242,1,2025-08-20,NULL,Active,1
291,243,3,2025-01-21,2026-01-17,Expired,1
292,243,3,2026-01-25,NULL,Active,1
293,244,1,2021-07-31,2023-01-01,Cancelled,1
294,245,2,2022-06-21,NULL,Active,1
295,246,5,2022-05-13,NULL,Active,1
296,247,1,2023-09-08,NULL,Active,1
297,248,5,2021-02-26,2021-03-25,Cancelled,1
298,249,3,2023-07-10,NULL,Active,1
299,250,4,2022-09-23,NULL,Active,1
300,251,1,2024-01-25,2024-05-15,Cancelled,1
301,252,5,2023-09-26,2024-05-26,Expired,1
302,252,5,2024-05-30,NULL,Active,1
303,253,5,2025-04-21,2025-06-11,Cancelled,1
304,254,5,2022-07-14,2022-09-21,Expired,0
305,254,5,2022-10-01,2023-12-12,Cancelled,1
306,255,4,2024-10-24,NULL,Active,1
307,256,4,2024-03-04,NULL,Active,1
308,257,2,2026-06-29,NULL,Active,1
309,258,3,2026-06-07,NULL,Active,1
310,259,2,2025-03-26,NULL,Active,0
311,260,4,2023-09-06,NULL,Active,1
312,261,3,2025-08-10,2025-08-30,Cancelled,1
313,262,3,2025-04-11,NULL,Active,1
314,263,3,2026-07-22,NULL,Active,1
315,264,5,2024-09-21,2025-03-08,Cancelled,1
316,265,3,2026-02-15,2026-05-02,Expired,1
317,265,3,2026-05-09,2026-08-18,Cancelled,1
318,266,5,2025-08-07,NULL,Active,1
319,267,2,2026-04-08,NULL,Active,1
320,268,1,2025-06-17,NULL,Active,1
321,269,5,2025-04-06,2025-11-23,Expired,0
322,269,5,2025-11-29,2026-08-01,Cancelled,1
323,270,2,2021-05-28,NULL,Active,0
324,271,3,2024-03-23,2024-12-09,Cancelled,0
325,272,2,2025-11-13,NULL,Active,1
326,273,1,2025-12-23,NULL,Active,1
327,274,5,2021-04-29,NULL,Active,1
328,275,1,2024-04-16,2024-10-08,Expired,1
329,275,1,2024-10-11,NULL,Active,1
330,276,4,2022-08-20,2024-05-18,Cancelled,1
331,277,1,2023-01-08,NULL,Active,1
332,278,3,2025-04-16,NULL,Active,1
333,279,5,2026-08-01,NULL,Active,1
334,280,5,2026-03-04,NULL,Active,1
335,281,5,2023-11-12,NULL,Active,0
336,282,2,2024-03-24,2025-09-19,Cancelled,1
337,283,2,2021-10-30,NULL,Active,1
338,284,1,2024-05-10,NULL,Active,1
339,285,5,2026-02-15,2026-07-13,Expired,1
340,285,5,2026-07-19,NULL,Active,1
341,286,1,2026-06-03,NULL,Active,1
342,287,2,2025-01-10,NULL,Active,1
343,288,1,2021-03-31,2022-01-14,Cancelled,1
344,289,2,2021-02-03,2021-10-25,Cancelled,1
345,290,5,2026-07-28,2026-08-24,Cancelled,1
346,291,2,2024-12-14,2025-02-02,Cancelled,1
347,292,4,2023-10-24,NULL,Active,1
348,293,1,2022-02-02,NULL,Active,1
349,294,2,2024-06-19,NULL,Active,1
350,295,4,2025-02-03,2025-04-17,Cancelled,1
351,296,4,2024-04-23,NULL,Active,1
352,297,5,2022-12-21,2023-04-02,Cancelled,1
353,298,1,2025-02-07,NULL,Active,1
354,299,4,2022-11-05,NULL,Active,1
355,300,2,2024-10-19,NULL,Active,1
356,301,1,2022-07-31,2023-02-02,Expired,1
357,301,1,2023-02-04,2024-03-21,Cancelled,0
358,302,1,2025-02-07,2025-06-07,Expired,0
359,302,1,2025-06-15,2025-07-16,Cancelled,1
360,303,3,2023-12-20,2024-09-06,Expired,0
361,303,3,2024-09-07,NULL,Active,0
362,304,2,2025-02-18,NULL,Active,1
363,305,5,2025-04-10,NULL,Active,1
364,306,1,2023-08-16,2024-05-17,Cancelled,1
365,307,4,2024-09-05,2025-07-26,Cancelled,1
366,308,4,2026-03-17,2026-07-06,Cancelled,1
367,309,2,2022-04-23,NULL,Active,1
368,310,1,2024-05-31,2025-01-02,Cancelled,0
369,311,5,2023-08-20,2023-09-29,Cancelled,1
370,312,5,2026-02-02,NULL,Active,0
371,313,2,2025-09-13,NULL,Active,1
372,314,5,2025-08-27,NULL,Active,1
373,315,2,2025-07-30,NULL,Active,1
374,316,3,2023-06-09,2023-11-11,Expired,1
375,316,3,2023-11-12,NULL,Active,1
376,317,5,2025-01-25,2025-09-05,Cancelled,1
377,318,1,2025-01-09,NULL,Active,0
378,319,4,2023-02-17,NULL,Active,1
379,320,3,2023-05-19,2024-02-02,Expired,1
380,320,3,2024-02-10,NULL,Active,1
381,321,4,2021-03-29,NULL,Active,1
382,322,3,2022-05-31,2022-11-29,Expired,0
383,322,3,2022-12-05,NULL,Active,0
384,323,3,2023-04-29,NULL,Active,0
385,324,1,2024-09-07,NULL,Active,1
386,325,1,2024-02-10,2024-03-30,Cancelled,1
387,326,3,2023-10-24,NULL,Active,1
388,327,4,2022-06-24,NULL,Active,1
389,328,5,2024-08-19,2024-12-05,Cancelled,1
390,329,4,2021-08-03,2022-02-01,Expired,1
391,329,4,2022-02-11,2022-05-05,Cancelled,1
392,330,1,2022-04-11,2023-05-09,Expired,1
393,330,1,2023-05-13,NULL,Active,1
394,331,4,2026-01-11,2026-08-21,Expired,1
395,331,4,2026-08-25,2026-09-15,Cancelled,1
396,332,4,2022-03-23,NULL,Active,1
397,333,1,2021-06-27,NULL,Active,1
398,334,4,2024-05-20,2024-10-12,Expired,1
399,334,4,2024-10-14,NULL,Active,1
400,335,3,2021-09-07,NULL,Active,1
401,336,3,2022-03-19,NULL,Active,1
402,337,2,2021-10-29,NULL,Active,0
403,338,3,2022-08-31,NULL,Active,0
404,339,1,2024-08-24,2025-02-20,Cancelled,1
405,340,2,2024-04-22,NULL,Active,0
406,341,2,2025-10-29,NULL,Active,1
407,342,4,2023-05-31,NULL,Active,1
408,343,3,2025-08-22,2025-11-13,Expired,1
409,343,3,2025-11-16,NULL,Active,0
410,344,5,2025-08-31,NULL,Active,1
411,345,3,2025-10-15,NULL,Active,1
412,346,1,2025-03-14,2025-09-27,Cancelled,1
413,347,3,2021-10-02,NULL,Active,1
414,348,1,2025-11-04,NULL,Active,1
415,349,5,2022-06-17,2023-01-13,Cancelled,0
416,350,2,2024-09-12,2025-02-20,Expired,0
417,350,2,2025-03-02,2025-09-12,Cancelled,1
418,351,1,2024-12-19,2026-05-14,Cancelled,1
419,352,5,2024-03-24,NULL,Active,1
420,353,2,2022-03-01,2023-06-12,Cancelled,1
421,354,5,2022-09-26,2023-06-10,Cancelled,1
422,355,2,2022-03-20,NULL,Active,1
423,356,1,2022-04-16,2022-06-28,Cancelled,1
424,357,5,2025-10-24,NULL,Active,1
425,358,2,2021-04-18,2021-09-07,Cancelled,1
426,359,5,2021-04-29,NULL,Active,1
427,360,1,2024-10-23,2025-11-09,Expired,0
428,360,1,2025-11-14,NULL,Active,1
429,361,4,2022-08-10,NULL,Active,1
430,362,2,2021-10-13,NULL,Active,1
431,363,2,2022-01-11,2023-06-30,Cancelled,1
432,364,3,2025-03-21,2025-09-09,Cancelled,1
433,365,1,2022-10-07,NULL,Active,1
434,366,2,2021-12-14,2022-05-02,Cancelled,0
435,367,1,2021-07-23,2022-12-23,Cancelled,1
436,368,4,2025-12-20,2026-09-04,Cancelled,1
437,369,3,2025-12-16,NULL,Active,1
438,370,2,2022-04-12,2022-06-24,Cancelled,1
439,371,5,2024-03-06,2024-11-08,Expired,0
440,371,5,2024-11-10,NULL,Active,1
441,372,3,2026-06-17,2026-08-03,Cancelled,1
442,373,3,2021-07-06,NULL,Active,1
443,374,1,2021-08-13,NULL,Active,1
444,375,3,2023-05-16,2023-09-01,Cancelled,0
445,376,3,2024-09-05,NULL,Active,1
446,377,1,2025-10-30,2025-11-18,Cancelled,1
447,378,1,2023-08-01,NULL,Active,0
448,379,1,2021-10-23,NULL,Active,1
449,380,3,2025-11-22,2026-07-15,Cancelled,0
450,381,1,2024-07-06,NULL,Active,1
451,382,1,2025-07-15,NULL,Active,0
452,383,2,2024-03-31,NULL,Active,1
453,384,2,2024-08-23,NULL,Active,1
454,385,4,2025-01-22,2025-12-19,Expired,0
455,385,4,2025-12-28,NULL,Active,0
456,386,3,2023-09-24,NULL,Active,1
457,387,5,2021-11-19,2022-06-25,Expired,1
458,387,5,2022-06-27,NULL,Active,1
459,388,4,2023-06-27,2024-06-18,Cancelled,1
460,389,1,2022-04-13,NULL,Active,1
461,390,1,2024-12-02,NULL,Active,0
462,391,3,2023-08-26,2024-06-14,Expired,1
463,391,3,2024-06-22,NULL,Active,1
464,392,1,2023-03-20,NULL,Active,0
465,393,4,2021-11-05,NULL,Active,0
466,394,4,2026-03-16,NULL,Active,0
467,395,3,2024-08-16,2025-01-26,Expired,0
468,395,3,2025-02-01,2026-02-04,Cancelled,1
469,396,1,2025-12-07,NULL,Active,1
470,397,4,2024-05-25,NULL,Active,0
471,398,3,2024-12-12,NULL,Active,0
472,399,4,2026-03-07,NULL,Active,1
473,400,2,2025-02-19,NULL,Active,1
474,401,2,2025-04-24,NULL,Active,0
475,402,1,2021-06-18,NULL,Active,1
476,403,5,2024-08-09,NULL,Active,1
477,404,4,2022-09-10,NULL,Active,1
478,405,5,2024-11-07,NULL,Active,1
479,406,5,2022-12-08,NULL,Active,0
480,407,4,2025-12-05,NULL,Active,1
481,408,3,2022-10-13,2022-12-04,Cancelled,1
482,409,5,2025-05-06,2026-05-12,Expired,1
483,409,5,2026-05-17,NULL,Active,1
484,410,5,2021-08-03,2022-03-15,Cancelled,1
485,411,2,2021-09-27,NULL,Active,0
486,412,2,2025-05-03,NULL,Active,1
487,413,5,2022-09-08,NULL,Active,1
488,414,1,2022-08-03,2022-09-05,Cancelled,0
489,415,1,2022-06-13,2023-04-14,Expired,1
490,415,1,2023-04-19,NULL,Active,1
491,416,2,2024-06-22,NULL,Active,0
492,417,3,2022-06-08,NULL,Active,1
493,418,2,2022-01-18,2022-06-24,Cancelled,0
494,419,1,2025-01-22,NULL,Active,1
495,420,1,2023-01-09,NULL,Active,1
496,421,1,2023-02-26,2024-06-27,Cancelled,1
497,422,5,2021-11-13,NULL,Active,1
498,423,5,2021-06-04,NULL,Active,0
499,424,1,2022-06-21,NULL,Active,1
500,425,5,2022-10-27,NULL,Active,1
501,426,3,2022-11-10,2023-10-26,Cancelled,0
502,427,1,2025-08-10,NULL,Active,1
503,428,1,2025-12-25,2026-05-27,Expired,1
504,428,1,2026-06-03,2026-09-11,Cancelled,1
505,429,3,2023-08-17,2023-12-16,Cancelled,1
506,430,4,2026-04-06,NULL,Active,0
507,431,5,2025-12-10,2027-01-07,Expired,1
508,431,5,2027-01-10,2027-01-25,Cancelled,1
509,432,1,2025-09-11,NULL,Active,0
510,433,3,2022-07-21,2022-08-24,Cancelled,1
511,434,2,2025-03-01,NULL,Active,1
512,435,1,2022-05-26,NULL,Active,1
513,436,4,2024-01-23,2025-01-16,Cancelled,1
514,437,5,2025-11-27,2026-05-25,Expired,1
515,437,5,2026-05-28,NULL,Active,1
516,438,2,2024-12-02,NULL,Active,1
517,439,2,2025-06-12,2025-07-11,Cancelled,1
518,440,4,2025-05-01,NULL,Active,0
519,441,4,2021-04-26,NULL,Active,0
520,442,4,2022-08-22,NULL,Active,1
521,443,3,2026-04-20,NULL,Active,1
522,444,3,2026-01-12,2026-02-18,Cancelled,1
523,445,2,2021-03-19,2021-08-15,Cancelled,1
524,446,1,2025-09-30,2025-12-07,Expired,1
525,446,1,2025-12-15,NULL,Active,1
526,447,2,2024-05-18,2024-07-19,Cancelled,1
527,448,5,2025-09-16,NULL,Active,1
528,449,4,2021-09-15,NULL,Active,1
529,450,3,2021-03-09,NULL,Active,1
530,451,3,2023-09-18,NULL,Active,1
531,452,5,2025-10-25,2026-08-21,Expired,1
532,452,5,2026-08-27,NULL,Active,1
533,453,2,2023-09-13,NULL,Active,1
534,454,4,2021-12-17,NULL,Active,1
535,455,5,2021-03-25,2021-12-13,Cancelled,1
536,456,5,2025-05-04,2025-06-13,Cancelled,1
537,457,1,2025-01-02,NULL,Active,1
538,458,2,2022-03-01,NULL,Active,0
539,459,5,2022-07-01,NULL,Active,1
540,460,4,2024-10-18,2025-08-22,Expired,1
541,460,4,2025-08-23,NULL,Active,1
542,461,5,2026-05-15,2026-08-17,Cancelled,1
543,462,5,2021-09-16,NULL,Active,1
544,463,4,2024-04-16,2025-06-02,Cancelled,1
545,464,4,2021-06-21,2021-09-20,Cancelled,1
546,465,4,2025-06-20,NULL,Active,1
547,466,5,2021-05-30,2021-11-04,Expired,1
548,466,5,2021-11-05,NULL,Active,1
549,467,2,2025-01-02,2025-10-15,Expired,1
550,467,2,2025-10-20,2026-07-27,Cancelled,0
551,468,3,2024-01-25,NULL,Active,1
552,469,3,2025-06-27,NULL,Active,1
553,470,1,2024-10-20,NULL,Active,1
554,471,4,2025-02-13,NULL,Active,1
555,472,4,2025-10-05,NULL,Active,1
556,473,5,2023-01-10,NULL,Active,1
557,474,2,2022-02-25,NULL,Active,1
558,475,2,2024-06-09,NULL,Active,1
559,476,1,2022-11-14,NULL,Active,1
560,477,5,2026-01-06,NULL,Active,1
561,478,1,2025-11-17,NULL,Active,1
562,479,2,2021-11-04,2022-06-17,Cancelled,1
563,480,3,2025-01-28,NULL,Active,0
564,481,2,2021-05-08,NULL,Active,1
565,482,4,2021-05-23,NULL,Active,1
566,483,2,2025-02-09,NULL,Active,1
567,484,3,2021-05-13,2022-12-13,Cancelled,1
568,485,1,2025-02-28,NULL,Active,1
569,486,1,2022-07-18,NULL,Active,1
570,487,2,2024-07-11,NULL,Active,1
571,488,2,2022-04-10,NULL,Active,1
572,489,3,2026-08-07,NULL,Active,1
573,490,3,2022-04-28,NULL,Active,0
574,491,5,2023-05-29,NULL,Active,1
575,492,1,2023-03-31,2023-08-27,Cancelled,1
576,493,2,2026-01-26,2026-04-17,Expired,0
577,493,2,2026-04-20,NULL,Active,0
578,494,4,2021-12-26,NULL,Active,1
579,495,5,2021-09-23,NULL,Active,0
580,496,4,2024-05-13,NULL,Active,1
581,497,1,2025-01-20,NULL,Active,1
582,498,3,2023-04-04,2023-08-08,Cancelled,1
583,499,2,2021-04-18,NULL,Active,1
584,500,3,2025-02-20,2025-09-26,Cancelled,1
585,501,5,2021-12-20,NULL,Active,1
586,502,1,2026-05-15,NULL,Active,1
587,503,4,2021-10-30,NULL,Active,1
588,504,5,2026-01-18,2026-06-13,Cancelled,1
589,505,2,2024-11-12,2025-01-21,Expired,1
590,505,2,2025-01-22,NULL,Active,1
591,506,1,2023-01-16,2023-06-18,Cancelled,1
592,507,1,2021-08-15,NULL,Active,1
593,508,2,2024-05-30,NULL,Active,1
594,509,5,2023-07-13,NULL,Active,1
595,510,4,2021-11-20,2022-12-22,Expired,1
596,510,4,2022-12-23,NULL,Active,0
597,511,4,2024-01-30,NULL,Active,0
598,512,4,2022-01-18,2022-06-17,Expired,1
599,512,4,2022-06-26,NULL,Active,0
600,513,2,2022-09-24,NULL,Active,1
601,514,5,2024-10-14,2026-05-07,Cancelled,0
602,515,1,2021-11-29,NULL,Active,1
603,516,1,2023-12-21,2025-01-23,Expired,1
604,516,1,2025-01-27,2025-08-13,Cancelled,1
605,517,2,2025-09-03,NULL,Active,1
606,518,5,2026-08-02,NULL,Active,1
607,519,4,2024-05-22,2025-02-03,Expired,1
608,519,4,2025-02-04,NULL,Active,0
609,520,3,2024-05-03,2025-05-23,Expired,1
610,520,3,2025-05-28,2025-07-20,Cancelled,1
611,521,1,2022-10-10,NULL,Active,1
612,522,3,2026-03-18,2027-02-14,Expired,1
613,522,3,2027-02-23,NULL,Active,1
614,523,3,2022-08-12,2022-09-13,Cancelled,1
615,524,3,2024-11-15,NULL,Active,0
616,525,2,2022-03-11,NULL,Active,1
617,526,2,2022-05-17,2023-11-02,Cancelled,1
618,527,5,2022-08-01,NULL,Active,1
619,528,4,2025-04-23,NULL,Active,1
620,529,4,2022-10-17,NULL,Active,0
621,530,4,2023-02-17,NULL,Active,1
622,531,4,2026-03-28,NULL,Active,1
623,532,5,2021-04-05,NULL,Active,0
624,533,3,2026-02-16,NULL,Active,1
625,534,5,2024-12-16,2025-07-05,Expired,1
626,534,5,2025-07-14,2026-02-19,Cancelled,1
627,535,2,2026-07-21,NULL,Active,1
628,536,2,2024-03-16,NULL,Active,1
629,537,4,2025-11-01,NULL,Active,1
630,538,3,2025-07-10,2025-10-18,Cancelled,0
631,539,1,2021-07-29,2021-12-19,Expired,0
632,539,1,2021-12-22,NULL,Active,0
633,540,1,2025-01-24,2025-04-11,Cancelled,1
634,541,5,2025-05-02,2025-08-23,Expired,1
635,541,5,2025-08-24,NULL,Active,1
636,542,1,2024-02-20,2025-09-10,Cancelled,1
637,543,1,2022-05-02,NULL,Active,1
638,544,1,2025-03-09,NULL,Active,1
639,545,1,2022-08-14,2023-08-17,Cancelled,0
640,546,5,2025-07-03,2026-03-02,Expired,1
641,546,5,2026-03-03,NULL,Active,1
642,547,4,2021-06-09,NULL,Active,1
643,548,4,2026-04-25,2026-11-21,Expired,0
644,548,4,2026-11-29,NULL,Active,1
645,549,5,2022-07-27,NULL,Active,1
646,550,1,2022-10-28,2022-12-17,Cancelled,1
647,551,3,2024-10-09,2025-04-05,Expired,1
648,551,3,2025-04-10,2025-09-01,Cancelled,1
649,552,4,2026-06-30,NULL,Active,0
650,553,5,2026-04-30,2027-01-06,Expired,1
651,553,5,2027-01-11,NULL,Active,1
652,554,4,2022-03-25,NULL,Active,1
653,555,3,2021-04-20,2022-01-28,Expired,0
654,555,3,2022-01-31,NULL,Active,1
655,556,4,2023-07-22,2023-09-06,Cancelled,1
656,557,3,2026-05-22,2026-07-15,Cancelled,0
657,558,3,2025-04-07,NULL,Active,1
658,559,5,2021-05-10,2023-09-15,Cancelled,1
659,560,1,2023-02-21,2023-05-20,Cancelled,1
660,561,1,2025-09-12,NULL,Active,1
661,562,1,2025-08-08,NULL,Active,1
662,563,1,2021-09-13,2022-07-11,Expired,1
663,563,1,2022-07-14,2023-11-15,Cancelled,0
664,564,5,2023-04-30,NULL,Active,1
665,565,5,2025-03-24,NULL,Active,1
666,566,2,2024-11-03,NULL,Active,1
667,567,3,2026-06-07,NULL,Active,1
668,568,4,2024-05-07,NULL,Active,0
669,569,3,2023-04-30,NULL,Active,1
670,570,3,2024-07-22,2025-08-12,Expired,1
671,570,3,2025-08-18,NULL,Active,1
672,571,5,2024-01-26,NULL,Active,1
673,572,3,2025-04-05,NULL,Active,1
674,573,3,2024-04-04,2025-02-15,Cancelled,1
675,574,3,2024-11-19,NULL,Active,0
676,575,2,2026-05-17,NULL,Active,1
677,576,1,2024-01-16,NULL,Active,1
678,577,2,2022-07-17,NULL,Active,0
679,578,1,2023-09-08,2024-02-17,Expired,1
680,578,1,2024-02-26,2024-09-14,Cancelled,0
681,579,5,2023-07-14,2024-06-23,Expired,1
682,579,5,2024-06-29,NULL,Active,1
683,580,4,2022-02-15,2022-12-11,Cancelled,0
684,581,3,2022-02-16,NULL,Active,1
685,582,4,2022-10-09,NULL,Active,1
686,583,2,2026-05-10,NULL,Active,1
687,584,1,2024-08-08,NULL,Active,1
688,585,4,2022-01-02,2022-07-31,Cancelled,0
689,586,4,2021-06-02,2022-02-20,Expired,1
690,586,4,2022-02-25,NULL,Active,1
691,587,2,2021-05-29,2022-06-02,Expired,1
692,587,2,2022-06-09,2023-09-07,Cancelled,1
693,588,5,2024-03-31,NULL,Active,1
694,589,1,2022-03-16,NULL,Active,1
695,590,4,2026-07-17,2026-09-13,Cancelled,1
696,591,5,2024-01-23,NULL,Active,1
697,592,3,2022-10-28,2023-08-02,Cancelled,1
698,593,3,2023-02-02,NULL,Active,1
699,594,4,2024-04-23,NULL,Active,1
700,595,5,2022-12-20,NULL,Active,1
701,596,5,2025-10-18,2026-08-27,Cancelled,0
702,597,3,2025-06-30,2026-03-03,Cancelled,1
703,598,5,2022-07-30,NULL,Active,1
704,599,3,2021-01-28,2021-07-12,Expired,0
705,599,3,2021-07-20,NULL,Active,1
706,600,5,2026-01-04,2026-04-27,Expired,1
707,600,5,2026-04-30,NULL,Active,1
708,601,1,2021-02-16,NULL,Active,0
709,602,5,2023-08-26,2024-05-18,Cancelled,1
710,603,1,2026-03-22,2027-04-02,Expired,1
711,603,1,2027-04-04,2027-04-19,Cancelled,0
712,604,3,2024-06-27,NULL,Active,0
713,605,5,2025-02-14,NULL,Active,1
714,606,1,2022-07-02,NULL,Active,1
715,607,4,2025-03-11,2025-10-20,Expired,1
716,607,4,2025-10-23,2026-05-28,Cancelled,1
717,608,5,2026-04-13,NULL,Active,1
718,609,2,2023-10-11,2024-09-28,Expired,0
719,609,2,2024-10-03,NULL,Active,1
720,610,3,2026-01-04,2026-01-29,Cancelled,1
721,611,1,2021-11-16,2022-02-05,Expired,1
722,611,1,2022-02-11,NULL,Active,1
723,612,2,2023-04-09,NULL,Active,1
724,613,4,2022-11-05,NULL,Active,0
725,614,2,2022-04-22,NULL,Active,0
726,615,1,2026-06-26,NULL,Active,0
727,616,5,2021-08-16,NULL,Active,1
728,617,1,2025-08-29,NULL,Active,0
729,618,1,2026-03-09,NULL,Active,0
730,619,2,2025-06-10,NULL,Active,0
731,620,4,2021-10-27,NULL,Active,1
732,621,3,2021-09-19,NULL,Active,1
733,622,4,2026-04-18,NULL,Active,1
734,623,2,2023-01-08,2023-11-05,Expired,0
735,623,2,2023-11-08,NULL,Active,0
736,624,1,2025-03-14,2025-12-14,Expired,0
737,624,1,2025-12-21,NULL,Active,1
738,625,3,2025-03-19,2026-02-08,Expired,1
739,625,3,2026-02-15,2026-05-06,Cancelled,1
740,626,1,2022-06-29,2023-04-21,Expired,1
741,626,1,2023-04-25,NULL,Active,1
742,627,5,2023-01-02,2023-08-03,Expired,0
743,627,5,2023-08-08,NULL,Active,1
744,628,3,2022-06-06,2023-05-18,Expired,1
745,628,3,2023-05-21,2024-01-10,Cancelled,1
746,629,4,2021-04-04,2021-08-01,Cancelled,1
747,630,4,2025-10-04,NULL,Active,1
748,631,5,2023-10-11,2023-12-01,Cancelled,0
749,632,4,2024-02-04,NULL,Active,1
750,633,5,2021-05-12,NULL,Active,1
751,634,5,2021-03-06,NULL,Active,1
752,635,3,2022-02-18,NULL,Active,1
753,636,5,2021-07-19,NULL,Active,0
754,637,1,2025-07-06,NULL,Active,1
755,638,4,2023-06-09,2023-10-08,Expired,1
756,638,4,2023-10-15,NULL,Active,1
757,639,1,2024-03-30,NULL,Active,1
758,640,5,2024-07-30,NULL,Active,0
759,641,3,2023-08-29,2024-02-24,Expired,1
760,641,3,2024-03-02,2024-11-15,Cancelled,0
761,642,2,2023-06-25,NULL,Active,1
762,643,3,2021-09-07,NULL,Active,0
763,644,1,2025-10-16,2026-01-28,Cancelled,1
764,645,3,2024-11-11,NULL,Active,1
765,646,1,2024-07-29,NULL,Active,1
766,647,4,2022-09-04,2023-07-02,Cancelled,1
767,648,5,2026-04-24,2027-04-08,Expired,1
768,648,5,2027-04-11,2027-04-26,Cancelled,1
769,649,1,2022-08-15,NULL,Active,1
770,650,1,2025-08-18,2025-12-29,Expired,1
771,650,1,2026-01-07,NULL,Active,0
772,651,1,2022-07-04,NULL,Active,0
773,652,2,2023-04-13,NULL,Active,0
774,653,2,2026-01-17,NULL,Active,0
775,654,3,2023-02-20,2023-03-15,Cancelled,1
776,655,1,2021-06-11,NULL,Active,1
777,656,2,2023-06-08,NULL,Active,1
778,657,4,2024-05-26,NULL,Active,1
779,658,5,2022-04-26,NULL,Active,1
780,659,1,2023-04-18,2023-07-04,Expired,1
781,659,1,2023-07-14,2023-11-27,Cancelled,0
782,660,1,2024-08-10,2024-09-25,Cancelled,1
783,661,5,2025-01-11,2025-10-02,Cancelled,1
784,662,4,2026-07-30,NULL,Active,1
785,663,1,2024-08-04,2024-09-01,Cancelled,1
786,664,1,2025-08-23,NULL,Active,1
787,665,4,2022-08-21,2022-09-21,Cancelled,1
788,666,1,2025-09-07,2026-01-30,Expired,1
789,666,1,2026-02-07,2026-02-23,Cancelled,0
790,667,4,2024-09-13,NULL,Active,1
791,668,3,2023-10-04,NULL,Active,1
792,669,2,2023-11-21,2023-12-13,Cancelled,1
793,670,5,2026-03-03,2026-09-04,Cancelled,1
794,671,4,2022-11-25,NULL,Active,1
795,672,4,2026-06-24,2026-08-31,Cancelled,1
796,673,2,2021-05-19,2022-04-07,Cancelled,1
797,674,3,2021-01-27,2021-09-27,Expired,1
798,674,3,2021-09-29,NULL,Active,0
799,675,1,2021-10-06,2022-02-11,Cancelled,1
800,676,4,2023-06-15,NULL,Active,1
801,677,5,2021-09-05,2022-03-14,Expired,0
802,677,5,2022-03-23,NULL,Active,0
803,678,5,2026-06-03,2026-08-05,Cancelled,1
804,679,4,2021-01-28,NULL,Active,1
805,680,4,2021-02-18,2021-06-03,Expired,1
806,680,4,2021-06-13,NULL,Active,1
807,681,4,2024-03-20,NULL,Active,1
808,682,1,2023-01-05,2023-11-08,Cancelled,1
809,683,3,2022-09-02,2023-03-18,Expired,0
810,683,3,2023-03-23,2023-04-27,Cancelled,1
811,684,5,2023-10-31,2023-12-22,Cancelled,1
812,685,2,2021-11-20,NULL,Active,1
813,686,1,2023-09-24,NULL,Active,1
814,687,2,2021-11-27,2023-05-27,Cancelled,0
815,688,4,2022-01-18,2022-02-02,Cancelled,1
816,689,4,2026-05-04,2026-05-30,Cancelled,0
817,690,2,2022-12-03,2024-01-01,Cancelled,0
818,691,1,2024-09-18,NULL,Active,1
819,692,5,2021-06-24,2022-05-30,Expired,0
820,692,5,2022-06-07,NULL,Active,1
821,693,4,2026-05-02,2026-08-29,Cancelled,1
822,694,4,2024-02-23,2024-11-14,Cancelled,0
823,695,1,2023-01-05,NULL,Active,1
824,696,3,2022-08-14,2023-07-11,Cancelled,1
825,697,1,2024-05-10,2025-01-24,Cancelled,1
826,698,4,2025-05-13,NULL,Active,1
827,699,3,2025-04-22,NULL,Active,0
828,700,4,2026-08-14,NULL,Active,1
829,701,1,2022-02-05,2022-03-08,Cancelled,1
830,702,2,2024-10-27,2025-09-14,Expired,0
831,702,2,2025-09-24,NULL,Active,1
832,703,1,2025-06-13,NULL,Active,1
833,704,1,2026-01-20,NULL,Active,1
834,705,4,2025-03-18,NULL,Active,1
835,706,4,2025-04-06,NULL,Active,1
836,707,4,2023-10-07,NULL,Active,1
837,708,3,2024-01-03,2024-07-31,Expired,1
838,708,3,2024-08-03,2024-11-22,Cancelled,1
839,709,5,2025-05-15,NULL,Active,1
840,710,2,2022-01-10,NULL,Active,1
841,711,5,2025-01-14,NULL,Active,0
842,712,1,2021-12-24,2022-12-27,Expired,1
843,712,1,2022-12-31,2023-02-17,Cancelled,0
844,713,1,2025-07-30,2025-12-09,Cancelled,1
845,714,2,2024-12-20,2026-01-05,Expired,0
846,714,2,2026-01-07,2026-02-13,Cancelled,1
847,715,3,2024-08-21,NULL,Active,0
848,716,3,2025-08-22,NULL,Active,1
849,717,3,2023-09-22,2024-01-05,Cancelled,1
850,718,3,2025-04-09,NULL,Active,1
851,719,5,2024-05-18,2025-02-12,Cancelled,1
852,720,2,2021-09-17,NULL,Active,0
853,721,1,2025-09-21,NULL,Active,1
854,722,2,2025-01-19,2025-05-23,Expired,0
855,722,2,2025-05-26,NULL,Active,0
856,723,4,2023-03-12,2023-12-11,Expired,0
857,723,4,2023-12-17,NULL,Active,0
858,724,2,2024-06-01,2024-09-08,Expired,0
859,724,2,2024-09-15,2025-12-26,Cancelled,1
860,725,4,2025-04-06,2026-03-28,Expired,1
861,725,4,2026-04-01,NULL,Active,1
862,726,1,2025-10-30,NULL,Active,1
863,727,5,2024-05-15,NULL,Active,1
864,728,2,2026-05-17,2026-09-12,Cancelled,1
865,729,4,2024-07-31,2025-07-06,Expired,1
866,729,4,2025-07-08,NULL,Active,1
867,730,1,2023-09-20,NULL,Active,1
868,731,5,2025-05-29,NULL,Active,1
869,732,3,2023-03-30,2024-03-16,Cancelled,1
870,733,1,2021-04-21,NULL,Active,0
871,734,2,2025-12-01,2026-04-13,Cancelled,1
872,735,3,2025-08-03,NULL,Active,1
873,736,5,2024-05-25,2024-10-23,Expired,1
874,736,5,2024-11-01,NULL,Active,1
875,737,5,2025-09-30,2026-06-24,Expired,0
876,737,5,2026-06-29,NULL,Active,1
877,738,3,2026-05-17,2026-08-07,Expired,1
878,738,3,2026-08-09,NULL,Active,1
879,739,3,2025-09-10,NULL,Active,1
880,740,1,2021-12-15,2022-02-28,Expired,1
881,740,1,2022-03-07,2022-04-30,Cancelled,0
882,741,2,2022-11-13,NULL,Active,0
883,742,1,2025-06-25,2025-09-24,Expired,1
884,742,1,2025-09-26,2026-05-27,Cancelled,1
885,743,1,2021-02-13,2021-12-13,Expired,1
886,743,1,2021-12-17,2022-04-07,Cancelled,0
887,744,4,2023-06-25,NULL,Active,1
888,745,1,2026-03-12,2026-07-29,Expired,1
889,745,1,2026-08-08,NULL,Active,1
890,746,5,2022-09-10,NULL,Active,1
891,747,4,2022-03-05,2022-11-06,Expired,1
892,747,4,2022-11-08,NULL,Active,1
893,748,2,2022-04-21,2022-12-09,Expired,1
894,748,2,2022-12-11,NULL,Active,1
895,749,4,2024-07-01,2025-04-14,Expired,1
896,749,4,2025-04-22,NULL,Active,1
897,750,4,2026-06-02,2026-08-15,Cancelled,1
898,751,1,2025-11-30,NULL,Active,0
899,752,2,2024-07-30,2026-04-08,Cancelled,0
900,753,1,2022-04-17,NULL,Active,1
901,754,1,2022-11-05,NULL,Active,1
902,755,1,2022-12-16,2023-01-21,Cancelled,1
903,756,5,2025-10-13,2026-03-27,Cancelled,1
904,757,4,2023-01-26,2023-05-28,Expired,0
905,757,4,2023-06-07,2023-08-11,Cancelled,0
906,758,3,2025-06-09,2026-04-06,Expired,1
907,758,3,2026-04-13,2026-08-19,Cancelled,1
908,759,1,2023-03-20,NULL,Active,1
909,760,2,2025-05-12,2025-09-08,Cancelled,1
910,761,1,2023-04-23,NULL,Active,1
911,762,2,2022-02-21,NULL,Active,1
912,763,2,2024-08-28,2026-08-24,Cancelled,1
913,764,2,2023-12-11,NULL,Active,1
914,765,2,2024-07-07,2024-10-24,Cancelled,0
915,766,3,2025-05-27,2025-09-15,Expired,1
916,766,3,2025-09-17,2026-06-02,Cancelled,1
917,767,4,2024-12-12,2025-11-29,Cancelled,1
918,768,1,2024-05-03,NULL,Active,1
919,769,4,2022-07-03,NULL,Active,1
920,770,4,2024-06-04,NULL,Active,0
921,771,1,2022-08-03,2023-01-29,Cancelled,1
922,772,4,2022-07-19,2023-01-01,Cancelled,1
923,773,1,2023-01-31,2024-01-08,Cancelled,1
924,774,2,2022-12-11,2023-05-24,Cancelled,0
925,775,4,2024-03-29,NULL,Active,1
926,776,3,2026-01-22,2026-03-30,Cancelled,1
927,777,3,2021-02-09,2022-07-01,Cancelled,1
928,778,1,2025-04-22,2025-09-19,Cancelled,1
929,779,3,2025-08-03,2026-06-16,Expired,1
930,779,3,2026-06-24,NULL,Active,1
931,780,4,2025-12-24,NULL,Active,1
932,781,3,2021-05-07,NULL,Active,0
933,782,2,2024-01-31,2024-12-20,Expired,1
934,782,2,2024-12-21,2025-08-06,Cancelled,0
935,783,4,2022-11-20,NULL,Active,1
936,784,2,2022-04-09,2024-04-16,Cancelled,1
937,785,4,2025-02-11,NULL,Active,1
938,786,5,2023-06-15,NULL,Active,0
939,787,5,2024-05-04,2025-01-27,Expired,1
940,787,5,2025-02-01,NULL,Active,0
941,788,5,2024-11-28,2025-11-20,Cancelled,1
942,789,1,2023-08-29,2024-02-08,Cancelled,0
943,790,3,2024-12-07,NULL,Active,1
944,791,1,2022-11-11,NULL,Active,1
945,792,4,2023-04-28,NULL,Active,0
946,793,4,2024-02-26,NULL,Active,1
947,794,4,2024-08-18,2024-10-31,Expired,1
948,794,4,2024-11-09,NULL,Active,1
949,795,2,2024-01-01,2024-09-23,Expired,1
950,795,2,2024-10-01,NULL,Active,1
951,796,2,2022-07-10,2022-12-22,Cancelled,0
952,797,4,2022-06-04,2023-04-10,Expired,0
953,797,4,2023-04-20,NULL,Active,1
954,798,4,2022-08-23,2023-07-05,Cancelled,1
955,799,3,2025-05-28,NULL,Active,1
956,800,1,2024-01-06,NULL,Active,0
957,801,5,2026-01-26,NULL,Active,1
958,802,2,2025-07-09,2026-05-11,Cancelled,1
959,803,4,2025-02-20,NULL,Active,1
960,804,4,2021-01-11,NULL,Active,0
961,805,4,2025-01-07,2025-06-26,Expired,1
962,805,4,2025-07-03,NULL,Active,1
963,806,4,2023-06-12,2024-02-02,Expired,1
964,806,4,2024-02-03,2024-12-12,Cancelled,1
965,807,4,2024-01-05,NULL,Active,0
966,808,5,2022-06-19,2023-09-28,Cancelled,1
967,809,4,2021-07-18,2021-09-18,Expired,1
968,809,4,2021-09-28,NULL,Active,1
969,810,4,2021-03-08,NULL,Active,1
970,811,2,2026-02-13,2027-02-21,Expired,1
971,811,2,2027-02-23,NULL,Active,1
972,812,5,2022-06-25,NULL,Active,1
973,813,4,2024-01-28,NULL,Active,1
974,814,5,2023-10-23,NULL,Active,1
975,815,1,2021-08-01,NULL,Active,0
976,816,1,2023-08-18,NULL,Active,0
977,817,4,2022-01-25,NULL,Active,1
978,818,4,2021-11-16,2022-06-19,Expired,1
979,818,4,2022-06-23,NULL,Active,0
980,819,3,2025-12-28,NULL,Active,1
981,820,1,2022-05-09,2023-08-12,Cancelled,1
982,821,4,2026-05-11,2026-07-21,Expired,1
983,821,4,2026-07-22,NULL,Active,1
984,822,1,2022-01-01,NULL,Active,1
985,823,5,2024-07-07,2024-09-07,Cancelled,1
986,824,1,2025-04-17,NULL,Active,1
987,825,5,2021-10-08,NULL,Active,1
988,826,2,2022-11-04,2023-01-20,Cancelled,1
989,827,3,2022-09-13,2023-05-07,Expired,1
990,827,3,2023-05-09,NULL,Active,1
991,828,3,2023-06-09,NULL,Active,1
992,829,2,2022-05-20,2023-04-28,Expired,1
993,829,2,2023-05-02,NULL,Active,1
994,830,2,2024-12-10,2025-09-03,Cancelled,0
995,831,1,2023-10-12,2024-09-24,Expired,1
996,831,1,2024-09-26,2024-12-18,Cancelled,1
997,832,1,2023-10-14,NULL,Active,0
998,833,3,2024-03-13,2025-03-22,Expired,1
999,833,3,2025-03-23,NULL,Active,1
1000,834,2,2023-04-22,NULL,Active,1
1001,835,1,2023-02-12,2023-07-19,Cancelled,1
1002,836,2,2021-08-12,NULL,Active,1
1003,837,5,2022-04-07,NULL,Active,1
1004,838,5,2021-10-18,NULL,Active,1
1005,839,2,2024-07-20,NULL,Active,0
1006,840,2,2025-09-20,2026-04-08,Expired,0
1007,840,2,2026-04-14,NULL,Active,1
1008,841,5,2026-04-14,NULL,Active,0
1009,842,1,2021-10-04,2021-12-16,Expired,0
1010,842,1,2021-12-18,2023-02-20,Cancelled,1
1011,843,5,2021-06-13,NULL,Active,1
1012,844,3,2024-03-19,2024-08-23,Expired,1
1013,844,3,2024-08-25,2024-10-24,Cancelled,1
1014,845,1,2025-08-29,2025-11-23,Cancelled,1
1015,846,2,2021-12-04,2022-08-24,Cancelled,0
1016,847,4,2022-09-18,2023-06-17,Cancelled,1
1017,848,5,2021-11-20,NULL,Active,1
1018,849,5,2024-08-31,NULL,Active,1
1019,850,3,2024-06-24,NULL,Active,1
1020,851,4,2021-08-26,NULL,Active,1
1021,852,2,2022-04-21,2023-04-17,Expired,0
1022,852,2,2023-04-23,NULL,Active,1
1023,853,3,2021-08-14,2022-01-05,Expired,1
1024,853,3,2022-01-13,NULL,Active,1
1025,854,4,2022-05-05,NULL,Active,1
1026,855,5,2021-02-16,NULL,Active,1
1027,856,5,2023-11-28,NULL,Active,0
1028,857,4,2024-01-06,NULL,Active,1
1029,858,5,2024-10-04,NULL,Active,1
1030,859,3,2021-09-19,2023-07-18,Cancelled,1
1031,860,5,2021-11-12,NULL,Active,1
1032,861,2,2025-01-15,2025-05-09,Expired,1
1033,861,2,2025-05-15,2026-07-11,Cancelled,0
1034,862,2,2022-11-15,2023-08-14,Cancelled,1
1035,863,2,2022-02-26,2022-04-26,Cancelled,1
1036,864,1,2023-07-25,NULL,Active,0
1037,865,4,2021-06-30,NULL,Active,1
1038,866,2,2026-04-17,2026-07-28,Cancelled,1
1039,867,2,2023-01-04,NULL,Active,1
1040,868,1,2023-07-09,2023-07-30,Cancelled,1
1041,869,3,2024-08-03,NULL,Active,1
1042,870,2,2025-03-08,NULL,Active,1
1043,871,1,2023-01-05,2023-03-08,Expired,1
1044,871,1,2023-03-15,2023-05-02,Cancelled,1
1045,872,3,2025-07-01,NULL,Active,0
1046,873,1,2024-06-26,NULL,Active,1
1047,874,4,2026-02-14,NULL,Active,1
1048,875,1,2024-04-09,NULL,Active,0
1049,876,2,2023-09-21,NULL,Active,0
1050,877,4,2026-07-14,NULL,Active,1
1051,878,2,2023-10-02,2024-06-28,Expired,1
1052,878,2,2024-06-29,NULL,Active,1
1053,879,3,2021-04-08,NULL,Active,1
1054,880,2,2021-02-09,2021-10-26,Expired,1
1055,880,2,2021-10-31,NULL,Active,1
1056,881,1,2024-06-13,2024-11-11,Expired,0
1057,881,1,2024-11-19,2026-01-05,Cancelled,1
1058,882,4,2023-09-03,2024-03-09,Expired,1
1059,882,4,2024-03-12,2024-05-12,Cancelled,1
1060,883,3,2022-08-07,2023-07-14,Expired,0
1061,883,3,2023-07-15,2023-10-01,Cancelled,1
1062,884,1,2021-06-29,2021-12-18,Expired,0
1063,884,1,2021-12-23,2022-05-23,Cancelled,1
1064,885,2,2025-03-06,NULL,Active,1
1065,886,2,2022-01-27,NULL,Active,1
1066,887,4,2021-11-03,NULL,Active,1
1067,888,3,2025-11-17,2026-07-24,Expired,1
1068,888,3,2026-07-31,NULL,Active,1
1069,889,4,2024-04-09,2025-08-15,Cancelled,1
1070,890,1,2024-08-29,NULL,Active,1
1071,891,5,2023-08-15,NULL,Active,1
1072,892,3,2022-03-23,NULL,Active,1
1073,893,1,2026-01-16,2026-08-18,Cancelled,1
1074,894,2,2022-05-10,2023-08-05,Cancelled,1
1075,895,1,2026-01-26,NULL,Active,1
1076,896,3,2022-05-07,2023-06-10,Cancelled,1
1077,897,4,2021-06-15,NULL,Active,0
1078,898,2,2022-01-09,NULL,Active,1
1079,899,4,2025-06-12,NULL,Active,1
1080,900,3,2023-12-02,NULL,Active,1
1081,901,5,2026-01-27,NULL,Active,1
1082,902,1,2023-10-21,NULL,Active,1
1083,903,5,2022-07-27,2023-06-16,Expired,1
1084,903,5,2023-06-22,2023-08-20,Cancelled,0
1085,904,3,2023-06-30,2024-04-04,Expired,1
1086,904,3,2024-04-10,NULL,Active,1
1087,905,2,2025-03-05,NULL,Active,0
1088,906,5,2023-11-27,2024-08-15,Cancelled,0
1089,907,4,2023-03-21,NULL,Active,1
1090,908,5,2022-01-12,2022-06-14,Expired,0
1091,908,5,2022-06-21,2023-10-15,Cancelled,1
1092,909,1,2026-03-04,NULL,Active,0
1093,910,3,2025-11-10,NULL,Active,1
1094,911,4,2021-05-01,2021-08-28,Cancelled,1
1095,912,5,2022-12-09,2023-10-11,Expired,0
1096,912,5,2023-10-12,NULL,Active,1
1097,913,3,2024-02-01,2025-02-21,Expired,1
1098,913,3,2025-03-03,NULL,Active,1
1099,914,2,2021-05-22,2021-08-20,Expired,1
1100,914,2,2021-08-29,NULL,Active,0
1101,915,1,2023-10-04,NULL,Active,0
1102,916,1,2025-08-15,2025-09-30,Cancelled,1
1103,917,1,2021-12-26,NULL,Active,1
1104,918,5,2025-09-14,2026-08-30,Expired,1
1105,918,5,2026-09-07,2026-09-22,Cancelled,1
1106,919,2,2023-10-18,NULL,Active,1
1107,920,5,2025-04-16,NULL,Active,1
1108,921,2,2026-06-09,2026-07-07,Cancelled,1
1109,922,3,2024-08-10,NULL,Active,1
1110,923,1,2021-04-17,NULL,Active,0
1111,924,4,2021-05-01,NULL,Active,1
1112,925,1,2025-01-04,NULL,Active,0
1113,926,2,2022-02-15,2023-08-27,Cancelled,1
1114,927,5,2023-12-28,2024-09-19,Cancelled,1
1115,928,4,2023-06-18,2024-03-16,Cancelled,1
1116,929,2,2022-12-13,NULL,Active,1
1117,930,1,2024-07-26,NULL,Active,1
1118,931,5,2021-04-26,2022-06-11,Cancelled,1
1119,932,5,2022-08-06,2023-03-06,Expired,1
1120,932,5,2023-03-14,NULL,Active,1
1121,933,2,2024-06-19,NULL,Active,1
1122,934,5,2022-01-05,NULL,Active,1
1123,935,4,2023-06-16,2023-12-01,Cancelled,0
1124,936,3,2021-01-03,2021-03-19,Expired,1
1125,936,3,2021-03-27,NULL,Active,1
1126,937,5,2022-06-19,NULL,Active,1
1127,938,5,2024-08-18,NULL,Active,1
1128,939,1,2022-08-04,NULL,Active,0
1129,940,5,2021-10-25,NULL,Active,0
1130,941,1,2022-02-18,NULL,Active,0
1131,942,2,2022-07-13,2022-08-01,Cancelled,1
1132,943,1,2026-06-19,NULL,Active,0
1133,944,2,2025-01-01,NULL,Active,1
1134,945,3,2022-12-20,NULL,Active,0
1135,946,2,2022-06-06,NULL,Active,0
1136,947,1,2025-05-23,2025-11-05,Cancelled,1
1137,948,2,2024-07-27,2024-08-30,Cancelled,1
1138,949,1,2022-03-03,NULL,Active,0
1139,950,4,2021-11-15,2022-02-13,Expired,1
1140,950,4,2022-02-23,NULL,Active,0
1141,951,4,2022-11-19,NULL,Active,1
1142,952,2,2026-01-04,2026-09-04,Cancelled,1
1143,953,2,2023-10-20,NULL,Active,1
1144,954,5,2023-11-18,2024-06-07,Expired,1
1145,954,5,2024-06-11,NULL,Active,0
1146,955,3,2021-07-17,2022-06-21,Expired,1
1147,955,3,2022-06-23,NULL,Active,1
1148,956,5,2022-11-13,NULL,Active,1
1149,957,3,2024-12-09,2025-04-25,Expired,1
1150,957,3,2025-04-28,NULL,Active,1
1151,958,4,2026-05-18,NULL,Active,0
1152,959,5,2022-10-29,NULL,Active,0
1153,960,3,2024-04-22,2025-03-20,Cancelled,0
1154,961,1,2022-03-05,2023-01-27,Expired,0
1155,961,1,2023-01-30,2023-05-30,Cancelled,1
1156,962,4,2025-03-18,NULL,Active,0
1157,963,2,2022-01-17,NULL,Active,1
1158,964,5,2026-06-01,2027-05-07,Expired,1
1159,964,5,2027-05-11,NULL,Active,1
1160,965,5,2022-11-07,NULL,Active,0
1161,966,5,2021-08-08,NULL,Active,0
1162,967,5,2023-02-18,NULL,Active,0
1163,968,1,2023-12-23,2024-07-01,Cancelled,1
1164,969,2,2023-08-31,2024-03-27,Cancelled,1
1165,970,1,2026-07-04,NULL,Active,1
1166,971,3,2021-01-16,NULL,Active,0
1167,972,4,2026-05-22,NULL,Active,1
1168,973,3,2023-04-28,NULL,Active,1
1169,974,3,2021-12-02,NULL,Active,1
1170,975,3,2025-06-17,2026-04-22,Cancelled,0
1171,976,4,2022-01-09,NULL,Active,0
1172,977,3,2023-01-28,2023-06-18,Expired,1
1173,977,3,2023-06-23,NULL,Active,1
1174,978,3,2023-02-04,NULL,Active,1
1175,979,1,2025-12-07,2026-04-19,Cancelled,1
1176,980,4,2024-01-06,NULL,Active,1
1177,981,5,2022-02-01,2023-01-18,Expired,1
1178,981,5,2023-01-24,NULL,Active,0
1179,982,5,2025-08-23,2026-08-10,Cancelled,1
1180,983,5,2021-09-07,2022-12-06,Cancelled,1
1181,984,1,2026-04-29,NULL,Active,1
1182,985,4,2024-05-09,NULL,Active,1
1183,986,2,2022-08-27,2023-06-29,Expired,1
1184,986,2,2023-07-06,NULL,Active,1
1185,987,1,2022-11-16,NULL,Active,1
1186,988,2,2021-06-24,NULL,Active,1
1187,989,1,2023-04-08,2023-10-23,Cancelled,1
1188,990,5,2023-11-23,2024-04-18,Cancelled,0
1189,991,1,2021-12-23,NULL,Active,1
1190,992,3,2024-08-28,NULL,Active,1
1191,993,3,2021-02-20,2022-09-05,Cancelled,0
1192,994,3,2025-09-15,2025-11-16,Expired,0
1193,994,3,2025-11-23,NULL,Active,1
1194,995,1,2022-08-31,NULL,Active,0
1195,996,1,2022-02-15,2022-10-15,Expired,1
1196,996,1,2022-10-23,NULL,Active,1
1197,997,2,2024-03-17,2024-06-25,Expired,1
1198,997,2,2024-07-01,NULL,Active,0
1199,998,2,2023-12-18,2024-03-24,Expired,1
1200,998,2,2024-04-02,2024-04-28,Cancelled,1
1201,999,3,2026-04-22,2026-11-06,Expired,0
1202,999,3,2026-11-12,NULL,Active,1
1203,1000,5,2025-07-09,NULL,Active,1
1204,1001,4,2025-07-04,2026-01-25,Expired,1
1205,1001,4,2026-02-04,2026-09-12,Cancelled,1
1206,1002,3,2023-09-01,2023-10-01,Cancelled,1
1207,1003,1,2024-01-06,NULL,Active,0
1208,1004,2,2024-05-26,NULL,Active,1
1209,1005,2,2022-02-07,NULL,Active,0
1210,1006,3,2025-12-20,NULL,Active,1
1211,1007,4,2022-01-01,2022-06-29,Cancelled,1
1212,1008,4,2025-07-26,NULL,Active,1
1213,1009,2,2025-03-12,NULL,Active,0
1214,1010,2,2021-09-26,NULL,Active,0
1215,1011,3,2025-07-11,2025-08-22,Cancelled,0
1216,1012,5,2021-04-29,NULL,Active,1
1217,1013,5,2021-08-25,NULL,Active,1
1218,1014,5,2021-07-27,2023-08-21,Cancelled,1
1219,1015,1,2024-01-28,NULL,Active,1
1220,1016,4,2025-06-14,2025-11-17,Cancelled,1
1221,1017,2,2023-09-18,2024-10-18,Expired,1
1222,1017,2,2024-10-20,2025-12-21,Cancelled,1
1223,1018,2,2026-01-02,2026-07-09,Cancelled,1
1224,1019,3,2024-12-03,2025-02-14,Cancelled,1
1225,1020,4,2022-01-06,2022-04-06,Cancelled,1
1226,1021,3,2021-07-23,NULL,Active,0
1227,1022,4,2023-06-26,NULL,Active,1
1228,1023,3,2024-01-08,NULL,Active,1
1229,1024,3,2021-03-24,2022-05-06,Cancelled,1
1230,1025,2,2022-06-26,NULL,Active,0
1231,1026,1,2021-02-04,NULL,Active,0
1232,1027,1,2024-06-05,NULL,Active,0
1233,1028,2,2025-10-02,NULL,Active,0
1234,1029,1,2023-10-30,2024-02-11,Cancelled,0
1235,1030,5,2025-06-15,2025-11-27,Cancelled,1
1236,1031,1,2025-03-13,2025-05-26,Expired,1
1237,1031,1,2025-06-01,2025-06-21,Cancelled,1
1238,1032,4,2024-03-03,NULL,Active,1
1239,1033,2,2026-05-28,2026-10-30,Expired,0
1240,1033,2,2026-10-31,NULL,Active,1
1241,1034,5,2024-08-24,NULL,Active,1
1242,1035,4,2023-02-11,NULL,Active,0
1243,1036,3,2021-08-21,2021-11-14,Cancelled,1
1244,1037,5,2022-07-28,2022-12-05,Cancelled,1
1245,1038,1,2024-04-25,NULL,Active,1
1246,1039,3,2025-05-10,2026-07-31,Cancelled,1
1247,1040,4,2023-02-17,2025-02-03,Cancelled,1
1248,1041,5,2026-05-03,2026-07-05,Cancelled,1
1249,1042,4,2024-05-14,2025-02-14,Expired,1
1250,1042,4,2025-02-22,2025-03-18,Cancelled,0
1251,1043,4,2023-01-12,2023-04-01,Cancelled,1
1252,1044,1,2022-06-09,2022-06-26,Cancelled,0
1253,1045,4,2023-01-20,2023-04-17,Expired,1
1254,1045,4,2023-04-26,2024-02-27,Cancelled,1
1255,1046,3,2023-06-30,2024-06-13,Cancelled,1
1256,1047,4,2025-09-19,2026-05-24,Expired,1
1257,1047,4,2026-05-26,NULL,Active,1
1258,1048,4,2024-04-19,2024-07-06,Cancelled,1
1259,1049,3,2021-08-08,2022-01-24,Expired,0
1260,1049,3,2022-01-30,NULL,Active,0
1261,1050,1,2021-10-19,2022-09-09,Cancelled,0
1262,1051,5,2022-05-06,2023-03-01,Expired,1
1263,1051,5,2023-03-04,NULL,Active,1
1264,1052,4,2024-05-07,2024-08-20,Expired,1
1265,1052,4,2024-08-24,NULL,Active,1
1266,1053,1,2022-07-17,2023-08-04,Cancelled,0
1267,1054,2,2026-02-18,2027-02-22,Expired,0
1268,1054,2,2027-02-26,2027-03-13,Cancelled,1
1269,1055,3,2021-11-28,NULL,Active,1
1270,1056,3,2024-07-07,2025-09-06,Cancelled,0
1271,1057,2,2026-01-26,NULL,Active,1
1272,1058,2,2022-10-11,NULL,Active,1
1273,1059,1,2025-11-12,NULL,Active,1
1274,1060,5,2025-10-24,NULL,Active,1
1275,1061,1,2021-06-04,2021-12-15,Cancelled,1
1276,1062,3,2021-02-27,2022-09-02,Cancelled,1
1277,1063,3,2021-03-15,2021-10-29,Expired,1
1278,1063,3,2021-11-04,NULL,Active,1
1279,1064,4,2023-07-16,NULL,Active,1
1280,1065,4,2022-06-13,NULL,Active,1
1281,1066,2,2024-06-07,2024-06-22,Cancelled,0
1282,1067,2,2024-05-06,2025-08-06,Cancelled,1
1283,1068,4,2024-10-15,2024-12-22,Cancelled,1
1284,1069,4,2024-11-04,NULL,Active,1
1285,1070,2,2022-11-07,2022-12-09,Cancelled,1
1286,1071,5,2023-07-08,2024-05-12,Cancelled,1
1287,1072,3,2021-03-31,2022-01-16,Cancelled,1
1288,1073,3,2022-05-20,NULL,Active,0
1289,1074,2,2025-03-17,NULL,Active,0
1290,1075,2,2021-07-19,2022-09-21,Cancelled,1
1291,1076,3,2021-03-22,2021-10-12,Expired,0
1292,1076,3,2021-10-17,NULL,Active,1
1293,1077,5,2025-09-04,NULL,Active,1
1294,1078,5,2023-11-02,2024-10-19,Expired,0
1295,1078,5,2024-10-29,NULL,Active,1
1296,1079,5,2023-04-22,2024-10-06,Cancelled,0
1297,1080,1,2024-05-18,2025-06-20,Expired,1
1298,1080,1,2025-06-23,NULL,Active,0
1299,1081,4,2024-01-11,2024-09-09,Cancelled,1
1300,1082,1,2025-09-12,NULL,Active,1
1301,1083,1,2022-04-28,2022-09-06,Cancelled,1
1302,1084,2,2026-08-01,NULL,Active,1
1303,1085,2,2023-12-14,2024-11-09,Expired,1
1304,1085,2,2024-11-17,NULL,Active,1
1305,1086,2,2025-08-06,2025-12-26,Expired,1
1306,1086,2,2026-01-02,NULL,Active,0
1307,1087,5,2026-07-27,2026-09-12,Cancelled,1
1308,1088,5,2024-09-16,NULL,Active,1
1309,1089,3,2021-12-31,NULL,Active,1
1310,1090,1,2022-09-03,2022-12-05,Cancelled,1
1311,1091,3,2022-02-19,NULL,Active,1
1312,1092,4,2026-02-14,NULL,Active,0
1313,1093,4,2021-07-25,NULL,Active,0
1314,1094,2,2024-04-05,2024-06-05,Expired,0
1315,1094,2,2024-06-08,NULL,Active,1
1316,1095,4,2025-10-11,2026-09-14,Expired,1
1317,1095,4,2026-09-24,2026-10-09,Cancelled,0
1318,1096,2,2021-07-07,NULL,Active,1
1319,1097,3,2024-09-08,NULL,Active,0
1320,1098,3,2024-01-04,NULL,Active,0
1321,1099,3,2024-11-04,NULL,Active,0
1322,1100,3,2025-06-28,NULL,Active,1
1323,1101,4,2026-05-13,2026-07-16,Cancelled,0
1324,1102,2,2022-04-09,2022-06-16,Cancelled,0
1325,1103,1,2022-10-15,NULL,Active,1
1326,1104,3,2026-06-01,NULL,Active,0
1327,1105,3,2023-01-13,NULL,Active,1
1328,1106,2,2021-04-29,NULL,Active,0
1329,1107,1,2026-06-02,2026-08-16,Cancelled,1
1330,1108,1,2025-12-11,2026-03-04,Expired,1
1331,1108,1,2026-03-09,NULL,Active,1
1332,1109,2,2024-07-11,NULL,Active,1
1333,1110,1,2023-07-07,NULL,Active,1
1334,1111,5,2022-01-26,NULL,Active,1
1335,1112,5,2026-05-28,2026-07-09,Cancelled,1
1336,1113,4,2022-09-01,NULL,Active,0
1337,1114,5,2021-02-17,NULL,Active,0
1338,1115,2,2026-04-07,2026-08-23,Expired,1
1339,1115,2,2026-08-25,NULL,Active,1
1340,1116,3,2026-07-07,2026-07-31,Cancelled,1
1341,1117,3,2024-02-14,NULL,Active,0
1342,1118,3,2025-03-31,2025-06-06,Expired,1
1343,1118,3,2025-06-14,NULL,Active,1
1344,1119,5,2026-02-24,2026-08-07,Cancelled,1
1345,1120,2,2021-12-27,2022-01-22,Cancelled,1
1346,1121,5,2022-05-02,2023-03-24,Expired,1
1347,1121,5,2023-04-03,2023-05-05,Cancelled,0
1348,1122,1,2022-02-25,NULL,Active,0
1349,1123,4,2021-01-01,NULL,Active,0
1350,1124,3,2024-06-01,NULL,Active,1
1351,1125,3,2026-02-12,NULL,Active,1
1352,1126,5,2023-07-03,2023-11-27,Cancelled,1
1353,1127,3,2026-04-22,NULL,Active,1
1354,1128,2,2026-01-28,NULL,Active,1
1355,1129,3,2021-01-09,NULL,Active,1
1356,1130,2,2025-03-12,NULL,Active,1
1357,1131,5,2022-11-04,NULL,Active,0
1358,1132,2,2022-03-15,NULL,Active,1
1359,1133,5,2023-02-08,NULL,Active,1
1360,1134,3,2026-02-16,NULL,Active,1
1361,1135,4,2022-03-18,2022-08-30,Cancelled,0
1362,1136,5,2022-05-20,NULL,Active,1
1363,1137,4,2022-07-06,2023-04-27,Expired,1
1364,1137,4,2023-05-01,2024-09-12,Cancelled,1
1365,1138,2,2021-07-18,NULL,Active,1
1366,1139,1,2026-06-02,NULL,Active,0
1367,1140,3,2022-12-13,2023-11-15,Expired,0
1368,1140,3,2023-11-16,NULL,Active,1
1369,1141,4,2025-05-06,2025-11-14,Expired,1
1370,1141,4,2025-11-22,NULL,Active,0
1371,1142,4,2024-08-11,2024-11-13,Cancelled,1
1372,1143,4,2023-10-14,NULL,Active,1
1373,1144,3,2024-04-19,2025-03-09,Cancelled,1
1374,1145,4,2025-08-18,2026-02-28,Expired,0
1375,1145,4,2026-03-07,2026-08-03,Cancelled,1
1376,1146,4,2024-05-09,2025-07-06,Cancelled,1
1377,1147,1,2023-06-10,NULL,Active,1
1378,1148,5,2024-04-05,2024-08-22,Expired,0
1379,1148,5,2024-08-24,NULL,Active,1
1380,1149,1,2022-12-30,NULL,Active,0
1381,1150,4,2022-04-18,NULL,Active,1
1382,1151,1,2025-09-06,NULL,Active,1
1383,1152,4,2024-03-17,NULL,Active,1
1384,1153,4,2022-03-13,NULL,Active,1
1385,1154,3,2021-08-06,2022-05-16,Expired,1
1386,1154,3,2022-05-26,NULL,Active,0
1387,1155,1,2023-12-30,2024-09-21,Cancelled,1
1388,1156,2,2022-08-23,2023-04-21,Expired,0
1389,1156,2,2023-04-22,2024-09-16,Cancelled,0
1390,1157,2,2023-04-16,NULL,Active,1
1391,1158,3,2026-01-28,NULL,Active,1
1392,1159,2,2023-07-08,NULL,Active,1
1393,1160,5,2025-05-12,NULL,Active,1
1394,1161,1,2021-07-12,NULL,Active,1
1395,1162,1,2024-07-04,2025-02-06,Expired,0
1396,1162,1,2025-02-07,2025-06-06,Cancelled,1
1397,1163,2,2023-10-27,NULL,Active,1
1398,1164,3,2023-07-13,NULL,Active,1
1399,1165,1,2023-03-16,NULL,Active,0
1400,1166,5,2026-01-13,2026-03-28,Cancelled,1
1401,1167,4,2023-02-05,2023-12-11,Cancelled,1
1402,1168,4,2022-05-04,2022-08-05,Expired,0
1403,1168,4,2022-08-09,NULL,Active,1
1404,1169,5,2024-02-18,2025-08-04,Cancelled,1
1405,1170,5,2022-10-22,2023-03-13,Expired,1
1406,1170,5,2023-03-21,NULL,Active,1
1407,1171,1,2024-09-15,NULL,Active,1
1408,1172,1,2021-06-13,NULL,Active,1
1409,1173,5,2021-07-28,NULL,Active,1
1410,1174,2,2026-07-03,2026-11-29,Expired,1
1411,1174,2,2026-12-01,2026-12-16,Cancelled,1
1412,1175,5,2021-10-26,NULL,Active,0
1413,1176,1,2023-06-20,2024-01-19,Expired,1
1414,1176,1,2024-01-26,NULL,Active,0
1415,1177,3,2022-10-15,NULL,Active,1
1416,1178,5,2025-07-11,2025-10-14,Cancelled,0
1417,1179,1,2023-05-24,NULL,Active,1
1418,1180,2,2025-01-17,NULL,Active,0
1419,1181,5,2026-04-30,NULL,Active,1
1420,1182,1,2022-04-15,NULL,Active,1
1421,1183,4,2023-09-12,NULL,Active,1
1422,1184,5,2023-09-26,NULL,Active,0
1423,1185,3,2025-04-12,NULL,Active,1
1424,1186,5,2024-03-04,NULL,Active,1
1425,1187,2,2025-12-31,2026-05-03,Cancelled,1
1426,1188,5,2023-02-28,NULL,Active,1
1427,1189,5,2022-01-29,2022-11-16,Expired,0
1428,1189,5,2022-11-18,NULL,Active,0
1429,1190,4,2021-01-31,NULL,Active,1
1430,1191,2,2023-05-24,2023-11-23,Expired,1
1431,1191,2,2023-11-26,NULL,Active,1
1432,1192,2,2023-04-23,NULL,Active,1
1433,1193,2,2021-10-23,NULL,Active,1
1434,1194,1,2021-04-08,2022-01-17,Expired,0
1435,1194,1,2022-01-26,2022-09-26,Cancelled,0
1436,1195,1,2021-06-05,NULL,Active,1
1437,1196,3,2022-12-31,2024-03-03,Cancelled,1
1438,1197,5,2023-07-22,2023-09-07,Cancelled,0
1439,1198,4,2026-01-22,2026-10-01,Expired,1
1440,1198,4,2026-10-03,2026-10-18,Cancelled,0
1441,1199,4,2024-07-19,NULL,Active,1
1442,1200,4,2021-01-25,2021-09-24,Expired,1
1443,1200,4,2021-09-27,NULL,Active,0
1444,1201,4,2021-09-17,NULL,Active,1
1445,1202,3,2021-10-25,2023-05-23,Cancelled,1
1446,1203,3,2024-04-02,NULL,Active,1
1447,1204,3,2021-12-21,NULL,Active,1
1448,1205,5,2025-06-07,2026-03-23,Cancelled,1
1449,1206,4,2022-10-03,NULL,Active,1
1450,1207,3,2025-05-21,2025-08-31,Expired,1
1451,1207,3,2025-09-08,2026-07-17,Cancelled,1
1452,1208,1,2024-05-05,NULL,Active,0
1453,1209,5,2021-02-15,NULL,Active,1
1454,1210,2,2022-05-20,NULL,Active,1
1455,1211,3,2025-06-03,NULL,Active,1
1456,1212,4,2024-06-02,NULL,Active,1
1457,1213,5,2023-05-18,NULL,Active,1
1458,1214,5,2022-08-07,2024-02-21,Cancelled,0
1459,1215,2,2023-11-02,NULL,Active,1
1460,1216,3,2021-08-11,NULL,Active,0
1461,1217,2,2021-10-27,NULL,Active,1
1462,1218,4,2023-10-24,2023-12-27,Cancelled,1
1463,1219,3,2026-06-19,2026-08-31,Cancelled,1
1464,1220,4,2023-08-19,2024-02-20,Expired,1
1465,1220,4,2024-02-26,NULL,Active,1
1466,1221,2,2021-10-13,2021-11-14,Cancelled,1
1467,1222,2,2026-01-20,2026-09-08,Expired,1
1468,1222,2,2026-09-09,NULL,Active,1
1469,1223,2,2022-09-17,NULL,Active,1
1470,1224,3,2024-07-19,2025-04-05,Cancelled,1
1471,1225,3,2024-07-06,NULL,Active,1
1472,1226,1,2024-02-08,NULL,Active,0
1473,1227,2,2026-05-20,NULL,Active,1
1474,1228,2,2024-06-05,2024-06-22,Cancelled,1
1475,1229,2,2022-12-21,NULL,Active,1
1476,1230,1,2024-02-24,2024-05-17,Expired,1
1477,1230,1,2024-05-19,NULL,Active,1
1478,1231,3,2023-12-15,2024-04-11,Cancelled,1
1479,1232,2,2021-11-05,NULL,Active,1
1480,1233,2,2025-07-18,NULL,Active,1
1481,1234,3,2023-12-04,2024-06-26,Expired,1
1482,1234,3,2024-06-29,NULL,Active,1
1483,1235,3,2022-09-01,NULL,Active,1
1484,1236,5,2024-04-06,NULL,Active,1
1485,1237,3,2022-01-06,NULL,Active,1
1486,1238,3,2021-02-13,2022-10-18,Cancelled,1
1487,1239,4,2022-11-11,NULL,Active,1
1488,1240,3,2022-10-15,NULL,Active,1
1489,1241,2,2022-08-22,NULL,Active,1
1490,1242,4,2025-01-09,2025-06-08,Expired,0
1491,1242,4,2025-06-15,2025-12-17,Cancelled,1
1492,1243,2,2023-08-08,2025-01-27,Cancelled,1
1493,1244,3,2023-08-17,NULL,Active,1
1494,1245,2,2025-01-19,NULL,Active,1
1495,1246,2,2021-07-10,NULL,Active,1
1496,1247,4,2022-02-27,2022-06-08,Cancelled,1
1497,1248,5,2023-12-15,NULL,Active,1
1498,1249,2,2022-12-14,NULL,Active,0
1499,1250,4,2025-02-05,2025-05-28,Expired,1
1500,1250,4,2025-06-05,2025-07-10,Cancelled,0
1501,1251,5,2023-10-28,2024-04-13,Expired,1
1502,1251,5,2024-04-20,NULL,Active,1
1503,1252,5,2025-07-21,2025-08-18,Cancelled,0
1504,1253,5,2026-05-29,NULL,Active,1
1505,1254,5,2022-07-24,NULL,Active,1
1506,1255,4,2021-11-12,NULL,Active,1
1507,1256,1,2023-05-17,NULL,Active,1
1508,1257,4,2025-01-23,2025-09-08,Cancelled,0
1509,1258,4,2023-08-02,NULL,Active,1
1510,1259,1,2026-05-27,NULL,Active,0
1511,1260,5,2023-05-14,2023-09-22,Expired,0
1512,1260,5,2023-09-27,2024-05-11,Cancelled,1
1513,1261,4,2021-04-02,NULL,Active,1
1514,1262,4,2022-10-22,NULL,Active,1
1515,1263,2,2021-06-10,NULL,Active,1
1516,1264,4,2022-11-13,2023-08-07,Expired,1
1517,1264,4,2023-08-11,2023-12-15,Cancelled,0
1518,1265,2,2025-07-19,NULL,Active,1
1519,1266,1,2024-03-07,NULL,Active,0
1520,1267,3,2026-04-15,2026-08-23,Cancelled,1
1521,1268,3,2025-08-10,2025-12-25,Cancelled,0
1522,1269,5,2023-01-15,NULL,Active,1
1523,1270,5,2023-12-20,NULL,Active,1
1524,1271,1,2026-02-01,2026-04-12,Cancelled,0
1525,1272,2,2023-07-31,2023-11-19,Expired,1
1526,1272,2,2023-11-20,2025-07-03,Cancelled,1
1527,1273,4,2022-03-21,2022-05-07,Cancelled,1
1528,1274,3,2025-09-16,NULL,Active,1
1529,1275,1,2022-12-28,2023-01-21,Cancelled,1
1530,1276,1,2021-06-09,NULL,Active,1
1531,1277,1,2022-01-17,2022-07-22,Expired,1
1532,1277,1,2022-07-25,NULL,Active,1
1533,1278,2,2021-01-05,NULL,Active,1
1534,1279,3,2025-09-20,NULL,Active,1
1535,1280,2,2025-10-24,2026-01-08,Cancelled,1
1536,1281,5,2024-12-06,2026-04-27,Cancelled,1
1537,1282,1,2022-02-05,2022-05-31,Cancelled,1
1538,1283,3,2026-05-09,2026-07-10,Expired,1
1539,1283,3,2026-07-19,NULL,Active,1
1540,1284,3,2025-08-01,2026-04-08,Cancelled,1
1541,1285,1,2021-01-30,NULL,Active,0
1542,1286,4,2021-01-30,2021-10-11,Expired,1
1543,1286,4,2021-10-18,NULL,Active,1
1544,1287,5,2024-07-17,NULL,Active,1
1545,1288,1,2022-09-26,2023-10-05,Expired,1
1546,1288,1,2023-10-12,NULL,Active,1
1547,1289,5,2023-11-05,2024-11-27,Expired,1
1548,1289,5,2024-11-29,2025-05-08,Cancelled,1
1549,1290,3,2025-02-06,2026-05-10,Cancelled,1
1550,1291,5,2023-04-15,NULL,Active,1
1551,1292,3,2026-05-31,NULL,Active,1
1552,1293,1,2026-06-05,NULL,Active,1
1553,1294,4,2024-11-11,2026-03-18,Cancelled,1
1554,1295,4,2022-05-03,NULL,Active,1
1555,1296,1,2022-10-25,2023-10-23,Cancelled,0
1556,1297,2,2025-06-29,NULL,Active,1
1557,1298,2,2021-08-02,2022-08-23,Expired,1
1558,1298,2,2022-08-31,2022-12-23,Cancelled,0
1559,1299,3,2022-01-09,NULL,Active,1
1560,1300,4,2025-11-19,2026-04-23,Cancelled,1
1561,1301,4,2023-06-28,NULL,Active,0
1562,1302,2,2021-06-04,NULL,Active,0
1563,1303,1,2024-03-19,2025-04-09,Expired,0
1564,1303,1,2025-04-16,2026-03-03,Cancelled,1
1565,1304,4,2022-12-19,2023-07-30,Cancelled,1
1566,1305,3,2021-02-13,2021-06-24,Expired,1
1567,1305,3,2021-06-27,NULL,Active,1
1568,1306,2,2024-03-17,2024-04-18,Cancelled,1
1569,1307,5,2023-08-07,NULL,Active,1
1570,1308,1,2025-01-13,2026-08-18,Cancelled,1
1571,1309,3,2022-10-07,2023-02-03,Expired,1
1572,1309,3,2023-02-09,2023-03-26,Cancelled,1
1573,1310,2,2024-12-17,NULL,Active,1
1574,1311,1,2023-04-01,NULL,Active,1
1575,1312,3,2022-01-05,2022-03-26,Expired,0
1576,1312,3,2022-04-04,NULL,Active,1
1577,1313,1,2024-11-26,NULL,Active,1
1578,1314,1,2023-03-08,2023-10-01,Expired,1
1579,1314,1,2023-10-05,2023-11-28,Cancelled,1
1580,1315,1,2021-01-20,2021-11-16,Expired,0
1581,1315,1,2021-11-24,2022-02-12,Cancelled,1
1582,1316,5,2022-03-13,2022-11-25,Expired,1
1583,1316,5,2022-12-01,2023-01-10,Cancelled,1
1584,1317,1,2024-04-20,NULL,Active,0
1585,1318,3,2023-11-22,2024-08-14,Expired,1
1586,1318,3,2024-08-20,NULL,Active,1
1587,1319,5,2025-12-19,NULL,Active,0
1588,1320,3,2023-09-24,2023-10-30,Cancelled,1
1589,1321,5,2021-04-23,2021-07-17,Expired,1
1590,1321,5,2021-07-23,NULL,Active,1
1591,1322,5,2021-10-04,NULL,Active,1
1592,1323,4,2023-07-31,2024-03-17,Cancelled,0
1593,1324,3,2021-02-09,NULL,Active,1
1594,1325,4,2024-03-22,NULL,Active,1
1595,1326,2,2021-11-08,NULL,Active,1
1596,1327,5,2024-07-09,2025-03-09,Expired,1
1597,1327,5,2025-03-10,2026-01-06,Cancelled,1
1598,1328,5,2024-01-08,NULL,Active,0
1599,1329,3,2026-08-06,NULL,Active,0
1600,1330,2,2023-09-19,NULL,Active,1
1601,1331,5,2023-04-11,2023-09-17,Cancelled,1
1602,1332,5,2022-10-01,2022-12-13,Cancelled,1
1603,1333,3,2026-07-11,NULL,Active,1
1604,1334,3,2021-06-23,2022-05-03,Cancelled,1
1605,1335,5,2024-07-15,2025-02-02,Expired,1
1606,1335,5,2025-02-08,2025-03-26,Cancelled,1
1607,1336,2,2026-07-04,NULL,Active,1
1608,1337,3,2025-06-18,2025-08-13,Cancelled,1
1609,1338,1,2021-08-10,NULL,Active,1
1610,1339,5,2021-05-14,2023-02-20,Cancelled,1
1611,1340,4,2022-12-17,2023-02-03,Cancelled,1
1612,1341,4,2026-02-28,NULL,Active,1
1613,1342,3,2021-02-18,NULL,Active,0
1614,1343,4,2022-02-17,NULL,Active,1
1615,1344,4,2023-11-30,2023-12-31,Cancelled,1
1616,1345,2,2023-08-30,2024-09-14,Cancelled,1
1617,1346,4,2024-11-06,NULL,Active,1
1618,1347,5,2025-10-03,2026-08-30,Cancelled,1
1619,1348,5,2025-02-04,2025-03-02,Cancelled,1
1620,1349,2,2023-01-07,NULL,Active,1
1621,1350,4,2023-07-26,NULL,Active,1
1622,1351,5,2023-08-24,NULL,Active,1
1623,1352,2,2023-03-15,NULL,Active,1
1624,1353,2,2026-04-22,2026-09-03,Cancelled,0
1625,1354,3,2026-08-09,NULL,Active,1
1626,1355,2,2024-07-17,NULL,Active,1
1627,1356,5,2021-07-15,NULL,Active,1
1628,1357,5,2021-09-03,2021-12-12,Cancelled,0
1629,1358,4,2022-01-30,NULL,Active,0
1630,1359,4,2023-12-01,2024-05-27,Cancelled,1
1631,1360,5,2023-11-22,NULL,Active,1
1632,1361,2,2022-05-12,2022-09-04,Cancelled,0
1633,1362,4,2023-03-26,NULL,Active,0
1634,1363,2,2022-12-16,2023-06-24,Cancelled,0
1635,1364,2,2026-06-20,2026-09-09,Cancelled,1
1636,1365,2,2025-04-10,2025-11-02,Expired,1
1637,1365,2,2025-11-12,2026-03-05,Cancelled,1
1638,1366,4,2022-08-17,2023-02-18,Expired,1
1639,1366,4,2023-02-22,NULL,Active,1
1640,1367,2,2025-09-24,NULL,Active,0
1641,1368,4,2025-07-16,2026-08-21,Cancelled,1
1642,1369,2,2024-11-08,2025-07-01,Expired,1
1643,1369,2,2025-07-07,NULL,Active,1
1644,1370,5,2024-04-08,2025-01-29,Cancelled,1
1645,1371,2,2025-06-08,NULL,Active,1
1646,1372,4,2026-01-19,NULL,Active,1
1647,1373,3,2021-04-05,2021-06-30,Cancelled,1
1648,1374,4,2023-10-28,2024-07-14,Expired,1
1649,1374,4,2024-07-21,NULL,Active,0
1650,1375,4,2023-05-13,NULL,Active,1
1651,1376,5,2022-01-27,2024-05-12,Cancelled,1
1652,1377,1,2021-08-09,NULL,Active,1
1653,1378,1,2021-12-07,2022-11-22,Expired,0
1654,1378,1,2022-11-28,NULL,Active,0
1655,1379,5,2022-09-29,2023-02-09,Expired,1
1656,1379,5,2023-02-16,NULL,Active,1
1657,1380,4,2024-06-21,2024-11-19,Expired,1
1658,1380,4,2024-11-25,NULL,Active,1
1659,1381,5,2025-12-21,NULL,Active,1
1660,1382,3,2022-11-30,2023-11-19,Expired,1
1661,1382,3,2023-11-24,2025-02-25,Cancelled,1
1662,1383,2,2024-08-25,NULL,Active,1
1663,1384,3,2024-01-21,2025-01-05,Expired,0
1664,1384,3,2025-01-08,NULL,Active,1
1665,1385,1,2022-12-27,2024-01-26,Expired,1
1666,1385,1,2024-02-03,2024-03-02,Cancelled,1
1667,1386,3,2025-11-17,NULL,Active,1
1668,1387,2,2024-06-22,NULL,Active,1
1669,1388,1,2023-07-20,2024-02-03,Expired,1
1670,1388,1,2024-02-05,NULL,Active,0
1671,1389,4,2025-02-07,NULL,Active,1
1672,1390,4,2024-05-28,NULL,Active,1
1673,1391,5,2022-07-13,2022-08-14,Cancelled,1
1674,1392,3,2021-02-04,2021-06-28,Cancelled,1
1675,1393,4,2024-05-12,NULL,Active,1
1676,1394,5,2023-08-06,NULL,Active,1
1677,1395,2,2023-02-12,NULL,Active,1
1678,1396,5,2025-06-05,2026-06-06,Expired,1
1679,1396,5,2026-06-07,NULL,Active,1
1680,1397,4,2025-03-30,NULL,Active,1
1681,1398,1,2025-09-26,2026-10-09,Expired,1
1682,1398,1,2026-10-11,2026-10-26,Cancelled,1
1683,1399,1,2024-01-19,NULL,Active,0
1684,1400,1,2024-01-07,NULL,Active,1
1685,1401,5,2023-01-18,2023-12-12,Expired,1
1686,1401,5,2023-12-17,2024-02-04,Cancelled,1
1687,1402,2,2026-02-09,NULL,Active,1
1688,1403,1,2026-07-09,NULL,Active,1
1689,1404,5,2022-09-16,2023-05-11,Cancelled,0
1690,1405,3,2023-02-01,2024-12-01,Cancelled,1
1691,1406,3,2022-05-28,NULL,Active,0
1692,1407,4,2023-08-12,2023-10-04,Cancelled,1
1693,1408,5,2026-07-15,NULL,Active,1
1694,1409,4,2024-06-30,NULL,Active,1
1695,1410,3,2021-05-10,NULL,Active,0
1696,1411,1,2021-08-18,NULL,Active,0
1697,1412,4,2026-04-10,NULL,Active,1
1698,1413,2,2025-04-12,2025-06-12,Cancelled,1
1699,1414,5,2025-04-26,2026-04-05,Cancelled,1
1700,1415,3,2023-03-27,2023-08-15,Cancelled,1
1701,1416,5,2023-05-04,NULL,Active,1
1702,1417,2,2024-08-16,NULL,Active,1
1703,1418,4,2022-05-16,2023-01-02,Expired,1
1704,1418,4,2023-01-04,NULL,Active,1
1705,1419,5,2023-03-25,2023-12-29,Expired,0
1706,1419,5,2024-01-08,NULL,Active,1
1707,1420,1,2022-04-08,2022-06-10,Expired,1
1708,1420,1,2022-06-19,NULL,Active,1
1709,1421,2,2024-08-22,NULL,Active,1
1710,1422,4,2022-05-06,NULL,Active,1
1711,1423,3,2021-06-22,NULL,Active,1
1712,1424,2,2022-09-27,NULL,Active,1
1713,1425,3,2022-10-08,NULL,Active,1
1714,1426,5,2024-10-18,2024-11-19,Cancelled,0
1715,1427,2,2024-12-27,NULL,Active,1
1716,1428,4,2022-03-16,NULL,Active,1
1717,1429,1,2024-07-21,2024-11-29,Expired,1
1718,1429,1,2024-12-02,NULL,Active,0
1719,1430,5,2025-12-02,2026-12-05,Expired,1
1720,1430,5,2026-12-06,2026-12-21,Cancelled,1
1721,1431,2,2025-03-28,2025-06-26,Cancelled,1
1722,1432,3,2023-10-24,NULL,Active,0
1723,1433,4,2024-04-22,NULL,Active,0
1724,1434,1,2023-02-17,NULL,Active,0
1725,1435,1,2024-11-25,NULL,Active,0
1726,1436,3,2024-02-02,NULL,Active,0
1727,1437,4,2021-10-10,NULL,Active,0
1728,1438,5,2024-04-26,2024-11-08,Expired,1
1729,1438,5,2024-11-09,2025-12-04,Cancelled,1
1730,1439,4,2026-02-03,NULL,Active,0
1731,1440,5,2025-04-02,NULL,Active,1
1732,1441,1,2025-01-31,NULL,Active,1
1733,1442,5,2021-09-17,NULL,Active,1
1734,1443,3,2023-02-17,2023-03-18,Cancelled,1
1735,1444,3,2022-09-24,NULL,Active,1
1736,1445,1,2025-08-06,NULL,Active,1
1737,1446,4,2022-01-30,NULL,Active,1
1738,1447,4,2021-06-29,NULL,Active,1
1739,1448,3,2023-04-08,2024-04-08,Expired,0
1740,1448,3,2024-04-17,NULL,Active,1
1741,1449,2,2022-02-09,NULL,Active,1
1742,1450,3,2026-06-30,2026-07-21,Cancelled,1
1743,1451,5,2023-11-15,2024-08-14,Cancelled,0
1744,1452,2,2021-10-18,2022-04-02,Expired,1
1745,1452,2,2022-04-10,2022-09-14,Cancelled,0
1746,1453,5,2021-11-24,NULL,Active,1
1747,1454,3,2025-01-18,2025-06-12,Expired,0
1748,1454,3,2025-06-15,NULL,Active,1
1749,1455,1,2025-02-20,2025-07-29,Cancelled,1
1750,1456,1,2023-12-25,NULL,Active,1
1751,1457,3,2024-05-29,2025-05-25,Cancelled,1
1752,1458,1,2022-02-02,NULL,Active,1
1753,1459,2,2025-04-28,2026-01-28,Expired,1
1754,1459,2,2026-02-04,NULL,Active,1
1755,1460,1,2023-10-16,2023-12-08,Cancelled,1
1756,1461,5,2025-08-28,2025-09-21,Cancelled,1
1757,1462,3,2025-01-06,NULL,Active,1
1758,1463,5,2022-03-03,NULL,Active,1
1759,1464,1,2025-07-03,2026-07-22,Expired,0
1760,1464,1,2026-07-29,NULL,Active,0
1761,1465,1,2025-12-20,NULL,Active,1
1762,1466,5,2024-08-22,2024-12-02,Expired,1
1763,1466,5,2024-12-05,2026-03-04,Cancelled,1
1764,1467,3,2024-08-17,NULL,Active,1
1765,1468,2,2023-05-27,NULL,Active,1
1766,1469,1,2025-01-14,2025-07-01,Expired,1
1767,1469,1,2025-07-02,NULL,Active,0
1768,1470,4,2021-01-01,2022-01-12,Expired,1
1769,1470,4,2022-01-15,NULL,Active,1
1770,1471,5,2021-03-08,2021-06-02,Cancelled,0
1771,1472,4,2021-01-27,NULL,Active,1
1772,1473,1,2024-07-13,NULL,Active,0
1773,1474,1,2022-09-26,NULL,Active,1
1774,1475,5,2024-12-27,NULL,Active,0
1775,1476,2,2025-02-12,NULL,Active,1
1776,1477,1,2023-11-16,NULL,Active,1
1777,1478,4,2025-06-26,2025-11-14,Expired,1
1778,1478,4,2025-11-21,2026-07-16,Cancelled,0
1779,1479,2,2024-08-22,NULL,Active,0
1780,1480,3,2022-01-26,NULL,Active,1
1781,1481,4,2021-06-03,NULL,Active,1
1782,1482,5,2021-11-18,2022-10-17,Cancelled,0
1783,1483,4,2025-11-14,NULL,Active,0
1784,1484,4,2021-02-16,NULL,Active,1
1785,1485,5,2021-08-10,NULL,Active,1
1786,1486,3,2024-07-31,2025-06-08,Cancelled,1
1787,1487,4,2024-08-31,NULL,Active,1
1788,1488,5,2022-09-20,NULL,Active,1
1789,1489,4,2025-12-31,2026-05-07,Cancelled,1
1790,1490,5,2022-01-04,2023-01-23,Cancelled,1
1791,1491,3,2025-06-04,NULL,Active,0
1792,1492,5,2021-12-05,2022-12-27,Expired,0
1793,1492,5,2022-12-28,NULL,Active,1
1794,1493,1,2025-06-24,NULL,Active,1
1795,1494,1,2025-11-15,NULL,Active,1
1796,1495,1,2026-05-24,NULL,Active,1
1797,1496,4,2025-06-08,NULL,Active,1
1798,1497,4,2023-10-06,NULL,Active,1
1799,1498,2,2025-10-28,NULL,Active,0
1800,1499,5,2022-01-02,2022-02-02,Cancelled,0
1801,1500,4,2025-10-01,2025-12-21,Cancelled,1
1802,1501,3,2024-08-06,NULL,Active,1
1803,1502,2,2024-06-02,NULL,Active,1
1804,1503,1,2025-12-17,NULL,Active,1
1805,1504,3,2021-07-03,NULL,Active,1
1806,1505,4,2022-10-01,NULL,Active,1
1807,1506,1,2021-08-12,NULL,Active,0
1808,1507,2,2024-03-24,2024-07-29,Cancelled,1
1809,1508,4,2024-06-03,NULL,Active,0
1810,1509,3,2024-09-21,2025-04-06,Expired,1
1811,1509,3,2025-04-11,NULL,Active,1
1812,1510,3,2023-05-18,NULL,Active,1
1813,1511,4,2023-11-26,2024-08-12,Expired,1
1814,1511,4,2024-08-21,2025-01-06,Cancelled,1
1815,1512,3,2022-08-02,2023-06-10,Cancelled,1
1816,1513,5,2025-03-23,NULL,Active,1
1817,1514,3,2021-06-28,NULL,Active,0
1818,1515,5,2024-03-09,NULL,Active,1
1819,1516,3,2024-01-17,NULL,Active,1
1820,1517,3,2021-09-30,NULL,Active,1
1821,1518,5,2025-01-15,2025-04-24,Cancelled,1
1822,1519,3,2025-05-03,NULL,Active,1
1823,1520,5,2022-02-12,NULL,Active,1
1824,1521,4,2021-12-27,2022-12-24,Expired,1
1825,1521,4,2022-12-29,NULL,Active,1
1826,1522,1,2026-02-19,NULL,Active,1
1827,1523,4,2021-06-12,NULL,Active,1
1828,1524,1,2024-09-28,NULL,Active,1
1829,1525,3,2021-03-17,2021-08-18,Expired,1
1830,1525,3,2021-08-23,2021-12-03,Cancelled,1
1831,1526,5,2024-12-26,NULL,Active,1
1832,1527,2,2026-08-16,NULL,Active,1
1833,1528,2,2025-05-05,NULL,Active,1
1834,1529,1,2023-07-13,NULL,Active,1
1835,1530,3,2022-07-17,2023-03-17,Expired,1
1836,1530,3,2023-03-25,2024-01-04,Cancelled,1
1837,1531,2,2023-07-21,2023-10-15,Expired,1
1838,1531,2,2023-10-23,NULL,Active,1
1839,1532,5,2022-09-18,NULL,Active,1
1840,1533,3,2024-09-10,NULL,Active,1
1841,1534,4,2023-04-27,2024-05-11,Expired,1
1842,1534,4,2024-05-21,NULL,Active,1
1843,1535,3,2023-04-09,NULL,Active,1
1844,1536,3,2022-07-08,2022-12-27,Expired,0
1845,1536,3,2022-12-28,2024-03-14,Cancelled,1
1846,1537,1,2022-10-10,2023-03-02,Cancelled,0
1847,1538,3,2022-04-30,2023-01-31,Expired,1
1848,1538,3,2023-02-07,NULL,Active,1
1849,1539,1,2021-05-01,NULL,Active,1
1850,1540,5,2024-05-27,NULL,Active,0
1851,1541,4,2022-09-15,NULL,Active,1
1852,1542,4,2023-01-27,2024-04-27,Cancelled,1
1853,1543,5,2023-12-30,2025-06-02,Cancelled,1
1854,1544,3,2023-08-04,NULL,Active,1
1855,1545,2,2021-04-17,2022-01-16,Expired,0
1856,1545,2,2022-01-20,NULL,Active,1
1857,1546,2,2022-07-04,2022-12-28,Expired,1
1858,1546,2,2023-01-02,2024-01-04,Cancelled,1
1859,1547,1,2025-03-12,NULL,Active,1
1860,1548,4,2026-04-25,2026-06-16,Cancelled,1
1861,1549,2,2023-07-16,NULL,Active,1
1862,1550,4,2024-01-11,2024-03-31,Cancelled,1
1863,1551,5,2023-04-18,2023-08-10,Cancelled,1
1864,1552,2,2026-06-30,NULL,Active,1
1865,1553,1,2023-10-08,2024-02-25,Expired,0
1866,1553,1,2024-03-04,NULL,Active,1
1867,1554,1,2025-04-08,NULL,Active,1
1868,1555,4,2021-06-07,NULL,Active,1
1869,1556,1,2026-02-15,2026-07-07,Expired,1
1870,1556,1,2026-07-14,2026-09-10,Cancelled,1
1871,1557,4,2025-06-09,NULL,Active,1
1872,1558,1,2025-05-06,2026-08-24,Cancelled,1
1873,1559,2,2023-02-17,NULL,Active,0
1874,1560,1,2024-06-01,NULL,Active,0
1875,1561,4,2025-09-27,NULL,Active,1
1876,1562,5,2022-08-06,NULL,Active,1
1877,1563,3,2022-01-06,2022-07-25,Expired,1
1878,1563,3,2022-07-26,2022-09-04,Cancelled,1
1879,1564,5,2023-01-07,NULL,Active,1
1880,1565,2,2022-07-09,2022-08-21,Cancelled,1
1881,1566,4,2026-01-21,NULL,Active,1
1882,1567,1,2023-04-08,NULL,Active,1
1883,1568,3,2024-08-20,NULL,Active,1
1884,1569,3,2022-05-22,NULL,Active,1
1885,1570,2,2025-01-26,NULL,Active,1
1886,1571,1,2022-10-17,2023-03-16,Cancelled,0
1887,1572,3,2021-06-29,2021-08-13,Cancelled,1
1888,1573,2,2022-09-07,2024-04-04,Cancelled,1
1889,1574,1,2021-07-30,NULL,Active,1
1890,1575,4,2026-01-02,NULL,Active,0
1891,1576,2,2022-04-27,2022-08-08,Cancelled,0
1892,1577,1,2023-11-03,NULL,Active,1
1893,1578,4,2026-08-05,2026-08-20,Cancelled,1
1894,1579,1,2026-07-15,NULL,Active,1
1895,1580,4,2026-05-03,2026-07-03,Cancelled,1
1896,1581,2,2021-11-22,2022-01-17,Cancelled,1
1897,1582,3,2023-09-30,2024-04-18,Cancelled,0
1898,1583,5,2023-05-01,NULL,Active,1
1899,1584,5,2021-08-14,NULL,Active,1
1900,1585,2,2022-08-19,NULL,Active,1
1901,1586,5,2024-05-07,NULL,Active,0
1902,1587,2,2022-03-23,NULL,Active,1
1903,1588,4,2024-03-10,NULL,Active,0
1904,1589,5,2022-12-28,2023-09-22,Cancelled,1
1905,1590,5,2025-01-15,2025-08-09,Expired,1
1906,1590,5,2025-08-12,NULL,Active,1
1907,1591,2,2024-08-15,NULL,Active,1
1908,1592,4,2025-10-17,2026-07-04,Expired,0
1909,1592,4,2026-07-07,2026-08-18,Cancelled,1
1910,1593,3,2026-04-13,2027-02-01,Expired,0
1911,1593,3,2027-02-03,2027-02-18,Cancelled,1
1912,1594,2,2024-09-10,2025-11-05,Cancelled,0
1913,1595,4,2023-05-10,2023-12-04,Cancelled,0
1914,1596,2,2021-08-27,NULL,Active,1
1915,1597,1,2021-12-26,NULL,Active,0
1916,1598,5,2024-03-22,2024-09-14,Expired,1
1917,1598,5,2024-09-20,2025-04-08,Cancelled,1
1918,1599,4,2023-11-30,2024-11-30,Expired,1
1919,1599,4,2024-12-05,NULL,Active,1
1920,1600,1,2024-12-20,2025-05-03,Expired,1
1921,1600,1,2025-05-05,2026-01-06,Cancelled,1
1922,1601,4,2026-07-27,2026-09-14,Cancelled,1
1923,1602,4,2026-07-11,NULL,Active,1
1924,1603,5,2024-04-04,2025-07-22,Cancelled,1
1925,1604,1,2021-04-09,2022-06-17,Cancelled,1
1926,1605,1,2023-04-30,NULL,Active,1
1927,1606,1,2021-07-06,NULL,Active,1
1928,1607,4,2023-05-20,2024-02-12,Expired,1
1929,1607,4,2024-02-14,2024-07-30,Cancelled,0
1930,1608,2,2024-02-28,NULL,Active,1
1931,1609,4,2024-05-14,NULL,Active,1
1932,1610,4,2021-01-26,2021-05-11,Expired,1
1933,1610,4,2021-05-20,NULL,Active,1
1934,1611,4,2024-10-30,NULL,Active,1
1935,1612,1,2021-04-30,NULL,Active,1
1936,1613,4,2024-10-16,NULL,Active,1
1937,1614,2,2021-05-26,NULL,Active,1
1938,1615,4,2022-09-29,NULL,Active,1
1939,1616,4,2024-10-04,2025-04-05,Expired,1
1940,1616,4,2025-04-13,NULL,Active,1
1941,1617,3,2024-05-11,NULL,Active,1
1942,1618,3,2021-03-18,NULL,Active,1
1943,1619,4,2024-12-19,NULL,Active,1
1944,1620,3,2021-05-08,NULL,Active,1
1945,1621,3,2022-11-11,NULL,Active,1
1946,1622,5,2023-02-07,2023-06-10,Expired,1
1947,1622,5,2023-06-18,NULL,Active,1
1948,1623,2,2024-07-12,2025-01-18,Cancelled,1
1949,1624,5,2025-08-23,2025-10-11,Cancelled,1
1950,1625,2,2025-03-03,2025-08-03,Expired,1
1951,1625,2,2025-08-10,2025-09-13,Cancelled,1
1952,1626,5,2024-05-23,NULL,Active,1
1953,1627,2,2021-06-03,NULL,Active,1
1954,1628,2,2021-04-13,NULL,Active,1
1955,1629,5,2023-02-19,NULL,Active,0
1956,1630,5,2024-06-25,NULL,Active,1
1957,1631,5,2022-06-28,NULL,Active,1
1958,1632,3,2026-02-25,2026-12-19,Expired,1
1959,1632,3,2026-12-24,NULL,Active,1
1960,1633,5,2022-04-20,2022-09-17,Expired,1
1961,1633,5,2022-09-25,NULL,Active,0
1962,1634,2,2021-12-23,NULL,Active,1
1963,1635,4,2022-02-27,2022-05-08,Cancelled,0
1964,1636,1,2021-04-03,2022-03-20,Cancelled,1
1965,1637,2,2024-08-07,NULL,Active,1
1966,1638,3,2024-02-08,NULL,Active,1
1967,1639,1,2022-04-27,NULL,Active,1
1968,1640,2,2024-01-26,2024-02-13,Cancelled,1
1969,1641,3,2022-02-24,NULL,Active,1
1970,1642,2,2024-07-28,NULL,Active,1
1971,1643,3,2023-09-30,NULL,Active,1
1972,1644,1,2024-10-19,2025-05-01,Cancelled,1
1973,1645,3,2022-06-17,2024-02-11,Cancelled,1
1974,1646,3,2022-03-10,NULL,Active,1
1975,1647,2,2025-10-13,2026-01-04,Cancelled,1
1976,1648,5,2026-01-01,NULL,Active,1
1977,1649,4,2024-09-23,2024-12-28,Expired,1
1978,1649,4,2025-01-01,NULL,Active,1
1979,1650,4,2021-11-18,2023-07-17,Cancelled,1
1980,1651,4,2022-01-16,NULL,Active,0
1981,1652,5,2026-02-10,2026-04-25,Cancelled,1
1982,1653,5,2026-04-12,NULL,Active,1
1983,1654,5,2023-11-23,NULL,Active,1
1984,1655,3,2024-09-15,NULL,Active,1
1985,1656,3,2021-05-04,NULL,Active,1
1986,1657,5,2024-12-10,2025-02-14,Cancelled,1
1987,1658,3,2024-03-02,NULL,Active,0
1988,1659,4,2022-06-06,2022-08-24,Expired,0
1989,1659,4,2022-08-30,2023-07-05,Cancelled,1
1990,1660,2,2022-03-15,NULL,Active,1
1991,1661,5,2024-05-22,2024-09-18,Cancelled,1
1992,1662,3,2025-08-21,NULL,Active,1
1993,1663,5,2022-10-14,NULL,Active,0
1994,1664,1,2024-10-27,NULL,Active,0
1995,1665,3,2025-11-01,NULL,Active,1
1996,1666,4,2023-08-26,2023-11-12,Cancelled,1
1997,1667,5,2026-06-17,2026-08-29,Cancelled,1
1998,1668,4,2026-03-12,NULL,Active,0
1999,1669,4,2025-12-29,NULL,Active,1
2000,1670,4,2021-10-13,NULL,Active,0
2001,1671,1,2025-04-02,2026-01-08,Expired,1
2002,1671,1,2026-01-10,NULL,Active,1
2003,1672,5,2022-01-06,2022-02-03,Cancelled,1
2004,1673,3,2021-01-01,NULL,Active,0
2005,1674,4,2026-01-30,2026-03-05,Cancelled,0
2006,1675,4,2026-01-06,2026-07-14,Cancelled,1
2007,1676,3,2024-05-12,NULL,Active,0
2008,1677,5,2025-11-16,2026-05-15,Cancelled,1
2009,1678,4,2021-02-03,2021-07-30,Expired,0
2010,1678,4,2021-08-05,NULL,Active,1
2011,1679,1,2022-06-07,NULL,Active,1
2012,1680,2,2021-08-06,NULL,Active,0
2013,1681,5,2025-01-11,NULL,Active,0
2014,1682,1,2023-08-22,2023-11-29,Cancelled,1
2015,1683,3,2025-06-03,2026-03-09,Expired,1
2016,1683,3,2026-03-16,NULL,Active,1
2017,1684,5,2025-07-22,2026-04-18,Expired,1
2018,1684,5,2026-04-27,2026-06-17,Cancelled,1
2019,1685,1,2023-05-16,2024-05-24,Cancelled,1
2020,1686,1,2022-07-24,2023-06-30,Expired,0
2021,1686,1,2023-07-10,2023-09-06,Cancelled,1
2022,1687,3,2025-01-15,NULL,Active,0
2023,1688,4,2022-05-30,NULL,Active,0
2024,1689,1,2021-03-06,2021-12-03,Expired,1
2025,1689,1,2021-12-04,NULL,Active,1
2026,1690,4,2025-11-24,2026-03-27,Cancelled,1
2027,1691,2,2025-08-31,2025-11-04,Cancelled,1
2028,1692,1,2025-10-10,NULL,Active,1
2029,1693,4,2025-10-04,2026-07-19,Expired,1
2030,1693,4,2026-07-24,NULL,Active,1
2031,1694,4,2024-12-26,NULL,Active,0
2032,1695,2,2021-01-31,NULL,Active,0
2033,1696,5,2024-01-08,2025-08-12,Cancelled,0
2034,1697,4,2025-02-12,2026-02-20,Expired,1
2035,1697,4,2026-02-25,NULL,Active,1
2036,1698,3,2026-06-03,2026-10-11,Expired,1
2037,1698,3,2026-10-15,NULL,Active,0
2038,1699,4,2026-05-27,NULL,Active,1
2039,1700,2,2024-02-19,NULL,Active,0
2040,1701,3,2021-12-29,NULL,Active,1
2041,1702,4,2024-07-03,NULL,Active,1
2042,1703,5,2021-02-14,2021-03-10,Cancelled,1
2043,1704,2,2026-04-06,NULL,Active,1
2044,1705,1,2025-09-21,2025-11-01,Cancelled,1
2045,1706,2,2022-11-18,2023-05-27,Cancelled,1
2046,1707,3,2024-05-30,NULL,Active,1
2047,1708,2,2021-09-09,2021-11-24,Expired,1
2048,1708,2,2021-11-25,NULL,Active,1
2049,1709,4,2022-11-24,NULL,Active,1
2050,1710,1,2021-04-22,2022-03-02,Cancelled,1
2051,1711,1,2022-06-04,NULL,Active,0
2052,1712,3,2023-10-30,2024-02-19,Expired,1
2053,1712,3,2024-02-28,2024-09-21,Cancelled,0
2054,1713,4,2024-02-02,NULL,Active,0
2055,1714,4,2022-12-17,2024-10-25,Cancelled,0
2056,1715,3,2026-01-04,NULL,Active,0
2057,1716,4,2023-08-26,NULL,Active,0
2058,1717,5,2021-05-16,2021-07-23,Expired,1
2059,1717,5,2021-07-26,NULL,Active,1
2060,1718,4,2022-09-24,NULL,Active,1
2061,1719,1,2023-09-02,NULL,Active,1
2062,1720,2,2023-05-14,NULL,Active,1
2063,1721,2,2021-08-11,2022-01-19,Cancelled,1
2064,1722,2,2021-08-04,NULL,Active,1
2065,1723,1,2026-05-05,NULL,Active,1
2066,1724,1,2023-08-16,NULL,Active,1
2067,1725,4,2026-04-28,NULL,Active,1
2068,1726,5,2025-11-16,2026-08-14,Cancelled,1
2069,1727,3,2025-04-14,2025-06-14,Expired,1
2070,1727,3,2025-06-20,NULL,Active,1
2071,1728,3,2021-06-18,NULL,Active,1
2072,1729,2,2025-11-04,NULL,Active,1
2073,1730,3,2024-10-04,2025-06-29,Expired,0
2074,1730,3,2025-07-04,NULL,Active,0
2075,1731,4,2023-11-12,2024-02-28,Cancelled,1
2076,1732,2,2026-03-04,NULL,Active,1
2077,1733,4,2023-03-10,NULL,Active,1
2078,1734,3,2024-07-07,NULL,Active,1
2079,1735,2,2021-10-06,NULL,Active,1
2080,1736,3,2022-03-02,2022-05-30,Expired,1
2081,1736,3,2022-06-01,NULL,Active,1
2082,1737,5,2023-06-18,2024-05-08,Expired,1
2083,1737,5,2024-05-15,NULL,Active,0
2084,1738,3,2023-03-02,2023-10-13,Cancelled,1
2085,1739,5,2022-01-12,NULL,Active,1
2086,1740,1,2022-05-14,2022-08-15,Expired,1
2087,1740,1,2022-08-22,NULL,Active,1
2088,1741,3,2022-06-17,NULL,Active,1
2089,1742,3,2023-01-27,2024-02-02,Expired,1
2090,1742,3,2024-02-12,2025-03-14,Cancelled,1
2091,1743,1,2023-11-04,NULL,Active,1
2092,1744,4,2026-02-01,2026-05-16,Expired,1
2093,1744,4,2026-05-23,2026-07-02,Cancelled,1
2094,1745,3,2023-11-21,2024-01-16,Cancelled,1
2095,1746,3,2021-09-13,NULL,Active,1
2096,1747,1,2021-09-04,2022-05-30,Expired,1
2097,1747,1,2022-06-09,NULL,Active,1
2098,1748,3,2025-12-10,NULL,Active,0
2099,1749,2,2025-05-28,2025-08-12,Cancelled,1
2100,1750,4,2022-03-21,2023-03-22,Expired,1
2101,1750,4,2023-03-28,NULL,Active,1
2102,1751,1,2023-06-14,NULL,Active,1
2103,1752,1,2025-12-14,2026-07-12,Cancelled,0
2104,1753,1,2021-05-23,2022-04-17,Expired,1
2105,1753,1,2022-04-20,NULL,Active,1
2106,1754,2,2023-10-24,2024-09-22,Expired,1
2107,1754,2,2024-09-29,2026-03-13,Cancelled,1
2108,1755,3,2022-09-02,2023-09-29,Expired,0
2109,1755,3,2023-10-09,NULL,Active,0
2110,1756,2,2021-06-04,2022-02-28,Cancelled,1
2111,1757,3,2022-09-13,2024-07-08,Cancelled,1
2112,1758,5,2021-01-16,2021-03-12,Cancelled,1
2113,1759,3,2026-05-13,NULL,Active,1
2114,1760,3,2023-07-15,2023-11-14,Expired,1
2115,1760,3,2023-11-24,NULL,Active,1
2116,1761,1,2022-05-12,2022-07-11,Cancelled,1
2117,1762,5,2024-09-27,NULL,Active,1
2118,1763,3,2021-08-15,2022-03-04,Cancelled,1
2119,1764,3,2025-02-05,2025-10-27,Expired,1
2120,1764,3,2025-10-28,2026-09-04,Cancelled,1
2121,1765,5,2026-02-26,NULL,Active,1
2122,1766,2,2022-12-25,NULL,Active,1
2123,1767,3,2023-02-22,2024-07-24,Cancelled,0
2124,1768,4,2022-03-14,NULL,Active,1
2125,1769,1,2026-06-16,NULL,Active,1
2126,1770,4,2023-02-16,NULL,Active,1
2127,1771,5,2021-04-14,2021-08-09,Cancelled,1
2128,1772,3,2026-06-27,NULL,Active,0
2129,1773,1,2024-06-14,NULL,Active,1
2130,1774,5,2021-03-09,NULL,Active,1
2131,1775,5,2024-10-15,NULL,Active,1
2132,1776,2,2022-04-30,NULL,Active,1
2133,1777,3,2026-02-21,NULL,Active,1
2134,1778,3,2023-08-13,NULL,Active,1
2135,1779,3,2026-06-26,NULL,Active,1
2136,1780,5,2021-07-07,2022-09-13,Cancelled,0
2137,1781,3,2021-02-28,2022-04-22,Cancelled,0
2138,1782,5,2024-06-12,NULL,Active,0
2139,1783,3,2022-12-01,NULL,Active,1
2140,1784,3,2022-04-13,NULL,Active,1
2141,1785,2,2023-06-23,2023-07-09,Cancelled,1
2142,1786,2,2024-10-13,2026-04-07,Cancelled,1
2143,1787,4,2024-08-21,2025-07-04,Expired,1
2144,1787,4,2025-07-14,NULL,Active,0
2145,1788,3,2022-07-17,NULL,Active,0
2146,1789,3,2022-12-12,NULL,Active,0
2147,1790,3,2024-01-27,2024-09-03,Cancelled,1
2148,1791,3,2025-02-24,2026-07-24,Cancelled,1
2149,1792,1,2023-09-25,2024-10-14,Expired,1
2150,1792,1,2024-10-23,2025-10-23,Cancelled,1
2151,1793,1,2022-02-14,2023-02-24,Expired,0
2152,1793,1,2023-03-03,NULL,Active,1
2153,1794,3,2022-10-09,NULL,Active,1
2154,1795,3,2021-01-27,NULL,Active,0
2155,1796,3,2024-03-08,2024-12-18,Expired,0
2156,1796,3,2024-12-22,NULL,Active,1
2157,1797,1,2022-06-04,2023-11-17,Cancelled,1
2158,1798,2,2026-01-19,2026-09-03,Expired,0
2159,1798,2,2026-09-06,2026-09-21,Cancelled,1
2160,1799,3,2021-06-04,NULL,Active,1
2161,1800,3,2021-12-27,NULL,Active,0
2162,1801,4,2025-09-12,2026-06-20,Cancelled,1
2163,1802,5,2023-02-26,2023-08-09,Expired,1
2164,1802,5,2023-08-14,2023-09-03,Cancelled,1
2165,1803,4,2025-01-22,NULL,Active,0
2166,1804,4,2026-03-17,2026-11-09,Expired,1
2167,1804,4,2026-11-14,NULL,Active,1
2168,1805,4,2024-02-07,2025-01-31,Expired,1
2169,1805,4,2025-02-07,NULL,Active,1
2170,1806,5,2022-09-04,2023-03-19,Expired,0
2171,1806,5,2023-03-22,NULL,Active,0
2172,1807,2,2022-12-24,NULL,Active,1
2173,1808,4,2021-08-10,2022-03-11,Expired,1
2174,1808,4,2022-03-13,NULL,Active,1
2175,1809,5,2023-05-09,2024-02-20,Expired,1
2176,1809,5,2024-02-29,NULL,Active,1
2177,1810,1,2026-01-31,2026-05-08,Cancelled,1
2178,1811,4,2022-12-22,NULL,Active,1
2179,1812,1,2022-04-21,2023-01-19,Expired,1
2180,1812,1,2023-01-23,NULL,Active,1
2181,1813,4,2024-08-28,NULL,Active,1
2182,1814,4,2023-08-01,NULL,Active,1
2183,1815,4,2022-02-06,2023-01-20,Expired,1
2184,1815,4,2023-01-30,2023-04-21,Cancelled,0
2185,1816,1,2023-03-31,NULL,Active,1
2186,1817,3,2026-04-14,2026-06-10,Cancelled,1
2187,1818,3,2025-11-21,2026-04-10,Cancelled,1
2188,1819,4,2026-02-07,NULL,Active,1
2189,1820,5,2022-07-13,2023-03-15,Expired,1
2190,1820,5,2023-03-20,NULL,Active,1
2191,1821,2,2025-01-08,2026-04-10,Cancelled,0
2192,1822,3,2022-06-06,2022-11-02,Expired,1
2193,1822,3,2022-11-03,NULL,Active,1
2194,1823,5,2021-09-02,2022-05-27,Expired,1
2195,1823,5,2022-06-01,2022-09-12,Cancelled,1
2196,1824,1,2026-03-22,2026-07-16,Expired,1
2197,1824,1,2026-07-22,NULL,Active,1
2198,1825,4,2024-11-08,2025-04-06,Cancelled,1
2199,1826,5,2022-10-05,2023-06-16,Cancelled,1
2200,1827,2,2023-07-30,NULL,Active,0
2201,1828,3,2026-06-27,NULL,Active,1
2202,1829,4,2026-03-11,NULL,Active,1
2203,1830,2,2023-10-08,2024-06-14,Expired,1
2204,1830,2,2024-06-23,NULL,Active,1
2205,1831,5,2023-06-30,NULL,Active,0
2206,1832,5,2021-01-21,NULL,Active,1
2207,1833,4,2026-04-12,2026-07-03,Cancelled,1
2208,1834,2,2025-10-10,NULL,Active,1
2209,1835,4,2022-02-06,2022-03-25,Cancelled,0
2210,1836,3,2021-12-07,NULL,Active,0
2211,1837,2,2023-06-12,2024-02-05,Expired,1
2212,1837,2,2024-02-15,2024-03-22,Cancelled,1
2213,1838,4,2023-09-07,NULL,Active,1
2214,1839,5,2026-05-20,2026-08-27,Expired,0
2215,1839,5,2026-09-02,2026-09-17,Cancelled,1
2216,1840,4,2026-02-25,NULL,Active,0
2217,1841,5,2021-04-10,2021-05-26,Cancelled,0
2218,1842,3,2025-07-19,2025-10-21,Cancelled,1
2219,1843,2,2021-01-06,NULL,Active,0
2220,1844,4,2024-09-25,2025-04-30,Cancelled,0
2221,1845,3,2025-10-11,NULL,Active,1
2222,1846,4,2023-04-29,2024-11-15,Cancelled,1
2223,1847,2,2024-10-07,2025-03-15,Expired,1
2224,1847,2,2025-03-17,NULL,Active,1
2225,1848,2,2025-01-30,NULL,Active,1
2226,1849,2,2025-02-06,2025-10-11,Cancelled,0
2227,1850,4,2025-02-06,NULL,Active,0
2228,1851,4,2021-10-02,NULL,Active,1
2229,1852,5,2022-07-21,2022-09-24,Expired,1
2230,1852,5,2022-10-02,2023-06-07,Cancelled,1
2231,1853,5,2022-04-11,2022-06-22,Expired,1
2232,1853,5,2022-06-28,NULL,Active,1
2233,1854,4,2023-05-10,NULL,Active,1
2234,1855,1,2024-12-15,NULL,Active,0
2235,1856,4,2024-02-10,2024-06-13,Expired,1
2236,1856,4,2024-06-17,2024-12-19,Cancelled,1
2237,1857,2,2024-11-15,2025-03-10,Expired,0
2238,1857,2,2025-03-19,2025-08-31,Cancelled,1
2239,1858,3,2022-05-18,2023-03-08,Cancelled,0
2240,1859,3,2024-04-12,2024-06-05,Cancelled,1
2241,1860,3,2021-09-26,NULL,Active,0
2242,1861,2,2021-11-25,2022-02-21,Cancelled,1
2243,1862,2,2021-11-12,NULL,Active,0
2244,1863,5,2022-04-04,2023-01-30,Cancelled,0
2245,1864,2,2022-09-09,NULL,Active,1
2246,1865,5,2024-04-15,2024-05-30,Cancelled,1
2247,1866,2,2022-06-25,NULL,Active,1
2248,1867,2,2025-12-24,NULL,Active,0
2249,1868,3,2024-04-09,NULL,Active,1
2250,1869,4,2023-08-10,NULL,Active,1
2251,1870,5,2025-08-14,NULL,Active,1
2252,1871,5,2026-06-15,NULL,Active,0
2253,1872,1,2025-12-29,2026-03-17,Cancelled,1
2254,1873,5,2022-06-25,2022-09-18,Expired,1
2255,1873,5,2022-09-20,NULL,Active,0
2256,1874,5,2023-07-18,2025-06-19,Cancelled,1
2257,1875,4,2021-07-13,NULL,Active,1
2258,1876,1,2026-02-11,2026-03-18,Cancelled,1
2259,1877,3,2024-03-14,NULL,Active,0
2260,1878,1,2022-10-23,2024-09-14,Cancelled,1
2261,1879,1,2024-07-20,NULL,Active,1
2262,1880,5,2023-12-03,2024-05-11,Cancelled,0
2263,1881,3,2021-05-23,NULL,Active,1
2264,1882,1,2022-08-29,NULL,Active,0
2265,1883,2,2022-10-28,NULL,Active,1
2266,1884,4,2021-04-13,2021-08-14,Cancelled,1
2267,1885,3,2026-02-20,2026-08-08,Cancelled,1
2268,1886,2,2024-09-18,NULL,Active,1
2269,1887,5,2026-04-26,2026-09-02,Cancelled,1
2270,1888,4,2025-12-16,NULL,Active,0
2271,1889,5,2026-05-16,NULL,Active,1
2272,1890,1,2022-04-24,2022-06-16,Cancelled,1
2273,1891,5,2023-06-22,2024-01-11,Cancelled,0
2274,1892,3,2024-08-29,2025-06-17,Expired,1
2275,1892,3,2025-06-25,NULL,Active,0
2276,1893,1,2023-06-29,2023-12-04,Expired,1
2277,1893,1,2023-12-10,NULL,Active,0
2278,1894,5,2021-12-09,2022-10-30,Cancelled,1
2279,1895,1,2025-06-04,NULL,Active,1
2280,1896,5,2021-08-18,2022-09-05,Expired,1
2281,1896,5,2022-09-09,NULL,Active,1
2282,1897,4,2022-08-29,2024-04-05,Cancelled,0
2283,1898,4,2025-05-01,2025-07-31,Expired,1
2284,1898,4,2025-08-07,NULL,Active,1
2285,1899,2,2024-11-13,NULL,Active,0
2286,1900,2,2021-12-25,2022-10-22,Expired,1
2287,1900,2,2022-10-23,NULL,Active,1
2288,1901,2,2025-08-30,NULL,Active,0
2289,1902,4,2025-10-03,NULL,Active,0
2290,1903,3,2021-12-19,2022-02-17,Expired,1
2291,1903,3,2022-02-26,NULL,Active,1
2292,1904,5,2026-04-29,2027-02-07,Expired,1
2293,1904,5,2027-02-09,NULL,Active,1
2294,1905,3,2025-03-20,NULL,Active,1
2295,1906,2,2024-01-25,NULL,Active,1
2296,1907,5,2026-03-08,2026-07-06,Cancelled,1
2297,1908,4,2023-03-28,2023-12-13,Expired,1
2298,1908,4,2023-12-21,NULL,Active,1
2299,1909,3,2026-07-03,NULL,Active,1
2300,1910,4,2024-05-29,NULL,Active,0
2301,1911,2,2023-07-09,NULL,Active,1
2302,1912,3,2023-12-12,2024-01-21,Cancelled,1
2303,1913,5,2022-05-24,NULL,Active,1
2304,1914,4,2025-09-05,NULL,Active,1
2305,1915,4,2021-04-27,NULL,Active,0
2306,1916,5,2021-10-01,NULL,Active,0
2307,1917,4,2026-05-23,2027-01-29,Expired,0
2308,1917,4,2027-01-30,NULL,Active,1
2309,1918,5,2026-05-04,NULL,Active,1
2310,1919,4,2021-03-13,NULL,Active,1
2311,1920,4,2021-08-28,NULL,Active,1
2312,1921,4,2022-07-09,NULL,Active,1
2313,1922,2,2024-01-22,NULL,Active,1
2314,1923,1,2021-07-19,NULL,Active,1
2315,1924,3,2021-11-11,2022-07-31,Cancelled,1
2316,1925,5,2022-01-23,2022-08-20,Cancelled,1
2317,1926,4,2024-08-14,NULL,Active,1
2318,1927,1,2024-01-17,NULL,Active,1
2319,1928,2,2022-01-28,NULL,Active,0
2320,1929,3,2022-08-12,NULL,Active,1
2321,1930,2,2024-02-27,2024-05-01,Cancelled,1
2322,1931,3,2024-10-25,NULL,Active,1
2323,1932,3,2022-09-26,NULL,Active,1
2324,1933,2,2022-04-12,NULL,Active,1
2325,1934,3,2022-04-23,NULL,Active,1
2326,1935,2,2024-11-27,2025-07-27,Cancelled,0
2327,1936,3,2022-07-24,2023-10-16,Cancelled,0
2328,1937,2,2024-11-02,NULL,Active,1
2329,1938,2,2021-04-28,NULL,Active,0
2330,1939,1,2022-06-12,2023-01-24,Expired,0
2331,1939,1,2023-01-31,2023-07-16,Cancelled,1
2332,1940,5,2024-06-13,2025-11-18,Cancelled,1
2333,1941,2,2021-11-18,2022-08-14,Expired,1
2334,1941,2,2022-08-24,NULL,Active,1
2335,1942,4,2021-11-15,2022-06-21,Expired,1
2336,1942,4,2022-06-23,NULL,Active,0
2337,1943,1,2021-06-24,NULL,Active,1
2338,1944,4,2021-08-31,NULL,Active,1
2339,1945,2,2021-06-27,2021-10-01,Cancelled,1
2340,1946,1,2022-01-31,NULL,Active,1
2341,1947,3,2023-03-31,2023-09-03,Cancelled,0
2342,1948,1,2021-04-30,2022-01-27,Expired,1
2343,1948,1,2022-02-04,2023-01-17,Cancelled,1
2344,1949,2,2024-11-25,NULL,Active,0
2345,1950,3,2023-09-18,NULL,Active,1
2346,1951,4,2022-02-10,NULL,Active,1
2347,1952,3,2023-06-08,NULL,Active,1
2348,1953,2,2022-12-05,NULL,Active,0
2349,1954,2,2023-05-27,2023-11-13,Expired,0
2350,1954,2,2023-11-22,NULL,Active,1
2351,1955,4,2025-02-10,2025-08-15,Cancelled,0
2352,1956,2,2025-12-06,2026-06-14,Cancelled,1
2353,1957,1,2024-12-24,NULL,Active,0
2354,1958,4,2023-07-22,NULL,Active,0
2355,1959,2,2022-05-22,2022-08-18,Cancelled,1
2356,1960,2,2022-07-11,NULL,Active,1
2357,1961,2,2021-06-16,2022-10-04,Cancelled,1
2358,1962,2,2022-04-19,NULL,Active,1
2359,1963,5,2024-07-01,2025-07-19,Expired,1
2360,1963,5,2025-07-25,NULL,Active,1
2361,1964,1,2025-07-27,2026-07-07,Cancelled,0
2362,1965,2,2021-10-13,2022-08-07,Expired,1
2363,1965,2,2022-08-15,NULL,Active,1
2364,1966,1,2023-01-05,2023-06-07,Expired,1
2365,1966,1,2023-06-16,NULL,Active,0
2366,1967,2,2022-03-07,2022-06-18,Cancelled,1
2367,1968,2,2021-12-15,NULL,Active,0
2368,1969,4,2025-06-29,NULL,Active,0
2369,1970,4,2022-11-23,NULL,Active,1
2370,1971,3,2024-10-19,2025-10-19,Cancelled,1
2371,1972,4,2022-05-18,NULL,Active,0
2372,1973,3,2024-02-15,NULL,Active,0
2373,1974,3,2024-01-24,NULL,Active,1
2374,1975,2,2026-05-03,NULL,Active,1
2375,1976,3,2026-06-08,2027-07-01,Expired,1
2376,1976,3,2027-07-04,NULL,Active,1
2377,1977,4,2026-02-06,NULL,Active,1
2378,1978,1,2026-06-28,NULL,Active,1
2379,1979,5,2021-05-02,NULL,Active,0
2380,1980,2,2021-10-07,2022-02-02,Cancelled,0
2381,1981,3,2023-01-04,2023-02-02,Cancelled,0
2382,1982,5,2022-09-18,NULL,Active,1
2383,1983,1,2022-01-30,2022-06-14,Expired,0
2384,1983,1,2022-06-18,NULL,Active,1
2385,1984,1,2026-07-10,2026-08-19,Cancelled,1
2386,1985,3,2026-08-02,NULL,Active,1
2387,1986,1,2024-11-08,NULL,Active,1
2388,1987,5,2021-05-10,2022-04-02,Cancelled,1
2389,1988,2,2026-01-18,NULL,Active,1
2390,1989,5,2026-02-26,NULL,Active,0
2391,1990,4,2024-05-26,2024-10-15,Cancelled,1
2392,1991,4,2025-10-31,2026-07-11,Cancelled,1
2393,1992,1,2026-06-20,2026-07-07,Cancelled,1
2394,1993,3,2026-04-09,2027-05-04,Expired,1
2395,1993,3,2027-05-09,NULL,Active,1
2396,1994,4,2021-08-17,2023-08-24,Cancelled,1
2397,1995,3,2025-03-28,2026-02-23,Cancelled,0
2398,1996,4,2024-03-11,NULL,Active,1
2399,1997,5,2021-07-04,2022-01-10,Cancelled,0
2400,1998,3,2021-04-21,2022-04-18,Expired,1
2401,1998,3,2022-04-24,NULL,Active,1
2402,1999,5,2022-02-03,NULL,Active,1
2403,2000,4,2025-08-15,NULL,Active,1
2404,2001,2,2023-10-12,NULL,Active,1
2405,2002,3,2021-12-14,NULL,Active,1
2406,2003,1,2022-04-14,2022-06-19,Cancelled,1
2407,2004,3,2024-08-28,NULL,Active,1
2408,2005,2,2025-09-22,NULL,Active,1
2409,2006,2,2021-04-02,2021-06-07,Cancelled,1
2410,2007,3,2025-05-18,2025-07-17,Cancelled,1
2411,2008,4,2026-06-24,NULL,Active,1
2412,2009,1,2024-10-08,2025-08-25,Cancelled,1
2413,2010,1,2022-11-14,2023-12-15,Cancelled,1
2414,2011,5,2025-11-21,2026-09-25,Expired,1
2415,2011,5,2026-10-05,2026-10-20,Cancelled,1
2416,2012,3,2023-05-27,2024-04-23,Cancelled,1
2417,2013,4,2024-05-02,NULL,Active,1
2418,2014,3,2022-01-12,2022-09-05,Cancelled,1
2419,2015,4,2024-10-11,NULL,Active,0
2420,2016,1,2026-05-01,2026-08-09,Cancelled,1
2421,2017,3,2021-11-11,NULL,Active,1
2422,2018,4,2024-05-13,2024-06-15,Cancelled,1
2423,2019,5,2024-07-07,NULL,Active,1
2424,2020,4,2023-10-27,NULL,Active,1
2425,2021,3,2023-01-10,2023-02-06,Cancelled,1
2426,2022,1,2023-02-04,2024-04-21,Cancelled,1
2427,2023,5,2026-03-30,NULL,Active,1
2428,2024,5,2025-11-12,2026-06-15,Cancelled,1
2429,2025,5,2023-04-02,NULL,Active,0
2430,2026,5,2023-09-12,2025-08-28,Cancelled,1
2431,2027,1,2025-11-19,NULL,Active,0
2432,2028,5,2023-04-14,2023-07-28,Cancelled,1
2433,2029,4,2022-10-20,2024-05-24,Cancelled,1
2434,2030,2,2023-08-26,NULL,Active,1
2435,2031,4,2022-09-07,NULL,Active,1
2436,2032,1,2024-06-25,2025-03-16,Expired,0
2437,2032,1,2025-03-25,2026-04-24,Cancelled,1
2438,2033,3,2025-11-22,2026-01-16,Cancelled,1
2439,2034,5,2023-04-08,NULL,Active,0
2440,2035,4,2021-04-30,NULL,Active,1
2441,2036,4,2022-12-22,2023-07-25,Expired,1
2442,2036,4,2023-08-01,2023-09-07,Cancelled,1
2443,2037,3,2021-03-23,NULL,Active,1
2444,2038,4,2024-05-05,NULL,Active,1
2445,2039,1,2022-01-05,NULL,Active,1
2446,2040,4,2023-08-25,NULL,Active,1
2447,2041,4,2022-05-10,NULL,Active,1
2448,2042,1,2023-10-29,2025-03-19,Cancelled,1
2449,2043,1,2022-05-16,NULL,Active,1
2450,2044,1,2025-05-17,2026-06-21,Expired,1
2451,2044,1,2026-06-24,2026-08-15,Cancelled,1
2452,2045,3,2025-09-29,NULL,Active,1
2453,2046,5,2022-12-19,NULL,Active,1
2454,2047,5,2025-07-31,2026-05-21,Expired,1
2455,2047,5,2026-05-30,NULL,Active,0
2456,2048,2,2026-07-02,2026-07-17,Cancelled,1
2457,2049,5,2024-07-20,NULL,Active,1
2458,2050,1,2023-10-07,2024-01-10,Cancelled,1
2459,2051,4,2026-05-01,NULL,Active,1
2460,2052,4,2021-03-28,2022-04-21,Expired,0
2461,2052,4,2022-04-27,NULL,Active,1
2462,2053,4,2021-08-12,2023-01-17,Cancelled,1
2463,2054,5,2023-11-03,2024-02-05,Cancelled,0
2464,2055,1,2025-01-26,2025-02-18,Cancelled,1
2465,2056,4,2023-08-27,NULL,Active,1
2466,2057,2,2025-05-29,NULL,Active,1
2467,2058,3,2023-08-23,NULL,Active,1
2468,2059,5,2025-12-03,2026-03-08,Expired,0
2469,2059,5,2026-03-15,2026-04-10,Cancelled,1
2470,2060,5,2021-05-19,NULL,Active,1
2471,2061,3,2026-04-14,NULL,Active,0
2472,2062,2,2025-09-27,NULL,Active,0
2473,2063,4,2021-09-29,NULL,Active,1
2474,2064,3,2024-08-31,2024-11-20,Cancelled,1
2475,2065,1,2021-08-02,NULL,Active,0
2476,2066,1,2025-12-22,2026-01-20,Cancelled,1
2477,2067,4,2025-06-30,NULL,Active,1
2478,2068,1,2024-07-09,2025-09-15,Cancelled,1
2479,2069,3,2022-10-09,NULL,Active,1
2480,2070,5,2025-08-08,NULL,Active,1
2481,2071,5,2022-07-01,2023-02-07,Expired,0
2482,2071,5,2023-02-17,NULL,Active,1
2483,2072,3,2024-09-03,NULL,Active,1
2484,2073,3,2025-08-25,2025-10-19,Cancelled,1
2485,2074,5,2025-03-26,NULL,Active,1
2486,2075,3,2021-04-05,NULL,Active,1
2487,2076,2,2023-07-26,NULL,Active,0
2488,2077,5,2023-12-09,2024-01-12,Cancelled,1
2489,2078,3,2025-07-01,NULL,Active,0
2490,2079,4,2023-12-02,NULL,Active,0
2491,2080,5,2022-11-28,2023-01-15,Cancelled,1
2492,2081,3,2025-11-18,NULL,Active,1
2493,2082,4,2022-05-01,NULL,Active,1
2494,2083,1,2023-02-20,2023-04-30,Cancelled,0
2495,2084,5,2025-04-14,NULL,Active,0
2496,2085,1,2023-06-02,2023-10-04,Cancelled,1
2497,2086,2,2025-09-10,2026-04-11,Expired,1
2498,2086,2,2026-04-12,NULL,Active,0
2499,2087,1,2021-04-28,NULL,Active,0
2500,2088,3,2026-01-22,2026-06-28,Cancelled,1
2501,2089,2,2026-02-20,NULL,Active,1
2502,2090,1,2022-06-30,2023-07-24,Expired,1
2503,2090,1,2023-07-29,NULL,Active,0
2504,2091,1,2023-05-20,2023-06-28,Cancelled,1
2505,2092,4,2023-11-16,NULL,Active,0
2506,2093,5,2021-08-29,NULL,Active,1
2507,2094,5,2026-04-13,2026-05-18,Cancelled,1
2508,2095,1,2021-07-06,2022-05-01,Expired,1
2509,2095,1,2022-05-03,NULL,Active,0
2510,2096,4,2025-04-10,2025-09-30,Expired,0
2511,2096,4,2025-10-06,NULL,Active,1
2512,2097,5,2022-06-26,2022-08-08,Cancelled,1
2513,2098,1,2023-01-05,NULL,Active,1
2514,2099,1,2026-07-12,2026-08-13,Cancelled,1
2515,2100,3,2022-01-03,2022-07-25,Expired,1
2516,2100,3,2022-07-29,NULL,Active,1
2517,2101,5,2025-11-09,NULL,Active,0
2518,2102,3,2024-07-07,2024-11-10,Cancelled,0
2519,2103,2,2024-02-25,NULL,Active,1
2520,2104,3,2024-03-04,NULL,Active,1
2521,2105,4,2024-07-06,NULL,Active,1
2522,2106,4,2026-07-06,NULL,Active,0
2523,2107,4,2021-08-06,NULL,Active,1
2524,2108,5,2023-07-31,2023-12-17,Expired,1
2525,2108,5,2023-12-26,NULL,Active,0
2526,2109,2,2023-12-02,2024-11-12,Expired,1
2527,2109,2,2024-11-21,2025-05-23,Cancelled,1
2528,2110,4,2025-11-23,NULL,Active,1
2529,2111,1,2025-12-14,2026-07-02,Expired,1
2530,2111,1,2026-07-04,NULL,Active,0
2531,2112,5,2026-06-11,NULL,Active,0
2532,2113,1,2022-08-30,NULL,Active,1
2533,2114,4,2023-04-15,2024-02-05,Expired,1
2534,2114,4,2024-02-07,NULL,Active,1
2535,2115,4,2024-01-23,2025-09-30,Cancelled,1
2536,2116,3,2023-05-20,NULL,Active,0
2537,2117,1,2023-01-10,2023-12-26,Cancelled,1
2538,2118,5,2026-08-03,2026-09-02,Cancelled,1
2539,2119,5,2021-04-17,2021-08-19,Expired,1
2540,2119,5,2021-08-25,NULL,Active,1
2541,2120,5,2025-06-03,2025-08-29,Expired,1
2542,2120,5,2025-08-30,NULL,Active,1
2543,2121,1,2024-08-18,NULL,Active,1
2544,2122,3,2026-03-01,NULL,Active,0
2545,2123,2,2026-02-03,NULL,Active,1
2546,2124,2,2021-01-24,2021-03-25,Expired,1
2547,2124,2,2021-04-03,NULL,Active,1
2548,2125,2,2026-01-30,2026-09-15,Cancelled,1
2549,2126,2,2022-06-14,NULL,Active,1
2550,2127,1,2024-08-16,2025-01-04,Cancelled,0
2551,2128,3,2025-04-12,2025-07-16,Expired,1
2552,2128,3,2025-07-19,NULL,Active,1
2553,2129,5,2022-12-31,NULL,Active,1
2554,2130,4,2021-03-26,2022-05-22,Cancelled,1
2555,2131,1,2025-07-07,NULL,Active,1
2556,2132,1,2022-05-09,NULL,Active,1
2557,2133,4,2024-06-24,NULL,Active,1
2558,2134,3,2025-01-10,2025-04-13,Expired,0
2559,2134,3,2025-04-21,NULL,Active,0
2560,2135,3,2023-03-30,2023-10-31,Cancelled,1
2561,2136,3,2026-05-06,NULL,Active,1
2562,2137,4,2025-09-29,2026-02-25,Expired,0
2563,2137,4,2026-03-07,NULL,Active,1
2564,2138,4,2023-02-03,NULL,Active,1
2565,2139,2,2022-01-16,2023-01-25,Expired,0
2566,2139,2,2023-01-30,2023-07-18,Cancelled,1
2567,2140,5,2026-03-14,2026-04-17,Cancelled,1
2568,2141,1,2026-07-22,2026-09-08,Cancelled,1
2569,2142,1,2021-12-10,2022-08-05,Expired,1
2570,2142,1,2022-08-12,2023-02-13,Cancelled,0
2571,2143,1,2021-11-21,NULL,Active,1
2572,2144,2,2022-06-08,NULL,Active,0
2573,2145,2,2025-10-18,2026-05-06,Cancelled,0
2574,2146,2,2021-11-10,NULL,Active,1
2575,2147,5,2025-10-07,2026-04-16,Cancelled,0
2576,2148,5,2023-11-04,NULL,Active,0
2577,2149,5,2021-12-01,NULL,Active,1
2578,2150,3,2026-03-11,2026-04-04,Cancelled,1
2579,2151,4,2021-07-05,NULL,Active,0
2580,2152,2,2024-07-09,2025-08-07,Expired,0
2581,2152,2,2025-08-14,NULL,Active,1
2582,2153,1,2026-01-17,NULL,Active,1
2583,2154,2,2023-02-06,2023-03-10,Cancelled,1
2584,2155,1,2023-11-29,NULL,Active,1
2585,2156,5,2021-03-15,2022-04-05,Expired,1
2586,2156,5,2022-04-14,NULL,Active,0
2587,2157,2,2021-02-24,2021-07-21,Expired,1
2588,2157,2,2021-07-22,NULL,Active,0
2589,2158,5,2026-02-28,2026-07-05,Cancelled,1
2590,2159,3,2026-06-17,2026-07-17,Cancelled,1
2591,2160,4,2025-01-17,2025-05-27,Expired,0
2592,2160,4,2025-06-01,NULL,Active,1
2593,2161,4,2024-05-24,2025-08-22,Cancelled,1
2594,2162,1,2021-02-26,NULL,Active,1
2595,2163,3,2023-02-10,NULL,Active,1
2596,2164,1,2022-08-18,2022-11-02,Expired,1
2597,2164,1,2022-11-12,NULL,Active,1
2598,2165,5,2023-02-21,NULL,Active,1
2599,2166,4,2022-08-30,2022-11-22,Expired,1
2600,2166,4,2022-11-26,2022-12-16,Cancelled,0
2601,2167,3,2022-04-23,NULL,Active,1
2602,2168,1,2026-06-10,2026-07-13,Cancelled,1
2603,2169,2,2023-09-21,NULL,Active,1
2604,2170,5,2025-05-24,NULL,Active,0
2605,2171,4,2022-02-25,NULL,Active,0
2606,2172,5,2025-08-30,NULL,Active,1
2607,2173,1,2024-04-06,NULL,Active,1
2608,2174,3,2026-06-15,2026-07-24,Cancelled,1
2609,2175,5,2026-06-22,2026-08-12,Cancelled,1
2610,2176,1,2021-03-19,NULL,Active,1
2611,2177,4,2021-09-18,2022-12-02,Cancelled,1
2612,2178,2,2026-04-23,2026-05-18,Cancelled,1
2613,2179,5,2024-11-21,2025-04-29,Expired,1
2614,2179,5,2025-05-05,NULL,Active,1
2615,2180,3,2021-03-27,NULL,Active,1
2616,2181,2,2026-04-07,NULL,Active,1
2617,2182,3,2023-06-19,NULL,Active,0
2618,2183,4,2026-04-03,2026-05-02,Cancelled,1
2619,2184,3,2025-09-04,NULL,Active,1
2620,2185,1,2026-04-19,2026-06-13,Cancelled,1
2621,2186,4,2024-03-02,NULL,Active,1
2622,2187,4,2026-06-01,2026-07-21,Cancelled,1
2623,2188,3,2022-10-03,2023-08-18,Expired,1
2624,2188,3,2023-08-28,NULL,Active,0
2625,2189,1,2025-08-31,2026-04-06,Expired,1
2626,2189,1,2026-04-09,NULL,Active,1
2627,2190,3,2023-05-08,2023-12-05,Expired,1
2628,2190,3,2023-12-15,NULL,Active,1
2629,2191,1,2025-01-09,NULL,Active,0
2630,2192,4,2022-12-17,NULL,Active,1
2631,2193,1,2024-10-15,NULL,Active,1
2632,2194,1,2023-07-18,NULL,Active,0
2633,2195,4,2026-06-16,2026-12-21,Expired,1
2634,2195,4,2026-12-23,NULL,Active,1
2635,2196,4,2021-07-11,NULL,Active,1
2636,2197,5,2022-03-03,NULL,Active,1
2637,2198,1,2026-02-16,2026-07-11,Expired,1
2638,2198,1,2026-07-13,NULL,Active,1
2639,2199,2,2022-02-22,NULL,Active,0
2640,2200,1,2022-03-08,NULL,Active,1
2641,2201,4,2023-04-22,NULL,Active,1
2642,2202,5,2025-12-14,NULL,Active,1
2643,2203,1,2022-09-24,NULL,Active,1
2644,2204,4,2022-07-19,2023-01-21,Expired,0
2645,2204,4,2023-01-31,NULL,Active,1
2646,2205,4,2025-08-30,NULL,Active,1
2647,2206,4,2024-10-30,2025-04-20,Expired,1
2648,2206,4,2025-04-29,NULL,Active,0
2649,2207,5,2021-12-16,2022-04-29,Expired,1
2650,2207,5,2022-05-08,NULL,Active,0
2651,2208,5,2025-01-17,NULL,Active,1
2652,2209,2,2022-09-13,2023-03-16,Expired,1
2653,2209,2,2023-03-26,NULL,Active,1
2654,2210,1,2022-07-20,NULL,Active,1
2655,2211,5,2026-02-23,NULL,Active,1
2656,2212,3,2021-05-02,NULL,Active,1
2657,2213,3,2021-10-13,NULL,Active,1
2658,2214,4,2025-07-04,NULL,Active,1
2659,2215,4,2025-05-30,NULL,Active,1
2660,2216,3,2021-08-25,2022-11-08,Cancelled,1
2661,2217,1,2024-04-26,2024-10-30,Expired,1
2662,2217,1,2024-11-09,NULL,Active,1
2663,2218,5,2024-05-31,NULL,Active,1
2664,2219,4,2024-11-10,2025-10-29,Expired,0
2665,2219,4,2025-11-04,NULL,Active,1
2666,2220,4,2022-08-25,2024-01-30,Cancelled,1
2667,2221,4,2023-04-21,NULL,Active,1
2668,2222,3,2025-12-17,NULL,Active,1
2669,2223,1,2023-03-20,2023-07-08,Expired,0
2670,2223,1,2023-07-16,NULL,Active,0
2671,2224,1,2024-10-02,2025-03-09,Expired,1
2672,2224,1,2025-03-10,NULL,Active,1
2673,2225,4,2024-03-08,2024-08-30,Cancelled,1
2674,2226,3,2024-07-02,2024-10-29,Cancelled,1
2675,2227,2,2021-04-06,NULL,Active,1
2676,2228,4,2023-11-26,2024-05-19,Cancelled,1
2677,2229,5,2022-03-29,2022-06-06,Cancelled,1
2678,2230,3,2023-11-30,2025-01-23,Cancelled,1
2679,2231,3,2022-05-23,NULL,Active,1
2680,2232,2,2026-01-13,NULL,Active,0
2681,2233,3,2026-01-31,NULL,Active,1
2682,2234,3,2023-08-16,2024-07-29,Expired,1
2683,2234,3,2024-08-06,NULL,Active,0
2684,2235,1,2022-07-28,2023-04-24,Cancelled,1
2685,2236,1,2023-10-12,2024-07-22,Expired,0
2686,2236,1,2024-07-24,NULL,Active,1
2687,2237,2,2023-02-28,2024-01-31,Expired,1
2688,2237,2,2024-02-01,NULL,Active,1
2689,2238,4,2022-08-24,NULL,Active,1
2690,2239,2,2021-12-02,NULL,Active,1
2691,2240,3,2022-06-17,NULL,Active,1
2692,2241,1,2021-11-16,NULL,Active,1
2693,2242,4,2025-07-08,NULL,Active,1
2694,2243,2,2025-06-06,2025-09-27,Cancelled,1
2695,2244,1,2025-10-01,NULL,Active,1
2696,2245,4,2025-09-04,NULL,Active,1
2697,2246,4,2022-06-05,2022-11-06,Expired,1
2698,2246,4,2022-11-09,NULL,Active,1
2699,2247,5,2022-06-14,NULL,Active,1
2700,2248,4,2022-04-29,NULL,Active,1
2701,2249,4,2026-04-23,NULL,Active,1
2702,2250,1,2025-02-21,2025-07-19,Expired,1
2703,2250,1,2025-07-20,NULL,Active,1
2704,2251,5,2022-03-28,2023-04-05,Expired,1
2705,2251,5,2023-04-13,2024-02-28,Cancelled,0
2706,2252,2,2024-04-01,NULL,Active,1
2707,2253,2,2022-04-28,NULL,Active,1
2708,2254,5,2024-05-27,NULL,Active,1
2709,2255,1,2022-08-09,NULL,Active,1
2710,2256,4,2021-07-19,2021-08-24,Cancelled,1
2711,2257,5,2023-01-20,NULL,Active,1
2712,2258,2,2022-05-17,2023-03-14,Cancelled,1
2713,2259,5,2021-07-03,2021-12-09,Expired,1
2714,2259,5,2021-12-12,2023-11-03,Cancelled,1
2715,2260,5,2024-06-22,NULL,Active,1
2716,2261,4,2025-03-26,NULL,Active,1
2717,2262,2,2022-06-28,2022-07-19,Cancelled,0
2718,2263,3,2026-01-17,NULL,Active,1
2719,2264,3,2024-08-25,NULL,Active,0
2720,2265,5,2025-08-05,2026-05-27,Cancelled,1
2721,2266,5,2024-10-20,2025-06-26,Cancelled,1
2722,2267,5,2024-02-11,NULL,Active,1
2723,2268,5,2021-04-12,NULL,Active,1
2724,2269,5,2022-05-23,NULL,Active,1
2725,2270,4,2023-02-28,2024-04-04,Cancelled,1
2726,2271,1,2021-08-05,NULL,Active,1
2727,2272,5,2026-05-04,2027-01-17,Expired,0
2728,2272,5,2027-01-26,2027-02-10,Cancelled,1
2729,2273,4,2023-01-07,NULL,Active,1
2730,2274,1,2023-10-02,NULL,Active,1
2731,2275,1,2021-12-13,2022-06-25,Expired,1
2732,2275,1,2022-07-04,NULL,Active,1
2733,2276,2,2025-07-04,2026-01-18,Expired,1
2734,2276,2,2026-01-25,NULL,Active,1
2735,2277,1,2021-04-06,2022-11-11,Cancelled,1
2736,2278,4,2025-08-27,NULL,Active,0
2737,2279,1,2025-04-14,NULL,Active,0
2738,2280,4,2022-02-11,2022-07-08,Expired,1
2739,2280,4,2022-07-16,2023-06-28,Cancelled,1
2740,2281,3,2022-08-13,2023-06-04,Cancelled,1
2741,2282,4,2022-09-24,2023-05-08,Cancelled,1
2742,2283,1,2021-08-30,NULL,Active,1
2743,2284,1,2021-04-22,2021-07-09,Cancelled,1
2744,2285,3,2025-05-17,NULL,Active,1
2745,2286,5,2025-08-18,NULL,Active,1
2746,2287,5,2022-05-11,2022-11-18,Cancelled,0
2747,2288,4,2023-08-27,NULL,Active,1
2748,2289,2,2025-04-27,2026-04-26,Expired,0
2749,2289,2,2026-05-01,NULL,Active,1
2750,2290,2,2024-07-27,NULL,Active,1
2751,2291,2,2021-09-26,2021-12-07,Cancelled,1
2752,2292,3,2023-08-16,NULL,Active,1
2753,2293,1,2022-02-20,2022-08-21,Expired,0
2754,2293,1,2022-08-31,NULL,Active,1
2755,2294,4,2024-06-01,NULL,Active,0
2756,2295,5,2021-12-10,NULL,Active,0
2757,2296,4,2022-08-07,NULL,Active,0
2758,2297,1,2023-10-02,2024-08-11,Expired,1
2759,2297,1,2024-08-19,NULL,Active,1
2760,2298,5,2026-01-25,NULL,Active,1
2761,2299,5,2024-03-30,NULL,Active,1
2762,2300,3,2021-09-04,NULL,Active,1
2763,2301,2,2023-10-25,2024-09-06,Expired,0
2764,2301,2,2024-09-09,NULL,Active,1
2765,2302,1,2023-05-22,NULL,Active,1
2766,2303,3,2021-07-06,NULL,Active,0
2767,2304,2,2021-10-14,NULL,Active,1
2768,2305,3,2022-05-19,NULL,Active,1
2769,2306,1,2024-02-19,2024-05-18,Expired,1
2770,2306,1,2024-05-20,2025-02-15,Cancelled,0
2771,2307,5,2024-07-27,NULL,Active,1
2772,2308,5,2026-01-29,2026-05-15,Cancelled,0
2773,2309,4,2024-10-31,2025-08-14,Cancelled,1
2774,2310,2,2024-09-07,NULL,Active,1
2775,2311,3,2021-01-09,NULL,Active,1
2776,2312,1,2021-02-09,NULL,Active,1
2777,2313,5,2026-06-26,NULL,Active,0
2778,2314,5,2021-11-14,2022-03-26,Expired,1
2779,2314,5,2022-03-31,NULL,Active,0
2780,2315,3,2022-05-21,NULL,Active,0
2781,2316,3,2025-01-06,2025-10-01,Cancelled,0
2782,2317,3,2022-05-27,NULL,Active,1
2783,2318,1,2025-12-26,2026-05-17,Cancelled,1
2784,2319,3,2024-02-26,2024-07-27,Expired,0
2785,2319,3,2024-08-04,NULL,Active,0
2786,2320,5,2023-02-24,2024-03-06,Expired,0
2787,2320,5,2024-03-16,NULL,Active,0
2788,2321,4,2023-06-25,2024-03-30,Cancelled,0
2789,2322,2,2021-05-31,2021-11-01,Cancelled,1
2790,2323,5,2023-05-07,NULL,Active,1
2791,2324,1,2022-03-31,2022-10-05,Expired,0
2792,2324,1,2022-10-09,NULL,Active,1
2793,2325,1,2026-07-17,2026-08-19,Cancelled,1
2794,2326,3,2022-12-20,NULL,Active,1
2795,2327,3,2021-09-24,NULL,Active,1
2796,2328,2,2023-07-23,2023-10-05,Cancelled,1
2797,2329,5,2023-02-25,2023-07-08,Cancelled,1
2798,2330,2,2023-11-02,NULL,Active,1
2799,2331,2,2021-01-09,NULL,Active,1
2800,2332,4,2024-08-16,NULL,Active,1
2801,2333,3,2022-05-14,NULL,Active,1
2802,2334,4,2026-07-23,2026-08-13,Cancelled,1
2803,2335,5,2023-07-09,NULL,Active,1
2804,2336,5,2026-01-13,2026-04-07,Expired,0
2805,2336,5,2026-04-14,NULL,Active,1
2806,2337,3,2023-03-09,2024-08-27,Cancelled,1
2807,2338,2,2021-04-14,NULL,Active,1
2808,2339,1,2021-11-01,2023-06-03,Cancelled,1
2809,2340,2,2024-09-10,2025-08-12,Expired,0
2810,2340,2,2025-08-19,NULL,Active,1
2811,2341,3,2021-04-25,2022-01-09,Expired,1
2812,2341,3,2022-01-12,NULL,Active,1
2813,2342,5,2024-10-01,2024-12-18,Expired,1
2814,2342,5,2024-12-21,NULL,Active,1
2815,2343,2,2026-04-24,2026-06-20,Cancelled,0
2816,2344,2,2024-09-28,2025-07-06,Expired,0
2817,2344,2,2025-07-15,2025-12-27,Cancelled,1
2818,2345,5,2025-12-02,NULL,Active,1
2819,2346,2,2022-05-27,NULL,Active,0
2820,2347,1,2025-03-26,2026-08-17,Cancelled,0
2821,2348,4,2022-06-07,2022-08-09,Expired,0
2822,2348,4,2022-08-12,NULL,Active,1
2823,2349,2,2024-05-19,NULL,Active,1
2824,2350,4,2021-09-27,NULL,Active,1
2825,2351,2,2021-08-02,2022-05-20,Expired,0
2826,2351,2,2022-05-21,2022-07-07,Cancelled,1
2827,2352,3,2022-01-28,NULL,Active,1
2828,2353,2,2021-02-13,2021-07-07,Cancelled,1
2829,2354,1,2025-10-20,2025-11-25,Cancelled,1
2830,2355,3,2024-10-23,2025-04-15,Expired,0
2831,2355,3,2025-04-23,NULL,Active,1
2832,2356,3,2026-02-03,NULL,Active,1
2833,2357,3,2023-02-28,NULL,Active,1
2834,2358,4,2021-10-04,2022-08-30,Expired,0
2835,2358,4,2022-09-05,NULL,Active,0
2836,2359,5,2022-06-01,NULL,Active,1
2837,2360,5,2024-12-26,NULL,Active,0
2838,2361,4,2025-12-27,2026-02-25,Cancelled,1
2839,2362,5,2021-06-30,NULL,Active,0
2840,2363,4,2025-11-21,NULL,Active,0
2841,2364,2,2024-06-28,NULL,Active,1
2842,2365,5,2022-08-27,2023-03-17,Expired,1
2843,2365,5,2023-03-24,NULL,Active,1
2844,2366,1,2024-11-05,2025-10-16,Cancelled,1
2845,2367,1,2022-08-16,NULL,Active,1
2846,2368,1,2021-08-12,NULL,Active,0
2847,2369,1,2023-04-01,2024-03-04,Expired,1
2848,2369,1,2024-03-08,NULL,Active,1
2849,2370,4,2024-10-30,2025-01-30,Cancelled,1
2850,2371,3,2026-03-30,2026-10-19,Expired,1
2851,2371,3,2026-10-25,2026-11-09,Cancelled,0
2852,2372,4,2024-10-06,NULL,Active,1
2853,2373,3,2024-09-08,2025-06-15,Expired,1
2854,2373,3,2025-06-23,NULL,Active,1
2855,2374,3,2021-06-22,2022-02-12,Expired,1
2856,2374,3,2022-02-18,NULL,Active,1
2857,2375,3,2023-07-03,NULL,Active,0
2858,2376,2,2023-05-24,NULL,Active,0
2859,2377,1,2025-03-20,NULL,Active,1
2860,2378,1,2021-01-28,NULL,Active,1
2861,2379,3,2025-01-05,NULL,Active,1
2862,2380,2,2022-08-07,2023-05-26,Expired,1
2863,2380,2,2023-05-28,2024-05-09,Cancelled,1
2864,2381,2,2025-01-14,NULL,Active,1
2865,2382,4,2023-03-22,2023-04-21,Cancelled,1
2866,2383,4,2023-12-10,NULL,Active,0
2867,2384,2,2023-10-05,NULL,Active,1
2868,2385,3,2022-12-23,2023-08-25,Expired,1
2869,2385,3,2023-08-28,2023-12-14,Cancelled,1
2870,2386,1,2022-07-17,2023-02-14,Cancelled,0
2871,2387,5,2024-10-18,2025-01-31,Cancelled,1
2872,2388,4,2023-09-11,NULL,Active,1
2873,2389,1,2025-11-12,NULL,Active,1
2874,2390,1,2022-08-15,NULL,Active,1
2875,2391,2,2025-03-30,NULL,Active,1
2876,2392,5,2025-10-26,2026-02-21,Expired,1
2877,2392,5,2026-02-26,2026-09-15,Cancelled,1
2878,2393,1,2023-02-14,NULL,Active,0
2879,2394,2,2024-09-04,2025-06-03,Expired,1
2880,2394,2,2025-06-06,NULL,Active,0
2881,2395,2,2022-06-02,2022-10-14,Cancelled,1
2882,2396,1,2023-05-08,2024-03-20,Expired,1
2883,2396,1,2024-03-24,NULL,Active,1
2884,2397,1,2021-09-23,NULL,Active,1
2885,2398,2,2025-03-13,NULL,Active,1
2886,2399,5,2023-01-04,NULL,Active,1
2887,2400,5,2026-06-03,NULL,Active,1
2888,2401,2,2024-01-05,NULL,Active,1
2889,2402,5,2021-05-30,2021-10-15,Expired,1
2890,2402,5,2021-10-19,2022-01-24,Cancelled,0
2891,2403,4,2026-01-26,2026-11-02,Expired,0
2892,2403,4,2026-11-10,2026-11-25,Cancelled,1
2893,2404,1,2024-06-07,NULL,Active,1
2894,2405,5,2022-10-06,NULL,Active,0
2895,2406,3,2021-12-14,NULL,Active,1
2896,2407,1,2025-12-26,2026-01-15,Cancelled,1
2897,2408,3,2021-06-18,NULL,Active,1
2898,2409,3,2024-10-09,2025-06-26,Expired,1
2899,2409,3,2025-06-27,NULL,Active,0
2900,2410,4,2025-11-07,NULL,Active,1
2901,2411,4,2024-07-22,2025-08-28,Cancelled,1
2902,2412,2,2023-01-06,NULL,Active,1
2903,2413,1,2021-11-07,NULL,Active,1
2904,2414,3,2021-11-17,NULL,Active,0
2905,2415,1,2022-05-01,2023-04-19,Expired,0
2906,2415,1,2023-04-23,NULL,Active,1
2907,2416,4,2023-04-01,NULL,Active,1
2908,2417,3,2023-10-22,2024-12-16,Cancelled,0
2909,2418,2,2023-02-20,NULL,Active,1
2910,2419,4,2023-12-06,NULL,Active,1
2911,2420,1,2024-11-20,NULL,Active,1
2912,2421,3,2021-02-18,NULL,Active,1
2913,2422,2,2022-09-04,2022-10-20,Cancelled,0
2914,2423,3,2023-05-10,2024-04-03,Expired,1
2915,2423,3,2024-04-13,NULL,Active,1
2916,2424,2,2026-04-04,NULL,Active,1
2917,2425,5,2021-12-18,2022-10-06,Cancelled,1
2918,2426,3,2025-09-07,NULL,Active,1
2919,2427,2,2021-05-04,2022-07-23,Cancelled,1
2920,2428,2,2022-06-10,2023-01-22,Cancelled,0
2921,2429,2,2026-08-10,2026-08-26,Cancelled,1
2922,2430,3,2023-07-13,NULL,Active,0
2923,2431,4,2024-05-12,2025-02-16,Expired,0
2924,2431,4,2025-02-21,2025-04-27,Cancelled,1
2925,2432,1,2021-05-12,2021-11-19,Cancelled,1
2926,2433,4,2025-05-21,2025-11-06,Cancelled,1
2927,2434,3,2021-09-18,2022-01-02,Cancelled,1
2928,2435,4,2026-04-29,2027-03-30,Expired,0
2929,2435,4,2027-04-01,2027-04-16,Cancelled,1
2930,2436,4,2026-01-24,NULL,Active,1
2931,2437,4,2022-12-04,2023-06-11,Cancelled,1
2932,2438,3,2022-12-29,2023-09-18,Expired,1
2933,2438,3,2023-09-25,2024-06-27,Cancelled,1
2934,2439,3,2026-06-25,2027-01-10,Expired,1
2935,2439,3,2027-01-15,2027-01-30,Cancelled,1
2936,2440,1,2021-10-12,NULL,Active,1
2937,2441,1,2023-08-13,NULL,Active,1
2938,2442,2,2021-10-14,2022-03-11,Cancelled,0
2939,2443,2,2021-02-15,NULL,Active,0
2940,2444,2,2025-05-21,NULL,Active,1
2941,2445,1,2025-09-10,2026-09-28,Expired,0
2942,2445,1,2026-09-29,NULL,Active,1
2943,2446,3,2025-05-13,NULL,Active,1
2944,2447,4,2024-06-22,NULL,Active,1
2945,2448,5,2022-10-13,2024-10-06,Cancelled,1
2946,2449,3,2023-04-12,2024-03-24,Expired,1
2947,2449,3,2024-03-28,NULL,Active,0
2948,2450,4,2024-02-03,NULL,Active,1
2949,2451,4,2025-12-31,2027-02-02,Expired,1
2950,2451,4,2027-02-04,NULL,Active,1
2951,2452,2,2023-10-09,NULL,Active,1
2952,2453,5,2026-07-04,NULL,Active,1
2953,2454,3,2021-06-10,2023-08-03,Cancelled,0
2954,2455,2,2026-02-13,2026-02-28,Cancelled,1
2955,2456,2,2025-05-21,NULL,Active,1
2956,2457,3,2023-10-18,2024-03-01,Cancelled,0
2957,2458,2,2026-02-19,2027-01-08,Expired,0
2958,2458,2,2027-01-10,NULL,Active,1
2959,2459,1,2022-01-27,2022-05-27,Cancelled,1
2960,2460,4,2023-09-09,2024-05-26,Cancelled,1
2961,2461,3,2024-04-10,2024-07-22,Cancelled,1
2962,2462,5,2026-07-15,2026-09-11,Cancelled,0
2963,2463,4,2025-02-19,NULL,Active,1
2964,2464,1,2024-08-28,2025-04-11,Expired,0
2965,2464,1,2025-04-16,NULL,Active,0
2966,2465,4,2023-11-02,2024-03-29,Cancelled,1
2967,2466,5,2026-03-09,2026-03-24,Cancelled,0
2968,2467,4,2025-04-11,2025-09-04,Cancelled,1
2969,2468,5,2023-03-08,2024-02-26,Expired,0
2970,2468,5,2024-03-03,2025-01-22,Cancelled,1
2971,2469,2,2023-10-24,2024-09-12,Expired,1
2972,2469,2,2024-09-15,NULL,Active,1
2973,2470,4,2024-09-01,2025-03-29,Expired,0
2974,2470,4,2025-04-06,NULL,Active,1
2975,2471,1,2026-06-09,NULL,Active,1
2976,2472,2,2023-09-20,2023-10-25,Cancelled,1
2977,2473,2,2026-04-13,NULL,Active,1
2978,2474,5,2021-03-15,NULL,Active,1
2979,2475,2,2024-04-19,NULL,Active,1
2980,2476,5,2022-11-21,2023-12-17,Expired,1
2981,2476,5,2023-12-25,NULL,Active,1
2982,2477,4,2024-01-25,NULL,Active,1
2983,2478,1,2022-12-30,2023-01-20,Cancelled,0
2984,2479,1,2023-06-05,2023-09-04,Expired,0
2985,2479,1,2023-09-11,NULL,Active,1
2986,2480,2,2022-02-26,NULL,Active,1
2987,2481,5,2025-12-24,2026-06-22,Expired,1
2988,2481,5,2026-07-01,NULL,Active,1
2989,2482,5,2021-07-19,NULL,Active,0
2990,2483,4,2025-03-15,NULL,Active,0
2991,2484,2,2021-03-07,NULL,Active,0
2992,2485,3,2024-10-12,2025-05-17,Cancelled,1
2993,2486,4,2023-06-23,NULL,Active,1
2994,2487,5,2022-11-16,NULL,Active,0
2995,2488,5,2022-03-18,NULL,Active,1
2996,2489,1,2023-02-16,2023-07-25,Expired,1
2997,2489,1,2023-07-31,NULL,Active,1
2998,2490,2,2025-06-07,NULL,Active,1
2999,2491,4,2023-05-26,NULL,Active,1
3000,2492,2,2022-12-13,NULL,Active,1
3001,2493,3,2021-02-19,NULL,Active,0
3002,2494,2,2023-06-21,NULL,Active,1
3003,2495,4,2025-02-20,NULL,Active,1
3004,2496,4,2025-08-11,2026-02-17,Cancelled,1
3005,2497,4,2022-02-22,NULL,Active,1
3006,2498,2,2022-12-04,NULL,Active,0
3007,2499,5,2024-08-21,2025-09-06,Cancelled,1
3008,2500,2,2022-06-29,NULL,Active,1
3009,2501,2,2026-05-29,2027-04-26,Expired,1
3010,2501,2,2027-05-03,2027-05-18,Cancelled,1
3011,2502,4,2026-01-13,2026-06-25,Cancelled,1
3012,2503,2,2021-02-24,NULL,Active,1
3013,2504,1,2022-05-24,NULL,Active,1
3014,2505,2,2023-09-25,NULL,Active,1
3015,2506,4,2022-07-18,2023-03-17,Cancelled,1
3016,2507,5,2023-04-08,2024-03-12,Cancelled,1
3017,2508,5,2021-06-05,2021-10-10,Cancelled,0
3018,2509,4,2025-12-23,2026-09-06,Expired,1
3019,2509,4,2026-09-13,NULL,Active,1
3020,2510,3,2024-02-14,2024-09-15,Expired,1
3021,2510,3,2024-09-17,NULL,Active,1
3022,2511,4,2025-08-27,NULL,Active,1
3023,2512,4,2023-07-28,2023-08-27,Cancelled,1
3024,2513,2,2023-09-20,NULL,Active,0
3025,2514,5,2023-10-15,NULL,Active,1
3026,2515,2,2025-04-12,NULL,Active,1
3027,2516,2,2025-12-17,NULL,Active,0
3028,2517,5,2026-07-07,2026-10-16,Expired,1
3029,2517,5,2026-10-17,NULL,Active,1
3030,2518,2,2022-08-03,NULL,Active,0
3031,2519,3,2022-12-13,NULL,Active,1
3032,2520,2,2023-08-26,NULL,Active,0
3033,2521,5,2026-03-29,NULL,Active,1
3034,2522,4,2023-10-01,2024-06-25,Cancelled,0
3035,2523,5,2023-10-17,NULL,Active,1
3036,2524,2,2026-01-11,NULL,Active,1
3037,2525,1,2026-05-25,NULL,Active,1
3038,2526,2,2025-03-28,2025-08-13,Expired,1
3039,2526,2,2025-08-19,NULL,Active,1
3040,2527,5,2025-09-28,2026-05-27,Cancelled,1
3041,2528,5,2022-10-01,NULL,Active,1
3042,2529,1,2025-10-17,NULL,Active,1
3043,2530,3,2022-09-18,NULL,Active,1
3044,2531,2,2023-11-20,2024-07-14,Cancelled,1
3045,2532,1,2026-02-01,NULL,Active,0
3046,2533,2,2026-05-24,NULL,Active,1
3047,2534,3,2026-04-07,NULL,Active,0
3048,2535,2,2021-01-18,NULL,Active,1
3049,2536,2,2026-07-06,NULL,Active,1
3050,2537,5,2025-03-09,NULL,Active,0
3051,2538,4,2021-10-19,2021-11-11,Cancelled,1
3052,2539,1,2025-04-26,2025-07-28,Cancelled,0
3053,2540,5,2025-11-23,2026-05-03,Expired,0
3054,2540,5,2026-05-12,NULL,Active,1
3055,2541,5,2026-06-25,NULL,Active,1
3056,2542,4,2021-08-25,2022-09-04,Expired,1
3057,2542,4,2022-09-14,NULL,Active,1
3058,2543,4,2023-10-08,NULL,Active,1
3059,2544,5,2025-01-20,2026-06-21,Cancelled,1
3060,2545,4,2022-08-29,2023-03-07,Expired,0
3061,2545,4,2023-03-11,NULL,Active,1
3062,2546,5,2022-08-27,NULL,Active,1
3063,2547,3,2022-10-24,NULL,Active,1
3064,2548,3,2025-04-24,NULL,Active,1
3065,2549,5,2021-11-26,NULL,Active,1
3066,2550,4,2022-11-11,NULL,Active,1
3067,2551,4,2026-08-13,NULL,Active,1
3068,2552,1,2024-06-15,NULL,Active,1
3069,2553,5,2022-03-24,2022-06-29,Cancelled,1
3070,2554,5,2022-08-08,2023-04-24,Expired,1
3071,2554,5,2023-05-01,NULL,Active,1
3072,2555,3,2025-06-19,2025-12-14,Expired,1
3073,2555,3,2025-12-19,2026-07-29,Cancelled,1
3074,2556,1,2022-11-21,NULL,Active,1
3075,2557,5,2021-10-14,2021-12-14,Cancelled,1
3076,2558,5,2025-09-04,NULL,Active,1
3077,2559,5,2022-11-30,2023-08-23,Expired,1
3078,2559,5,2023-08-31,2024-05-07,Cancelled,0
3079,2560,4,2022-07-05,2023-07-01,Cancelled,1
3080,2561,4,2022-03-28,NULL,Active,0
3081,2562,5,2023-01-31,NULL,Active,1
3082,2563,1,2023-02-25,2023-12-03,Cancelled,1
3083,2564,2,2022-03-24,2023-04-26,Expired,0
3084,2564,2,2023-04-27,NULL,Active,1
3085,2565,2,2024-04-15,2024-04-30,Cancelled,1
3086,2566,2,2024-02-08,2024-02-27,Cancelled,1
3087,2567,4,2023-08-20,NULL,Active,1
3088,2568,5,2021-02-08,NULL,Active,1
3089,2569,5,2021-06-21,NULL,Active,1
3090,2570,2,2021-01-30,2021-10-08,Expired,1
3091,2570,2,2021-10-14,NULL,Active,1
3092,2571,1,2023-12-25,NULL,Active,1
3093,2572,5,2025-10-26,NULL,Active,0
3094,2573,4,2024-07-15,2024-08-19,Cancelled,1
3095,2574,2,2025-03-31,NULL,Active,1
3096,2575,1,2024-09-14,NULL,Active,1
3097,2576,5,2025-07-04,2025-11-08,Cancelled,1
3098,2577,2,2022-05-19,NULL,Active,1
3099,2578,1,2025-02-18,NULL,Active,1
3100,2579,1,2025-08-20,NULL,Active,1
3101,2580,4,2024-08-12,2025-06-09,Expired,0
3102,2580,4,2025-06-15,2026-04-10,Cancelled,1
3103,2581,3,2021-07-07,NULL,Active,1
3104,2582,1,2023-08-15,NULL,Active,1
3105,2583,4,2021-11-30,NULL,Active,1
3106,2584,2,2022-02-16,2023-02-14,Expired,1
3107,2584,2,2023-02-16,NULL,Active,0
3108,2585,3,2023-03-11,2023-04-25,Cancelled,0
3109,2586,1,2021-05-11,2021-09-15,Expired,1
3110,2586,1,2021-09-25,NULL,Active,1
3111,2587,2,2024-05-19,NULL,Active,0
3112,2588,5,2022-11-20,2024-01-12,Cancelled,1
3113,2589,3,2023-09-14,NULL,Active,1
3114,2590,1,2022-01-02,2023-01-21,Expired,1
3115,2590,1,2023-01-31,NULL,Active,0
3116,2591,5,2022-10-19,2022-11-25,Cancelled,1
3117,2592,1,2023-06-22,2023-08-24,Expired,1
3118,2592,1,2023-08-31,NULL,Active,1
3119,2593,1,2022-05-20,2022-07-25,Expired,1
3120,2593,1,2022-07-30,NULL,Active,0
3121,2594,1,2026-07-09,2027-07-16,Expired,0
3122,2594,1,2027-07-18,NULL,Active,1
3123,2595,1,2023-07-06,2024-01-02,Expired,1
3124,2595,1,2024-01-09,NULL,Active,1
3125,2596,3,2024-11-06,NULL,Active,1
3126,2597,4,2025-11-25,NULL,Active,1
3127,2598,5,2022-04-19,NULL,Active,0
3128,2599,3,2022-01-01,NULL,Active,1
3129,2600,5,2023-02-10,NULL,Active,1
3130,2601,5,2025-02-15,NULL,Active,1
3131,2602,5,2021-01-07,2021-05-20,Expired,1
3132,2602,5,2021-05-25,2022-06-11,Cancelled,0
3133,2603,2,2023-02-17,2024-12-05,Cancelled,1
3134,2604,5,2025-02-04,NULL,Active,1
3135,2605,2,2023-06-29,NULL,Active,1
3136,2606,4,2026-03-02,NULL,Active,0
3137,2607,1,2023-06-16,2024-07-19,Cancelled,1
3138,2608,4,2022-08-27,NULL,Active,0
3139,2609,1,2021-05-21,NULL,Active,1
3140,2610,5,2022-05-21,2022-08-22,Cancelled,1
3141,2611,5,2026-05-14,2027-02-09,Expired,0
3142,2611,5,2027-02-10,NULL,Active,1
3143,2612,4,2024-04-08,2025-09-07,Cancelled,1
3144,2613,3,2024-09-26,2025-01-31,Expired,1
3145,2613,3,2025-02-02,NULL,Active,1
3146,2614,3,2023-07-11,2023-10-21,Cancelled,1
3147,2615,1,2023-01-04,NULL,Active,1
3148,2616,5,2024-05-10,2024-06-21,Cancelled,1
3149,2617,2,2025-05-26,NULL,Active,1
3150,2618,3,2024-11-27,2025-04-12,Cancelled,1
3151,2619,3,2024-03-05,NULL,Active,1
3152,2620,3,2025-06-01,2025-07-17,Cancelled,1
3153,2621,5,2021-08-10,2022-04-13,Cancelled,1
3154,2622,3,2022-11-02,2023-10-03,Expired,0
3155,2622,3,2023-10-12,NULL,Active,1
3156,2623,3,2026-05-31,NULL,Active,1
3157,2624,4,2023-06-13,2024-05-16,Expired,1
3158,2624,4,2024-05-21,NULL,Active,1
3159,2625,2,2025-01-23,2025-07-07,Cancelled,1
3160,2626,5,2022-08-28,2023-07-18,Expired,1
3161,2626,5,2023-07-27,NULL,Active,1
3162,2627,1,2021-08-19,2022-08-04,Expired,0
3163,2627,1,2022-08-07,NULL,Active,1
3164,2628,2,2023-01-06,2023-10-30,Expired,0
3165,2628,2,2023-11-03,NULL,Active,1
3166,2629,3,2024-10-18,NULL,Active,1
3167,2630,3,2025-07-13,2026-02-11,Expired,1
3168,2630,3,2026-02-15,NULL,Active,0
3169,2631,2,2023-09-14,2023-10-31,Cancelled,1
3170,2632,1,2022-12-08,2023-11-18,Expired,1
3171,2632,1,2023-11-27,NULL,Active,1
3172,2633,3,2022-01-03,2022-07-24,Cancelled,1
3173,2634,4,2024-02-02,NULL,Active,0
3174,2635,4,2025-02-13,NULL,Active,0
3175,2636,1,2021-12-05,NULL,Active,0
3176,2637,3,2023-07-11,NULL,Active,0
3177,2638,1,2026-05-19,2026-08-02,Cancelled,1
3178,2639,4,2023-01-12,NULL,Active,1
3179,2640,3,2024-05-07,NULL,Active,0
3180,2641,2,2024-08-25,NULL,Active,0
3181,2642,3,2023-01-28,NULL,Active,1
3182,2643,3,2025-06-01,NULL,Active,1
3183,2644,1,2026-06-25,2027-01-17,Expired,1
3184,2644,1,2027-01-20,2027-02-04,Cancelled,0
3185,2645,3,2022-05-24,2022-08-23,Cancelled,0
3186,2646,2,2023-01-11,2023-11-19,Cancelled,0
3187,2647,4,2021-01-22,2021-03-25,Cancelled,1
3188,2648,3,2022-05-19,NULL,Active,1
3189,2649,5,2023-04-25,NULL,Active,0
3190,2650,1,2023-11-18,NULL,Active,1
3191,2651,4,2024-05-07,2024-10-02,Cancelled,1
3192,2652,5,2025-09-29,NULL,Active,1
3193,2653,5,2024-05-16,NULL,Active,1
3194,2654,2,2025-12-28,2026-03-11,Cancelled,1
3195,2655,1,2024-07-05,2024-10-07,Cancelled,1
3196,2656,4,2023-05-10,NULL,Active,0
3197,2657,3,2023-08-30,2024-03-29,Cancelled,0
3198,2658,1,2024-05-12,NULL,Active,0
3199,2659,2,2023-06-04,NULL,Active,1
3200,2660,1,2022-06-11,2023-07-06,Expired,1
3201,2660,1,2023-07-08,2024-02-25,Cancelled,0
3202,2661,5,2021-11-01,NULL,Active,1
3203,2662,4,2025-04-13,NULL,Active,1
3204,2663,2,2026-02-12,2026-10-14,Expired,0
3205,2663,2,2026-10-24,NULL,Active,1
3206,2664,1,2022-08-10,2023-04-30,Expired,1
3207,2664,1,2023-05-05,NULL,Active,1
3208,2665,2,2024-01-09,2024-10-20,Cancelled,1
3209,2666,5,2025-03-05,NULL,Active,1
3210,2667,4,2022-11-03,2023-02-18,Cancelled,1
3211,2668,4,2025-11-12,2025-12-06,Cancelled,1
3212,2669,3,2023-10-11,NULL,Active,1
3213,2670,4,2022-03-27,NULL,Active,1
3214,2671,5,2021-09-28,2022-09-16,Expired,1
3215,2671,5,2022-09-19,NULL,Active,1
3216,2672,5,2025-01-26,NULL,Active,1
3217,2673,1,2023-07-14,NULL,Active,1
3218,2674,4,2025-03-25,NULL,Active,0
3219,2675,4,2022-05-21,NULL,Active,0
3220,2676,4,2026-06-29,2026-09-06,Cancelled,1
3221,2677,4,2024-03-01,NULL,Active,1
3222,2678,2,2022-02-10,NULL,Active,1
3223,2679,5,2025-05-15,NULL,Active,1
3224,2680,4,2025-07-08,NULL,Active,1
3225,2681,2,2023-11-28,2025-04-27,Cancelled,0
3226,2682,1,2022-09-29,2023-01-30,Cancelled,1
3227,2683,3,2025-04-01,2025-12-27,Cancelled,1
3228,2684,5,2021-08-05,2023-02-08,Cancelled,0
3229,2685,4,2023-10-18,2025-08-06,Cancelled,1
3230,2686,5,2026-02-19,2026-08-09,Cancelled,0
3231,2687,4,2026-04-04,2026-07-28,Cancelled,1
3232,2688,4,2025-10-19,2026-01-30,Cancelled,1
3233,2689,5,2024-06-04,2024-12-21,Cancelled,0
3234,2690,4,2025-07-24,2026-04-04,Cancelled,1
3235,2691,3,2021-11-11,2022-11-07,Cancelled,0
3236,2692,1,2022-11-08,2023-09-24,Expired,1
3237,2692,1,2023-10-01,NULL,Active,0
3238,2693,1,2024-03-16,NULL,Active,1
3239,2694,5,2025-10-03,NULL,Active,0
3240,2695,4,2026-05-19,2027-05-16,Expired,1
3241,2695,4,2027-05-20,NULL,Active,1
3242,2696,4,2022-05-26,NULL,Active,1
3243,2697,2,2023-02-18,2023-11-12,Cancelled,0
3244,2698,4,2024-11-14,2025-07-03,Expired,0
3245,2698,4,2025-07-10,NULL,Active,0
3246,2699,5,2021-06-23,NULL,Active,1
3247,2700,4,2023-07-11,NULL,Active,1
3248,2701,3,2022-07-01,2023-02-09,Expired,1
3249,2701,3,2023-02-12,NULL,Active,1
3250,2702,1,2025-09-28,2026-01-07,Cancelled,1
3251,2703,5,2025-03-09,NULL,Active,1
3252,2704,3,2022-04-28,2022-12-22,Expired,1
3253,2704,3,2022-12-31,2023-02-14,Cancelled,1
3254,2705,2,2024-04-17,NULL,Active,0
3255,2706,5,2025-06-01,NULL,Active,1
3256,2707,2,2021-05-26,NULL,Active,1
3257,2708,3,2021-08-24,2022-02-13,Expired,0
3258,2708,3,2022-02-17,2022-04-08,Cancelled,1
3259,2709,2,2026-03-01,NULL,Active,1
3260,2710,1,2022-03-15,2022-08-21,Cancelled,0
3261,2711,4,2025-07-05,NULL,Active,1
3262,2712,3,2025-10-31,2026-11-26,Expired,0
3263,2712,3,2026-12-01,NULL,Active,0
3264,2713,4,2022-09-22,2023-02-08,Cancelled,1
3265,2714,1,2021-01-29,2021-03-21,Cancelled,1
3266,2715,2,2023-07-16,NULL,Active,0
3267,2716,5,2024-05-10,NULL,Active,1
3268,2717,1,2024-01-09,NULL,Active,1
3269,2718,5,2022-10-25,2023-11-13,Expired,0
3270,2718,5,2023-11-17,NULL,Active,1
3271,2719,2,2021-01-24,2021-05-08,Expired,1
3272,2719,2,2021-05-13,2022-01-10,Cancelled,1
3273,2720,4,2022-03-30,2022-04-25,Cancelled,1
3274,2721,1,2022-07-02,NULL,Active,0
3275,2722,5,2021-05-10,NULL,Active,0
3276,2723,1,2026-05-18,NULL,Active,1
3277,2724,2,2025-09-21,2026-04-28,Cancelled,1
3278,2725,1,2022-06-06,NULL,Active,1
3279,2726,3,2025-05-12,NULL,Active,1
3280,2727,1,2021-03-28,NULL,Active,1
3281,2728,4,2026-08-11,NULL,Active,1
3282,2729,3,2021-08-02,2021-10-06,Expired,0
3283,2729,3,2021-10-16,NULL,Active,1
3284,2730,1,2021-02-02,NULL,Active,1
3285,2731,1,2024-03-01,2024-09-13,Expired,1
3286,2731,1,2024-09-21,NULL,Active,1
3287,2732,4,2023-10-12,NULL,Active,1
3288,2733,4,2023-02-05,2023-09-14,Cancelled,1
3289,2734,3,2023-12-16,NULL,Active,1
3290,2735,3,2023-03-24,2023-08-20,Cancelled,1
3291,2736,1,2023-01-13,2023-11-07,Cancelled,1
3292,2737,2,2023-07-29,2024-07-11,Cancelled,1
3293,2738,5,2021-06-07,NULL,Active,1
3294,2739,5,2025-10-13,2026-04-06,Cancelled,1
3295,2740,1,2022-01-08,2022-05-27,Expired,0
3296,2740,1,2022-06-06,NULL,Active,1
3297,2741,1,2024-06-09,2026-04-19,Cancelled,1
3298,2742,2,2023-06-28,NULL,Active,1
3299,2743,2,2021-09-09,NULL,Active,1
3300,2744,3,2024-05-31,2024-08-14,Expired,0
3301,2744,3,2024-08-24,NULL,Active,1
3302,2745,3,2024-02-24,NULL,Active,1
3303,2746,2,2023-10-09,2023-10-30,Cancelled,1
3304,2747,1,2021-06-17,NULL,Active,1
3305,2748,1,2023-05-19,2024-11-28,Cancelled,1
3306,2749,5,2022-02-17,NULL,Active,1
3307,2750,5,2026-07-06,2026-09-20,Expired,1
3308,2750,5,2026-09-21,NULL,Active,1
3309,2751,3,2022-04-02,NULL,Active,1
3310,2752,5,2022-06-18,NULL,Active,0
3311,2753,5,2025-03-03,2026-09-07,Cancelled,1
3312,2754,2,2023-05-11,2023-08-02,Cancelled,1
3313,2755,5,2022-03-12,2022-09-28,Expired,1
3314,2755,5,2022-10-08,NULL,Active,1
3315,2756,1,2022-05-08,2022-11-25,Cancelled,0
3316,2757,5,2023-03-02,2024-01-13,Cancelled,1
3317,2758,1,2021-11-03,NULL,Active,1
3318,2759,3,2024-05-19,NULL,Active,0
3319,2760,1,2022-09-22,NULL,Active,1
3320,2761,5,2025-09-09,NULL,Active,1
3321,2762,3,2024-11-23,NULL,Active,1
3322,2763,3,2025-11-22,NULL,Active,1
3323,2764,2,2021-03-31,2021-12-27,Expired,1
3324,2764,2,2022-01-02,2023-01-12,Cancelled,1
3325,2765,5,2022-06-13,2024-06-25,Cancelled,1
3326,2766,4,2021-09-07,2022-12-28,Cancelled,0
3327,2767,5,2026-07-21,2026-11-18,Expired,1
3328,2767,5,2026-11-22,NULL,Active,0
3329,2768,2,2021-11-04,2022-05-10,Expired,0
3330,2768,2,2022-05-20,NULL,Active,0
3331,2769,5,2025-04-23,NULL,Active,1
3332,2770,3,2024-01-18,2024-08-10,Expired,1
3333,2770,3,2024-08-20,NULL,Active,0
3334,2771,4,2022-10-18,2023-02-09,Expired,0
3335,2771,4,2023-02-16,NULL,Active,1
3336,2772,2,2021-02-06,NULL,Active,0
3337,2773,4,2023-11-27,NULL,Active,1
3338,2774,3,2024-01-05,2024-10-21,Expired,0
3339,2774,3,2024-10-29,NULL,Active,1
3340,2775,5,2023-07-07,2023-09-23,Cancelled,1
3341,2776,2,2024-04-10,NULL,Active,1
3342,2777,1,2024-02-12,2024-06-08,Expired,1
3343,2777,1,2024-06-13,NULL,Active,1
3344,2778,4,2023-10-17,2024-01-10,Expired,1
3345,2778,4,2024-01-16,NULL,Active,1
3346,2779,3,2021-01-06,2021-07-20,Cancelled,1
3347,2780,4,2025-02-20,2025-11-24,Expired,1
3348,2780,4,2025-11-28,NULL,Active,1
3349,2781,4,2023-12-18,NULL,Active,0
3350,2782,4,2024-04-22,NULL,Active,1
3351,2783,1,2024-12-27,NULL,Active,1
3352,2784,1,2022-12-25,NULL,Active,1
3353,2785,3,2022-03-12,NULL,Active,1
3354,2786,3,2023-11-21,NULL,Active,1
3355,2787,1,2023-04-25,NULL,Active,1
3356,2788,2,2024-01-06,NULL,Active,1
3357,2789,5,2022-09-30,2023-01-08,Cancelled,0
3358,2790,1,2025-02-18,NULL,Active,1
3359,2791,5,2026-07-25,2026-08-22,Cancelled,1
3360,2792,3,2022-12-23,NULL,Active,1
3361,2793,2,2023-01-09,NULL,Active,0
3362,2794,2,2024-06-24,2024-07-16,Cancelled,0
3363,2795,5,2023-02-09,2023-07-19,Cancelled,0
3364,2796,4,2025-10-13,2026-01-05,Cancelled,1
3365,2797,5,2022-02-15,2022-09-08,Cancelled,0
3366,2798,3,2021-02-18,NULL,Active,1
3367,2799,3,2025-04-22,2026-05-18,Expired,1
3368,2799,3,2026-05-21,2026-08-07,Cancelled,0
3369,2800,5,2021-06-29,NULL,Active,1
3370,2801,5,2024-01-02,NULL,Active,1
3371,2802,3,2021-02-25,2021-12-06,Cancelled,0
3372,2803,3,2024-10-18,NULL,Active,1
3373,2804,2,2022-07-25,NULL,Active,0
3374,2805,4,2022-10-31,2023-08-27,Cancelled,1
3375,2806,1,2022-09-25,2023-06-04,Expired,1
3376,2806,1,2023-06-14,NULL,Active,0
3377,2807,4,2024-01-01,NULL,Active,1
3378,2808,1,2021-03-28,NULL,Active,1
3379,2809,5,2024-04-30,2026-03-11,Cancelled,1
3380,2810,4,2022-08-04,NULL,Active,1
3381,2811,4,2023-07-18,NULL,Active,1
3382,2812,1,2024-12-18,2025-03-20,Expired,1
3383,2812,1,2025-03-29,NULL,Active,0
3384,2813,4,2025-04-25,2026-03-17,Expired,1
3385,2813,4,2026-03-25,NULL,Active,1
3386,2814,1,2026-07-08,2027-02-20,Expired,0
3387,2814,1,2027-02-26,NULL,Active,0
3388,2815,4,2022-02-21,NULL,Active,1
3389,2816,4,2024-09-28,NULL,Active,1
3390,2817,1,2021-06-27,2021-11-01,Expired,0
3391,2817,1,2021-11-09,NULL,Active,0
3392,2818,3,2025-10-22,NULL,Active,1
3393,2819,2,2023-01-13,2023-06-06,Expired,0
3394,2819,2,2023-06-07,NULL,Active,1
3395,2820,4,2024-05-20,NULL,Active,1
3396,2821,2,2022-03-02,2022-07-30,Expired,1
3397,2821,2,2022-07-31,NULL,Active,1
3398,2822,2,2023-12-24,NULL,Active,0
3399,2823,4,2022-09-01,NULL,Active,1
3400,2824,2,2022-08-29,NULL,Active,1
3401,2825,5,2021-10-03,2022-11-03,Expired,1
3402,2825,5,2022-11-09,NULL,Active,0
3403,2826,3,2024-02-15,2024-12-06,Cancelled,1
3404,2827,2,2022-06-07,2023-05-21,Expired,0
3405,2827,2,2023-05-28,NULL,Active,0
3406,2828,2,2024-07-31,NULL,Active,1
3407,2829,3,2025-08-23,2025-09-07,Cancelled,0
3408,2830,1,2022-07-21,2022-10-27,Cancelled,1
3409,2831,5,2025-09-11,2026-09-22,Expired,1
3410,2831,5,2026-09-28,NULL,Active,1
3411,2832,4,2026-07-11,2026-09-03,Cancelled,0
3412,2833,2,2025-04-25,NULL,Active,1
3413,2834,1,2023-06-18,NULL,Active,0
3414,2835,4,2025-01-21,NULL,Active,1
3415,2836,1,2025-01-24,NULL,Active,1
3416,2837,5,2022-03-28,NULL,Active,1
3417,2838,1,2022-07-25,NULL,Active,1
3418,2839,3,2025-09-21,2026-07-13,Expired,1
3419,2839,3,2026-07-18,2026-08-17,Cancelled,1
3420,2840,1,2021-08-17,NULL,Active,1
3421,2841,1,2022-08-10,NULL,Active,1
3422,2842,4,2025-10-06,2026-03-18,Expired,0
3423,2842,4,2026-03-20,2026-07-04,Cancelled,1
3424,2843,2,2021-10-30,NULL,Active,1
3425,2844,2,2021-05-04,NULL,Active,1
3426,2845,2,2021-11-20,NULL,Active,1
3427,2846,2,2025-09-02,2025-09-17,Cancelled,1
3428,2847,4,2022-07-28,NULL,Active,1
3429,2848,4,2026-04-10,2026-09-08,Expired,1
3430,2848,4,2026-09-17,NULL,Active,1
3431,2849,4,2025-12-24,NULL,Active,1
3432,2850,2,2024-03-20,2024-08-23,Expired,1
3433,2850,2,2024-08-27,NULL,Active,1
3434,2851,3,2021-05-12,2022-04-19,Cancelled,1
3435,2852,4,2022-10-19,2023-10-11,Expired,1
3436,2852,4,2023-10-15,NULL,Active,1
3437,2853,1,2026-02-04,2026-04-29,Cancelled,1
3438,2854,5,2024-06-07,NULL,Active,1
3439,2855,1,2022-10-05,2022-11-08,Cancelled,1
3440,2856,3,2025-03-27,2025-05-31,Cancelled,1
3441,2857,3,2025-06-29,NULL,Active,1
3442,2858,2,2025-05-26,2025-11-23,Expired,1
3443,2858,2,2025-11-29,2026-06-20,Cancelled,1
3444,2859,1,2021-11-13,NULL,Active,1
3445,2860,1,2024-07-06,NULL,Active,1
3446,2861,4,2025-04-08,2026-05-04,Expired,1
3447,2861,4,2026-05-06,2026-07-19,Cancelled,1
3448,2862,1,2025-10-04,2026-09-02,Cancelled,1
3449,2863,5,2022-03-04,2023-09-22,Cancelled,1
3450,2864,4,2024-10-06,NULL,Active,1
3451,2865,5,2022-10-29,NULL,Active,1
3452,2866,5,2023-05-18,NULL,Active,1
3453,2867,1,2023-02-08,NULL,Active,1
3454,2868,4,2023-09-12,NULL,Active,1
3455,2869,1,2021-07-03,2021-12-12,Cancelled,0
3456,2870,1,2021-07-16,NULL,Active,1
3457,2871,3,2021-02-04,2021-09-23,Expired,1
3458,2871,3,2021-09-29,NULL,Active,0
3459,2872,1,2026-08-11,NULL,Active,0
3460,2873,3,2024-12-28,2025-01-15,Cancelled,0
3461,2874,2,2024-09-19,NULL,Active,0
3462,2875,1,2022-02-18,NULL,Active,0
3463,2876,1,2025-04-15,NULL,Active,0
3464,2877,1,2024-04-03,NULL,Active,1
3465,2878,1,2021-11-19,NULL,Active,1
3466,2879,4,2023-06-03,2023-09-05,Expired,1
3467,2879,4,2023-09-15,NULL,Active,1
3468,2880,5,2022-10-22,NULL,Active,1
3469,2881,2,2024-10-30,2025-07-24,Expired,1
3470,2881,2,2025-08-02,NULL,Active,1
3471,2882,3,2024-04-06,2025-02-28,Expired,0
3472,2882,3,2025-03-08,NULL,Active,0
3473,2883,4,2021-06-13,2023-02-20,Cancelled,0
3474,2884,2,2023-09-07,2024-08-20,Expired,1
3475,2884,2,2024-08-27,2026-07-14,Cancelled,0
3476,2885,4,2021-11-04,NULL,Active,1
3477,2886,4,2022-02-03,NULL,Active,1
3478,2887,5,2021-12-24,2022-08-22,Expired,1
3479,2887,5,2022-08-26,2023-04-03,Cancelled,1
3480,2888,5,2024-07-08,NULL,Active,1
3481,2889,1,2021-10-07,NULL,Active,0
3482,2890,4,2024-12-18,NULL,Active,0
3483,2891,4,2026-03-03,NULL,Active,1
3484,2892,1,2025-12-16,NULL,Active,0
3485,2893,3,2026-06-23,NULL,Active,1
3486,2894,5,2025-07-01,2026-02-16,Expired,1
3487,2894,5,2026-02-20,NULL,Active,1
3488,2895,3,2025-12-11,NULL,Active,0
3489,2896,1,2024-07-08,2024-07-28,Cancelled,1
3490,2897,4,2026-01-18,2026-08-28,Cancelled,0
3491,2898,4,2021-08-22,2022-02-05,Expired,1
3492,2898,4,2022-02-09,NULL,Active,1
3493,2899,2,2021-02-02,2022-06-21,Cancelled,1
3494,2900,5,2025-03-20,NULL,Active,0
3495,2901,3,2021-10-26,NULL,Active,1
3496,2902,2,2022-01-18,2022-07-05,Cancelled,1
3497,2903,4,2026-03-20,2026-05-14,Cancelled,0
3498,2904,3,2022-03-20,2022-05-06,Cancelled,1
3499,2905,4,2025-07-03,NULL,Active,1
3500,2906,1,2024-11-03,NULL,Active,1
3501,2907,4,2026-05-05,NULL,Active,1
3502,2908,3,2021-06-06,NULL,Active,0
3503,2909,4,2022-08-20,NULL,Active,0
3504,2910,3,2021-05-09,NULL,Active,1
3505,2911,2,2025-01-20,2025-06-10,Cancelled,1
3506,2912,3,2021-08-10,NULL,Active,0
3507,2913,2,2024-01-11,2024-03-12,Cancelled,1
3508,2914,3,2021-12-09,2022-12-17,Expired,1
3509,2914,3,2022-12-21,2023-06-01,Cancelled,1
3510,2915,1,2025-07-18,2026-03-01,Expired,1
3511,2915,1,2026-03-08,NULL,Active,1
3512,2916,2,2025-09-16,NULL,Active,1
3513,2917,3,2023-01-24,2023-04-28,Expired,1
3514,2917,3,2023-05-03,2023-09-19,Cancelled,0
3515,2918,3,2024-11-01,2024-12-31,Expired,1
3516,2918,3,2025-01-09,2025-04-06,Cancelled,0
3517,2919,2,2024-12-01,NULL,Active,1
3518,2920,3,2022-10-21,NULL,Active,1
3519,2921,5,2025-05-13,NULL,Active,1
3520,2922,1,2023-03-25,NULL,Active,1
3521,2923,2,2022-08-16,NULL,Active,1
3522,2924,1,2021-02-28,2021-09-22,Expired,1
3523,2924,1,2021-09-29,NULL,Active,1
3524,2925,3,2026-08-08,2027-03-21,Expired,1
3525,2925,3,2027-03-28,NULL,Active,1
3526,2926,1,2023-12-13,2024-06-08,Expired,1
3527,2926,1,2024-06-13,NULL,Active,0
3528,2927,5,2026-01-20,2026-04-08,Cancelled,1
3529,2928,4,2022-02-04,2022-09-04,Cancelled,0
3530,2929,4,2025-09-18,NULL,Active,1
3531,2930,4,2025-03-27,NULL,Active,1
3532,2931,1,2023-02-22,NULL,Active,1
3533,2932,1,2025-02-25,NULL,Active,1
3534,2933,3,2024-06-11,NULL,Active,1
3535,2934,1,2026-02-11,2027-03-02,Expired,1
3536,2934,1,2027-03-10,2027-03-25,Cancelled,0
3537,2935,1,2024-12-13,2025-06-20,Expired,1
3538,2935,1,2025-06-29,NULL,Active,1
3539,2936,3,2024-10-07,2025-02-10,Cancelled,0
3540,2937,5,2025-10-21,NULL,Active,1
3541,2938,3,2022-10-29,2023-06-09,Expired,1
3542,2938,3,2023-06-17,NULL,Active,1
3543,2939,3,2024-03-13,NULL,Active,1
3544,2940,3,2024-03-06,NULL,Active,1
3545,2941,2,2021-12-25,NULL,Active,1
3546,2942,1,2025-08-12,2026-07-04,Cancelled,1
3547,2943,1,2022-02-13,NULL,Active,1
3548,2944,5,2021-05-14,2022-02-01,Expired,1
3549,2944,5,2022-02-11,NULL,Active,1
3550,2945,3,2023-05-18,2023-10-03,Expired,1
3551,2945,3,2023-10-05,NULL,Active,1
3552,2946,1,2025-04-10,2025-05-04,Cancelled,1
3553,2947,4,2022-05-25,NULL,Active,0
3554,2948,4,2025-06-10,2025-09-21,Cancelled,1
3555,2949,1,2024-03-07,NULL,Active,1
3556,2950,5,2024-06-13,2025-01-18,Expired,1
3557,2950,5,2025-01-28,NULL,Active,1
3558,2951,3,2021-01-18,2021-02-08,Cancelled,1
3559,2952,5,2021-04-18,2021-06-17,Cancelled,0
3560,2953,3,2024-07-24,2024-08-20,Cancelled,1
3561,2954,2,2025-10-28,2026-02-06,Expired,1
3562,2954,2,2026-02-09,NULL,Active,1
3563,2955,2,2023-03-01,NULL,Active,1
3564,2956,2,2021-07-31,NULL,Active,1
3565,2957,4,2025-05-19,2025-08-10,Cancelled,1
3566,2958,4,2024-07-27,2025-06-28,Expired,0
3567,2958,4,2025-07-06,2025-08-09,Cancelled,1
3568,2959,3,2023-08-05,2024-02-04,Expired,1
3569,2959,3,2024-02-05,2025-03-05,Cancelled,1
3570,2960,3,2022-04-30,NULL,Active,1
3571,2961,3,2023-12-02,NULL,Active,1
3572,2962,1,2023-04-15,NULL,Active,1
3573,2963,5,2025-11-27,NULL,Active,0
3574,2964,2,2022-09-19,2022-11-29,Cancelled,1
3575,2965,5,2021-11-19,NULL,Active,1
3576,2966,2,2022-06-19,NULL,Active,0
3577,2967,5,2023-02-04,NULL,Active,1
3578,2968,3,2024-05-01,NULL,Active,1
3579,2969,4,2025-03-29,2026-04-24,Cancelled,1
3580,2970,5,2024-02-01,NULL,Active,1
3581,2971,3,2022-02-28,NULL,Active,1
3582,2972,3,2022-05-18,NULL,Active,1
3583,2973,4,2023-12-10,2025-07-11,Cancelled,1
3584,2974,5,2026-07-18,NULL,Active,1
3585,2975,3,2022-02-17,NULL,Active,0
3586,2976,2,2021-10-29,2021-12-08,Cancelled,1
3587,2977,5,2023-05-12,2023-11-26,Cancelled,1
3588,2978,3,2024-07-08,NULL,Active,1
3589,2979,2,2023-01-07,NULL,Active,1
3590,2980,3,2021-05-09,NULL,Active,1
3591,2981,3,2026-06-06,NULL,Active,1
3592,2982,1,2021-01-21,NULL,Active,1
3593,2983,1,2022-05-14,NULL,Active,0
3594,2984,2,2021-04-05,NULL,Active,1
3595,2985,3,2023-06-05,2024-02-18,Cancelled,0
3596,2986,3,2021-05-01,NULL,Active,0
3597,2987,5,2021-12-08,NULL,Active,1
3598,2988,2,2024-01-02,2024-05-29,Expired,1
3599,2988,2,2024-06-07,NULL,Active,1
3600,2989,2,2022-01-12,NULL,Active,1
3601,2990,3,2024-04-20,2025-01-31,Expired,1
3602,2990,3,2025-02-03,2025-06-20,Cancelled,1
3603,2991,5,2025-11-22,NULL,Active,0
3604,2992,2,2023-10-22,2024-06-03,Cancelled,1
3605,2993,5,2025-05-29,NULL,Active,1
3606,2994,4,2024-06-30,NULL,Active,1
3607,2995,1,2025-11-11,NULL,Active,1
3608,2996,5,2024-01-18,2024-10-17,Expired,1
3609,2996,5,2024-10-26,2025-11-11,Cancelled,1
3610,2997,2,2025-04-18,2025-08-01,Cancelled,1
3611,2998,1,2024-12-16,2025-02-01,Cancelled,0
3612,2999,4,2026-01-15,NULL,Active,1
3613,3000,1,2023-11-03,NULL,Active,0
3614,3001,1,2024-12-13,2025-01-14,Cancelled,1
3615,3002,3,2023-01-07,2023-03-29,Cancelled,1
3616,3003,1,2025-01-05,2025-08-03,Expired,0
3617,3003,1,2025-08-04,NULL,Active,1
3618,3004,1,2025-03-03,2025-05-17,Cancelled,1
3619,3005,5,2022-05-16,2023-06-24,Cancelled,1
3620,3006,5,2024-09-09,2025-07-03,Expired,1
3621,3006,5,2025-07-05,NULL,Active,0
3622,3007,4,2024-08-10,2026-01-15,Cancelled,0
3623,3008,4,2025-04-29,2025-10-17,Expired,0
3624,3008,4,2025-10-25,NULL,Active,1
3625,3009,2,2023-06-10,NULL,Active,1
3626,3010,5,2021-11-03,2022-08-23,Expired,1
3627,3010,5,2022-08-24,2023-05-25,Cancelled,0
3628,3011,3,2025-11-18,2026-08-16,Cancelled,0
3629,3012,2,2023-03-19,NULL,Active,1
3630,3013,4,2021-07-11,2022-04-03,Expired,1
3631,3013,4,2022-04-04,NULL,Active,1
3632,3014,1,2022-05-24,NULL,Active,1
3633,3015,5,2024-08-31,2025-01-01,Cancelled,1
3634,3016,1,2021-03-29,2022-02-14,Cancelled,1
3635,3017,2,2021-01-20,NULL,Active,1
3636,3018,3,2025-07-08,NULL,Active,1
3637,3019,4,2021-06-10,2021-09-05,Expired,0
3638,3019,4,2021-09-07,2022-09-20,Cancelled,1
3639,3020,1,2021-10-12,NULL,Active,1
3640,3021,3,2024-05-17,NULL,Active,1
3641,3022,3,2025-06-28,2026-04-14,Expired,0
3642,3022,3,2026-04-22,NULL,Active,0
3643,3023,5,2026-07-16,2027-07-11,Expired,1
3644,3023,5,2027-07-14,NULL,Active,1
3645,3024,1,2024-05-07,NULL,Active,1
3646,3025,1,2022-05-13,2023-05-24,Expired,1
3647,3025,1,2023-06-01,2023-08-24,Cancelled,1
3648,3026,4,2021-04-30,NULL,Active,0
3649,3027,5,2022-07-23,NULL,Active,1
3650,3028,1,2023-07-17,2024-02-21,Expired,0
3651,3028,1,2024-02-28,2024-04-24,Cancelled,0
3652,3029,4,2025-02-19,2026-07-28,Cancelled,1
3653,3030,5,2023-11-30,2023-12-31,Cancelled,1
3654,3031,1,2024-05-31,2025-07-17,Cancelled,1
3655,3032,2,2025-04-04,2025-06-26,Cancelled,1
3656,3033,5,2022-07-19,NULL,Active,0
3657,3034,3,2022-06-02,NULL,Active,1
3658,3035,2,2025-08-20,2025-12-29,Cancelled,1
3659,3036,5,2023-09-13,NULL,Active,1
3660,3037,3,2024-02-24,NULL,Active,1
3661,3038,4,2023-07-15,NULL,Active,1
3662,3039,1,2021-12-06,2022-03-06,Expired,1
3663,3039,1,2022-03-15,NULL,Active,0
3664,3040,3,2023-04-24,2024-02-03,Cancelled,1
3665,3041,1,2026-07-19,2026-08-26,Cancelled,1
3666,3042,1,2023-06-05,2024-10-03,Cancelled,1
3667,3043,4,2026-06-21,2026-09-03,Expired,1
3668,3043,4,2026-09-07,NULL,Active,0
3669,3044,2,2024-07-07,NULL,Active,1
3670,3045,2,2022-09-23,NULL,Active,1
3671,3046,1,2023-06-16,2023-07-28,Cancelled,1
3672,3047,4,2023-04-12,NULL,Active,1
3673,3048,1,2024-02-13,NULL,Active,1
3674,3049,2,2022-02-23,NULL,Active,1
3675,3050,2,2022-03-28,NULL,Active,0
3676,3051,2,2023-02-06,NULL,Active,1
3677,3052,5,2026-01-29,2026-06-01,Cancelled,1
3678,3053,3,2021-12-11,NULL,Active,1
3679,3054,3,2022-09-09,NULL,Active,1
3680,3055,5,2024-09-28,NULL,Active,1
3681,3056,2,2025-02-23,NULL,Active,1
3682,3057,5,2025-09-27,2026-01-30,Expired,1
3683,3057,5,2026-01-31,NULL,Active,1
3684,3058,3,2025-07-08,2026-08-08,Expired,1
3685,3058,3,2026-08-09,NULL,Active,1
3686,3059,2,2026-07-15,NULL,Active,1
3687,3060,5,2021-07-24,NULL,Active,1
3688,3061,2,2023-06-19,2024-07-04,Expired,1
3689,3061,2,2024-07-07,NULL,Active,1
3690,3062,3,2023-12-27,NULL,Active,1
3691,3063,1,2022-02-18,2023-01-04,Expired,1
3692,3063,1,2023-01-14,NULL,Active,0
3693,3064,2,2025-07-16,NULL,Active,1
3694,3065,2,2023-06-20,2024-10-31,Cancelled,0
3695,3066,3,2026-07-22,2026-08-22,Cancelled,1
3696,3067,3,2024-11-24,2025-01-27,Expired,0
3697,3067,3,2025-02-06,2026-07-29,Cancelled,1
3698,3068,4,2024-03-25,NULL,Active,0
3699,3069,3,2023-01-29,2023-12-09,Expired,0
3700,3069,3,2023-12-19,NULL,Active,1
3701,3070,5,2026-05-07,NULL,Active,1
3702,3071,4,2022-11-29,2022-12-19,Cancelled,1
3703,3072,3,2022-11-14,NULL,Active,1
3704,3073,5,2022-08-04,2022-09-18,Cancelled,1
3705,3074,1,2025-10-19,2026-02-03,Cancelled,1
3706,3075,2,2023-12-17,NULL,Active,1
3707,3076,2,2024-12-13,2025-08-21,Cancelled,1
3708,3077,2,2026-06-24,NULL,Active,1
3709,3078,2,2021-07-05,NULL,Active,0
3710,3079,5,2023-07-25,2024-02-04,Expired,1
3711,3079,5,2024-02-09,NULL,Active,1
3712,3080,5,2022-08-24,NULL,Active,1
3713,3081,2,2024-10-06,2024-12-23,Cancelled,1
3714,3082,1,2023-11-21,2024-02-15,Cancelled,1
3715,3083,2,2025-02-01,NULL,Active,1
3716,3084,4,2024-05-18,NULL,Active,1
3717,3085,1,2026-06-07,2026-07-09,Cancelled,0
3718,3086,1,2021-03-26,NULL,Active,1
3719,3087,1,2022-08-04,2022-12-11,Expired,1
3720,3087,1,2022-12-20,NULL,Active,1
3721,3088,1,2023-09-28,NULL,Active,1
3722,3089,5,2025-01-12,NULL,Active,1
3723,3090,4,2023-03-05,NULL,Active,0
3724,3091,4,2024-01-27,2024-09-13,Cancelled,1
3725,3092,2,2026-01-15,2026-11-04,Expired,1
3726,3092,2,2026-11-07,NULL,Active,0
3727,3093,5,2024-11-29,2025-11-20,Expired,1
3728,3093,5,2025-11-22,NULL,Active,1
3729,3094,1,2025-09-06,2025-10-06,Cancelled,0
3730,3095,3,2021-06-18,NULL,Active,1
3731,3096,5,2022-05-19,NULL,Active,0
3732,3097,3,2024-11-22,NULL,Active,1
3733,3098,3,2026-08-06,2026-09-01,Cancelled,1
3734,3099,5,2022-09-08,2024-04-26,Cancelled,1
3735,3100,2,2022-10-29,2023-04-23,Expired,1
3736,3100,2,2023-04-26,NULL,Active,0
3737,3101,2,2021-09-22,2022-01-03,Expired,1
3738,3101,2,2022-01-12,2022-02-22,Cancelled,1
3739,3102,5,2021-06-17,NULL,Active,1
3740,3103,5,2022-05-21,NULL,Active,1
3741,3104,1,2021-01-21,NULL,Active,1
3742,3105,1,2021-07-24,NULL,Active,1
3743,3106,2,2024-03-06,2025-02-28,Expired,1
3744,3106,2,2025-03-06,2025-05-22,Cancelled,1
3745,3107,2,2022-09-28,2023-08-26,Cancelled,0
3746,3108,3,2022-08-08,NULL,Active,1
3747,3109,2,2021-11-27,NULL,Active,1
3748,3110,4,2026-04-23,2026-11-13,Expired,1
3749,3110,4,2026-11-21,NULL,Active,1
3750,3111,1,2025-09-27,NULL,Active,1
3751,3112,1,2024-05-22,2024-08-14,Expired,0
3752,3112,1,2024-08-23,NULL,Active,0
3753,3113,4,2025-11-21,NULL,Active,0
3754,3114,3,2022-07-25,NULL,Active,1
3755,3115,5,2022-07-10,NULL,Active,1
3756,3116,3,2024-05-18,NULL,Active,0
3757,3117,2,2026-03-04,2027-03-17,Expired,1
3758,3117,2,2027-03-24,NULL,Active,1
3759,3118,4,2025-11-25,NULL,Active,1
3760,3119,1,2025-12-16,2026-03-09,Cancelled,1
3761,3120,3,2025-01-04,NULL,Active,1
3762,3121,3,2026-03-26,2027-01-29,Expired,0
3763,3121,3,2027-02-03,2027-02-18,Cancelled,1
3764,3122,3,2021-04-24,NULL,Active,0
3765,3123,4,2021-12-29,2023-08-09,Cancelled,0
3766,3124,3,2023-09-21,NULL,Active,1
3767,3125,1,2022-06-06,NULL,Active,0
3768,3126,4,2024-04-16,NULL,Active,1
3769,3127,1,2025-07-09,NULL,Active,0
3770,3128,5,2026-03-01,2026-07-15,Cancelled,1
3771,3129,5,2024-01-12,NULL,Active,0
3772,3130,3,2022-02-03,NULL,Active,1
3773,3131,3,2024-09-19,2025-06-30,Expired,1
3774,3131,3,2025-07-05,NULL,Active,0
3775,3132,1,2021-08-06,NULL,Active,1
3776,3133,4,2022-08-14,NULL,Active,0
3777,3134,3,2022-07-13,NULL,Active,0
3778,3135,5,2024-05-17,2026-08-06,Cancelled,1
3779,3136,2,2026-06-10,2026-10-08,Expired,1
3780,3136,2,2026-10-14,NULL,Active,0
3781,3137,4,2022-04-15,2022-09-01,Expired,1
3782,3137,4,2022-09-02,NULL,Active,1
3783,3138,5,2022-05-11,NULL,Active,1
3784,3139,5,2023-04-17,2024-03-09,Cancelled,1
3785,3140,1,2025-12-23,NULL,Active,1
3786,3141,3,2024-05-13,2024-10-28,Expired,0
3787,3141,3,2024-11-07,NULL,Active,1
3788,3142,2,2023-08-21,NULL,Active,1
3789,3143,1,2025-12-04,2026-12-25,Expired,0
3790,3143,1,2026-12-31,NULL,Active,1
3791,3144,2,2025-11-06,NULL,Active,1
3792,3145,5,2023-01-27,2023-11-10,Expired,0
3793,3145,5,2023-11-11,NULL,Active,0
3794,3146,1,2022-12-01,2023-06-27,Cancelled,1
3795,3147,2,2023-04-01,2023-06-26,Expired,1
3796,3147,2,2023-07-06,2023-10-22,Cancelled,0
3797,3148,4,2024-03-31,2026-01-27,Cancelled,0
3798,3149,2,2026-07-13,2027-05-13,Expired,0
3799,3149,2,2027-05-18,NULL,Active,1
3800,3150,3,2025-05-22,NULL,Active,0
3801,3151,4,2026-03-16,2026-08-16,Cancelled,0
3802,3152,2,2021-04-25,NULL,Active,1
3803,3153,1,2025-05-15,NULL,Active,0
3804,3154,2,2021-05-20,NULL,Active,1
3805,3155,1,2025-12-26,2026-03-07,Cancelled,1
3806,3156,1,2026-04-01,NULL,Active,1
3807,3157,2,2021-02-07,2021-04-11,Expired,1
3808,3157,2,2021-04-16,2022-01-20,Cancelled,1
3809,3158,1,2023-05-14,NULL,Active,1
3810,3159,1,2025-05-19,NULL,Active,0
3811,3160,4,2022-09-13,2023-05-22,Cancelled,1
3812,3161,3,2024-10-21,NULL,Active,0
3813,3162,4,2024-02-15,2024-11-22,Expired,0
3814,3162,4,2024-11-29,NULL,Active,1
3815,3163,4,2021-10-07,2022-06-04,Expired,1
3816,3163,4,2022-06-05,2023-06-05,Cancelled,1
3817,3164,3,2026-04-17,2026-07-22,Expired,0
3818,3164,3,2026-07-28,NULL,Active,1
3819,3165,3,2023-11-28,NULL,Active,0
3820,3166,5,2024-11-26,NULL,Active,0
3821,3167,2,2021-10-04,2021-12-30,Cancelled,1
3822,3168,5,2023-08-08,2024-02-13,Cancelled,0
3823,3169,4,2026-08-08,2026-09-04,Cancelled,0
3824,3170,4,2023-08-07,2023-09-13,Cancelled,1
3825,3171,1,2022-12-14,2023-08-30,Cancelled,1
3826,3172,1,2021-09-21,2022-08-07,Expired,1
3827,3172,1,2022-08-08,NULL,Active,0
3828,3173,3,2022-04-14,NULL,Active,1
3829,3174,5,2025-12-14,NULL,Active,1
3830,3175,3,2022-12-14,NULL,Active,1
3831,3176,1,2025-03-27,NULL,Active,0
3832,3177,3,2023-03-30,NULL,Active,1
3833,3178,3,2025-11-28,NULL,Active,1
3834,3179,5,2023-04-05,NULL,Active,1
3835,3180,3,2023-02-27,NULL,Active,0
3836,3181,5,2022-01-30,NULL,Active,1
3837,3182,5,2021-01-22,NULL,Active,0
3838,3183,3,2021-10-22,NULL,Active,1
3839,3184,3,2026-07-26,2026-10-17,Expired,1
3840,3184,3,2026-10-27,NULL,Active,1
3841,3185,4,2026-04-25,NULL,Active,1
3842,3186,4,2022-07-19,NULL,Active,1
3843,3187,4,2025-03-21,2026-02-18,Expired,1
3844,3187,4,2026-02-21,NULL,Active,0
3845,3188,5,2022-06-05,2023-04-09,Expired,0
3846,3188,5,2023-04-13,NULL,Active,0
3847,3189,4,2022-04-29,NULL,Active,1
3848,3190,1,2024-09-17,2025-10-17,Expired,0
3849,3190,1,2025-10-19,2025-12-02,Cancelled,1
3850,3191,2,2023-10-27,NULL,Active,1
3851,3192,1,2021-10-06,2022-06-10,Expired,1
3852,3192,1,2022-06-20,2022-08-14,Cancelled,1
3853,3193,3,2023-09-16,2024-06-15,Expired,1
3854,3193,3,2024-06-18,NULL,Active,1
3855,3194,1,2024-07-02,NULL,Active,1
3856,3195,2,2022-03-31,NULL,Active,1
3857,3196,1,2021-05-03,2021-09-29,Cancelled,0
3858,3197,5,2023-12-05,2024-01-16,Cancelled,0
3859,3198,5,2022-07-25,2023-02-10,Expired,1
3860,3198,5,2023-02-11,2023-05-09,Cancelled,1
3861,3199,4,2021-09-13,2023-06-04,Cancelled,1
3862,3200,5,2021-05-25,NULL,Active,0
3863,3201,1,2021-11-27,2022-03-25,Cancelled,1
3864,3202,4,2024-01-14,NULL,Active,1
3865,3203,3,2021-05-26,2021-10-13,Cancelled,0
3866,3204,4,2024-12-05,2025-01-22,Cancelled,0
3867,3205,4,2023-07-22,2024-02-25,Expired,1
3868,3205,4,2024-03-01,NULL,Active,0
3869,3206,1,2023-03-15,NULL,Active,0
3870,3207,1,2021-03-16,NULL,Active,1
3871,3208,5,2025-05-05,2025-08-19,Cancelled,0
3872,3209,1,2025-10-27,NULL,Active,1
3873,3210,2,2022-07-19,2023-01-08,Expired,1
3874,3210,2,2023-01-18,NULL,Active,1
3875,3211,4,2025-02-15,NULL,Active,1
3876,3212,5,2025-11-24,2026-08-08,Cancelled,1
3877,3213,5,2022-01-12,2022-07-04,Expired,0
3878,3213,5,2022-07-06,NULL,Active,1
3879,3214,2,2025-08-19,2026-02-19,Expired,1
3880,3214,2,2026-02-25,NULL,Active,0
3881,3215,1,2021-07-07,2021-10-18,Expired,1
3882,3215,1,2021-10-25,NULL,Active,1
3883,3216,2,2021-08-21,NULL,Active,0
3884,3217,3,2025-12-02,2026-05-07,Cancelled,1
3885,3218,2,2024-07-10,2025-02-20,Cancelled,1
3886,3219,1,2024-04-12,2026-04-21,Cancelled,1
3887,3220,2,2026-05-15,NULL,Active,0
3888,3221,4,2021-11-09,2022-03-22,Cancelled,1
3889,3222,3,2026-07-21,2026-08-18,Cancelled,1
3890,3223,1,2023-06-22,NULL,Active,1
3891,3224,4,2025-02-11,NULL,Active,1
3892,3225,5,2024-01-01,NULL,Active,0
3893,3226,4,2022-03-04,2022-11-08,Expired,0
3894,3226,4,2022-11-10,2023-02-17,Cancelled,1
3895,3227,3,2026-06-15,NULL,Active,1
3896,3228,2,2022-07-16,2023-01-28,Cancelled,0
3897,3229,3,2023-05-14,NULL,Active,1
3898,3230,3,2021-05-27,2021-08-30,Cancelled,1
3899,3231,4,2026-02-02,NULL,Active,1
3900,3232,5,2021-05-19,NULL,Active,1
3901,3233,4,2025-04-23,NULL,Active,1
3902,3234,2,2024-02-18,2024-07-27,Cancelled,0
3903,3235,3,2021-03-19,2021-09-13,Cancelled,1
3904,3236,3,2021-07-01,NULL,Active,1
3905,3237,2,2023-01-26,2024-03-22,Cancelled,0
3906,3238,3,2021-08-03,NULL,Active,1
3907,3239,1,2024-11-25,NULL,Active,1
3908,3240,5,2023-12-12,NULL,Active,1
3909,3241,2,2024-10-28,2024-11-24,Cancelled,1
3910,3242,2,2025-10-18,2026-05-10,Cancelled,1
3911,3243,4,2022-03-24,2022-06-05,Expired,0
3912,3243,4,2022-06-12,NULL,Active,1
3913,3244,2,2026-03-14,NULL,Active,0
3914,3245,5,2023-12-02,2025-01-01,Expired,1
3915,3245,5,2025-01-09,NULL,Active,0
3916,3246,4,2023-09-03,2024-06-02,Cancelled,1
3917,3247,4,2024-01-29,2024-09-03,Expired,1
3918,3247,4,2024-09-10,NULL,Active,1
3919,3248,5,2024-04-26,2025-01-24,Cancelled,1
3920,3249,5,2021-06-08,NULL,Active,1
3921,3250,4,2024-01-06,NULL,Active,1
3922,3251,4,2021-02-20,NULL,Active,1
3923,3252,2,2024-08-07,2025-03-22,Expired,0
3924,3252,2,2025-03-25,NULL,Active,0
3925,3253,2,2026-03-11,2026-07-09,Cancelled,1
3926,3254,4,2026-03-26,NULL,Active,1
3927,3255,3,2023-06-12,NULL,Active,0
3928,3256,4,2021-11-22,2022-01-14,Cancelled,0
3929,3257,5,2024-07-10,NULL,Active,0
3930,3258,5,2023-11-23,NULL,Active,1
3931,3259,3,2022-06-06,2022-12-13,Expired,1
3932,3259,3,2022-12-17,NULL,Active,1
3933,3260,1,2022-08-25,NULL,Active,1
3934,3261,4,2023-08-12,2024-03-12,Expired,1
3935,3261,4,2024-03-13,2025-10-23,Cancelled,1
3936,3262,5,2023-01-25,2023-12-02,Cancelled,1
3937,3263,5,2024-07-23,2025-03-03,Cancelled,0
3938,3264,5,2021-09-07,2022-01-25,Expired,1
3939,3264,5,2022-01-26,2022-03-31,Cancelled,1
3940,3265,1,2021-03-08,2021-07-02,Cancelled,1
3941,3266,2,2021-07-03,NULL,Active,1
3942,3267,1,2022-03-24,2022-10-06,Cancelled,1
3943,3268,2,2022-04-09,NULL,Active,0
3944,3269,4,2023-04-16,NULL,Active,1
3945,3270,5,2025-08-31,2026-01-18,Cancelled,1
3946,3271,3,2024-03-05,NULL,Active,1
3947,3272,1,2025-01-15,NULL,Active,1
3948,3273,4,2026-04-12,NULL,Active,1
3949,3274,2,2022-10-19,2023-09-15,Expired,1
3950,3274,2,2023-09-20,NULL,Active,1
3951,3275,5,2022-09-07,2023-05-15,Expired,1
3952,3275,5,2023-05-21,NULL,Active,1
3953,3276,4,2023-05-17,NULL,Active,1
3954,3277,4,2024-11-10,2025-10-18,Expired,0
3955,3277,4,2025-10-19,2026-03-06,Cancelled,1
3956,3278,3,2021-05-14,NULL,Active,1
3957,3279,5,2025-04-10,2026-04-26,Expired,1
3958,3279,5,2026-04-29,2026-06-09,Cancelled,1
3959,3280,1,2023-07-09,NULL,Active,1
3960,3281,2,2025-09-09,2025-10-29,Cancelled,1
3961,3282,2,2021-07-30,NULL,Active,1
3962,3283,2,2025-12-12,2026-08-23,Cancelled,1
3963,3284,5,2024-04-15,2024-09-07,Expired,0
3964,3284,5,2024-09-15,NULL,Active,1
3965,3285,1,2025-01-22,2025-10-22,Cancelled,1
3966,3286,5,2022-04-18,2022-05-10,Cancelled,1
3967,3287,2,2025-08-07,NULL,Active,1
3968,3288,4,2021-11-10,NULL,Active,1
3969,3289,2,2023-08-02,NULL,Active,1
3970,3290,4,2022-05-29,NULL,Active,1
3971,3291,2,2022-07-20,2022-08-16,Cancelled,1
3972,3292,5,2024-10-31,NULL,Active,1
3973,3293,3,2025-08-01,NULL,Active,1
3974,3294,1,2026-07-18,NULL,Active,1
3975,3295,5,2026-02-03,NULL,Active,0
3976,3296,1,2025-09-11,NULL,Active,1
3977,3297,4,2022-02-18,NULL,Active,1
3978,3298,5,2021-04-09,2021-05-22,Cancelled,0
3979,3299,3,2022-06-27,2023-02-09,Expired,1
3980,3299,3,2023-02-11,2023-08-12,Cancelled,0
3981,3300,4,2025-09-26,NULL,Active,1
3982,3301,5,2023-09-16,NULL,Active,1
3983,3302,2,2024-10-11,2025-04-05,Cancelled,1
3984,3303,1,2022-03-18,2022-12-31,Cancelled,1
3985,3304,1,2024-12-24,2025-02-09,Cancelled,1
3986,3305,4,2025-11-20,2026-09-11,Expired,1
3987,3305,4,2026-09-18,NULL,Active,1
3988,3306,5,2023-01-22,NULL,Active,0
3989,3307,5,2021-12-10,NULL,Active,0
3990,3308,2,2025-02-24,2025-11-26,Cancelled,1
3991,3309,3,2025-04-03,2026-01-09,Cancelled,1
3992,3310,1,2024-02-19,2024-09-06,Expired,1
3993,3310,1,2024-09-13,NULL,Active,0
3994,3311,4,2026-07-14,NULL,Active,1
3995,3312,5,2025-10-14,2026-09-28,Expired,0
3996,3312,5,2026-09-29,2026-10-14,Cancelled,0
3997,3313,4,2024-07-28,NULL,Active,0
3998,3314,4,2023-05-13,2023-11-14,Cancelled,1
3999,3315,3,2024-07-11,2025-05-25,Expired,1
4000,3315,3,2025-06-02,2026-05-19,Cancelled,1
4001,3316,1,2022-11-10,NULL,Active,1
4002,3317,5,2026-06-17,NULL,Active,0
4003,3318,2,2024-03-27,NULL,Active,1
4004,3319,4,2023-08-07,2024-01-11,Expired,1
4005,3319,4,2024-01-17,NULL,Active,0
4006,3320,1,2022-01-29,NULL,Active,1
4007,3321,5,2022-11-23,NULL,Active,0
4008,3322,2,2023-03-11,NULL,Active,1
4009,3323,4,2025-02-22,2025-07-03,Cancelled,1
4010,3324,4,2025-10-13,NULL,Active,1
4011,3325,5,2022-06-01,NULL,Active,0
4012,3326,4,2022-05-07,NULL,Active,1
4013,3327,4,2023-12-14,NULL,Active,1
4014,3328,2,2022-04-23,2023-01-07,Expired,1
4015,3328,2,2023-01-08,NULL,Active,1
4016,3329,4,2021-11-01,2022-01-15,Cancelled,1
4017,3330,3,2024-10-05,2025-10-06,Cancelled,1
4018,3331,4,2021-10-31,NULL,Active,0
4019,3332,2,2021-06-07,2022-03-29,Expired,1
4020,3332,2,2022-04-03,2022-09-01,Cancelled,1
4021,3333,2,2024-07-24,2024-08-29,Cancelled,1
4022,3334,3,2021-02-02,2022-01-18,Expired,1
4023,3334,3,2022-01-26,2022-12-02,Cancelled,1
4024,3335,5,2025-03-21,2026-02-06,Cancelled,0
4025,3336,1,2023-12-23,2024-05-25,Cancelled,0
4026,3337,4,2023-02-06,NULL,Active,0
4027,3338,2,2022-06-24,NULL,Active,1
4028,3339,2,2023-05-28,NULL,Active,0
4029,3340,3,2026-07-03,NULL,Active,1
4030,3341,3,2022-12-31,2023-06-25,Cancelled,1
4031,3342,5,2025-04-07,2025-10-20,Cancelled,1
4032,3343,5,2024-11-29,NULL,Active,1
4033,3344,1,2024-05-14,NULL,Active,1
4034,3345,3,2026-07-01,2026-09-01,Cancelled,0
4035,3346,3,2025-01-02,2025-03-30,Cancelled,1
4036,3347,4,2022-01-31,NULL,Active,0
4037,3348,1,2025-09-15,NULL,Active,0
4038,3349,2,2025-10-07,NULL,Active,1
4039,3350,2,2024-07-30,NULL,Active,0
4040,3351,5,2025-06-19,2026-03-03,Expired,1
4041,3351,5,2026-03-04,NULL,Active,0
4042,3352,1,2026-06-27,2026-10-07,Expired,1
4043,3352,1,2026-10-17,2026-11-01,Cancelled,1
4044,3353,1,2021-04-29,NULL,Active,1
4045,3354,4,2023-06-01,NULL,Active,1
4046,3355,2,2024-08-16,2025-07-27,Expired,0
4047,3355,2,2025-08-05,NULL,Active,1
4048,3356,2,2025-08-12,2026-03-15,Cancelled,1
4049,3357,3,2025-06-21,NULL,Active,0
4050,3358,4,2026-06-12,NULL,Active,0
4051,3359,5,2021-07-06,2021-10-05,Expired,1
4052,3359,5,2021-10-10,2021-11-29,Cancelled,1
4053,3360,1,2023-06-26,2023-12-31,Cancelled,1
4054,3361,3,2023-04-25,2024-04-03,Cancelled,1
4055,3362,4,2024-09-12,NULL,Active,0
4056,3363,5,2021-03-23,NULL,Active,1
4057,3364,3,2022-01-05,NULL,Active,0
4058,3365,5,2021-09-17,NULL,Active,1
4059,3366,4,2023-05-13,2024-04-12,Cancelled,1
4060,3367,2,2022-10-06,NULL,Active,1
4061,3368,3,2024-04-03,2024-12-09,Cancelled,1
4062,3369,1,2025-08-21,2026-07-29,Expired,0
4063,3369,1,2026-08-08,NULL,Active,0
4064,3370,4,2021-02-25,NULL,Active,0
4065,3371,2,2022-02-24,NULL,Active,0
4066,3372,1,2021-06-23,2021-10-02,Expired,1
4067,3372,1,2021-10-04,NULL,Active,1
4068,3373,1,2021-04-10,2021-10-11,Cancelled,1
4069,3374,1,2021-05-19,NULL,Active,1
4070,3375,3,2025-03-28,2026-04-04,Cancelled,1
4071,3376,2,2024-01-11,NULL,Active,1
4072,3377,4,2025-08-29,NULL,Active,1
4073,3378,1,2022-09-14,2023-06-14,Expired,1
4074,3378,1,2023-06-20,NULL,Active,0
4075,3379,2,2025-05-22,NULL,Active,1
4076,3380,2,2024-08-18,2025-06-11,Cancelled,1
4077,3381,1,2024-05-22,NULL,Active,1
4078,3382,2,2022-02-13,2023-02-09,Expired,1
4079,3382,2,2023-02-19,NULL,Active,1
4080,3383,5,2026-04-15,NULL,Active,0
4081,3384,3,2022-01-17,2023-01-31,Expired,0
4082,3384,3,2023-02-08,2023-03-22,Cancelled,1
4083,3385,3,2024-02-15,NULL,Active,1
4084,3386,5,2023-09-29,2024-01-06,Cancelled,1
4085,3387,5,2025-06-01,NULL,Active,1
4086,3388,2,2026-01-27,2026-05-02,Expired,1
4087,3388,2,2026-05-12,NULL,Active,0
4088,3389,4,2025-06-16,NULL,Active,1
4089,3390,4,2026-05-07,2026-08-25,Cancelled,1
4090,3391,5,2024-09-23,2025-06-16,Cancelled,1
4091,3392,1,2022-01-26,NULL,Active,0
4092,3393,2,2026-06-30,NULL,Active,0
4093,3394,3,2022-08-02,2023-01-05,Expired,1
4094,3394,3,2023-01-14,NULL,Active,1
4095,3395,3,2023-08-11,NULL,Active,1
4096,3396,4,2025-08-14,NULL,Active,0
4097,3397,1,2022-09-09,2023-03-06,Expired,1
4098,3397,1,2023-03-15,2024-04-15,Cancelled,1
4099,3398,3,2025-07-24,NULL,Active,0
4100,3399,1,2026-06-25,NULL,Active,1
4101,3400,1,2023-08-24,NULL,Active,1
4102,3401,2,2021-11-30,2022-08-18,Cancelled,0
4103,3402,4,2025-03-19,NULL,Active,0
4104,3403,3,2022-05-13,NULL,Active,1
4105,3404,3,2022-04-11,NULL,Active,1
4106,3405,2,2022-12-01,NULL,Active,1
4107,3406,5,2022-07-27,NULL,Active,1
4108,3407,2,2025-06-24,NULL,Active,1
4109,3408,1,2025-11-19,2026-12-03,Expired,1
4110,3408,1,2026-12-13,2026-12-28,Cancelled,1
4111,3409,5,2024-08-13,NULL,Active,1
4112,3410,2,2022-11-11,NULL,Active,1
4113,3411,2,2023-04-18,NULL,Active,1
4114,3412,3,2023-10-27,2024-06-15,Expired,1
4115,3412,3,2024-06-23,NULL,Active,1
4116,3413,2,2024-09-14,2025-01-15,Cancelled,1
4117,3414,1,2022-11-04,NULL,Active,1
4118,3415,3,2021-02-10,2021-06-30,Expired,1
4119,3415,3,2021-07-07,NULL,Active,1
4120,3416,5,2022-09-08,2023-03-17,Expired,1
4121,3416,5,2023-03-25,NULL,Active,0
4122,3417,2,2024-07-01,NULL,Active,1
4123,3418,4,2022-01-20,NULL,Active,1
4124,3419,3,2022-01-23,2022-08-15,Cancelled,1
4125,3420,4,2022-10-03,2023-04-21,Cancelled,1
4126,3421,5,2023-07-15,2024-07-17,Expired,1
4127,3421,5,2024-07-19,2025-07-16,Cancelled,1
4128,3422,3,2023-03-01,NULL,Active,1
4129,3423,3,2024-06-06,NULL,Active,1
4130,3424,2,2023-11-10,2024-05-20,Expired,1
4131,3424,2,2024-05-26,2024-08-26,Cancelled,1
4132,3425,5,2021-11-14,2021-12-01,Cancelled,0
4133,3426,3,2023-06-06,2024-04-24,Cancelled,0
4134,3427,2,2022-02-24,2023-02-25,Cancelled,1
4135,3428,1,2025-04-18,NULL,Active,1
4136,3429,4,2024-02-10,NULL,Active,0
4137,3430,2,2023-05-08,NULL,Active,1
4138,3431,2,2023-06-06,2024-04-21,Cancelled,1
4139,3432,5,2022-08-11,NULL,Active,1
4140,3433,4,2024-08-17,2025-03-30,Expired,1
4141,3433,4,2025-04-07,NULL,Active,1
4142,3434,3,2025-12-06,NULL,Active,1
4143,3435,2,2024-09-01,NULL,Active,0
4144,3436,5,2023-09-14,2024-09-11,Cancelled,1
4145,3437,5,2025-04-29,NULL,Active,0
4146,3438,1,2024-06-30,NULL,Active,0
4147,3439,4,2021-11-17,NULL,Active,1
4148,3440,1,2024-02-12,NULL,Active,1
4149,3441,4,2025-12-14,NULL,Active,1
4150,3442,5,2022-05-08,2023-02-03,Expired,1
4151,3442,5,2023-02-05,2023-04-14,Cancelled,1
4152,3443,2,2022-12-31,NULL,Active,1
4153,3444,5,2024-11-18,NULL,Active,0
4154,3445,1,2023-02-22,2023-06-26,Cancelled,0
4155,3446,4,2021-02-13,NULL,Active,0
4156,3447,5,2023-03-10,NULL,Active,0
4157,3448,2,2024-09-07,NULL,Active,1
4158,3449,1,2021-02-23,NULL,Active,1
4159,3450,3,2024-02-01,NULL,Active,1
4160,3451,2,2021-06-29,NULL,Active,1
4161,3452,4,2024-01-29,2024-03-18,Cancelled,0
4162,3453,1,2021-05-05,NULL,Active,1
4163,3454,5,2026-02-05,NULL,Active,0
4164,3455,2,2022-03-02,NULL,Active,1
4165,3456,5,2022-09-20,NULL,Active,0
4166,3457,1,2022-06-24,2022-07-12,Cancelled,0
4167,3458,4,2021-08-18,NULL,Active,0
4168,3459,4,2024-07-11,NULL,Active,1
4169,3460,2,2023-03-07,NULL,Active,1
4170,3461,1,2024-09-24,NULL,Active,1
4171,3462,2,2025-02-09,2025-07-23,Expired,1
4172,3462,2,2025-07-27,2025-10-15,Cancelled,1
4173,3463,3,2025-09-02,2026-02-14,Expired,1
4174,3463,3,2026-02-17,NULL,Active,1
4175,3464,3,2021-09-24,2022-09-04,Expired,1
4176,3464,3,2022-09-05,2022-09-21,Cancelled,0
4177,3465,4,2023-12-29,2024-12-10,Expired,1
4178,3465,4,2024-12-14,NULL,Active,1
4179,3466,1,2021-07-02,NULL,Active,1
4180,3467,4,2025-08-04,NULL,Active,1
4181,3468,4,2024-06-28,NULL,Active,0
4182,3469,5,2022-04-28,2022-08-04,Cancelled,1
4183,3470,5,2021-12-19,NULL,Active,1
4184,3471,2,2022-04-22,2022-07-16,Expired,1
4185,3471,2,2022-07-26,NULL,Active,1
4186,3472,1,2023-01-31,2023-07-21,Expired,1
4187,3472,1,2023-07-25,NULL,Active,1
4188,3473,2,2022-11-25,2023-02-12,Cancelled,0
4189,3474,4,2026-03-01,2026-10-22,Expired,1
4190,3474,4,2026-10-26,NULL,Active,1
4191,3475,3,2024-06-14,NULL,Active,1
4192,3476,4,2022-06-28,2023-08-24,Cancelled,1
4193,3477,3,2024-03-21,NULL,Active,1
4194,3478,2,2024-07-16,NULL,Active,1
4195,3479,5,2024-01-23,2024-02-09,Cancelled,1
4196,3480,4,2023-11-29,NULL,Active,1
4197,3481,2,2022-01-14,2022-09-11,Cancelled,0
4198,3482,5,2025-01-29,2025-06-06,Expired,0
4199,3482,5,2025-06-08,2026-04-09,Cancelled,1
4200,3483,1,2026-01-16,2026-12-30,Expired,1
4201,3483,1,2027-01-08,NULL,Active,1
4202,3484,5,2021-05-31,2022-03-04,Cancelled,1
4203,3485,4,2023-05-13,NULL,Active,0
4204,3486,3,2024-03-28,2024-05-16,Cancelled,1
4205,3487,3,2024-01-07,NULL,Active,1
4206,3488,2,2023-11-24,2024-12-21,Expired,1
4207,3488,2,2024-12-31,NULL,Active,1
4208,3489,4,2021-05-09,2022-04-30,Expired,1
4209,3489,4,2022-05-02,NULL,Active,1
4210,3490,4,2026-05-01,NULL,Active,1
4211,3491,2,2024-08-15,NULL,Active,0
4212,3492,5,2021-05-19,NULL,Active,1
4213,3493,1,2025-01-09,2025-09-18,Cancelled,1
4214,3494,2,2026-05-02,NULL,Active,0
4215,3495,4,2023-02-06,2023-07-28,Expired,0
4216,3495,4,2023-07-31,NULL,Active,1
4217,3496,2,2026-03-28,2026-06-15,Cancelled,1
4218,3497,4,2025-12-04,NULL,Active,1
4219,3498,3,2025-11-17,NULL,Active,0
4220,3499,3,2023-09-25,2024-09-20,Expired,0
4221,3499,3,2024-09-28,NULL,Active,0
4222,3500,1,2024-10-15,NULL,Active,0
4223,3501,2,2024-05-14,2024-05-31,Cancelled,1
4224,3502,5,2022-03-18,NULL,Active,1
4225,3503,3,2025-06-30,NULL,Active,1
4226,3504,1,2022-11-13,2023-03-01,Expired,1
4227,3504,1,2023-03-11,NULL,Active,1
4228,3505,4,2023-03-24,2023-10-31,Expired,1
4229,3505,4,2023-11-08,NULL,Active,1
4230,3506,1,2024-09-26,NULL,Active,1
4231,3507,1,2022-08-03,2023-04-17,Expired,1
4232,3507,1,2023-04-23,NULL,Active,0
4233,3508,1,2022-11-09,2023-01-19,Cancelled,1
4234,3509,5,2023-04-01,2024-01-11,Expired,1
4235,3509,5,2024-01-16,2025-06-22,Cancelled,1
4236,3510,2,2021-11-26,2022-02-10,Expired,1
4237,3510,2,2022-02-12,NULL,Active,1
4238,3511,1,2025-11-24,2026-06-20,Cancelled,0
4239,3512,1,2022-09-24,2022-12-12,Cancelled,1
4240,3513,1,2021-01-21,NULL,Active,1
4241,3514,2,2022-02-14,NULL,Active,1
4242,3515,5,2023-05-21,NULL,Active,1
4243,3516,1,2026-03-14,2026-12-28,Expired,1
4244,3516,1,2027-01-01,2027-01-16,Cancelled,1
4245,3517,4,2025-05-07,NULL,Active,0
4246,3518,2,2025-06-26,2026-02-04,Expired,1
4247,3518,2,2026-02-08,NULL,Active,1
4248,3519,1,2025-06-02,NULL,Active,0
4249,3520,5,2026-06-24,NULL,Active,1
4250,3521,2,2021-04-21,2021-08-18,Cancelled,1
4251,3522,4,2023-08-22,2024-10-01,Cancelled,1
4252,3523,4,2026-08-16,NULL,Active,1
4253,3524,5,2025-06-19,2025-08-26,Cancelled,1
4254,3525,4,2022-07-20,NULL,Active,0
4255,3526,4,2023-05-16,2024-05-13,Expired,1
4256,3526,4,2024-05-22,NULL,Active,1
4257,3527,1,2024-10-22,2025-03-10,Expired,0
4258,3527,1,2025-03-16,2026-06-22,Cancelled,1
4259,3528,5,2025-10-10,2025-10-31,Cancelled,1
4260,3529,4,2025-05-04,NULL,Active,1
4261,3530,3,2023-12-06,NULL,Active,1
4262,3531,4,2025-06-20,NULL,Active,0
4263,3532,1,2026-03-20,NULL,Active,0
4264,3533,4,2025-07-15,2025-10-31,Expired,1
4265,3533,4,2025-11-06,NULL,Active,1
4266,3534,4,2022-06-12,2023-06-30,Cancelled,1
4267,3535,5,2026-02-06,NULL,Active,1
4268,3536,4,2025-09-27,NULL,Active,1
4269,3537,1,2023-11-26,2024-03-18,Expired,1
4270,3537,1,2024-03-20,NULL,Active,1
4271,3538,4,2026-01-19,2026-06-22,Cancelled,1
4272,3539,4,2024-10-04,NULL,Active,1
4273,3540,3,2023-01-03,NULL,Active,1
4274,3541,5,2021-11-24,NULL,Active,1
4275,3542,1,2023-11-23,2024-08-31,Expired,1
4276,3542,1,2024-09-01,2025-03-29,Cancelled,0
4277,3543,2,2026-02-07,2026-10-01,Expired,0
4278,3543,2,2026-10-05,2026-10-20,Cancelled,1
4279,3544,5,2024-02-28,2024-05-23,Cancelled,1
4280,3545,1,2026-03-01,2026-07-14,Cancelled,1
4281,3546,5,2025-02-21,NULL,Active,1
4282,3547,3,2024-04-28,2024-09-09,Expired,0
4283,3547,3,2024-09-11,NULL,Active,0
4284,3548,1,2023-01-03,NULL,Active,0
4285,3549,2,2021-03-13,NULL,Active,0
4286,3550,5,2021-05-26,2021-11-30,Expired,0
4287,3550,5,2021-12-07,NULL,Active,1
4288,3551,2,2021-05-30,2023-01-04,Cancelled,1
4289,3552,5,2023-10-16,NULL,Active,1
4290,3553,4,2022-01-23,NULL,Active,1
4291,3554,1,2026-07-15,2026-09-04,Cancelled,1
4292,3555,2,2026-02-20,NULL,Active,0
4293,3556,2,2026-02-21,NULL,Active,1
4294,3557,1,2025-03-07,2025-10-27,Expired,1
4295,3557,1,2025-11-01,NULL,Active,1
4296,3558,5,2022-02-19,2022-11-05,Cancelled,1
4297,3559,2,2024-10-15,2024-12-09,Cancelled,1
4298,3560,3,2025-09-27,NULL,Active,1
4299,3561,3,2023-11-19,2024-10-23,Expired,0
4300,3561,3,2024-10-29,NULL,Active,0
4301,3562,1,2025-11-11,NULL,Active,0
4302,3563,2,2023-12-05,2024-12-29,Cancelled,1
4303,3564,5,2023-09-26,NULL,Active,0
4304,3565,3,2026-04-22,2027-01-31,Expired,0
4305,3565,3,2027-02-01,2027-02-16,Cancelled,1
4306,3566,2,2023-01-31,2023-06-30,Expired,1
4307,3566,2,2023-07-07,NULL,Active,0
4308,3567,2,2025-06-21,2025-09-06,Cancelled,1
4309,3568,1,2024-01-22,2024-04-23,Cancelled,1
4310,3569,3,2021-03-18,NULL,Active,1
4311,3570,4,2024-01-31,2024-04-10,Cancelled,1
4312,3571,2,2024-07-27,2024-11-14,Expired,0
4313,3571,2,2024-11-21,2025-06-16,Cancelled,0
4314,3572,3,2021-03-16,2021-05-07,Cancelled,1
4315,3573,5,2021-09-19,2022-05-30,Expired,1
4316,3573,5,2022-06-02,NULL,Active,1
4317,3574,1,2026-03-02,2026-04-02,Cancelled,1
4318,3575,1,2024-09-08,NULL,Active,0
4319,3576,1,2021-02-21,NULL,Active,1
4320,3577,4,2024-11-19,2025-11-16,Expired,1
4321,3577,4,2025-11-18,2026-04-16,Cancelled,1
4322,3578,2,2026-08-06,2026-10-17,Expired,0
4323,3578,2,2026-10-24,2026-11-08,Cancelled,0
4324,3579,4,2025-05-17,2025-09-29,Expired,1
4325,3579,4,2025-10-06,2025-11-18,Cancelled,1
4326,3580,2,2021-11-18,NULL,Active,1
4327,3581,3,2024-11-15,NULL,Active,1
4328,3582,4,2025-02-21,2025-03-29,Cancelled,0
4329,3583,5,2026-01-24,2026-07-26,Cancelled,1
4330,3584,4,2022-10-01,2023-02-12,Cancelled,1
4331,3585,4,2024-12-11,2025-11-15,Cancelled,1
4332,3586,5,2021-04-06,2021-08-28,Expired,1
4333,3586,5,2021-09-07,NULL,Active,1
4334,3587,2,2023-08-20,NULL,Active,1
4335,3588,3,2025-03-31,2026-04-12,Cancelled,1
4336,3589,5,2025-06-09,NULL,Active,1
4337,3590,4,2024-03-31,2024-06-08,Cancelled,1
4338,3591,2,2025-08-01,2026-08-03,Expired,1
4339,3591,2,2026-08-07,2026-08-31,Cancelled,1
4340,3592,3,2024-02-17,NULL,Active,0
4341,3593,3,2024-07-25,NULL,Active,1
4342,3594,5,2025-05-26,NULL,Active,1
4343,3595,1,2026-03-16,NULL,Active,1
4344,3596,4,2022-12-29,NULL,Active,1
4345,3597,5,2024-09-30,2026-05-13,Cancelled,1
4346,3598,2,2022-02-07,2023-03-01,Expired,1
4347,3598,2,2023-03-03,NULL,Active,1
4348,3599,5,2025-09-10,2025-10-06,Cancelled,1
4349,3600,1,2023-07-08,2024-12-27,Cancelled,0
4350,3601,5,2021-11-26,2022-04-18,Cancelled,1
4351,3602,1,2021-04-04,2021-09-13,Cancelled,1
4352,3603,1,2022-11-13,NULL,Active,0
4353,3604,3,2022-01-08,2022-06-19,Expired,1
4354,3604,3,2022-06-25,2023-04-06,Cancelled,1
4355,3605,4,2025-05-14,NULL,Active,1
4356,3606,5,2022-10-24,NULL,Active,1
4357,3607,4,2022-12-19,NULL,Active,1
4358,3608,3,2024-08-14,2025-02-24,Expired,1
4359,3608,3,2025-02-27,NULL,Active,1
4360,3609,5,2021-05-07,2022-02-10,Cancelled,1
4361,3610,2,2026-02-24,NULL,Active,1
4362,3611,1,2025-12-23,NULL,Active,1
4363,3612,1,2026-08-11,2026-09-05,Cancelled,0
4364,3613,4,2024-09-18,2024-11-24,Cancelled,1
4365,3614,2,2021-10-14,NULL,Active,0
4366,3615,3,2025-07-23,NULL,Active,1
4367,3616,2,2021-10-16,NULL,Active,1
4368,3617,2,2022-05-11,NULL,Active,1
4369,3618,5,2021-04-08,2022-04-24,Cancelled,1
4370,3619,4,2024-04-14,NULL,Active,1
4371,3620,2,2025-01-28,NULL,Active,0
4372,3621,2,2025-12-08,NULL,Active,1
4373,3622,1,2022-08-21,NULL,Active,0
4374,3623,3,2022-11-24,NULL,Active,0
4375,3624,2,2022-08-05,NULL,Active,0
4376,3625,1,2023-12-20,NULL,Active,1
4377,3626,5,2026-02-20,2026-05-25,Expired,1
4378,3626,5,2026-05-31,NULL,Active,0
4379,3627,3,2023-12-01,NULL,Active,1
4380,3628,5,2024-09-16,NULL,Active,1
4381,3629,2,2024-02-02,2024-10-14,Cancelled,1
4382,3630,5,2022-08-30,2022-12-24,Expired,0
4383,3630,5,2022-12-30,2023-11-29,Cancelled,1
4384,3631,2,2023-06-25,2024-05-07,Expired,0
4385,3631,2,2024-05-15,NULL,Active,1
4386,3632,4,2024-04-07,2024-07-27,Expired,0
4387,3632,4,2024-08-02,NULL,Active,0
4388,3633,2,2024-06-02,2024-08-27,Cancelled,1
4389,3634,3,2024-04-22,NULL,Active,0
4390,3635,4,2022-08-24,2023-01-05,Expired,0
4391,3635,4,2023-01-11,2024-05-28,Cancelled,1
4392,3636,2,2023-11-20,2024-03-19,Expired,1
4393,3636,2,2024-03-27,NULL,Active,1
4394,3637,2,2023-05-17,NULL,Active,1
4395,3638,5,2021-02-19,2022-01-16,Expired,1
4396,3638,5,2022-01-18,2024-01-15,Cancelled,1
4397,3639,2,2025-07-21,2026-09-15,Cancelled,1
4398,3640,2,2024-11-10,NULL,Active,0
4399,3641,4,2026-08-15,NULL,Active,0
4400,3642,5,2025-03-29,2025-07-15,Expired,1
4401,3642,5,2025-07-20,2025-08-04,Cancelled,1
4402,3643,4,2026-05-29,2026-06-28,Cancelled,1
4403,3644,1,2021-02-28,NULL,Active,0
4404,3645,2,2023-07-10,NULL,Active,1
4405,3646,2,2022-09-07,NULL,Active,1
4406,3647,3,2023-03-18,NULL,Active,1
4407,3648,3,2021-02-19,2022-02-08,Expired,1
4408,3648,3,2022-02-14,NULL,Active,1
4409,3649,5,2023-04-10,2023-11-19,Cancelled,1
4410,3650,5,2025-06-21,2026-06-02,Expired,1
4411,3650,5,2026-06-10,NULL,Active,1
4412,3651,1,2021-10-03,2022-09-28,Expired,1
4413,3651,1,2022-10-04,NULL,Active,1
4414,3652,4,2021-11-22,NULL,Active,1
4415,3653,5,2023-10-13,NULL,Active,1
4416,3654,1,2023-10-01,NULL,Active,1
4417,3655,3,2022-12-28,NULL,Active,1
4418,3656,4,2024-02-11,2024-09-08,Expired,1
4419,3656,4,2024-09-12,2024-11-18,Cancelled,0
4420,3657,3,2021-09-18,NULL,Active,1
4421,3658,4,2021-09-07,2022-07-13,Cancelled,0
4422,3659,2,2026-05-09,NULL,Active,0
4423,3660,3,2021-07-29,NULL,Active,1
4424,3661,5,2023-03-16,NULL,Active,1
4425,3662,2,2021-12-08,NULL,Active,0
4426,3663,4,2023-05-31,2023-10-05,Cancelled,1
4427,3664,2,2021-02-09,2021-08-06,Expired,1
4428,3664,2,2021-08-12,NULL,Active,1
4429,3665,4,2025-12-19,NULL,Active,1
4430,3666,4,2026-02-12,2026-06-26,Cancelled,1
4431,3667,4,2024-01-14,NULL,Active,1
4432,3668,3,2024-09-08,NULL,Active,1
4433,3669,2,2024-03-08,2024-04-07,Cancelled,0
4434,3670,2,2023-10-17,NULL,Active,0
4435,3671,4,2024-06-18,NULL,Active,1
4436,3672,3,2023-01-17,NULL,Active,1
4437,3673,3,2026-04-12,NULL,Active,1
4438,3674,4,2021-09-26,2022-05-15,Expired,1
4439,3674,4,2022-05-18,2023-08-20,Cancelled,1
4440,3675,5,2022-01-23,2022-12-14,Expired,1
4441,3675,5,2022-12-20,2023-04-28,Cancelled,1
4442,3676,4,2023-01-19,2024-02-17,Expired,0
4443,3676,4,2024-02-22,NULL,Active,1
4444,3677,3,2023-05-24,2023-09-17,Expired,1
4445,3677,3,2023-09-19,2023-11-01,Cancelled,1
4446,3678,4,2024-08-03,NULL,Active,1
4447,3679,5,2024-05-14,2025-02-02,Expired,0
4448,3679,5,2025-02-07,2025-04-10,Cancelled,1
4449,3680,5,2022-09-26,NULL,Active,0
4450,3681,2,2025-06-11,2026-03-01,Expired,1
4451,3681,2,2026-03-08,2026-06-11,Cancelled,0
4452,3682,2,2022-10-06,NULL,Active,1
4453,3683,1,2025-09-04,NULL,Active,0
4454,3684,3,2023-12-13,NULL,Active,0
4455,3685,5,2022-08-17,NULL,Active,1
4456,3686,2,2024-07-15,2025-04-13,Cancelled,1
4457,3687,5,2025-05-31,2025-10-19,Expired,1
4458,3687,5,2025-10-23,NULL,Active,1
4459,3688,4,2021-08-15,NULL,Active,0
4460,3689,1,2026-02-15,NULL,Active,0
4461,3690,3,2023-05-05,NULL,Active,1
4462,3691,3,2024-04-22,2024-07-11,Expired,1
4463,3691,3,2024-07-12,NULL,Active,1
4464,3692,3,2025-10-18,2026-06-16,Cancelled,1
4465,3693,5,2023-03-28,NULL,Active,1
4466,3694,2,2025-12-08,NULL,Active,1
4467,3695,5,2023-09-23,NULL,Active,1
4468,3696,2,2026-04-09,2027-02-12,Expired,1
4469,3696,2,2027-02-13,NULL,Active,1
4470,3697,5,2026-06-18,2027-05-21,Expired,1
4471,3697,5,2027-05-27,NULL,Active,1
4472,3698,5,2025-03-17,2025-06-12,Cancelled,1
4473,3699,1,2024-11-04,NULL,Active,1
4474,3700,4,2025-11-30,2026-07-22,Expired,0
4475,3700,4,2026-08-01,NULL,Active,1
4476,3701,2,2022-07-05,2022-10-08,Expired,1
4477,3701,2,2022-10-15,NULL,Active,0
4478,3702,5,2025-08-22,2025-09-25,Cancelled,1
4479,3703,4,2024-05-09,2024-07-01,Cancelled,1
4480,3704,2,2021-12-27,NULL,Active,1
4481,3705,5,2023-12-04,NULL,Active,1
4482,3706,5,2021-03-31,2022-04-01,Expired,1
4483,3706,5,2022-04-04,NULL,Active,0
4484,3707,1,2025-01-19,2025-07-23,Expired,1
4485,3707,1,2025-07-25,2025-12-19,Cancelled,0
4486,3708,4,2023-01-25,NULL,Active,0
4487,3709,4,2026-03-03,NULL,Active,1
4488,3710,2,2023-11-27,NULL,Active,1
4489,3711,1,2022-07-29,NULL,Active,0
4490,3712,3,2025-10-17,NULL,Active,1
4491,3713,1,2021-09-04,2023-09-12,Cancelled,1
4492,3714,2,2025-11-26,NULL,Active,1
4493,3715,5,2026-07-09,2026-10-25,Expired,1
4494,3715,5,2026-11-01,NULL,Active,1
4495,3716,2,2021-10-02,NULL,Active,1
4496,3717,4,2022-01-13,NULL,Active,1
4497,3718,5,2022-10-11,NULL,Active,1
4498,3719,5,2026-04-03,NULL,Active,1
4499,3720,5,2021-10-27,2022-08-23,Cancelled,1
4500,3721,5,2026-03-23,NULL,Active,1
4501,3722,5,2024-09-15,NULL,Active,0
4502,3723,3,2024-10-23,2025-10-13,Cancelled,0
4503,3724,4,2021-03-29,2022-01-13,Cancelled,1
4504,3725,3,2021-01-27,2021-09-09,Cancelled,1
4505,3726,1,2021-02-04,NULL,Active,1
4506,3727,5,2022-09-09,NULL,Active,0
4507,3728,1,2024-08-30,2025-02-05,Cancelled,1
4508,3729,4,2024-12-23,NULL,Active,1
4509,3730,4,2023-02-13,NULL,Active,1
4510,3731,3,2023-01-14,NULL,Active,1
4511,3732,2,2021-06-11,2021-08-12,Cancelled,1
4512,3733,4,2021-10-11,2022-08-06,Expired,1
4513,3733,4,2022-08-13,NULL,Active,0
4514,3734,4,2023-05-06,2024-03-07,Expired,1
4515,3734,4,2024-03-08,2024-06-30,Cancelled,1
4516,3735,1,2025-10-04,NULL,Active,1
4517,3736,4,2024-12-26,2025-03-05,Expired,1
4518,3736,4,2025-03-14,2025-11-24,Cancelled,0
4519,3737,2,2022-05-20,2022-12-10,Expired,1
4520,3737,2,2022-12-13,NULL,Active,1
4521,3738,2,2023-05-05,NULL,Active,1
4522,3739,2,2025-12-02,NULL,Active,0
4523,3740,4,2025-04-08,2025-08-30,Cancelled,1
4524,3741,2,2022-12-19,2023-11-10,Expired,1
4525,3741,2,2023-11-13,NULL,Active,1
4526,3742,1,2022-05-14,2022-12-18,Expired,0
4527,3742,1,2022-12-19,2023-07-04,Cancelled,0
4528,3743,4,2026-06-27,NULL,Active,1
4529,3744,2,2024-07-21,2025-02-12,Expired,0
4530,3744,2,2025-02-18,2025-11-12,Cancelled,1
4531,3745,4,2022-01-07,NULL,Active,1
4532,3746,5,2023-11-12,NULL,Active,1
4533,3747,1,2021-03-08,NULL,Active,1
4534,3748,3,2025-06-28,NULL,Active,0
4535,3749,5,2024-06-23,2025-04-06,Expired,0
4536,3749,5,2025-04-15,NULL,Active,1
4537,3750,5,2023-07-29,2024-05-06,Expired,1
4538,3750,5,2024-05-13,NULL,Active,1
4539,3751,2,2026-04-15,2026-11-09,Expired,1
4540,3751,2,2026-11-19,NULL,Active,1
4541,3752,1,2021-07-05,NULL,Active,0
4542,3753,2,2021-02-07,NULL,Active,1
4543,3754,1,2022-07-29,NULL,Active,0
4544,3755,4,2021-09-08,2022-04-12,Cancelled,0
4545,3756,5,2025-03-03,2025-12-25,Expired,1
4546,3756,5,2026-01-02,NULL,Active,1
4547,3757,2,2025-09-14,NULL,Active,1
4548,3758,1,2022-09-13,2022-12-28,Cancelled,0
4549,3759,1,2025-02-04,2025-10-27,Cancelled,1
4550,3760,3,2026-07-31,2026-10-20,Expired,0
4551,3760,3,2026-10-28,NULL,Active,1
4552,3761,1,2025-03-09,2025-12-20,Cancelled,1
4553,3762,3,2021-04-27,2023-02-27,Cancelled,1
4554,3763,3,2026-04-12,2026-09-06,Cancelled,1
4555,3764,1,2025-07-28,NULL,Active,1
4556,3765,3,2022-11-27,NULL,Active,1
4557,3766,2,2024-11-29,2025-08-12,Cancelled,0
4558,3767,4,2021-09-29,2022-02-24,Cancelled,0
4559,3768,4,2025-08-28,2025-09-13,Cancelled,1
4560,3769,1,2021-01-03,NULL,Active,0
4561,3770,1,2023-11-19,NULL,Active,1
4562,3771,5,2025-02-06,NULL,Active,1
4563,3772,5,2026-05-12,NULL,Active,1
4564,3773,4,2023-03-15,NULL,Active,0
4565,3774,5,2022-06-16,NULL,Active,1
4566,3775,4,2022-01-24,NULL,Active,1
4567,3776,4,2022-03-08,NULL,Active,1
4568,3777,2,2023-01-27,NULL,Active,1
4569,3778,1,2024-09-08,NULL,Active,1
4570,3779,4,2023-12-29,2024-12-16,Expired,1
4571,3779,4,2024-12-19,NULL,Active,1
4572,3780,3,2025-03-16,NULL,Active,0
4573,3781,4,2021-05-21,NULL,Active,0
4574,3782,5,2023-03-22,NULL,Active,0
4575,3783,2,2021-05-20,2022-04-04,Cancelled,0
4576,3784,4,2024-08-14,NULL,Active,1
4577,3785,2,2026-06-05,2026-09-09,Cancelled,1
4578,3786,1,2025-07-20,NULL,Active,0
4579,3787,3,2023-12-13,2024-05-24,Cancelled,1
4580,3788,5,2024-02-19,2024-11-10,Expired,1
4581,3788,5,2024-11-11,NULL,Active,1
4582,3789,4,2024-10-13,2024-11-10,Cancelled,1
4583,3790,3,2026-06-20,NULL,Active,1
4584,3791,3,2024-11-03,2025-02-17,Expired,1
4585,3791,3,2025-02-23,NULL,Active,1
4586,3792,4,2025-02-05,NULL,Active,1
4587,3793,5,2022-06-02,NULL,Active,0
4588,3794,2,2022-04-01,NULL,Active,0
4589,3795,4,2022-06-02,NULL,Active,1
4590,3796,3,2025-11-22,NULL,Active,1
4591,3797,4,2023-01-18,2024-03-01,Cancelled,1
4592,3798,2,2022-08-04,2022-10-07,Expired,1
4593,3798,2,2022-10-10,NULL,Active,1
4594,3799,2,2023-03-25,NULL,Active,1
4595,3800,2,2022-09-14,NULL,Active,0
4596,3801,3,2021-07-12,2022-03-06,Cancelled,1
4597,3802,4,2023-08-02,2023-10-25,Cancelled,1
4598,3803,5,2025-03-14,NULL,Active,1
4599,3804,4,2023-07-16,NULL,Active,1
4600,3805,3,2025-10-03,2026-04-13,Cancelled,1
4601,3806,3,2025-06-30,NULL,Active,0
4602,3807,2,2025-09-22,NULL,Active,1
4603,3808,5,2022-07-12,NULL,Active,1
4604,3809,2,2021-11-03,2022-08-14,Cancelled,0
4605,3810,3,2024-06-30,2025-03-26,Expired,1
4606,3810,3,2025-04-03,NULL,Active,1
4607,3811,4,2021-10-01,2023-03-10,Cancelled,1
4608,3812,3,2022-08-12,NULL,Active,1
4609,3813,1,2025-05-22,NULL,Active,1
4610,3814,5,2025-05-21,2025-08-14,Expired,1
4611,3814,5,2025-08-23,NULL,Active,0
4612,3815,3,2024-12-06,2025-01-03,Cancelled,1
4613,3816,3,2022-07-30,2024-03-05,Cancelled,0
4614,3817,3,2022-09-14,2023-01-21,Cancelled,0
4615,3818,3,2024-02-03,NULL,Active,1
4616,3819,2,2024-06-28,NULL,Active,1
4617,3820,5,2026-04-14,2026-06-05,Cancelled,1
4618,3821,5,2024-05-08,NULL,Active,1
4619,3822,1,2026-02-05,NULL,Active,1
4620,3823,5,2024-01-20,2024-08-14,Expired,1
4621,3823,5,2024-08-15,NULL,Active,1
4622,3824,2,2022-04-08,2023-03-13,Cancelled,1
4623,3825,4,2022-11-21,NULL,Active,0
4624,3826,2,2024-04-07,2025-09-02,Cancelled,0
4625,3827,1,2021-12-29,NULL,Active,1
4626,3828,5,2025-01-25,NULL,Active,0
4627,3829,3,2025-11-07,NULL,Active,0
4628,3830,4,2024-02-22,NULL,Active,1
4629,3831,5,2023-10-28,2025-07-13,Cancelled,1
4630,3832,1,2025-09-15,NULL,Active,1
4631,3833,3,2021-12-07,NULL,Active,0
4632,3834,1,2023-09-22,2024-09-05,Expired,1
4633,3834,1,2024-09-08,2025-05-26,Cancelled,1
4634,3835,3,2025-11-12,NULL,Active,1
4635,3836,2,2026-06-22,2026-09-01,Cancelled,1
4636,3837,1,2025-03-20,2026-02-08,Expired,0
4637,3837,1,2026-02-14,NULL,Active,1
4638,3838,4,2021-06-22,NULL,Active,1
4639,3839,2,2022-02-08,NULL,Active,1
4640,3840,1,2023-09-05,2023-11-10,Expired,1
4641,3840,1,2023-11-15,NULL,Active,1
4642,3841,1,2025-09-24,NULL,Active,1
4643,3842,3,2024-11-23,NULL,Active,1
4644,3843,5,2021-06-02,2021-08-30,Cancelled,0
4645,3844,2,2021-04-16,2021-06-22,Cancelled,1
4646,3845,2,2021-04-09,2022-02-04,Expired,1
4647,3845,2,2022-02-14,NULL,Active,1
4648,3846,5,2024-04-12,NULL,Active,1
4649,3847,1,2023-11-05,NULL,Active,0
4650,3848,5,2024-12-14,NULL,Active,0
4651,3849,5,2021-07-15,NULL,Active,0
4652,3850,2,2022-10-20,NULL,Active,1
4653,3851,1,2024-08-11,NULL,Active,1
4654,3852,5,2022-12-06,NULL,Active,1
4655,3853,4,2024-12-11,2025-11-27,Expired,0
4656,3853,4,2025-12-07,NULL,Active,0
4657,3854,5,2024-07-20,2024-09-23,Expired,1
4658,3854,5,2024-09-28,NULL,Active,1
4659,3855,3,2025-07-22,NULL,Active,1
4660,3856,5,2023-02-02,NULL,Active,1
4661,3857,1,2026-06-12,NULL,Active,1
4662,3858,2,2025-01-20,2025-04-20,Cancelled,0
4663,3859,3,2021-03-07,2022-01-27,Cancelled,1
4664,3860,4,2024-06-25,NULL,Active,1
4665,3861,2,2024-04-28,NULL,Active,0
4666,3862,2,2025-06-19,NULL,Active,1
4667,3863,5,2023-03-25,NULL,Active,0
4668,3864,1,2025-07-16,2026-02-16,Expired,1
4669,3864,1,2026-02-24,NULL,Active,1
4670,3865,3,2024-12-20,NULL,Active,1
4671,3866,3,2022-03-01,NULL,Active,0
4672,3867,2,2021-12-03,2023-01-01,Cancelled,1
4673,3868,3,2021-06-17,2021-07-28,Cancelled,0
4674,3869,2,2024-01-27,2024-10-16,Cancelled,0
4675,3870,4,2023-06-16,2024-02-01,Expired,1
4676,3870,4,2024-02-09,NULL,Active,1
4677,3871,1,2023-06-04,NULL,Active,1
4678,3872,3,2023-09-26,NULL,Active,0
4679,3873,2,2025-12-03,NULL,Active,1
4680,3874,5,2023-02-27,NULL,Active,1
4681,3875,5,2025-06-25,NULL,Active,1
4682,3876,5,2023-12-08,NULL,Active,1
4683,3877,4,2025-11-02,2026-06-22,Cancelled,1
4684,3878,4,2024-08-04,NULL,Active,1
4685,3879,5,2022-07-05,NULL,Active,1
4686,3880,3,2022-06-12,2024-08-10,Cancelled,0
4687,3881,1,2024-07-08,2026-01-19,Cancelled,1
4688,3882,5,2024-11-27,2025-10-06,Cancelled,1
4689,3883,1,2023-07-07,2023-07-26,Cancelled,1
4690,3884,4,2021-08-06,NULL,Active,1
4691,3885,5,2026-07-30,NULL,Active,1
4692,3886,5,2022-12-03,NULL,Active,1
4693,3887,1,2021-08-24,NULL,Active,0
4694,3888,4,2021-09-19,NULL,Active,1
4695,3889,3,2024-02-05,NULL,Active,1
4696,3890,1,2026-07-04,NULL,Active,1
4697,3891,5,2025-06-12,NULL,Active,1
4698,3892,2,2024-06-23,2024-08-15,Cancelled,0
4699,3893,2,2024-09-15,NULL,Active,1
4700,3894,2,2025-07-26,NULL,Active,1
4701,3895,4,2024-07-12,2024-10-12,Cancelled,1
4702,3896,1,2025-01-07,2025-02-24,Cancelled,1
4703,3897,3,2021-09-18,NULL,Active,0
4704,3898,4,2023-03-09,NULL,Active,1
4705,3899,1,2023-01-13,2023-06-28,Cancelled,1
4706,3900,2,2022-05-05,2022-07-09,Expired,0
4707,3900,2,2022-07-11,2023-10-17,Cancelled,1
4708,3901,1,2025-07-11,2026-04-08,Cancelled,1
4709,3902,5,2025-07-28,NULL,Active,1
4710,3903,5,2022-07-22,NULL,Active,1
4711,3904,5,2024-06-28,2024-11-19,Cancelled,1
4712,3905,2,2023-10-30,2024-02-11,Cancelled,1
4713,3906,4,2023-12-04,NULL,Active,0
4714,3907,2,2024-12-09,2026-08-14,Cancelled,1
4715,3908,3,2024-10-23,NULL,Active,0
4716,3909,1,2023-11-22,2023-12-29,Cancelled,1
4717,3910,4,2021-08-31,2021-10-27,Cancelled,1
4718,3911,1,2022-11-22,2023-06-05,Expired,1
4719,3911,1,2023-06-07,NULL,Active,1
4720,3912,2,2021-01-20,2022-01-19,Cancelled,1
4721,3913,3,2021-04-24,NULL,Active,1
4722,3914,5,2021-10-12,2022-06-22,Cancelled,0
4723,3915,5,2026-08-03,NULL,Active,1
4724,3916,1,2024-11-15,NULL,Active,1
4725,3917,4,2025-03-13,NULL,Active,1
4726,3918,2,2022-12-29,2023-12-22,Cancelled,0
4727,3919,1,2021-05-05,2022-02-20,Cancelled,1
4728,3920,1,2022-05-08,2022-08-14,Cancelled,1
4729,3921,5,2024-11-30,NULL,Active,0
4730,3922,2,2022-11-17,2023-05-26,Expired,1
4731,3922,2,2023-06-01,2023-07-23,Cancelled,1
4732,3923,2,2022-09-28,2023-02-07,Expired,0
4733,3923,2,2023-02-13,NULL,Active,1
4734,3924,3,2025-05-12,NULL,Active,1
4735,3925,5,2021-09-26,2022-08-21,Expired,1
4736,3925,5,2022-08-22,NULL,Active,0
4737,3926,2,2022-08-03,2022-10-09,Cancelled,1
4738,3927,2,2025-07-14,NULL,Active,1
4739,3928,2,2026-05-22,2026-07-07,Cancelled,1
4740,3929,4,2022-02-09,2022-09-06,Expired,0
4741,3929,4,2022-09-16,NULL,Active,1
4742,3930,5,2025-06-03,NULL,Active,1
4743,3931,4,2024-03-03,NULL,Active,0
4744,3932,3,2023-03-23,2024-01-28,Cancelled,1
4745,3933,2,2025-07-14,NULL,Active,0
4746,3934,2,2026-07-02,2027-03-25,Expired,0
4747,3934,2,2027-04-03,NULL,Active,1
4748,3935,5,2024-08-09,2025-03-26,Expired,1
4749,3935,5,2025-04-02,2026-06-23,Cancelled,0
4750,3936,1,2025-05-12,NULL,Active,1
4751,3937,1,2021-08-14,NULL,Active,1
4752,3938,2,2022-01-01,NULL,Active,1
4753,3939,2,2022-12-12,NULL,Active,1
4754,3940,5,2021-04-25,NULL,Active,1
4755,3941,5,2023-02-11,2023-11-14,Expired,1
4756,3941,5,2023-11-23,2023-12-23,Cancelled,1
4757,3942,1,2025-11-12,2026-03-30,Cancelled,0
4758,3943,4,2023-01-01,NULL,Active,1
4759,3944,5,2023-05-29,2024-02-06,Expired,0
4760,3944,5,2024-02-07,2025-04-27,Cancelled,1
4761,3945,1,2023-06-27,2023-10-25,Cancelled,1
4762,3946,4,2023-04-14,NULL,Active,1
4763,3947,3,2021-03-05,NULL,Active,1
4764,3948,4,2022-04-22,2022-10-24,Expired,1
4765,3948,4,2022-10-25,2023-01-12,Cancelled,1
4766,3949,1,2024-09-16,NULL,Active,0
4767,3950,1,2025-03-03,NULL,Active,1
4768,3951,1,2022-08-04,NULL,Active,1
4769,3952,2,2023-11-24,2024-08-12,Expired,0
4770,3952,2,2024-08-18,NULL,Active,1
4771,3953,5,2024-06-22,NULL,Active,0
4772,3954,5,2025-08-04,2025-12-25,Expired,1
4773,3954,5,2025-12-30,NULL,Active,1
4774,3955,4,2025-08-22,2026-01-29,Expired,1
4775,3955,4,2026-02-07,NULL,Active,0
4776,3956,1,2026-06-23,2027-06-14,Expired,1
4777,3956,1,2027-06-18,NULL,Active,1
4778,3957,5,2025-06-08,2025-09-02,Expired,1
4779,3957,5,2025-09-09,2026-01-03,Cancelled,1
4780,3958,3,2022-06-12,NULL,Active,1
4781,3959,4,2021-10-16,NULL,Active,1
4782,3960,1,2022-10-13,NULL,Active,1
4783,3961,3,2024-09-02,2025-02-15,Expired,1
4784,3961,3,2025-02-18,2026-06-12,Cancelled,1
4785,3962,1,2025-06-20,NULL,Active,1
4786,3963,5,2024-03-12,NULL,Active,1
4787,3964,4,2022-05-05,NULL,Active,1
4788,3965,1,2026-08-02,NULL,Active,1
4789,3966,3,2021-05-27,NULL,Active,1
4790,3967,1,2022-04-02,NULL,Active,1
4791,3968,3,2023-01-26,2023-12-13,Cancelled,1
4792,3969,3,2023-09-18,2024-07-07,Cancelled,1
4793,3970,1,2025-11-30,NULL,Active,0
4794,3971,1,2021-06-18,2021-08-01,Cancelled,0
4795,3972,1,2023-05-12,NULL,Active,1
4796,3973,3,2021-02-28,2023-04-29,Cancelled,1
4797,3974,4,2022-12-20,2023-02-12,Cancelled,0
4798,3975,2,2021-08-20,2022-04-04,Expired,1
4799,3975,2,2022-04-05,NULL,Active,0
4800,3976,2,2024-04-10,2024-12-22,Expired,1
4801,3976,2,2025-01-01,NULL,Active,1
4802,3977,1,2023-01-24,2023-05-30,Expired,0
4803,3977,1,2023-06-06,NULL,Active,1
4804,3978,2,2025-12-03,2026-01-06,Cancelled,1
4805,3979,4,2023-10-04,NULL,Active,1
4806,3980,3,2022-10-22,NULL,Active,1
4807,3981,3,2021-08-21,NULL,Active,1
4808,3982,1,2025-08-07,NULL,Active,1
4809,3983,1,2022-11-27,2023-07-15,Expired,0
4810,3983,1,2023-07-23,NULL,Active,1
4811,3984,3,2021-06-07,NULL,Active,1
4812,3985,3,2021-01-25,2022-04-27,Cancelled,1
4813,3986,1,2021-08-28,NULL,Active,1
4814,3987,2,2023-07-09,2024-03-17,Expired,0
4815,3987,2,2024-03-19,NULL,Active,1
4816,3988,4,2021-10-30,NULL,Active,1
4817,3989,2,2025-05-01,2025-08-17,Cancelled,0
4818,3990,1,2025-05-04,NULL,Active,1
4819,3991,4,2026-07-03,NULL,Active,1
4820,3992,2,2026-02-07,NULL,Active,0
4821,3993,3,2025-01-15,NULL,Active,1
4822,3994,5,2022-12-16,NULL,Active,1
4823,3995,4,2025-02-16,2025-08-22,Expired,1
4824,3995,4,2025-08-30,NULL,Active,1
4825,3996,3,2024-05-13,2024-08-15,Expired,1
4826,3996,3,2024-08-18,2025-05-29,Cancelled,1
4827,3997,3,2025-08-08,2026-05-08,Expired,0
4828,3997,3,2026-05-12,NULL,Active,1
4829,3998,2,2025-07-06,NULL,Active,0
4830,3999,3,2023-05-03,NULL,Active,1
4831,4000,4,2026-03-02,NULL,Active,1
4832,4001,1,2025-05-11,NULL,Active,1
4833,4002,2,2024-08-28,NULL,Active,1
4834,4003,4,2023-04-24,NULL,Active,0
4835,4004,1,2023-03-09,2023-03-31,Cancelled,1
4836,4005,2,2025-01-28,NULL,Active,1
4837,4006,4,2025-03-16,NULL,Active,1
4838,4007,4,2025-05-29,NULL,Active,0
4839,4008,3,2026-01-27,2026-03-23,Cancelled,1
4840,4009,1,2021-07-28,NULL,Active,1
4841,4010,3,2022-10-04,NULL,Active,1
4842,4011,2,2025-11-04,NULL,Active,1
4843,4012,1,2023-04-26,2024-02-22,Expired,1
4844,4012,1,2024-02-27,2025-04-22,Cancelled,0
4845,4013,2,2024-01-25,NULL,Active,1
4846,4014,4,2022-10-01,2023-02-02,Expired,1
4847,4014,4,2023-02-04,NULL,Active,0
4848,4015,5,2023-03-22,2024-03-27,Cancelled,1
4849,4016,2,2026-04-04,NULL,Active,0
4850,4017,4,2026-06-17,2026-09-03,Cancelled,1
4851,4018,2,2021-05-25,2022-06-29,Cancelled,1
4852,4019,4,2021-12-18,NULL,Active,1
4853,4020,1,2024-09-19,NULL,Active,0
4854,4021,1,2023-04-12,2023-11-06,Expired,0
4855,4021,1,2023-11-10,NULL,Active,1
4856,4022,1,2024-06-13,2024-09-04,Expired,0
4857,4022,1,2024-09-13,NULL,Active,0
4858,4023,5,2024-07-16,2025-05-03,Expired,0
4859,4023,5,2025-05-04,NULL,Active,1
4860,4024,5,2024-10-18,2024-12-24,Expired,1
4861,4024,5,2024-12-26,NULL,Active,1
4862,4025,3,2024-05-27,NULL,Active,0
4863,4026,2,2022-09-15,NULL,Active,1
4864,4027,5,2025-08-06,NULL,Active,0
4865,4028,1,2026-04-08,NULL,Active,1
4866,4029,2,2022-04-10,2022-10-10,Expired,1
4867,4029,2,2022-10-18,NULL,Active,1
4868,4030,1,2022-02-02,2022-09-24,Cancelled,0
4869,4031,5,2026-04-21,NULL,Active,0
4870,4032,3,2021-03-23,NULL,Active,1
4871,4033,2,2025-12-12,NULL,Active,1
4872,4034,1,2026-01-07,NULL,Active,1
4873,4035,5,2024-11-09,2025-04-29,Cancelled,0
4874,4036,2,2021-10-10,NULL,Active,1
4875,4037,3,2024-05-14,NULL,Active,1
4876,4038,1,2022-03-31,NULL,Active,1
4877,4039,4,2024-04-12,NULL,Active,1
4878,4040,5,2026-07-20,2027-08-19,Expired,1
4879,4040,5,2027-08-26,NULL,Active,1
4880,4041,1,2025-09-08,2025-11-22,Cancelled,0
4881,4042,2,2023-02-26,2023-07-18,Expired,1
4882,4042,2,2023-07-22,2023-08-29,Cancelled,1
4883,4043,2,2021-04-07,NULL,Active,1
4884,4044,5,2021-08-02,2022-05-08,Expired,1
4885,4044,5,2022-05-15,NULL,Active,1
4886,4045,4,2023-12-14,NULL,Active,1
4887,4046,1,2021-06-15,NULL,Active,0
4888,4047,4,2021-11-25,2023-04-27,Cancelled,1
4889,4048,2,2022-06-20,2023-01-24,Expired,1
4890,4048,2,2023-01-25,2023-10-25,Cancelled,1
4891,4049,2,2021-03-20,2021-11-24,Expired,0
4892,4049,2,2021-11-26,2023-09-03,Cancelled,1
4893,4050,3,2026-04-10,2026-11-24,Expired,1
4894,4050,3,2026-11-25,2026-12-10,Cancelled,1
4895,4051,5,2024-01-13,2024-07-05,Expired,0
4896,4051,5,2024-07-10,NULL,Active,1
4897,4052,4,2025-02-11,NULL,Active,0
4898,4053,2,2024-11-02,NULL,Active,1
4899,4054,4,2023-03-02,2023-06-06,Expired,1
4900,4054,4,2023-06-16,NULL,Active,1
4901,4055,1,2021-12-08,2023-10-05,Cancelled,1
4902,4056,1,2024-07-29,NULL,Active,1
4903,4057,1,2022-06-11,2023-04-07,Cancelled,1
4904,4058,2,2022-12-27,NULL,Active,1
4905,4059,2,2023-08-29,2024-08-08,Expired,0
4906,4059,2,2024-08-12,NULL,Active,1
4907,4060,4,2021-02-25,NULL,Active,1
4908,4061,2,2021-10-16,NULL,Active,1
4909,4062,4,2024-09-17,NULL,Active,1
4910,4063,5,2022-05-15,2022-10-27,Expired,0
4911,4063,5,2022-11-06,NULL,Active,1
4912,4064,1,2023-03-29,NULL,Active,0
4913,4065,5,2022-01-11,NULL,Active,1
4914,4066,5,2025-11-09,NULL,Active,1
4915,4067,4,2021-07-24,2021-08-27,Cancelled,0
4916,4068,5,2024-08-05,NULL,Active,1
4917,4069,5,2026-05-04,NULL,Active,1
4918,4070,4,2023-02-02,2024-01-06,Expired,1
4919,4070,4,2024-01-08,NULL,Active,1
4920,4071,2,2021-09-08,NULL,Active,1
4921,4072,4,2021-01-26,NULL,Active,1
4922,4073,3,2023-12-15,NULL,Active,1
4923,4074,1,2023-02-15,2023-08-13,Cancelled,1
4924,4075,5,2023-02-10,NULL,Active,1
4925,4076,5,2022-10-28,2023-04-24,Expired,1
4926,4076,5,2023-04-25,NULL,Active,1
4927,4077,5,2024-04-30,NULL,Active,1
4928,4078,3,2024-03-15,NULL,Active,1
4929,4079,4,2024-11-13,NULL,Active,1
4930,4080,1,2021-01-29,NULL,Active,1
4931,4081,2,2024-02-27,NULL,Active,1
4932,4082,4,2021-09-15,NULL,Active,0
4933,4083,1,2025-10-28,NULL,Active,0
4934,4084,2,2021-02-19,2021-05-18,Cancelled,1
4935,4085,1,2024-07-28,2025-03-17,Expired,1
4936,4085,1,2025-03-18,NULL,Active,1
4937,4086,4,2021-09-27,2021-12-16,Cancelled,1
4938,4087,5,2026-01-21,NULL,Active,1
4939,4088,4,2025-02-26,NULL,Active,1
4940,4089,4,2024-07-07,NULL,Active,1
4941,4090,1,2023-07-24,2024-03-29,Expired,1
4942,4090,1,2024-03-30,2024-06-26,Cancelled,1
4943,4091,4,2024-12-16,2025-07-16,Expired,0
4944,4091,4,2025-07-25,2026-04-10,Cancelled,1
4945,4092,1,2024-08-21,NULL,Active,1
4946,4093,5,2026-01-27,2026-04-08,Cancelled,0
4947,4094,1,2025-09-15,NULL,Active,1
4948,4095,1,2025-04-12,NULL,Active,1
4949,4096,2,2025-02-06,NULL,Active,1
4950,4097,1,2022-09-11,2023-08-28,Expired,0
4951,4097,1,2023-09-06,NULL,Active,1
4952,4098,3,2022-01-24,NULL,Active,0
4953,4099,5,2022-09-06,NULL,Active,0
4954,4100,3,2021-03-30,2021-08-25,Cancelled,1
4955,4101,3,2024-05-28,2025-02-26,Expired,0
4956,4101,3,2025-03-03,NULL,Active,1
4957,4102,5,2023-02-18,2024-04-11,Cancelled,0
4958,4103,5,2025-11-08,2025-11-27,Cancelled,1
4959,4104,1,2021-09-02,NULL,Active,1
4960,4105,4,2024-08-17,2024-10-03,Cancelled,1
4961,4106,5,2024-03-31,NULL,Active,1
4962,4107,1,2026-07-18,2027-02-12,Expired,0
4963,4107,1,2027-02-17,2027-03-04,Cancelled,1
4964,4108,5,2021-02-23,2022-06-04,Cancelled,1
4965,4109,1,2024-10-18,NULL,Active,1
4966,4110,3,2025-10-24,2026-06-12,Cancelled,1
4967,4111,1,2022-06-15,NULL,Active,1
4968,4112,1,2025-03-10,2025-07-02,Expired,0
4969,4112,1,2025-07-08,2026-01-13,Cancelled,1
4970,4113,5,2026-04-24,2026-06-05,Cancelled,1
4971,4114,4,2025-02-24,NULL,Active,1
4972,4115,4,2024-08-29,2025-10-01,Expired,0
4973,4115,4,2025-10-05,NULL,Active,1
4974,4116,1,2026-05-05,NULL,Active,1
4975,4117,2,2024-09-18,NULL,Active,0
4976,4118,1,2024-08-11,2024-10-16,Cancelled,0
4977,4119,3,2023-08-29,NULL,Active,1
4978,4120,5,2026-04-09,NULL,Active,1
4979,4121,3,2022-01-27,NULL,Active,1
4980,4122,2,2024-08-10,NULL,Active,1
4981,4123,2,2026-03-11,2026-09-26,Expired,1
4982,4123,2,2026-10-04,NULL,Active,1
4983,4124,5,2021-10-02,NULL,Active,1
4984,4125,3,2024-02-06,2025-01-02,Expired,1
4985,4125,3,2025-01-03,2025-02-05,Cancelled,1
4986,4126,3,2021-08-30,2022-08-21,Expired,1
4987,4126,3,2022-08-26,2024-02-07,Cancelled,0
4988,4127,2,2021-01-13,NULL,Active,0
4989,4128,4,2026-05-31,2027-03-27,Expired,1
4990,4128,4,2027-04-04,NULL,Active,1
4991,4129,3,2024-08-03,NULL,Active,1
4992,4130,1,2023-03-31,NULL,Active,0
4993,4131,1,2022-05-09,NULL,Active,0
4994,4132,3,2023-03-10,NULL,Active,0
4995,4133,4,2023-10-14,NULL,Active,1
4996,4134,5,2024-05-06,2024-08-22,Cancelled,1
4997,4135,3,2024-04-27,NULL,Active,1
4998,4136,1,2021-11-19,NULL,Active,0
4999,4137,1,2026-01-04,NULL,Active,0
5000,4138,3,2022-10-05,2023-09-19,Cancelled,0
5001,4139,4,2022-03-18,NULL,Active,1
5002,4140,4,2023-03-22,NULL,Active,1
5003,4141,3,2024-03-12,NULL,Active,0
5004,4142,1,2024-08-15,NULL,Active,1
5005,4143,1,2024-08-30,NULL,Active,1
5006,4144,5,2022-08-04,NULL,Active,1
5007,4145,4,2021-04-15,2021-12-30,Expired,1
5008,4145,4,2022-01-07,2022-06-07,Cancelled,1
5009,4146,4,2025-06-09,NULL,Active,0
5010,4147,2,2021-05-22,NULL,Active,1
5011,4148,2,2021-06-11,NULL,Active,1
5012,4149,1,2026-07-28,2027-01-14,Expired,1
5013,4149,1,2027-01-22,NULL,Active,1
5014,4150,4,2022-09-13,2023-08-09,Expired,1
5015,4150,4,2023-08-17,NULL,Active,0
5016,4151,5,2023-08-21,NULL,Active,0
5017,4152,1,2024-10-17,2025-05-04,Expired,1
5018,4152,1,2025-05-11,NULL,Active,0
5019,4153,1,2021-10-12,NULL,Active,1
5020,4154,2,2021-09-12,NULL,Active,1
5021,4155,3,2022-09-27,NULL,Active,1
5022,4156,2,2026-01-12,2026-06-30,Cancelled,0
5023,4157,3,2023-07-21,NULL,Active,0
5024,4158,5,2021-04-10,2021-06-17,Cancelled,1
5025,4159,1,2026-05-15,NULL,Active,0
5026,4160,5,2023-08-11,NULL,Active,0
5027,4161,2,2024-08-01,2024-08-22,Cancelled,0
5028,4162,4,2021-03-20,NULL,Active,0
5029,4163,5,2021-04-07,2022-03-30,Cancelled,1
5030,4164,2,2021-10-06,NULL,Active,1
5031,4165,2,2021-05-28,NULL,Active,1
5032,4166,2,2026-07-07,NULL,Active,1
5033,4167,3,2025-02-16,2025-03-05,Cancelled,0
5034,4168,5,2023-05-22,NULL,Active,1
5035,4169,5,2024-02-27,2024-09-08,Expired,1
5036,4169,5,2024-09-12,NULL,Active,1
5037,4170,1,2025-05-10,NULL,Active,1
5038,4171,3,2023-11-16,NULL,Active,1
5039,4172,1,2023-12-03,2024-02-15,Expired,1
5040,4172,1,2024-02-19,NULL,Active,1
5041,4173,3,2026-01-24,NULL,Active,0
5042,4174,4,2025-07-20,2025-12-28,Cancelled,1
5043,4175,2,2021-06-20,NULL,Active,1
5044,4176,2,2023-03-31,2023-12-13,Cancelled,0
5045,4177,3,2023-05-28,2025-06-29,Cancelled,1
5046,4178,2,2026-03-15,2026-08-24,Cancelled,1
5047,4179,2,2023-10-31,NULL,Active,1
5048,4180,3,2024-06-23,NULL,Active,1
5049,4181,3,2024-09-29,2025-05-03,Expired,1
5050,4181,3,2025-05-11,NULL,Active,1
5051,4182,4,2024-09-02,2025-07-08,Expired,1
5052,4182,4,2025-07-17,NULL,Active,1
5053,4183,5,2022-11-08,2024-02-12,Cancelled,0
5054,4184,3,2024-03-14,NULL,Active,1
5055,4185,1,2022-03-16,NULL,Active,1
5056,4186,5,2021-07-24,NULL,Active,0
5057,4187,3,2024-05-27,NULL,Active,1
5058,4188,3,2022-10-16,2022-12-21,Cancelled,1
5059,4189,3,2023-06-01,NULL,Active,0
5060,4190,1,2025-03-08,2026-01-03,Cancelled,1
5061,4191,1,2021-04-02,2021-12-04,Expired,0
5062,4191,1,2021-12-13,2022-02-03,Cancelled,0
5063,4192,1,2024-05-22,2024-06-22,Cancelled,1
5064,4193,5,2023-04-19,NULL,Active,1
5065,4194,1,2026-05-06,2026-07-28,Expired,1
5066,4194,1,2026-08-05,NULL,Active,1
5067,4195,5,2021-12-19,NULL,Active,0
5068,4196,3,2024-01-24,2024-10-03,Cancelled,1
5069,4197,2,2026-05-19,2026-08-03,Cancelled,1
5070,4198,3,2023-06-02,NULL,Active,1
5071,4199,5,2021-05-03,2021-11-07,Cancelled,1
5072,4200,1,2026-03-23,NULL,Active,1
5073,4201,5,2021-06-30,NULL,Active,1
5074,4202,3,2024-02-28,2024-09-13,Expired,1
5075,4202,3,2024-09-19,NULL,Active,1
5076,4203,3,2023-12-31,2024-12-10,Expired,1
5077,4203,3,2024-12-11,2025-06-17,Cancelled,1
5078,4204,1,2023-02-10,NULL,Active,1
5079,4205,5,2021-01-08,2022-01-24,Expired,0
5080,4205,5,2022-01-25,NULL,Active,1
5081,4206,4,2025-11-19,NULL,Active,1
5082,4207,4,2023-08-07,2024-05-06,Expired,1
5083,4207,4,2024-05-12,NULL,Active,1
5084,4208,5,2024-03-19,2024-08-02,Expired,1
5085,4208,5,2024-08-10,NULL,Active,1
5086,4209,1,2025-02-13,2025-09-19,Expired,0
5087,4209,1,2025-09-24,2025-11-07,Cancelled,0
5088,4210,4,2022-11-03,NULL,Active,0
5089,4211,3,2022-08-20,2023-07-11,Expired,1
5090,4211,3,2023-07-19,NULL,Active,0
5091,4212,1,2025-07-26,2025-09-28,Cancelled,0
5092,4213,1,2025-03-05,2025-10-20,Expired,1
5093,4213,1,2025-10-28,NULL,Active,1
5094,4214,5,2022-08-28,NULL,Active,0
5095,4215,3,2025-07-29,2026-02-22,Expired,1
5096,4215,3,2026-02-27,2026-04-18,Cancelled,1
5097,4216,4,2023-11-04,2024-01-20,Cancelled,1
5098,4217,3,2026-03-27,2027-02-12,Expired,0
5099,4217,3,2027-02-15,2027-03-02,Cancelled,1
5100,4218,3,2021-06-25,2023-02-06,Cancelled,1
5101,4219,4,2024-10-31,2025-02-08,Expired,0
5102,4219,4,2025-02-09,NULL,Active,1
5103,4220,4,2022-07-26,NULL,Active,1
5104,4221,4,2021-12-01,NULL,Active,1
5105,4222,5,2021-06-21,NULL,Active,0
5106,4223,4,2021-01-17,NULL,Active,1
5107,4224,3,2023-07-18,NULL,Active,1
5108,4225,3,2026-06-27,NULL,Active,0
5109,4226,1,2025-06-06,NULL,Active,0
5110,4227,3,2023-06-17,2025-01-01,Cancelled,1
5111,4228,5,2022-03-12,NULL,Active,1
5112,4229,3,2022-09-30,2023-12-27,Cancelled,0
5113,4230,4,2022-03-18,NULL,Active,1
5114,4231,2,2024-06-09,2024-10-22,Cancelled,1
5115,4232,2,2023-05-08,2023-11-29,Cancelled,1
5116,4233,2,2023-02-22,NULL,Active,0
5117,4234,3,2024-04-26,2024-08-23,Cancelled,1
5118,4235,5,2021-10-20,2022-06-30,Cancelled,0
5119,4236,2,2022-05-03,2023-07-06,Cancelled,1
5120,4237,1,2021-02-13,NULL,Active,1
5121,4238,2,2024-11-06,NULL,Active,1
5122,4239,1,2024-05-29,2024-10-22,Expired,1
5123,4239,1,2024-10-29,NULL,Active,1
5124,4240,4,2026-05-14,NULL,Active,1
5125,4241,5,2021-06-21,NULL,Active,1
5126,4242,3,2026-08-10,NULL,Active,0
5127,4243,1,2023-11-14,NULL,Active,0
5128,4244,3,2022-02-06,NULL,Active,1
5129,4245,4,2024-12-08,2025-08-09,Expired,1
5130,4245,4,2025-08-16,2026-05-07,Cancelled,1
5131,4246,2,2025-04-06,NULL,Active,1
5132,4247,1,2026-04-30,2026-07-09,Expired,0
5133,4247,1,2026-07-19,NULL,Active,1
5134,4248,1,2021-12-06,NULL,Active,0
5135,4249,2,2026-02-06,2027-01-18,Expired,0
5136,4249,2,2027-01-20,NULL,Active,1
5137,4250,3,2023-09-16,2023-12-11,Expired,1
5138,4250,3,2023-12-18,NULL,Active,0
5139,4251,3,2024-08-15,NULL,Active,1
5140,4252,5,2023-06-07,2023-06-30,Cancelled,0
5141,4253,4,2021-02-12,NULL,Active,0
5142,4254,1,2021-04-26,NULL,Active,1
5143,4255,4,2023-01-13,NULL,Active,1
5144,4256,3,2025-05-09,NULL,Active,1
5145,4257,3,2023-11-04,NULL,Active,1
5146,4258,3,2026-07-05,2026-08-22,Cancelled,1
5147,4259,3,2022-10-29,NULL,Active,1
5148,4260,1,2024-09-19,NULL,Active,1
5149,4261,1,2021-11-11,2022-06-26,Expired,0
5150,4261,1,2022-07-02,NULL,Active,1
5151,4262,4,2023-10-18,NULL,Active,1
5152,4263,5,2025-03-24,NULL,Active,1
5153,4264,4,2023-07-05,2023-07-21,Cancelled,0
5154,4265,2,2026-07-14,NULL,Active,1
5155,4266,5,2022-04-21,2022-06-03,Cancelled,1
5156,4267,3,2022-06-25,2023-04-19,Cancelled,0
5157,4268,3,2021-04-07,NULL,Active,1
5158,4269,5,2025-10-28,2025-12-04,Cancelled,1
5159,4270,2,2025-02-17,NULL,Active,1
5160,4271,4,2025-09-11,NULL,Active,1
5161,4272,3,2025-11-23,NULL,Active,1
5162,4273,2,2021-10-02,2022-06-27,Expired,1
5163,4273,2,2022-07-04,2024-02-24,Cancelled,1
5164,4274,4,2025-01-04,2025-12-20,Expired,1
5165,4274,4,2025-12-26,2026-03-03,Cancelled,1
5166,4275,4,2023-09-24,NULL,Active,0
5167,4276,1,2022-10-26,NULL,Active,1
5168,4277,2,2023-03-16,NULL,Active,1
5169,4278,5,2025-03-10,NULL,Active,1
5170,4279,5,2021-10-01,NULL,Active,1
5171,4280,2,2025-08-20,2026-03-02,Cancelled,1
5172,4281,5,2023-08-10,2024-05-11,Expired,1
5173,4281,5,2024-05-17,2024-07-05,Cancelled,1
5174,4282,2,2022-06-30,NULL,Active,1
5175,4283,5,2021-02-15,NULL,Active,0
5176,4284,4,2021-02-19,2021-04-22,Cancelled,1
5177,4285,2,2021-02-06,2021-07-29,Expired,1
5178,4285,2,2021-07-31,2023-03-21,Cancelled,0
5179,4286,1,2023-09-26,NULL,Active,1
5180,4287,4,2026-04-29,2026-06-22,Cancelled,1
5181,4288,4,2022-02-10,NULL,Active,0
5182,4289,2,2021-10-18,NULL,Active,0
5183,4290,3,2022-08-19,NULL,Active,0
5184,4291,4,2021-10-25,NULL,Active,1
5185,4292,2,2025-08-21,2026-07-18,Expired,1
5186,4292,2,2026-07-27,NULL,Active,1
5187,4293,2,2023-12-12,NULL,Active,0
5188,4294,1,2021-06-25,NULL,Active,1
5189,4295,3,2023-02-28,2024-07-04,Cancelled,1
5190,4296,1,2025-05-20,NULL,Active,0
5191,4297,2,2022-06-06,NULL,Active,1
5192,4298,5,2025-07-24,2026-05-13,Cancelled,0
5193,4299,4,2023-09-16,2024-08-09,Expired,1
5194,4299,4,2024-08-12,NULL,Active,0
5195,4300,5,2026-07-30,NULL,Active,1
5196,4301,3,2021-05-07,NULL,Active,0
5197,4302,3,2021-12-14,2022-03-15,Cancelled,0
5198,4303,3,2025-02-22,NULL,Active,0
5199,4304,5,2026-03-18,2026-05-07,Cancelled,1
5200,4305,5,2024-09-01,NULL,Active,1
5201,4306,3,2026-06-21,NULL,Active,0
5202,4307,5,2022-07-17,NULL,Active,1
5203,4308,5,2026-06-29,2026-08-23,Cancelled,0
5204,4309,4,2021-09-15,2021-12-24,Cancelled,1
5205,4310,3,2024-01-17,NULL,Active,0
5206,4311,3,2023-07-23,2023-08-15,Cancelled,1
5207,4312,2,2023-02-23,2024-08-29,Cancelled,0
5208,4313,3,2024-10-04,NULL,Active,1
5209,4314,2,2024-02-15,NULL,Active,1
5210,4315,3,2023-02-11,2023-06-12,Expired,0
5211,4315,3,2023-06-18,NULL,Active,0
5212,4316,2,2023-02-18,NULL,Active,1
5213,4317,3,2024-08-08,NULL,Active,0
5214,4318,5,2022-12-12,2023-02-04,Cancelled,1
5215,4319,4,2023-10-09,NULL,Active,1
5216,4320,4,2023-01-20,NULL,Active,0
5217,4321,3,2023-10-04,2024-05-21,Expired,0
5218,4321,3,2024-05-29,NULL,Active,1
5219,4322,4,2026-02-24,2027-02-26,Expired,0
5220,4322,4,2027-03-07,2027-03-22,Cancelled,1
5221,4323,2,2023-11-10,NULL,Active,1
5222,4324,2,2022-05-25,NULL,Active,0
5223,4325,4,2021-01-14,NULL,Active,1
5224,4326,4,2026-07-21,NULL,Active,0
5225,4327,4,2024-02-09,2024-03-19,Cancelled,1
5226,4328,2,2023-03-27,NULL,Active,1
5227,4329,5,2026-06-29,NULL,Active,1
5228,4330,2,2025-11-26,NULL,Active,0
5229,4331,2,2022-07-27,NULL,Active,1
5230,4332,4,2021-08-12,NULL,Active,1
5231,4333,5,2022-03-17,NULL,Active,1
5232,4334,1,2022-06-06,NULL,Active,0
5233,4335,3,2023-04-20,2023-08-15,Cancelled,0
5234,4336,5,2021-09-03,2022-02-25,Cancelled,1
5235,4337,1,2024-02-10,2024-09-23,Cancelled,1
5236,4338,5,2023-08-03,2023-09-24,Cancelled,1
5237,4339,1,2023-12-29,NULL,Active,1
5238,4340,3,2022-09-14,2023-06-10,Cancelled,1
5239,4341,5,2024-07-21,2024-11-24,Expired,0
5240,4341,5,2024-11-29,NULL,Active,1
5241,4342,1,2023-04-13,2023-08-17,Expired,1
5242,4342,1,2023-08-26,2025-02-09,Cancelled,0
5243,4343,4,2022-10-19,2022-12-25,Cancelled,0
5244,4344,1,2024-01-10,NULL,Active,0
5245,4345,1,2023-10-06,2024-01-21,Expired,1
5246,4345,1,2024-01-26,NULL,Active,1
5247,4346,2,2026-02-26,NULL,Active,0
5248,4347,3,2023-06-22,NULL,Active,0
5249,4348,3,2023-09-06,NULL,Active,1
5250,4349,4,2025-05-03,NULL,Active,1
5251,4350,1,2022-02-16,2022-09-09,Expired,0
5252,4350,1,2022-09-17,NULL,Active,1
5253,4351,1,2025-12-18,NULL,Active,1
5254,4352,5,2025-04-07,NULL,Active,1
5255,4353,2,2023-04-21,NULL,Active,0
5256,4354,3,2024-11-03,NULL,Active,0
5257,4355,3,2025-05-08,NULL,Active,1
5258,4356,3,2025-03-08,NULL,Active,1
5259,4357,2,2025-03-27,2025-08-18,Expired,1
5260,4357,2,2025-08-19,NULL,Active,1
5261,4358,4,2023-06-12,2023-12-07,Expired,1
5262,4358,4,2023-12-11,2024-05-11,Cancelled,0
5263,4359,3,2024-01-28,NULL,Active,1
5264,4360,5,2023-08-04,NULL,Active,0
5265,4361,5,2021-04-10,NULL,Active,0
5266,4362,3,2021-09-22,2022-07-20,Expired,0
5267,4362,3,2022-07-23,2023-02-24,Cancelled,1
5268,4363,5,2025-05-12,NULL,Active,1
5269,4364,5,2025-04-10,NULL,Active,1
5270,4365,1,2025-12-30,NULL,Active,1
5271,4366,3,2023-11-11,2024-04-03,Expired,1
5272,4366,3,2024-04-05,NULL,Active,0
5273,4367,3,2025-02-10,2025-06-13,Cancelled,1
5274,4368,4,2022-11-22,2023-04-23,Expired,1
5275,4368,4,2023-05-02,2023-07-29,Cancelled,1
5276,4369,5,2023-03-13,2024-09-19,Cancelled,1
5277,4370,4,2021-07-16,2021-09-26,Cancelled,1
5278,4371,1,2022-01-14,NULL,Active,1
5279,4372,5,2021-07-25,NULL,Active,1
5280,4373,1,2023-11-12,2024-06-27,Expired,1
5281,4373,1,2024-07-01,2025-03-03,Cancelled,1
5282,4374,1,2022-08-04,2022-12-23,Cancelled,1
5283,4375,1,2023-07-28,2024-07-03,Cancelled,1
5284,4376,3,2021-10-01,NULL,Active,1
5285,4377,4,2021-08-02,NULL,Active,0
5286,4378,1,2024-03-26,2024-05-19,Cancelled,1
5287,4379,2,2022-11-19,2023-06-29,Cancelled,1
5288,4380,4,2021-11-12,2023-04-18,Cancelled,1
5289,4381,4,2023-01-03,NULL,Active,1
5290,4382,4,2025-02-20,NULL,Active,0
5291,4383,3,2023-02-05,NULL,Active,1
5292,4384,5,2022-12-05,NULL,Active,1
5293,4385,4,2026-08-14,2026-09-07,Cancelled,1
5294,4386,5,2022-07-07,2023-07-28,Cancelled,0
5295,4387,2,2022-10-01,2022-11-03,Cancelled,1
5296,4388,3,2025-02-13,NULL,Active,1
5297,4389,4,2023-10-04,2024-09-06,Expired,0
5298,4389,4,2024-09-08,NULL,Active,1
5299,4390,3,2023-10-14,2023-11-16,Cancelled,0
5300,4391,2,2021-06-23,NULL,Active,1
5301,4392,4,2021-01-03,2021-10-06,Expired,1
5302,4392,4,2021-10-14,NULL,Active,0
5303,4393,3,2026-06-30,2026-07-16,Cancelled,1
5304,4394,4,2025-07-13,2026-08-26,Cancelled,1
5305,4395,1,2024-12-20,NULL,Active,1
5306,4396,2,2023-10-27,NULL,Active,0
5307,4397,2,2026-08-09,NULL,Active,1
5308,4398,2,2021-10-28,2022-07-11,Expired,1
5309,4398,2,2022-07-14,NULL,Active,0
5310,4399,5,2022-04-19,2023-02-27,Expired,1
5311,4399,5,2023-03-06,NULL,Active,1
5312,4400,2,2025-03-20,NULL,Active,0
5313,4401,3,2024-07-12,2024-10-18,Cancelled,1
5314,4402,4,2023-06-02,NULL,Active,0
5315,4403,3,2026-01-17,2026-03-12,Cancelled,1
5316,4404,5,2024-05-21,NULL,Active,1
5317,4405,3,2021-03-09,2022-04-06,Expired,0
5318,4405,3,2022-04-09,NULL,Active,1
5319,4406,2,2026-06-17,2026-07-20,Cancelled,0
5320,4407,4,2025-03-02,2026-03-22,Expired,0
5321,4407,4,2026-03-31,2026-04-16,Cancelled,0
5322,4408,5,2025-08-31,2025-09-22,Cancelled,1
5323,4409,2,2022-02-19,2023-02-10,Expired,1
5324,4409,2,2023-02-15,NULL,Active,1
5325,4410,3,2024-12-06,NULL,Active,1
5326,4411,5,2021-11-16,NULL,Active,0
5327,4412,4,2026-05-09,NULL,Active,1
5328,4413,1,2024-12-14,2024-12-31,Cancelled,1
5329,4414,3,2022-11-11,NULL,Active,0
5330,4415,3,2024-01-10,NULL,Active,0
5331,4416,3,2023-06-15,NULL,Active,1
5332,4417,5,2021-04-09,NULL,Active,1
5333,4418,1,2026-03-01,NULL,Active,0
5334,4419,5,2024-03-13,2026-04-10,Cancelled,1
5335,4420,5,2022-05-21,NULL,Active,0
5336,4421,2,2021-05-29,NULL,Active,1
5337,4422,4,2021-10-03,2022-05-22,Expired,1
5338,4422,4,2022-05-30,NULL,Active,1
5339,4423,1,2025-12-07,NULL,Active,1
5340,4424,2,2022-08-13,2022-11-07,Cancelled,0
5341,4425,5,2025-04-22,2025-12-18,Expired,1
5342,4425,5,2025-12-26,NULL,Active,1
5343,4426,1,2021-06-21,2021-08-30,Cancelled,1
5344,4427,3,2022-06-29,2022-11-08,Cancelled,0
5345,4428,1,2023-03-05,NULL,Active,0
5346,4429,4,2023-11-12,NULL,Active,0
5347,4430,1,2022-11-01,2024-01-13,Cancelled,1
5348,4431,5,2021-09-28,2021-12-06,Expired,0
5349,4431,5,2021-12-15,NULL,Active,1
5350,4432,4,2026-07-15,NULL,Active,1
5351,4433,3,2024-11-04,NULL,Active,0
5352,4434,5,2026-04-05,NULL,Active,0
5353,4435,2,2024-09-16,2025-04-10,Cancelled,1
5354,4436,4,2022-09-30,NULL,Active,0
5355,4437,3,2024-02-17,NULL,Active,1
5356,4438,2,2021-04-02,2021-09-19,Expired,0
5357,4438,2,2021-09-27,NULL,Active,1
5358,4439,1,2024-09-06,NULL,Active,0
5359,4440,5,2025-07-16,2026-06-15,Expired,1
5360,4440,5,2026-06-24,2026-08-15,Cancelled,0
5361,4441,4,2023-11-22,NULL,Active,1
5362,4442,5,2023-07-05,NULL,Active,1
5363,4443,1,2022-09-20,NULL,Active,1
5364,4444,4,2025-01-26,2025-07-19,Expired,1
5365,4444,4,2025-07-29,2025-09-28,Cancelled,1
5366,4445,4,2025-09-14,2025-11-26,Expired,1
5367,4445,4,2025-12-04,NULL,Active,1
5368,4446,3,2021-11-29,2022-09-08,Cancelled,1
5369,4447,1,2026-05-25,NULL,Active,1
5370,4448,5,2021-08-22,2023-04-07,Cancelled,1
5371,4449,2,2022-09-23,NULL,Active,1
5372,4450,1,2024-09-29,NULL,Active,0
5373,4451,1,2023-08-24,NULL,Active,1
5374,4452,3,2023-05-27,2024-08-20,Cancelled,0
5375,4453,4,2024-03-19,NULL,Active,1
5376,4454,2,2024-10-08,2025-08-04,Expired,1
5377,4454,2,2025-08-13,NULL,Active,1
5378,4455,3,2025-03-24,NULL,Active,1
5379,4456,5,2021-12-04,NULL,Active,1
5380,4457,3,2025-10-22,NULL,Active,1
5381,4458,4,2021-07-30,NULL,Active,1
5382,4459,2,2021-05-14,2021-08-03,Cancelled,0
5383,4460,5,2025-01-03,NULL,Active,1
5384,4461,3,2021-06-15,NULL,Active,0
5385,4462,4,2022-02-14,NULL,Active,1
5386,4463,5,2021-06-11,2022-04-26,Expired,1
5387,4463,5,2022-04-29,NULL,Active,1
5388,4464,1,2022-11-28,2022-12-17,Cancelled,0
5389,4465,5,2023-12-31,2024-10-12,Expired,0
5390,4465,5,2024-10-20,NULL,Active,1
5391,4466,5,2021-10-21,2022-04-23,Cancelled,0
5392,4467,5,2021-09-24,NULL,Active,1
5393,4468,3,2022-10-07,2023-04-26,Cancelled,1
5394,4469,1,2022-01-29,NULL,Active,0
5395,4470,4,2024-03-08,NULL,Active,1
5396,4471,1,2022-10-29,NULL,Active,1
5397,4472,3,2025-01-09,2025-06-22,Expired,0
5398,4472,3,2025-06-28,2025-07-29,Cancelled,1
5399,4473,1,2025-07-01,NULL,Active,1
5400,4474,2,2024-08-30,NULL,Active,1
5401,4475,3,2022-09-02,NULL,Active,1
5402,4476,2,2021-11-22,NULL,Active,0
5403,4477,5,2022-08-28,2023-06-07,Expired,1
5404,4477,5,2023-06-16,NULL,Active,1
5405,4478,4,2022-09-04,2022-09-19,Cancelled,0
5406,4479,3,2024-09-24,2025-07-01,Cancelled,1
5407,4480,4,2023-09-07,2024-07-28,Expired,0
5408,4480,4,2024-07-31,NULL,Active,1
5409,4481,3,2025-08-06,NULL,Active,1
5410,4482,4,2024-05-24,NULL,Active,1
5411,4483,3,2021-05-19,2021-11-06,Expired,0
5412,4483,3,2021-11-07,NULL,Active,1
5413,4484,3,2023-02-24,2023-07-28,Cancelled,0
5414,4485,4,2021-05-09,2021-07-18,Expired,1
5415,4485,4,2021-07-20,NULL,Active,1
5416,4486,2,2026-08-01,2027-05-18,Expired,1
5417,4486,2,2027-05-22,NULL,Active,1
5418,4487,1,2024-08-18,2025-06-01,Expired,0
5419,4487,1,2025-06-07,NULL,Active,0
5420,4488,5,2025-09-26,NULL,Active,1
5421,4489,4,2023-01-24,NULL,Active,0
5422,4490,1,2025-08-31,NULL,Active,1
5423,4491,2,2022-08-30,NULL,Active,1
5424,4492,2,2026-07-22,NULL,Active,1
5425,4493,5,2025-09-08,NULL,Active,0
5426,4494,3,2024-11-05,2025-09-10,Expired,0
5427,4494,3,2025-09-15,NULL,Active,1
5428,4495,3,2021-01-12,NULL,Active,0
5429,4496,2,2023-04-07,2024-03-09,Expired,1
5430,4496,2,2024-03-14,2025-05-20,Cancelled,1
5431,4497,5,2024-01-26,NULL,Active,1
5432,4498,2,2023-03-17,NULL,Active,0
5433,4499,1,2026-02-07,2027-02-05,Expired,1
5434,4499,1,2027-02-15,NULL,Active,1
5435,4500,3,2024-04-03,NULL,Active,1
5436,4501,5,2024-03-11,NULL,Active,1
5437,4502,4,2021-09-15,NULL,Active,0
5438,4503,1,2023-08-04,2024-09-04,Cancelled,0
5439,4504,2,2026-01-15,2026-02-10,Cancelled,0
5440,4505,2,2023-07-29,2024-09-08,Cancelled,1
5441,4506,3,2025-06-06,NULL,Active,1
5442,4507,5,2023-07-28,2024-06-17,Expired,0
5443,4507,5,2024-06-18,NULL,Active,1
5444,4508,1,2023-09-06,2023-12-25,Expired,1
5445,4508,1,2024-01-04,2024-07-15,Cancelled,1
5446,4509,2,2021-07-15,NULL,Active,1
5447,4510,5,2025-09-04,NULL,Active,1
5448,4511,3,2021-07-29,2022-12-25,Cancelled,1
5449,4512,2,2024-03-23,NULL,Active,0
5450,4513,4,2024-09-07,2025-08-19,Expired,1
5451,4513,4,2025-08-21,2026-07-02,Cancelled,1
5452,4514,2,2021-02-28,2021-04-07,Cancelled,0
5453,4515,4,2024-09-08,NULL,Active,1
5454,4516,1,2021-03-26,NULL,Active,1
5455,4517,1,2022-11-24,2023-09-21,Expired,1
5456,4517,1,2023-09-29,NULL,Active,1
5457,4518,5,2025-08-30,NULL,Active,1
5458,4519,1,2022-11-03,NULL,Active,1
5459,4520,5,2024-06-21,2024-07-12,Cancelled,1
5460,4521,2,2021-10-08,NULL,Active,0
5461,4522,1,2021-01-14,NULL,Active,1
5462,4523,4,2023-01-04,2023-12-12,Expired,1
5463,4523,4,2023-12-14,NULL,Active,1
5464,4524,5,2022-05-13,2022-10-31,Expired,1
5465,4524,5,2022-11-05,2023-02-25,Cancelled,1
5466,4525,4,2022-05-16,NULL,Active,1
5467,4526,1,2024-02-14,2024-03-01,Cancelled,1
5468,4527,1,2024-12-17,NULL,Active,1
5469,4528,2,2023-10-23,NULL,Active,1
5470,4529,2,2021-12-20,NULL,Active,1
5471,4530,1,2024-11-02,2025-10-14,Expired,1
5472,4530,1,2025-10-24,NULL,Active,1
5473,4531,1,2023-03-07,NULL,Active,1
5474,4532,4,2021-05-03,2022-01-14,Cancelled,0
5475,4533,2,2022-03-01,2023-03-19,Expired,1
5476,4533,2,2023-03-25,2023-04-09,Cancelled,0
5477,4534,2,2022-11-18,2022-12-10,Cancelled,0
5478,4535,2,2021-10-02,2022-08-08,Cancelled,1
5479,4536,2,2026-02-19,NULL,Active,1
5480,4537,3,2023-03-27,2023-04-18,Cancelled,0
5481,4538,5,2023-02-10,2023-06-26,Expired,1
5482,4538,5,2023-06-27,NULL,Active,0
5483,4539,3,2021-03-12,NULL,Active,1
5484,4540,5,2025-08-30,NULL,Active,1
5485,4541,2,2026-03-14,2026-07-05,Cancelled,1
5486,4542,3,2022-04-23,NULL,Active,1
5487,4543,5,2026-07-18,2026-09-06,Cancelled,1
5488,4544,4,2022-05-06,2023-04-03,Cancelled,0
5489,4545,3,2023-10-05,2025-12-28,Cancelled,1
5490,4546,3,2024-04-16,NULL,Active,1
5491,4547,4,2024-05-14,2024-10-03,Expired,1
5492,4547,4,2024-10-05,2025-02-05,Cancelled,1
5493,4548,1,2025-04-04,NULL,Active,1
5494,4549,5,2025-08-15,NULL,Active,1
5495,4550,4,2021-11-04,NULL,Active,1
5496,4551,4,2025-07-25,2025-10-09,Cancelled,1
5497,4552,3,2024-09-04,2024-12-21,Expired,0
5498,4552,3,2024-12-24,2025-06-05,Cancelled,1
5499,4553,4,2022-07-17,NULL,Active,0
5500,4554,2,2022-02-15,NULL,Active,1
5501,4555,5,2023-12-19,2024-03-03,Expired,1
5502,4555,5,2024-03-10,2026-02-12,Cancelled,1
5503,4556,4,2023-01-19,2023-04-17,Cancelled,0
5504,4557,3,2021-11-19,NULL,Active,1
5505,4558,5,2024-06-29,2024-09-04,Cancelled,1
5506,4559,5,2024-05-02,NULL,Active,1
5507,4560,4,2022-02-16,2022-12-02,Expired,1
5508,4560,4,2022-12-12,2023-04-10,Cancelled,0
5509,4561,5,2025-09-18,NULL,Active,1
5510,4562,3,2024-01-08,NULL,Active,1
5511,4563,3,2021-10-09,NULL,Active,0
5512,4564,1,2022-03-14,2022-04-12,Cancelled,1
5513,4565,4,2025-01-19,2025-04-29,Cancelled,1
5514,4566,3,2023-12-19,NULL,Active,1
5515,4567,2,2023-10-12,NULL,Active,1
5516,4568,3,2023-01-29,2023-08-13,Expired,1
5517,4568,3,2023-08-15,NULL,Active,0
5518,4569,2,2021-03-10,2021-05-27,Expired,1
5519,4569,2,2021-06-05,NULL,Active,1
5520,4570,5,2022-11-25,2023-05-16,Cancelled,1
5521,4571,1,2023-09-05,NULL,Active,1
5522,4572,5,2024-01-25,NULL,Active,1
5523,4573,4,2026-07-11,2026-10-10,Expired,0
5524,4573,4,2026-10-15,2026-10-30,Cancelled,1
5525,4574,4,2025-10-27,NULL,Active,1
5526,4575,4,2023-02-28,NULL,Active,1
5527,4576,3,2022-07-12,NULL,Active,1
5528,4577,2,2024-03-24,NULL,Active,1
5529,4578,3,2022-05-26,2024-01-23,Cancelled,1
5530,4579,1,2026-08-01,NULL,Active,1
5531,4580,1,2023-02-23,NULL,Active,1
5532,4581,3,2023-01-26,2023-05-16,Cancelled,0
5533,4582,1,2023-10-17,2024-09-11,Expired,1
5534,4582,1,2024-09-17,NULL,Active,1
5535,4583,5,2023-08-04,2023-10-24,Expired,1
5536,4583,5,2023-10-28,NULL,Active,1
5537,4584,4,2021-10-23,NULL,Active,1
5538,4585,1,2023-06-13,NULL,Active,1
5539,4586,1,2021-01-12,NULL,Active,0
5540,4587,4,2021-02-26,NULL,Active,1
5541,4588,5,2023-04-26,2023-07-03,Expired,1
5542,4588,5,2023-07-04,2024-12-01,Cancelled,1
5543,4589,5,2022-05-20,NULL,Active,1
5544,4590,3,2025-04-01,2026-01-09,Expired,1
5545,4590,3,2026-01-14,2026-06-08,Cancelled,0
5546,4591,2,2025-12-22,2026-03-28,Cancelled,1
5547,4592,5,2023-04-27,NULL,Active,1
5548,4593,5,2023-09-22,NULL,Active,1
5549,4594,2,2025-11-27,2026-04-07,Cancelled,0
5550,4595,5,2025-11-10,NULL,Active,1
5551,4596,3,2021-09-02,NULL,Active,1
5552,4597,3,2024-03-30,2024-04-19,Cancelled,0
5553,4598,5,2024-03-22,NULL,Active,1
5554,4599,4,2022-12-27,NULL,Active,1
5555,4600,5,2021-09-25,NULL,Active,1
5556,4601,3,2024-05-26,2025-02-11,Cancelled,0
5557,4602,2,2023-04-03,2023-06-24,Cancelled,1
5558,4603,2,2025-05-19,NULL,Active,1
5559,4604,4,2023-06-23,2023-07-24,Cancelled,1
5560,4605,4,2023-08-19,2024-06-01,Expired,1
5561,4605,4,2024-06-06,2025-03-23,Cancelled,0
5562,4606,3,2023-06-16,NULL,Active,1
5563,4607,3,2022-03-26,NULL,Active,1
5564,4608,4,2023-11-10,2024-02-10,Expired,1
5565,4608,4,2024-02-17,NULL,Active,1
5566,4609,5,2024-06-24,NULL,Active,0
5567,4610,1,2021-09-15,NULL,Active,1
5568,4611,2,2024-03-04,2024-12-24,Cancelled,1
5569,4612,3,2023-01-20,2023-12-17,Expired,1
5570,4612,3,2023-12-22,2024-03-11,Cancelled,1
5571,4613,3,2021-01-14,2021-06-17,Expired,1
5572,4613,3,2021-06-24,NULL,Active,1
5573,4614,4,2025-09-16,NULL,Active,1
5574,4615,5,2026-05-25,NULL,Active,0
5575,4616,2,2024-06-08,NULL,Active,1
5576,4617,5,2024-01-19,NULL,Active,1
5577,4618,2,2025-01-01,2025-01-23,Cancelled,1
5578,4619,1,2023-03-15,NULL,Active,1
5579,4620,3,2024-10-08,NULL,Active,0
5580,4621,3,2024-09-27,2025-04-15,Cancelled,0
5581,4622,1,2021-03-09,2022-07-23,Cancelled,1
5582,4623,5,2022-07-16,2022-11-14,Cancelled,1
5583,4624,2,2023-04-20,NULL,Active,1
5584,4625,4,2021-10-25,2022-09-23,Cancelled,1
5585,4626,4,2025-12-13,2026-06-04,Cancelled,1
5586,4627,3,2023-05-29,2024-06-02,Cancelled,1
5587,4628,4,2021-05-30,2022-02-18,Cancelled,0
5588,4629,5,2025-08-03,NULL,Active,1
5589,4630,1,2026-01-17,NULL,Active,1
5590,4631,4,2023-08-28,NULL,Active,1
5591,4632,4,2023-10-23,2024-03-11,Cancelled,0
5592,4633,2,2021-06-30,2022-04-02,Cancelled,0
5593,4634,4,2022-11-16,NULL,Active,1
5594,4635,2,2026-06-29,2027-03-15,Expired,0
5595,4635,2,2027-03-24,NULL,Active,1
5596,4636,1,2022-02-14,2022-04-08,Cancelled,1
5597,4637,5,2023-07-29,2024-02-24,Expired,0
5598,4637,5,2024-02-26,2024-03-21,Cancelled,1
5599,4638,3,2025-10-16,2026-05-25,Cancelled,1
5600,4639,5,2026-01-27,2026-09-04,Cancelled,1
5601,4640,4,2021-04-21,NULL,Active,1
5602,4641,5,2021-03-29,2022-04-20,Expired,1
5603,4641,5,2022-04-24,NULL,Active,0
5604,4642,5,2022-12-06,NULL,Active,0
5605,4643,3,2023-01-05,2024-03-17,Cancelled,1
5606,4644,4,2022-06-28,2022-12-31,Expired,0
5607,4644,4,2023-01-06,2024-02-24,Cancelled,1
5608,4645,2,2026-01-16,NULL,Active,0
5609,4646,5,2021-05-09,2022-03-03,Cancelled,1
5610,4647,1,2025-02-10,NULL,Active,1
5611,4648,4,2022-09-23,NULL,Active,1
5612,4649,2,2026-04-25,NULL,Active,0
5613,4650,1,2025-03-15,2025-04-01,Cancelled,1
5614,4651,1,2025-09-18,NULL,Active,1
5615,4652,5,2023-05-18,NULL,Active,1
5616,4653,4,2022-03-21,NULL,Active,1
5617,4654,4,2023-12-27,2024-06-09,Cancelled,1
5618,4655,1,2024-09-13,NULL,Active,1
5619,4656,2,2023-06-03,NULL,Active,1
5620,4657,5,2025-12-29,2026-01-16,Cancelled,0
5621,4658,5,2023-05-28,NULL,Active,0
5622,4659,5,2025-07-21,NULL,Active,1
5623,4660,2,2026-03-20,2026-08-02,Cancelled,1
5624,4661,3,2022-06-04,2023-02-25,Expired,1
5625,4661,3,2023-03-05,2023-09-22,Cancelled,1
5626,4662,4,2022-04-09,2022-04-25,Cancelled,0
5627,4663,4,2022-07-08,NULL,Active,1
5628,4664,4,2023-08-08,NULL,Active,1
5629,4665,1,2021-10-31,NULL,Active,1
5630,4666,4,2021-12-09,2022-09-03,Expired,1
5631,4666,4,2022-09-09,NULL,Active,1
5632,4667,1,2022-01-19,NULL,Active,1
5633,4668,3,2022-07-12,NULL,Active,0
5634,4669,5,2026-07-03,2026-08-01,Cancelled,0
5635,4670,4,2022-01-02,NULL,Active,1
5636,4671,4,2025-12-17,NULL,Active,1
5637,4672,3,2021-11-25,2022-01-02,Cancelled,1
5638,4673,5,2022-11-06,NULL,Active,0
5639,4674,4,2021-05-03,NULL,Active,1
5640,4675,5,2021-04-10,NULL,Active,1
5641,4676,3,2024-08-13,NULL,Active,1
5642,4677,4,2021-11-29,2022-10-24,Expired,0
5643,4677,4,2022-10-29,NULL,Active,1
5644,4678,1,2026-05-24,NULL,Active,1
5645,4679,5,2025-03-02,2026-03-10,Expired,1
5646,4679,5,2026-03-13,NULL,Active,1
5647,4680,5,2021-04-16,2022-02-23,Cancelled,1
5648,4681,1,2024-07-05,2026-07-20,Cancelled,1
5649,4682,5,2024-04-02,NULL,Active,0
5650,4683,2,2021-12-15,NULL,Active,0
5651,4684,2,2026-05-07,2027-05-30,Expired,1
5652,4684,2,2027-06-06,2027-06-21,Cancelled,0
5653,4685,1,2021-11-10,NULL,Active,1
5654,4686,3,2026-08-16,NULL,Active,0
5655,4687,4,2025-04-04,2026-04-09,Expired,1
5656,4687,4,2026-04-19,NULL,Active,1
5657,4688,2,2025-11-16,2026-06-15,Cancelled,0
5658,4689,5,2021-07-20,2022-11-09,Cancelled,1
5659,4690,5,2023-10-04,2023-10-29,Cancelled,1
5660,4691,5,2021-12-30,NULL,Active,0
5661,4692,4,2024-02-01,NULL,Active,1
5662,4693,4,2025-03-28,2026-06-22,Cancelled,0
5663,4694,4,2025-08-19,2025-10-11,Cancelled,1
5664,4695,5,2023-07-23,NULL,Active,1
5665,4696,5,2025-02-08,2025-07-06,Cancelled,0
5666,4697,1,2025-03-18,NULL,Active,1
5667,4698,3,2021-06-11,NULL,Active,0
5668,4699,1,2025-07-24,NULL,Active,0
5669,4700,2,2026-02-28,2026-05-12,Cancelled,1
5670,4701,1,2023-01-27,2023-03-31,Expired,1
5671,4701,1,2023-04-08,NULL,Active,1
5672,4702,5,2024-01-02,2024-08-09,Expired,0
5673,4702,5,2024-08-18,2026-05-18,Cancelled,1
5674,4703,3,2023-11-02,NULL,Active,1
5675,4704,4,2021-01-21,2021-09-13,Cancelled,1
5676,4705,5,2022-12-28,2023-10-28,Expired,1
5677,4705,5,2023-11-04,NULL,Active,1
5678,4706,1,2023-10-17,NULL,Active,0
5679,4707,1,2023-02-08,2024-03-03,Cancelled,0
5680,4708,4,2025-06-26,2026-06-08,Expired,0
5681,4708,4,2026-06-12,NULL,Active,1
5682,4709,2,2021-09-26,2022-12-04,Cancelled,1
5683,4710,1,2024-04-23,NULL,Active,1
5684,4711,3,2024-06-13,NULL,Active,1
5685,4712,2,2021-03-26,2021-12-20,Cancelled,1
5686,4713,1,2025-02-17,NULL,Active,0
5687,4714,2,2025-10-31,NULL,Active,1
5688,4715,1,2023-10-29,NULL,Active,1
5689,4716,3,2025-05-18,2025-07-21,Expired,1
5690,4716,3,2025-07-31,2025-08-19,Cancelled,1
5691,4717,1,2022-10-04,NULL,Active,0
5692,4718,5,2021-06-23,2021-09-22,Cancelled,1
5693,4719,3,2025-02-20,2025-05-08,Cancelled,1
5694,4720,5,2024-04-18,NULL,Active,1
5695,4721,4,2021-12-13,NULL,Active,1
5696,4722,2,2025-08-12,NULL,Active,1
5697,4723,2,2021-04-03,NULL,Active,0
5698,4724,5,2025-02-17,2025-05-13,Cancelled,1
5699,4725,4,2023-01-01,2023-05-30,Expired,1
5700,4725,4,2023-05-31,2024-08-12,Cancelled,1
5701,4726,1,2026-03-23,2026-08-09,Cancelled,1
5702,4727,3,2024-10-24,2025-11-12,Expired,0
5703,4727,3,2025-11-18,2026-06-06,Cancelled,1
5704,4728,1,2024-04-08,NULL,Active,1
5705,4729,4,2023-05-06,2023-10-22,Cancelled,1
5706,4730,5,2023-11-22,2024-07-05,Cancelled,1
5707,4731,2,2025-06-05,NULL,Active,0
5708,4732,2,2022-02-23,2022-11-26,Expired,1
5709,4732,2,2022-12-04,NULL,Active,1
5710,4733,2,2026-02-06,NULL,Active,1
5711,4734,4,2021-07-17,NULL,Active,1
5712,4735,3,2022-01-10,NULL,Active,1
5713,4736,5,2026-07-11,NULL,Active,1
5714,4737,1,2024-08-16,NULL,Active,1
5715,4738,3,2021-05-23,NULL,Active,1
5716,4739,3,2026-07-28,NULL,Active,1
5717,4740,1,2026-03-07,2026-09-03,Cancelled,0
5718,4741,3,2021-02-04,NULL,Active,0
5719,4742,2,2021-04-19,NULL,Active,1
5720,4743,1,2024-10-02,2025-02-10,Cancelled,1
5721,4744,1,2022-06-08,2022-06-26,Cancelled,1
5722,4745,5,2023-09-29,NULL,Active,0
5723,4746,5,2026-04-19,2026-06-21,Cancelled,1
5724,4747,3,2023-12-17,NULL,Active,1
5725,4748,2,2022-05-06,2022-08-01,Cancelled,1
5726,4749,3,2023-05-26,2024-02-05,Expired,1
5727,4749,3,2024-02-14,NULL,Active,1
5728,4750,5,2024-11-17,NULL,Active,1
5729,4751,4,2024-06-28,2025-03-04,Cancelled,1
5730,4752,1,2024-03-20,NULL,Active,1
5731,4753,5,2023-07-15,NULL,Active,0
5732,4754,5,2026-05-10,NULL,Active,1
5733,4755,5,2022-07-25,2024-01-12,Cancelled,1
5734,4756,2,2022-10-08,NULL,Active,0
5735,4757,3,2022-08-29,NULL,Active,1
5736,4758,4,2024-02-01,NULL,Active,1
5737,4759,4,2021-11-11,NULL,Active,0
5738,4760,2,2024-04-19,NULL,Active,0
5739,4761,4,2025-07-27,2025-12-03,Cancelled,1
5740,4762,5,2021-03-29,NULL,Active,1
5741,4763,2,2025-06-08,NULL,Active,1
5742,4764,1,2022-01-29,NULL,Active,1
5743,4765,4,2025-10-14,2025-12-23,Expired,0
5744,4765,4,2025-12-28,2026-03-17,Cancelled,0
5745,4766,2,2021-08-15,2022-05-18,Cancelled,1
5746,4767,1,2025-05-19,2026-05-03,Cancelled,1
5747,4768,1,2021-04-22,NULL,Active,0
5748,4769,2,2021-10-25,NULL,Active,1
5749,4770,4,2022-02-14,NULL,Active,1
5750,4771,4,2024-10-26,NULL,Active,0
5751,4772,4,2023-01-22,2023-02-09,Cancelled,0
5752,4773,2,2026-06-12,NULL,Active,1
5753,4774,1,2022-08-08,2023-03-08,Cancelled,1
5754,4775,4,2023-12-17,NULL,Active,1
5755,4776,2,2022-04-20,2022-06-21,Cancelled,1
5756,4777,1,2021-01-21,2021-10-01,Expired,1
5757,4777,1,2021-10-05,NULL,Active,1
5758,4778,5,2024-11-04,NULL,Active,1
5759,4779,5,2022-07-14,2023-04-03,Expired,0
5760,4779,5,2023-04-06,2023-05-24,Cancelled,1
5761,4780,4,2023-08-16,NULL,Active,0
5762,4781,1,2022-05-24,NULL,Active,1
5763,4782,4,2026-01-24,2027-02-04,Expired,1
5764,4782,4,2027-02-06,NULL,Active,1
5765,4783,1,2021-07-14,2021-10-19,Cancelled,1
5766,4784,5,2021-09-23,2021-12-15,Expired,1
5767,4784,5,2021-12-17,NULL,Active,0
5768,4785,1,2023-01-15,NULL,Active,1
5769,4786,4,2023-11-12,NULL,Active,1
5770,4787,5,2025-09-20,NULL,Active,1
5771,4788,4,2024-04-29,NULL,Active,1
5772,4789,4,2026-02-12,NULL,Active,1
5773,4790,5,2022-08-18,NULL,Active,0
5774,4791,5,2025-04-23,2025-07-02,Expired,1
5775,4791,5,2025-07-10,NULL,Active,1
5776,4792,5,2022-08-25,NULL,Active,1
5777,4793,2,2024-04-20,NULL,Active,1
5778,4794,3,2023-03-08,2023-08-23,Expired,1
5779,4794,3,2023-08-28,2025-03-22,Cancelled,1
5780,4795,1,2023-01-28,NULL,Active,0
5781,4796,3,2025-10-27,NULL,Active,1
5782,4797,5,2021-08-13,2021-11-27,Cancelled,0
5783,4798,1,2026-04-22,NULL,Active,1
5784,4799,2,2026-02-16,NULL,Active,1
5785,4800,5,2022-12-14,NULL,Active,1
5786,4801,4,2023-07-24,2023-10-06,Expired,1
5787,4801,4,2023-10-11,NULL,Active,1
5788,4802,5,2024-08-27,2025-06-02,Expired,1
5789,4802,5,2025-06-04,NULL,Active,1
5790,4803,3,2025-01-21,2025-09-30,Cancelled,1
5791,4804,4,2022-07-22,2022-09-29,Cancelled,0
5792,4805,5,2024-03-12,2025-07-04,Cancelled,0
5793,4806,2,2022-04-28,2023-01-15,Cancelled,1
5794,4807,1,2025-11-14,NULL,Active,0
5795,4808,5,2022-08-27,NULL,Active,1
5796,4809,4,2022-08-24,2022-12-13,Expired,1
5797,4809,4,2022-12-21,NULL,Active,1
5798,4810,3,2022-01-18,2022-10-23,Expired,1
5799,4810,3,2022-10-27,NULL,Active,0
5800,4811,3,2025-03-30,2025-11-07,Expired,0
5801,4811,3,2025-11-15,NULL,Active,0
5802,4812,5,2023-06-07,NULL,Active,0
5803,4813,4,2025-10-11,2026-09-29,Expired,1
5804,4813,4,2026-10-01,2026-10-16,Cancelled,0
5805,4814,2,2023-02-19,NULL,Active,1
5806,4815,1,2024-10-11,NULL,Active,1
5807,4816,1,2023-12-30,NULL,Active,1
5808,4817,3,2023-09-13,NULL,Active,0
5809,4818,2,2024-01-19,2024-10-09,Cancelled,0
5810,4819,4,2022-11-04,2024-09-06,Cancelled,1
5811,4820,5,2021-01-27,2021-02-15,Cancelled,0
5812,4821,4,2025-05-20,NULL,Active,1
5813,4822,1,2022-04-24,2022-07-22,Expired,1
5814,4822,1,2022-07-24,NULL,Active,1
5815,4823,3,2021-11-04,2022-10-20,Expired,1
5816,4823,3,2022-10-27,2023-04-24,Cancelled,0
5817,4824,4,2024-10-03,NULL,Active,1
5818,4825,3,2025-03-17,2025-12-23,Cancelled,1
5819,4826,4,2024-02-18,NULL,Active,0
5820,4827,3,2021-10-27,NULL,Active,1
5821,4828,4,2026-01-31,NULL,Active,1
5822,4829,2,2023-03-14,2023-12-21,Cancelled,0
5823,4830,3,2022-08-12,NULL,Active,1
5824,4831,5,2023-06-23,2023-12-13,Cancelled,0
5825,4832,2,2021-03-10,NULL,Active,1
5826,4833,3,2024-02-28,2025-10-08,Cancelled,0
5827,4834,3,2026-01-14,NULL,Active,0
5828,4835,3,2025-08-14,NULL,Active,0
5829,4836,3,2022-07-16,NULL,Active,1
5830,4837,3,2022-01-13,NULL,Active,1
5831,4838,1,2025-04-24,2025-11-14,Cancelled,1
5832,4839,3,2021-10-01,2022-08-16,Cancelled,1
5833,4840,3,2023-12-13,2025-03-22,Cancelled,1
5834,4841,1,2023-04-11,NULL,Active,0
5835,4842,5,2022-06-28,2023-03-25,Cancelled,1
5836,4843,1,2023-04-10,NULL,Active,1
5837,4844,3,2026-03-29,NULL,Active,1
5838,4845,3,2021-02-13,2023-04-14,Cancelled,1
5839,4846,3,2021-11-18,2022-09-23,Expired,0
5840,4846,3,2022-09-29,2023-05-10,Cancelled,1
5841,4847,1,2025-04-05,NULL,Active,1
5842,4848,1,2023-09-02,2025-01-02,Cancelled,1
5843,4849,5,2022-06-27,NULL,Active,1
5844,4850,5,2024-11-13,NULL,Active,1
5845,4851,1,2023-06-13,NULL,Active,1
5846,4852,4,2024-04-30,2024-12-10,Expired,0
5847,4852,4,2024-12-19,NULL,Active,1
5848,4853,2,2021-07-21,2022-07-18,Expired,1
5849,4853,2,2022-07-26,NULL,Active,1
5850,4854,3,2024-08-16,NULL,Active,1
5851,4855,1,2024-04-19,2024-09-24,Expired,1
5852,4855,1,2024-10-03,2025-03-30,Cancelled,1
5853,4856,3,2025-11-02,2026-07-19,Expired,1
5854,4856,3,2026-07-28,NULL,Active,1
5855,4857,1,2023-08-27,NULL,Active,0
5856,4858,4,2022-02-21,2023-01-29,Cancelled,1
5857,4859,5,2022-03-20,2023-05-03,Cancelled,1
5858,4860,1,2022-11-29,2023-08-02,Expired,1
5859,4860,1,2023-08-04,NULL,Active,1
5860,4861,1,2022-10-24,2023-02-15,Cancelled,0
5861,4862,4,2023-01-18,2024-02-04,Expired,1
5862,4862,4,2024-02-07,NULL,Active,1
5863,4863,2,2023-12-06,2024-02-23,Cancelled,0
5864,4864,2,2024-10-25,2025-07-05,Expired,0
5865,4864,2,2025-07-08,NULL,Active,1
5866,4865,3,2025-11-29,NULL,Active,1
5867,4866,5,2023-09-23,2023-11-23,Expired,1
5868,4866,5,2023-12-01,2024-05-01,Cancelled,1
5869,4867,5,2024-07-28,NULL,Active,1
5870,4868,3,2023-07-27,NULL,Active,0
5871,4869,2,2026-07-12,NULL,Active,0
5872,4870,3,2025-10-22,NULL,Active,1
5873,4871,1,2026-02-01,NULL,Active,1
5874,4872,2,2025-07-08,NULL,Active,1
5875,4873,4,2022-08-24,2023-07-13,Expired,1
5876,4873,4,2023-07-18,2024-07-02,Cancelled,1
5877,4874,1,2025-03-21,2026-01-14,Cancelled,0
5878,4875,2,2022-12-02,2024-08-07,Cancelled,1
5879,4876,4,2024-09-05,NULL,Active,1
5880,4877,1,2025-05-31,NULL,Active,1
5881,4878,3,2021-03-02,2021-06-07,Cancelled,1
5882,4879,2,2022-03-06,NULL,Active,1
5883,4880,5,2022-09-08,2022-10-14,Cancelled,1
5884,4881,2,2022-12-15,NULL,Active,0
5885,4882,3,2024-09-02,NULL,Active,0
5886,4883,2,2021-06-11,2022-05-22,Expired,1
5887,4883,2,2022-05-28,NULL,Active,0
5888,4884,1,2024-01-05,NULL,Active,1
5889,4885,2,2024-03-28,2024-11-07,Expired,0
5890,4885,2,2024-11-13,NULL,Active,1
5891,4886,5,2022-06-04,NULL,Active,1
5892,4887,4,2023-07-31,NULL,Active,1
5893,4888,4,2023-10-25,2023-12-24,Expired,1
5894,4888,4,2023-12-30,NULL,Active,1
5895,4889,2,2024-05-06,NULL,Active,1
5896,4890,3,2021-09-28,2022-08-01,Cancelled,0
5897,4891,2,2024-11-21,2025-11-08,Expired,1
5898,4891,2,2025-11-15,NULL,Active,0
5899,4892,2,2026-02-19,2026-03-18,Cancelled,1
5900,4893,2,2022-01-11,2022-11-15,Expired,1
5901,4893,2,2022-11-23,NULL,Active,0
5902,4894,2,2025-07-04,2026-06-01,Expired,1
5903,4894,2,2026-06-07,NULL,Active,0
5904,4895,2,2023-03-14,NULL,Active,1
5905,4896,1,2021-04-18,NULL,Active,0
5906,4897,2,2025-04-08,NULL,Active,1
5907,4898,5,2026-03-05,2026-04-23,Cancelled,1
5908,4899,2,2026-07-11,NULL,Active,0
5909,4900,3,2025-11-23,2026-07-17,Cancelled,1
5910,4901,3,2022-06-15,2023-02-12,Expired,1
5911,4901,3,2023-02-15,NULL,Active,1
5912,4902,5,2023-03-15,NULL,Active,0
5913,4903,5,2024-07-27,NULL,Active,0
5914,4904,4,2025-06-21,NULL,Active,0
5915,4905,5,2025-02-19,NULL,Active,0
5916,4906,1,2021-05-03,2021-08-13,Cancelled,1
5917,4907,3,2025-04-10,2026-01-22,Expired,1
5918,4907,3,2026-01-25,2026-04-17,Cancelled,1
5919,4908,3,2026-02-14,2026-09-21,Expired,1
5920,4908,3,2026-09-22,NULL,Active,1
5921,4909,4,2022-05-27,2022-07-08,Cancelled,1
5922,4910,5,2022-12-22,NULL,Active,1
5923,4911,2,2024-01-05,NULL,Active,1
5924,4912,5,2025-05-30,NULL,Active,1
5925,4913,2,2023-03-15,NULL,Active,1
5926,4914,2,2024-04-19,2024-11-12,Expired,1
5927,4914,2,2024-11-22,NULL,Active,0
5928,4915,4,2022-06-30,2022-07-18,Cancelled,0
5929,4916,2,2024-01-08,NULL,Active,1
5930,4917,5,2022-02-27,NULL,Active,0
5931,4918,1,2023-12-04,2024-09-01,Expired,1
5932,4918,1,2024-09-09,2025-01-07,Cancelled,1
5933,4919,5,2023-02-04,2024-04-21,Cancelled,1
5934,4920,4,2022-12-30,2023-08-08,Expired,1
5935,4920,4,2023-08-17,NULL,Active,1
5936,4921,2,2022-12-05,NULL,Active,1
5937,4922,2,2023-06-30,NULL,Active,0
5938,4923,5,2025-02-24,NULL,Active,1
5939,4924,3,2022-03-12,2022-04-06,Cancelled,1
5940,4925,1,2025-02-21,NULL,Active,1
5941,4926,3,2023-12-13,NULL,Active,0
5942,4927,4,2021-03-06,NULL,Active,1
5943,4928,2,2024-03-22,2024-05-07,Cancelled,1
5944,4929,5,2023-03-07,2024-01-30,Cancelled,1
5945,4930,3,2022-05-07,2022-08-24,Cancelled,1
5946,4931,3,2021-11-02,NULL,Active,1
5947,4932,4,2026-06-07,2027-04-01,Expired,1
5948,4932,4,2027-04-05,NULL,Active,1
5949,4933,1,2024-09-28,2025-01-30,Expired,0
5950,4933,1,2025-02-03,2025-06-24,Cancelled,1
5951,4934,4,2021-06-04,NULL,Active,1
5952,4935,2,2025-06-04,2025-06-20,Cancelled,0
5953,4936,3,2024-04-17,2024-05-03,Cancelled,1
5954,4937,2,2024-09-04,NULL,Active,1
5955,4938,4,2022-12-12,NULL,Active,0
5956,4939,1,2025-09-15,2026-01-01,Expired,1
5957,4939,1,2026-01-03,NULL,Active,1
5958,4940,2,2022-02-03,2022-05-22,Expired,0
5959,4940,2,2022-05-25,NULL,Active,1
5960,4941,4,2024-07-23,2025-02-02,Expired,1
5961,4941,4,2025-02-11,NULL,Active,1
5962,4942,2,2023-12-25,NULL,Active,1
5963,4943,2,2024-03-07,NULL,Active,1
5964,4944,2,2022-12-28,NULL,Active,1
5965,4945,2,2022-05-15,NULL,Active,1
5966,4946,1,2026-04-21,2026-06-22,Expired,1
5967,4946,1,2026-06-28,NULL,Active,1
5968,4947,4,2022-06-24,NULL,Active,1
5969,4948,3,2025-01-18,NULL,Active,1
5970,4949,4,2024-11-27,NULL,Active,1
5971,4950,2,2024-09-17,NULL,Active,0
5972,4951,2,2021-08-28,NULL,Active,1
5973,4952,5,2025-08-29,NULL,Active,1
5974,4953,5,2024-02-19,NULL,Active,0
5975,4954,5,2026-07-12,2026-09-10,Cancelled,1
5976,4955,5,2024-10-13,NULL,Active,1
5977,4956,4,2024-10-22,2025-08-28,Cancelled,1
5978,4957,3,2025-01-29,NULL,Active,1
5979,4958,1,2024-03-25,NULL,Active,0
5980,4959,3,2024-06-01,NULL,Active,1
5981,4960,4,2025-10-20,NULL,Active,0
5982,4961,2,2021-01-26,2021-02-20,Cancelled,1
5983,4962,4,2024-06-10,2024-10-14,Cancelled,1
5984,4963,4,2023-08-09,2024-02-11,Expired,0
5985,4963,4,2024-02-15,2024-12-28,Cancelled,1
5986,4964,2,2022-04-20,2022-09-05,Expired,0
5987,4964,2,2022-09-07,NULL,Active,1
5988,4965,2,2023-05-04,NULL,Active,1
5989,4966,3,2026-05-23,NULL,Active,1
5990,4967,3,2025-10-10,2026-08-25,Cancelled,1
5991,4968,1,2022-02-16,NULL,Active,1
5992,4969,1,2025-04-19,2026-01-28,Cancelled,1
5993,4970,2,2026-07-03,NULL,Active,0
5994,4971,5,2025-09-29,NULL,Active,1
5995,4972,2,2024-04-13,NULL,Active,0
5996,4973,1,2021-01-27,NULL,Active,0
5997,4974,2,2022-11-18,NULL,Active,1
5998,4975,4,2021-10-13,NULL,Active,1
5999,4976,1,2022-03-10,2023-03-10,Expired,0
6000,4976,1,2023-03-18,NULL,Active,1
6001,4977,2,2021-09-15,NULL,Active,1
6002,4978,5,2022-08-10,NULL,Active,1
6003,4979,5,2022-01-15,2022-08-10,Cancelled,1
6004,4980,1,2022-01-04,NULL,Active,0
6005,4981,2,2023-12-11,NULL,Active,1
6006,4982,4,2026-03-13,2026-08-28,Cancelled,0
6007,4983,2,2022-11-08,NULL,Active,1
6008,4984,2,2021-12-23,2022-07-14,Expired,0
6009,4984,2,2022-07-17,2023-01-11,Cancelled,1
6010,4985,2,2023-01-11,NULL,Active,1
6011,4986,2,2024-08-07,NULL,Active,1
6012,4987,2,2023-12-25,NULL,Active,1
6013,4988,4,2022-09-26,NULL,Active,1
6014,4989,1,2022-08-07,2023-02-25,Expired,1
6015,4989,1,2023-02-27,NULL,Active,1
6016,4990,3,2026-02-01,2026-03-27,Cancelled,1
6017,4991,4,2023-09-15,NULL,Active,1
6018,4992,5,2021-08-06,NULL,Active,1
6019,4993,1,2022-05-11,NULL,Active,1
6020,4994,2,2021-09-17,NULL,Active,1
6021,4995,3,2023-03-24,2024-03-01,Expired,1
6022,4995,3,2024-03-05,NULL,Active,0
6023,4996,5,2023-02-02,NULL,Active,1
6024,4997,5,2022-12-08,2023-01-29,Cancelled,1
6025,4998,5,2023-05-27,NULL,Active,1
6026,4999,3,2022-02-17,2022-08-11,Expired,1
6027,4999,3,2022-08-15,NULL,Active,1
6028,5000,1,2021-11-05,NULL,Active,1
