ticket_id,customer_id,created_date,resolved_date,issue_category,priority,status,satisfaction_rating
1,4740,2026-05-20,2026-05-27,Feature Request,Medium,Closed,2
2,4758,2025-01-12,2025-01-22,Billing,Low,Closed,5
3,4152,2026-05-10,2026-05-24,Account,Medium,Closed,5
4,3539,2025-01-27,2025-02-09,Technical,Medium,Closed,3
5,1774,2023-08-31,2023-09-08,Feature Request,Urgent,Closed,1
6,78,2025-04-29,2025-05-01,Other,High,Closed,2
7,4457,2025-12-31,2026-01-13,Account,Low,Closed,5
8,145,2021-11-29,2021-12-03,Account,High,Closed,5
9,2568,2024-10-06,2024-10-20,Billing,Urgent,Closed,1
10,3444,2024-11-22,2024-11-23,Technical,Low,Closed,3
11,449,2023-06-29,2023-07-08,Feature Request,High,Closed,2
12,1771,2024-11-14,2024-11-18,Technical,Urgent,Closed,2
13,453,2026-09-05,2026-09-15,Billing,Medium,Closed,3
14,4703,2026-09-15,2026-09-28,Account,Medium,Closed,1
15,3708,2023-09-14,NULL,Billing,Urgent,Open,NULL
16,2334,2026-07-25,2026-08-03,Billing,Medium,Closed,4
17,3270,2026-01-21,2026-01-27,Account,Low,Closed,1
18,4517,2025-03-12,2025-03-19,Feature Request,High,Closed,4
19,2008,2026-07-06,2026-07-14,Technical,Urgent,Closed,4
20,408,2023-04-28,2023-05-10,Account,Medium,Closed,1
21,47,2024-12-05,2024-12-17,Technical,Medium,Closed,4
22,2998,2025-03-29,2025-04-12,Feature Request,High,Closed,4
23,2558,2026-07-29,2026-08-11,Billing,Medium,Closed,4
24,3771,2026-07-20,2026-07-31,Feature Request,Low,Closed,5
25,2545,2024-04-19,2024-05-03,Technical,Urgent,Closed,1
26,700,2026-08-22,2026-08-29,Feature Request,Medium,Closed,1
27,2089,2026-07-29,NULL,Technical,Medium,In Progress,NULL
28,4710,2025-02-11,2025-02-24,Account,Medium,Closed,1
29,1683,2025-11-10,2025-11-23,Technical,High,Closed,2
30,1514,2024-02-22,2024-02-27,Technical,Urgent,Closed,1
31,4198,2025-05-17,NULL,Other,Low,Open,NULL
32,2003,2024-11-17,2024-11-23,Other,Medium,Closed,2
33,2665,2024-02-17,2024-02-24,Billing,Low,Closed,5
34,496,2024-11-11,2024-11-16,Feature Request,Low,Closed,4
35,3872,2025-03-11,2025-03-15,Technical,High,Closed,1
36,2140,2026-03-23,2026-03-29,Technical,Low,Closed,4
37,476,2024-01-30,NULL,Account,Urgent,In Progress,NULL
38,3136,2026-08-21,2026-08-21,Feature Request,High,Closed,3
39,798,2024-02-02,2024-02-12,Feature Request,Low,Closed,5
40,32,2026-04-07,NULL,Account,Urgent,Open,NULL
41,4300,2026-08-13,2026-08-13,Feature Request,Urgent,Closed,4
42,2193,2025-04-11,2025-04-22,Technical,Low,Closed,3
43,11,2025-07-07,NULL,Billing,High,In Progress,NULL
44,1432,2024-11-27,2024-12-08,Feature Request,Urgent,Closed,3
45,1914,2026-02-02,2026-02-12,Feature Request,Urgent,Closed,5
46,2637,2024-04-25,2024-04-28,Billing,Urgent,Closed,4
47,1299,2023-06-15,2023-06-26,Other,Low,Closed,5
48,2957,2025-08-17,2025-08-24,Feature Request,Urgent,Closed,1
49,4208,2024-08-01,NULL,Technical,Low,Open,NULL
50,1476,2026-05-06,2026-05-17,Other,Low,Closed,4
51,1137,2025-01-17,2025-01-25,Account,Low,Closed,2
52,4631,2024-10-09,2024-10-13,Other,Low,Closed,3
53,852,2023-01-07,2023-01-14,Feature Request,Urgent,Closed,1
54,3289,2024-11-24,2024-11-29,Other,High,Closed,1
55,4177,2026-04-02,2026-04-14,Feature Request,Medium,Closed,5
56,2448,2025-12-21,2025-12-24,Account,Medium,Closed,4
57,765,2026-09-02,2026-09-15,Feature Request,High,Closed,3
58,3678,2026-08-25,2026-09-08,Account,Low,Closed,1
59,2801,2025-10-09,2025-10-10,Billing,Medium,Closed,3
60,3313,2026-05-04,2026-05-16,Technical,Low,Closed,4
61,1685,2023-07-22,2023-08-01,Billing,Low,Closed,4
62,3424,2024-10-20,2024-10-25,Other,High,Closed,4
63,3408,2026-07-19,2026-07-28,Technical,Urgent,Closed,2
64,623,2025-11-22,2025-11-29,Other,High,Closed,2
65,4121,2024-07-22,2024-08-04,Technical,Urgent,Closed,1
66,3314,2025-01-24,2025-01-27,Feature Request,Medium,Closed,5
67,1246,2024-05-14,2024-05-26,Other,Low,Closed,3
68,3359,2024-06-12,2024-06-24,Other,Low,Closed,2
69,198,2024-08-19,NULL,Other,Urgent,In Progress,NULL
70,3522,2026-08-24,2026-08-30,Other,High,Closed,1
71,4327,2026-08-02,2026-08-07,Other,Urgent,Closed,4
72,1490,2026-05-06,2026-05-17,Account,Medium,Closed,5
73,2759,2026-09-03,NULL,Account,Medium,Open,NULL
74,3682,2025-02-05,2025-02-15,Other,Medium,Closed,1
75,2174,2026-07-05,2026-07-11,Other,Low,Closed,1
76,2081,2025-12-23,2025-12-25,Other,High,Closed,2
77,55,2026-06-16,2026-06-21,Feature Request,Urgent,Closed,4
78,3357,2026-01-10,2026-01-24,Other,Urgent,Closed,5
79,3985,2025-06-10,NULL,Other,High,Open,NULL
80,4938,2026-07-11,2026-07-14,Other,High,Closed,4
81,3460,2023-07-20,2023-07-20,Billing,Medium,Closed,1
82,1809,2026-03-12,NULL,Account,High,Open,NULL
83,4675,2024-05-03,2024-05-14,Other,Urgent,Closed,4
84,3964,2025-03-07,2025-03-11,Billing,Low,Closed,3
85,2685,2023-11-05,2023-11-18,Other,Low,Closed,5
86,1547,2025-12-16,2025-12-25,Technical,Urgent,Closed,3
87,156,2025-12-14,2025-12-24,Account,High,Closed,2
88,3047,2023-10-28,2023-10-29,Feature Request,Urgent,Closed,3
89,3556,2026-07-09,2026-07-11,Account,Medium,Closed,4
90,2118,2026-08-18,2026-08-29,Account,Urgent,Closed,3
91,4282,2024-03-20,NULL,Other,High,Open,NULL
92,390,2025-12-27,2026-01-01,Other,Urgent,Closed,4
93,4759,2021-12-06,2021-12-06,Technical,Low,Closed,2
94,2034,2024-12-21,2024-12-27,Technical,High,Closed,2
95,1798,2026-07-27,2026-08-05,Account,Medium,Closed,3
96,2829,2026-02-25,2026-02-26,Technical,Medium,Closed,5
97,3322,2024-01-13,2024-01-16,Technical,Low,Closed,5
98,1128,2026-03-01,2026-03-10,Billing,Urgent,Closed,3
99,4180,2026-04-09,2026-04-13,Feature Request,High,Closed,3
100,679,2023-07-11,2023-07-15,Feature Request,Low,Closed,2
101,1962,2026-05-26,2026-06-03,Billing,Low,Closed,2
102,206,2024-12-03,2024-12-05,Feature Request,Low,Closed,4
103,156,2024-06-11,2024-06-25,Billing,Urgent,Closed,1
104,848,2022-08-23,NULL,Billing,Urgent,In Progress,NULL
105,2066,2026-03-07,2026-03-09,Billing,Medium,Closed,1
106,485,2025-10-09,2025-10-10,Billing,Medium,Closed,1
107,3881,2025-04-10,2025-04-12,Technical,Urgent,Closed,3
108,3484,2025-12-07,2025-12-07,Technical,Low,Closed,4
109,1342,2023-12-02,2023-12-03,Feature Request,Medium,Closed,2
110,2641,2026-05-11,NULL,Billing,Low,In Progress,NULL
111,1506,2023-10-02,2023-10-06,Account,Low,Closed,5
112,274,2021-05-07,2021-05-14,Other,High,Closed,2
113,2394,2025-03-26,2025-04-08,Feature Request,Medium,Closed,1
114,720,2022-10-14,2022-10-23,Feature Request,Urgent,Closed,1
115,3289,2025-07-13,2025-07-18,Other,High,Closed,4
116,4781,2022-12-21,2022-12-31,Technical,Medium,Closed,5
117,1979,2022-10-28,2022-11-11,Other,Medium,Closed,5
118,2442,2022-07-25,2022-07-26,Other,Low,Closed,1
119,2525,2026-08-08,NULL,Technical,Medium,Open,NULL
120,3229,2024-01-26,2024-01-30,Other,Medium,Closed,1
121,1502,2026-08-20,NULL,Feature Request,Low,In Progress,NULL
122,3965,2026-08-24,2026-08-24,Other,Medium,Closed,4
123,2317,2025-09-16,2025-09-30,Billing,Urgent,Closed,5
124,1179,2025-01-05,2025-01-09,Technical,High,Closed,5
125,1988,2026-03-06,2026-03-18,Account,Medium,Closed,1
126,3992,2026-04-05,2026-04-19,Billing,Urgent,Closed,2
127,2847,2024-10-23,2024-10-24,Billing,Low,Closed,3
128,2099,2026-08-01,2026-08-13,Billing,Urgent,Closed,5
129,944,2026-08-30,2026-09-09,Billing,Urgent,Closed,2
130,104,2026-09-03,NULL,Other,Low,Open,NULL
131,1842,2025-12-21,2026-01-02,Technical,High,Closed,1
132,2894,2026-09-05,2026-09-17,Billing,Medium,Closed,5
133,2995,2026-01-10,2026-01-23,Billing,Urgent,Closed,3
134,512,2025-12-28,2025-12-29,Other,High,Closed,5
135,4791,2026-03-18,2026-03-20,Billing,Low,Closed,5
136,4095,2026-06-25,2026-07-01,Feature Request,Urgent,Closed,4
137,3056,2025-03-04,2025-03-05,Feature Request,Medium,Closed,1
138,2332,2024-09-02,NULL,Other,Urgent,Open,NULL
139,4433,2026-07-04,2026-07-10,Technical,High,Closed,1
140,3160,2023-06-04,2023-06-14,Billing,Urgent,Closed,5
141,2271,2026-06-17,2026-06-28,Billing,Low,Closed,2
142,1599,2025-06-09,NULL,Account,High,Open,NULL
143,4875,2026-07-05,2026-07-06,Account,Urgent,Closed,1
144,1280,2026-06-02,2026-06-13,Billing,Medium,Closed,2
145,2972,2023-06-27,NULL,Feature Request,Medium,Open,NULL
146,191,2026-06-28,NULL,Technical,Urgent,In Progress,NULL
147,1966,2024-05-20,2024-05-24,Billing,Low,Closed,2
148,34,2025-10-25,2025-11-05,Feature Request,Medium,Closed,3
149,55,2026-05-16,2026-05-27,Technical,High,Closed,4
150,1281,2025-05-03,2025-05-09,Billing,High,Closed,4
151,58,2024-09-10,2024-09-14,Technical,Low,Closed,3
152,4300,2026-08-08,2026-08-20,Other,Urgent,Closed,3
153,950,2022-11-29,2022-12-07,Feature Request,Urgent,Closed,5
154,1414,2026-06-15,2026-06-27,Other,Low,Closed,2
155,3756,2025-05-19,2025-05-31,Feature Request,Medium,Closed,3
156,2152,2025-06-04,2025-06-05,Feature Request,Low,Closed,4
157,1284,2026-04-15,2026-04-19,Other,Medium,Closed,3
158,1743,2024-12-25,2024-12-27,Technical,Urgent,Closed,3
159,2363,2026-06-03,NULL,Billing,Low,Open,NULL
160,4789,2026-09-13,2026-09-25,Technical,High,Closed,3
161,1376,2026-08-15,2026-08-24,Other,Low,Closed,1
162,4154,2024-02-13,2024-02-21,Other,Urgent,Closed,2
163,970,2026-07-20,2026-07-26,Account,Medium,Closed,1
164,4933,2025-04-04,2025-04-13,Other,Low,Closed,3
165,2430,2026-09-01,2026-09-10,Feature Request,Low,Closed,4
166,3376,2025-07-20,2025-07-28,Feature Request,High,Closed,5
167,72,2024-07-24,NULL,Feature Request,High,In Progress,NULL
168,4751,2026-06-06,2026-06-18,Feature Request,High,Closed,1
169,2168,2026-08-19,2026-09-02,Billing,Urgent,Closed,4
170,1540,2026-02-08,2026-02-10,Account,Urgent,Closed,1
171,1863,2025-11-16,2025-11-28,Billing,High,Closed,3
172,3822,2026-08-15,2026-08-15,Technical,Low,Closed,2
173,360,2025-01-09,2025-01-16,Feature Request,High,Closed,5
174,1208,2024-05-28,2024-06-11,Billing,Urgent,Closed,3
175,4667,2026-08-27,NULL,Feature Request,Low,In Progress,NULL
176,3005,2022-09-08,2022-09-20,Technical,Urgent,Closed,3
177,4546,2026-06-14,2026-06-19,Billing,Medium,Closed,2
178,342,2026-09-12,2026-09-18,Account,Medium,Closed,5
179,2606,2026-08-11,2026-08-16,Other,Medium,Closed,5
180,2602,2024-03-01,2024-03-05,Billing,High,Closed,1
181,3445,2023-04-19,2023-05-02,Technical,High,Closed,5
182,3494,2026-08-18,2026-08-29,Feature Request,High,Closed,4
183,1598,2026-08-27,2026-08-30,Account,Low,Closed,2
184,575,2026-06-04,2026-06-05,Other,Low,Closed,2
185,928,2025-06-03,2025-06-04,Other,High,Closed,3
186,2585,2025-02-05,2025-02-07,Billing,Medium,Closed,3
187,893,2026-07-02,2026-07-12,Feature Request,Medium,Closed,4
188,3580,2024-06-03,2024-06-07,Account,High,Closed,1
189,2536,2026-08-26,2026-08-31,Feature Request,Low,Closed,2
190,1333,2026-07-28,2026-07-29,Technical,Medium,Closed,4
191,1275,2024-07-12,2024-07-12,Technical,Medium,Closed,5
192,1158,2026-03-16,2026-03-27,Technical,Medium,Closed,1
193,2875,2025-11-16,2025-11-16,Feature Request,High,Closed,3
194,2992,2024-03-24,2024-04-07,Account,Medium,Closed,3
195,4924,2022-10-08,2022-10-08,Billing,Low,Closed,5
196,211,2024-01-18,2024-01-27,Account,High,Closed,3
197,4617,2026-02-16,2026-03-01,Feature Request,Low,Closed,3
198,2456,2025-07-04,2025-07-18,Account,Urgent,Closed,2
199,1999,2026-04-01,2026-04-15,Billing,Urgent,Closed,3
200,1859,2025-05-22,2025-05-24,Account,Low,Closed,2
201,3816,2023-03-19,2023-03-26,Feature Request,High,Closed,2
202,3306,2025-02-15,2025-02-25,Feature Request,Urgent,Closed,4
203,3874,2024-10-06,2024-10-18,Technical,Urgent,Closed,4
204,3083,2025-02-02,2025-02-06,Billing,Low,Closed,2
205,2715,2024-05-06,2024-05-09,Billing,Urgent,Closed,3
206,3183,2023-11-14,NULL,Technical,High,In Progress,NULL
207,2336,2026-01-27,2026-02-01,Feature Request,Low,Closed,4
208,4982,2026-03-23,2026-04-05,Account,Medium,Closed,5
209,2269,2026-03-07,NULL,Technical,Low,Open,NULL
210,2985,2026-07-26,2026-07-31,Feature Request,High,Closed,2
211,4089,2026-07-02,2026-07-15,Technical,High,Closed,4
212,405,2025-02-02,2025-02-02,Billing,Medium,Closed,5
213,64,2025-12-02,NULL,Other,Urgent,Open,NULL
214,1925,2025-09-04,2025-09-13,Other,Low,Closed,4
215,1151,2026-06-16,NULL,Billing,Low,In Progress,NULL
216,1963,2025-08-14,2025-08-19,Account,Urgent,Closed,2
217,3676,2024-01-13,2024-01-26,Account,Medium,Closed,1
218,3603,2026-07-03,2026-07-16,Account,Low,Closed,2
219,714,2025-01-03,2025-01-16,Other,Urgent,Closed,5
220,787,2025-04-22,2025-05-05,Other,Low,Closed,4
221,4627,2024-01-23,NULL,Billing,High,In Progress,NULL
222,4124,2025-03-17,2025-03-17,Billing,Medium,Closed,5
223,3865,2025-08-12,2025-08-12,Technical,High,Closed,5
224,4420,2025-07-07,2025-07-07,Other,High,Closed,4
225,616,2021-12-11,2021-12-13,Technical,Low,Closed,1
226,515,2024-04-15,2024-04-22,Technical,Urgent,Closed,5
227,1847,2026-08-11,2026-08-14,Account,Urgent,Closed,2
228,2326,2025-10-12,NULL,Billing,High,Open,NULL
229,3179,2025-06-03,2025-06-06,Technical,Urgent,Closed,1
230,1173,2026-08-27,2026-09-05,Technical,High,Closed,2
231,3441,2026-06-13,2026-06-18,Technical,Medium,Closed,2
232,282,2026-03-17,2026-03-21,Account,Urgent,Closed,2
233,3469,2025-11-20,2025-11-22,Other,Medium,Closed,4
234,1124,2026-02-14,2026-02-24,Account,Low,Closed,4
235,205,2025-09-04,2025-09-13,Feature Request,Medium,Closed,5
236,2985,2024-05-20,2024-05-22,Billing,Medium,Closed,2
237,785,2026-07-12,NULL,Technical,Urgent,In Progress,NULL
238,3460,2026-05-09,NULL,Other,Low,Open,NULL
239,991,2026-07-28,NULL,Account,Medium,In Progress,NULL
240,1343,2025-02-10,2025-02-19,Billing,Urgent,Closed,1
241,2551,2026-09-15,2026-09-25,Feature Request,High,Closed,5
242,3836,2026-07-04,2026-07-14,Account,Medium,Closed,5
243,468,2026-06-05,2026-06-15,Billing,Low,Closed,1
244,969,2024-01-16,2024-01-29,Technical,Urgent,Closed,4
245,4939,2025-12-15,2025-12-19,Billing,Low,Closed,4
246,4593,2025-08-06,2025-08-07,Technical,Urgent,Closed,4
247,3911,2023-07-07,NULL,Account,Medium,Open,NULL
248,1102,2023-02-11,2023-02-25,Technical,High,Closed,5
249,2531,2024-06-24,2024-07-06,Other,Medium,Closed,2
250,966,2025-10-26,NULL,Technical,High,In Progress,NULL
251,580,2025-04-20,2025-04-25,Other,Low,Closed,1
252,4952,2025-11-06,2025-11-13,Billing,High,Closed,5
253,1900,2022-06-26,2022-07-02,Technical,Urgent,Closed,5
254,4474,2025-11-29,2025-11-29,Other,Urgent,Closed,4
255,4394,2025-11-01,2025-11-09,Account,Medium,Closed,4
256,1587,2026-08-13,2026-08-19,Feature Request,Medium,Closed,4
257,2098,2026-05-16,2026-05-21,Account,Low,Closed,2
258,1413,2025-12-01,NULL,Billing,Urgent,Open,NULL
259,2077,2026-06-26,2026-07-06,Account,Low,Closed,2
260,186,2026-06-24,2026-07-01,Billing,Medium,Closed,5
261,4938,2023-12-14,2023-12-25,Billing,Urgent,Closed,3
262,3445,2026-06-02,2026-06-08,Billing,High,Closed,5
263,477,2026-09-12,2026-09-14,Other,High,Closed,3
264,4552,2026-05-15,2026-05-15,Technical,High,Closed,5
265,2357,2026-04-22,2026-05-02,Other,Medium,Closed,4
266,4553,2025-07-02,2025-07-10,Feature Request,Low,Closed,3
267,2359,2023-07-13,2023-07-21,Other,Medium,Closed,1
268,4441,2024-11-25,2024-11-29,Other,Medium,Closed,4
269,2406,2026-03-04,2026-03-16,Billing,High,Closed,4
270,1837,2024-09-16,2024-09-16,Account,Low,Closed,2
271,305,2025-10-01,2025-10-15,Technical,High,Closed,5
272,1028,2025-12-13,2025-12-14,Account,Low,Closed,4
273,285,2026-08-23,2026-08-29,Billing,Low,Closed,4
274,2024,2026-02-05,2026-02-05,Account,High,Closed,2
275,4083,2025-12-22,2026-01-03,Other,Urgent,Closed,4
276,1617,2024-09-19,2024-09-25,Feature Request,Urgent,Closed,4
277,1907,2026-07-31,NULL,Billing,Urgent,In Progress,NULL
278,3280,2024-03-02,2024-03-08,Account,Low,Closed,2
279,2336,2026-07-01,2026-07-05,Other,Low,Closed,1
280,670,2026-09-01,2026-09-15,Account,Medium,Closed,4
281,3725,2025-06-03,2025-06-16,Other,High,Closed,1
282,504,2026-04-06,2026-04-10,Feature Request,Low,Closed,3
283,3891,2026-01-19,2026-01-29,Account,Urgent,Closed,1
284,2130,2023-01-24,2023-02-01,Account,Urgent,Closed,3
285,223,2023-11-27,2023-11-28,Billing,Low,Closed,1
286,3703,2025-07-23,2025-08-06,Feature Request,Low,Closed,1
287,3773,2023-12-17,2023-12-25,Feature Request,Urgent,Closed,5
288,2622,2025-07-13,NULL,Other,Low,In Progress,NULL
289,4147,2022-02-21,2022-02-26,Technical,Urgent,Closed,5
290,4496,2023-10-13,2023-10-27,Feature Request,Medium,Closed,5
291,536,2024-08-09,2024-08-09,Billing,Urgent,Closed,4
292,4004,2025-05-26,2025-06-08,Billing,High,Closed,4
293,2833,2026-05-02,2026-05-11,Feature Request,Low,Closed,5
294,3002,2023-11-22,2023-11-29,Technical,Urgent,Closed,5
295,3363,2026-08-22,2026-08-23,Billing,Medium,Closed,3
296,1629,2025-01-14,2025-01-22,Feature Request,High,Closed,3
297,3119,2026-03-10,2026-03-12,Other,Urgent,Closed,5
298,4011,2026-08-29,NULL,Technical,Urgent,Open,NULL
299,1877,2025-12-12,2025-12-15,Billing,Low,Closed,3
300,1271,2026-05-02,2026-05-04,Account,Urgent,Closed,1
301,1996,2025-01-02,2025-01-05,Feature Request,Low,Closed,5
302,2764,2022-05-29,2022-06-08,Feature Request,Urgent,Closed,2
303,3871,2025-08-31,2025-09-11,Technical,Medium,Closed,2
304,1303,2026-02-10,2026-02-10,Technical,Urgent,Closed,5
305,4663,2026-05-04,2026-05-09,Technical,Medium,Closed,4
306,1565,2023-11-26,2023-11-29,Account,Low,Closed,4
307,2657,2025-06-08,2025-06-12,Other,High,Closed,4
308,1570,2026-09-04,2026-09-06,Billing,Low,Closed,1
309,1035,2025-05-17,2025-05-21,Other,High,Closed,3
310,3670,2024-07-21,2024-07-24,Technical,High,Closed,1
311,3743,2026-07-27,2026-07-30,Billing,Urgent,Closed,2
312,2149,2023-08-31,NULL,Billing,Urgent,Open,NULL
313,1739,2026-05-12,2026-05-15,Feature Request,Medium,Closed,3
314,474,2023-03-16,NULL,Technical,Urgent,Open,NULL
315,432,2026-01-14,2026-01-18,Account,Medium,Closed,1
316,1852,2023-05-15,2023-05-19,Technical,High,Closed,4
317,4387,2023-10-13,2023-10-22,Other,High,Closed,2
318,2645,2025-08-30,2025-09-08,Billing,Medium,Closed,4
319,3501,2026-02-20,2026-02-26,Feature Request,Low,Closed,2
320,3641,2026-08-16,2026-08-29,Other,Urgent,Closed,3
321,3694,2026-07-16,2026-07-16,Billing,Urgent,Closed,4
322,1813,2025-11-03,2025-11-14,Billing,High,Closed,4
323,738,2026-05-23,2026-06-03,Feature Request,Medium,Closed,5
324,1348,2025-06-02,2025-06-07,Feature Request,Urgent,Closed,1
325,2740,2024-10-14,2024-10-17,Other,Medium,Closed,1
326,4699,2026-02-17,2026-02-17,Feature Request,Low,Closed,1
327,3337,2025-10-30,2025-11-08,Feature Request,High,Closed,5
328,3232,2021-08-09,2021-08-14,Account,Low,Closed,1
329,1263,2022-05-25,2022-06-03,Other,Medium,Closed,5
330,1908,2025-03-04,2025-03-06,Feature Request,Medium,Closed,5
331,2461,2024-07-16,2024-07-27,Technical,High,Closed,2
332,2640,2025-06-04,2025-06-07,Account,Low,Closed,5
333,4982,2026-05-20,2026-05-27,Technical,Urgent,Closed,5
334,2395,2025-03-21,2025-03-27,Technical,Urgent,Closed,5
335,701,2024-06-13,2024-06-19,Account,Medium,Closed,2
336,2791,2026-08-07,2026-08-19,Billing,High,Closed,2
337,4915,2023-03-28,2023-04-11,Feature Request,Urgent,Closed,4
338,2338,2023-02-05,2023-02-14,Technical,Medium,Closed,3
339,2180,2023-07-11,2023-07-16,Other,Low,Closed,1
340,4271,2026-04-06,2026-04-10,Technical,Low,Closed,4
341,266,2026-07-30,2026-08-06,Other,Low,Closed,2
342,2713,2026-08-20,2026-09-01,Feature Request,Medium,Closed,5
343,884,2023-04-27,2023-05-02,Technical,Medium,Closed,4
344,506,2023-10-18,2023-10-30,Feature Request,Urgent,Closed,1
345,4797,2026-03-07,NULL,Billing,High,Open,NULL
346,1995,2026-02-26,2026-03-07,Account,High,Closed,3
347,3452,2026-02-01,2026-02-05,Account,Urgent,Closed,1
348,2386,2024-02-11,2024-02-13,Technical,Low,Closed,1
349,3632,2024-08-31,NULL,Account,Low,Open,NULL
350,1039,2026-05-28,2026-06-01,Feature Request,Medium,Closed,2
351,3450,2024-10-28,2024-11-01,Account,Medium,Closed,4
352,3696,2026-06-17,NULL,Technical,Low,In Progress,NULL
353,2459,2023-02-20,2023-03-03,Billing,Medium,Closed,4
354,561,2026-08-26,2026-09-03,Technical,Urgent,Closed,2
355,916,2025-10-01,2025-10-10,Other,Medium,Closed,4
356,2971,2023-03-02,2023-03-15,Technical,Medium,Closed,1
357,2689,2026-07-02,2026-07-03,Billing,Low,Closed,5
358,1349,2024-10-11,2024-10-12,Billing,Medium,Closed,4
359,3609,2023-04-02,2023-04-09,Technical,Low,Closed,1
360,4901,2025-01-09,NULL,Billing,Urgent,Open,NULL
361,4101,2024-10-13,2024-10-24,Technical,High,Closed,5
362,4080,2025-11-02,2025-11-12,Account,Low,Closed,5
363,1649,2025-07-17,2025-07-29,Account,High,Closed,3
364,2945,2024-04-07,2024-04-21,Feature Request,Urgent,Closed,3
365,222,2025-10-24,NULL,Account,Urgent,In Progress,NULL
366,4793,2024-06-23,2024-06-29,Feature Request,Low,Closed,5
367,2585,2026-02-12,NULL,Account,Low,In Progress,NULL
368,450,2023-12-12,2023-12-21,Technical,Low,Closed,4
369,4197,2026-09-05,2026-09-12,Feature Request,High,Closed,1
370,3059,2026-09-10,NULL,Account,Low,Open,NULL
371,2747,2023-12-20,NULL,Technical,High,Open,NULL
372,1340,2026-05-20,NULL,Feature Request,High,In Progress,NULL
373,3073,2026-01-07,2026-01-10,Feature Request,Medium,Closed,4
374,932,2024-05-13,2024-05-21,Account,Low,Closed,3
375,4866,2024-08-25,2024-09-07,Other,Low,Closed,3
376,2157,2021-07-31,2021-08-12,Other,Low,Closed,2
377,2123,2026-02-11,2026-02-12,Account,Medium,Closed,4
378,3860,2025-08-26,2025-09-09,Billing,Low,Closed,4
379,2276,2025-08-01,2025-08-15,Account,Low,Closed,3
380,1897,2023-01-13,2023-01-21,Billing,Low,Closed,1
381,4883,2026-07-09,2026-07-23,Other,Urgent,Closed,4
382,4776,2026-06-01,2026-06-11,Billing,High,Closed,4
383,2982,2022-01-29,2022-02-06,Other,Urgent,Closed,3
384,292,2025-08-08,2025-08-12,Technical,Urgent,Closed,2
385,2586,2022-01-15,2022-01-22,Other,Urgent,Closed,2
386,433,2025-07-04,NULL,Billing,High,In Progress,NULL
387,2808,2022-11-26,NULL,Technical,Medium,In Progress,NULL
388,2894,2026-06-04,NULL,Feature Request,Low,Open,NULL
389,4508,2026-09-07,NULL,Technical,Medium,Open,NULL
390,780,2026-06-18,2026-06-29,Account,High,Closed,2
391,118,2023-06-18,2023-06-29,Account,High,Closed,2
392,4278,2025-07-11,2025-07-12,Account,High,Closed,4
393,2624,2024-04-20,2024-04-21,Technical,Low,Closed,3
394,1446,2023-01-11,2023-01-11,Billing,Urgent,Closed,1
395,1709,2024-12-11,2024-12-23,Billing,Low,Closed,4
396,3029,2025-11-28,NULL,Billing,Medium,In Progress,NULL
397,4211,2023-06-28,NULL,Technical,Medium,Open,NULL
398,4307,2025-03-29,2025-04-01,Account,Urgent,Closed,3
399,1006,2026-09-14,NULL,Account,Low,Open,NULL
400,372,2026-06-24,2026-06-30,Feature Request,Medium,Closed,2
401,2691,2022-06-19,2022-07-01,Technical,Medium,Closed,1
402,2767,2026-07-31,2026-08-10,Account,Urgent,Closed,3
403,3489,2021-09-30,2021-09-30,Account,Low,Closed,2
404,4237,2021-12-17,NULL,Feature Request,Medium,In Progress,NULL
405,1515,2024-03-31,2024-04-08,Feature Request,High,Closed,4
406,2039,2026-01-22,2026-01-30,Billing,High,Closed,4
407,4039,2024-07-26,NULL,Other,High,Open,NULL
408,2560,2024-03-26,2024-03-28,Account,Medium,Closed,2
409,426,2023-08-25,2023-09-07,Account,High,Closed,1
410,949,2026-02-21,NULL,Technical,Medium,In Progress,NULL
411,2909,2023-05-23,2023-05-30,Account,Medium,Closed,5
412,4466,2025-03-22,2025-03-24,Other,Low,Closed,4
413,2619,2025-12-01,2025-12-11,Other,Medium,Closed,3
414,3329,2023-02-03,2023-02-15,Technical,Medium,Closed,1
415,4733,2026-02-08,2026-02-09,Technical,Medium,Closed,2
416,4024,2026-03-23,2026-03-30,Feature Request,High,Closed,1
417,2873,2026-07-19,2026-07-20,Account,Urgent,Closed,2
418,2620,2025-08-13,NULL,Billing,Low,In Progress,NULL
419,2250,2025-05-21,2025-05-27,Feature Request,Urgent,Closed,3
420,4139,2026-02-11,2026-02-18,Account,Low,Closed,4
421,3153,2026-07-21,2026-07-26,Technical,Urgent,Closed,5
422,2042,2024-03-01,NULL,Billing,High,In Progress,NULL
423,1,2022-06-01,2022-06-04,Account,Urgent,Closed,2
424,3709,2026-03-06,2026-03-07,Other,High,Closed,3
425,3740,2026-06-14,2026-06-23,Billing,High,Closed,5
426,2549,2022-11-28,2022-12-02,Account,Medium,Closed,3
427,4807,2025-11-14,2025-11-21,Billing,High,Closed,5
428,1724,2024-08-25,NULL,Technical,High,In Progress,NULL
429,1317,2025-02-02,NULL,Billing,Medium,In Progress,NULL
430,1991,2026-03-20,2026-03-27,Technical,Low,Closed,2
431,4086,2022-04-08,2022-04-11,Billing,High,Closed,3
432,4493,2025-10-09,NULL,Other,Low,Open,NULL
433,1940,2026-07-16,2026-07-25,Feature Request,Urgent,Closed,2
434,330,2023-01-12,2023-01-24,Billing,Urgent,Closed,1
435,2349,2024-09-04,NULL,Other,Low,Open,NULL
436,4681,2024-08-05,2024-08-07,Feature Request,High,Closed,4
437,4959,2026-07-22,NULL,Account,Medium,In Progress,NULL
438,885,2026-01-20,2026-01-23,Account,High,Closed,2
439,3031,2026-04-20,2026-04-29,Technical,Medium,Closed,2
440,4203,2024-08-28,NULL,Account,Urgent,In Progress,NULL
441,499,2024-09-02,NULL,Technical,Medium,Open,NULL
442,50,2023-07-20,2023-08-03,Technical,High,Closed,5
443,167,2026-07-17,2026-07-31,Feature Request,High,Closed,5
444,3892,2026-04-18,2026-04-28,Technical,Medium,Closed,1
445,3189,2023-04-06,2023-04-10,Feature Request,Medium,Closed,5
446,4720,2024-04-24,NULL,Billing,Urgent,Open,NULL
447,1205,2026-05-20,2026-05-20,Account,Urgent,Closed,3
448,55,2026-05-09,2026-05-14,Other,Medium,Closed,4
449,4688,2026-02-11,2026-02-12,Technical,High,Closed,2
450,1767,2026-04-23,2026-05-01,Billing,Urgent,Closed,1
451,3878,2026-05-26,NULL,Billing,Low,Open,NULL
452,3044,2026-02-18,2026-03-02,Account,Medium,Closed,4
453,2666,2026-03-23,2026-04-06,Technical,Medium,Closed,5
454,1318,2024-11-26,2024-12-06,Other,Low,Closed,1
455,2088,2026-07-25,2026-08-07,Other,High,Closed,1
456,113,2024-06-17,2024-06-21,Technical,Medium,Closed,2
457,3994,2026-07-03,2026-07-11,Billing,Urgent,Closed,4
458,3911,2026-07-03,2026-07-09,Technical,Low,Closed,5
459,4402,2024-02-28,2024-03-07,Feature Request,Urgent,Closed,1
460,91,2026-07-25,2026-07-27,Account,Urgent,Closed,3
461,4295,2025-06-28,2025-07-06,Billing,Medium,Closed,3
462,3649,2024-10-22,2024-10-31,Feature Request,Medium,Closed,4
463,4952,2026-01-30,2026-02-06,Other,Medium,Closed,3
464,2770,2026-03-13,2026-03-19,Billing,Medium,Closed,1
465,1837,2024-07-27,2024-08-07,Account,Low,Closed,4
466,2993,2025-09-28,2025-10-05,Account,High,Closed,5
467,4611,2024-09-11,2024-09-20,Account,Low,Closed,2
468,4672,2024-07-05,2024-07-13,Technical,Urgent,Closed,2
469,609,2024-06-02,2024-06-12,Billing,High,Closed,2
470,2083,2025-05-25,2025-06-04,Technical,Medium,Closed,1
471,3806,2025-09-25,2025-09-27,Feature Request,High,Closed,5
472,3730,2025-03-13,2025-03-17,Technical,Urgent,Closed,3
473,3048,2024-02-19,2024-02-28,Technical,Urgent,Closed,3
474,926,2022-05-31,2022-06-02,Technical,Medium,Closed,2
475,3783,2023-06-23,2023-07-04,Account,Medium,Closed,3
476,2861,2025-08-09,2025-08-17,Account,Urgent,Closed,4
477,1393,2025-01-18,2025-01-25,Feature Request,Low,Closed,1
478,4824,2024-11-29,2024-12-04,Account,High,Closed,1
479,2134,2026-04-02,2026-04-15,Technical,Low,Closed,1
480,335,2022-04-08,2022-04-21,Billing,Medium,Closed,3
481,3473,2025-10-04,2025-10-14,Technical,Medium,Closed,2
482,107,2024-03-01,2024-03-11,Feature Request,Low,Closed,3
483,1471,2026-09-08,2026-09-12,Account,Low,Closed,5
484,2975,2024-11-27,2024-12-09,Other,Medium,Closed,2
485,4947,2024-10-13,2024-10-21,Account,Low,Closed,4
486,2131,2026-06-19,2026-06-24,Account,High,Closed,2
487,3985,2021-03-05,NULL,Billing,Low,Open,NULL
488,1774,2024-01-09,NULL,Technical,High,Open,NULL
489,4281,2025-10-06,NULL,Feature Request,High,Open,NULL
490,2618,2025-01-13,2025-01-27,Account,Medium,Closed,2
491,2462,2026-08-22,2026-09-04,Billing,Low,Closed,2
492,4957,2025-03-22,2025-03-30,Feature Request,Urgent,Closed,2
493,510,2024-11-18,2024-11-19,Account,High,Closed,5
494,1756,2021-10-04,2021-10-05,Feature Request,Medium,Closed,1
495,941,2023-04-18,2023-04-29,Technical,Urgent,Closed,1
496,29,2026-08-05,2026-08-16,Account,Medium,Closed,1
497,4702,2026-06-13,2026-06-20,Feature Request,Low,Closed,1
498,747,2022-08-23,NULL,Billing,Low,In Progress,NULL
499,4265,2026-08-17,2026-08-31,Account,Low,Closed,5
500,733,2024-05-08,2024-05-11,Billing,Urgent,Closed,3
501,789,2026-08-08,2026-08-17,Other,Medium,Closed,5
502,79,2024-12-31,NULL,Billing,Medium,In Progress,NULL
503,3881,2025-04-13,2025-04-24,Technical,High,Closed,1
504,1947,2025-12-24,2025-12-26,Feature Request,Urgent,Closed,2
505,1207,2025-10-01,2025-10-14,Other,Medium,Closed,5
506,2817,2021-11-25,2021-12-02,Feature Request,Low,Closed,5
507,3252,2025-05-04,NULL,Technical,Medium,In Progress,NULL
508,3346,2025-01-20,2025-01-24,Feature Request,Low,Closed,1
509,4212,2026-08-19,2026-08-30,Other,Urgent,Closed,5
510,1366,2023-12-12,2023-12-23,Technical,High,Closed,5
511,3210,2022-11-20,2022-12-03,Other,Urgent,Closed,4
512,2467,2026-08-06,NULL,Billing,Medium,In Progress,NULL
513,4383,2024-07-19,NULL,Feature Request,Medium,Open,NULL
514,360,2025-05-08,2025-05-14,Feature Request,High,Closed,2
515,3408,2026-01-17,NULL,Billing,Low,In Progress,NULL
516,744,2023-07-14,NULL,Technical,High,In Progress,NULL
517,3944,2026-07-01,NULL,Technical,Medium,In Progress,NULL
518,4384,2026-01-01,2026-01-13,Billing,High,Closed,4
519,1783,2023-05-03,2023-05-13,Other,High,Closed,4
520,4751,2026-06-07,2026-06-14,Other,Urgent,Closed,2
521,1945,2024-06-18,2024-06-30,Feature Request,Urgent,Closed,4
522,3793,2024-10-17,2024-10-28,Feature Request,High,Closed,5
523,4076,2024-02-04,2024-02-05,Billing,Low,Closed,2
524,421,2024-09-30,NULL,Billing,Low,Open,NULL
525,1119,2026-09-10,2026-09-18,Feature Request,Urgent,Closed,5
526,541,2026-07-05,2026-07-18,Billing,Low,Closed,5
527,1935,2025-08-30,NULL,Other,Medium,In Progress,NULL
528,466,2026-05-04,NULL,Other,High,In Progress,NULL
529,560,2025-08-10,2025-08-19,Billing,High,Closed,4
530,1983,2025-06-03,2025-06-07,Feature Request,Low,Closed,5
531,888,2026-04-16,2026-04-26,Billing,Urgent,Closed,3
532,2038,2026-04-11,2026-04-22,Feature Request,Medium,Closed,1
533,549,2023-01-29,2023-02-07,Feature Request,Urgent,Closed,4
534,3411,2025-12-04,2025-12-13,Billing,High,Closed,3
535,4507,2024-07-23,2024-07-23,Billing,Urgent,Closed,5
536,903,2026-04-18,2026-04-19,Account,Urgent,Closed,2
537,2346,2023-03-31,2023-04-13,Feature Request,Medium,Closed,1
538,3996,2025-09-14,2025-09-26,Feature Request,Low,Closed,2
539,741,2024-06-17,2024-06-30,Feature Request,Urgent,Closed,4
540,68,2026-08-23,2026-08-25,Other,Medium,Closed,1
541,749,2026-01-02,NULL,Technical,Low,Open,NULL
542,2572,2025-12-23,2026-01-06,Feature Request,Low,Closed,2
543,1822,2023-07-21,2023-07-26,Billing,Urgent,Closed,4
544,996,2022-12-07,NULL,Feature Request,Medium,In Progress,NULL
545,1131,2026-01-25,2026-01-30,Account,Urgent,Closed,3
546,2590,2024-11-16,2024-11-28,Account,Medium,Closed,5
547,3445,2025-01-18,2025-01-19,Feature Request,High,Closed,2
548,2374,2026-02-21,NULL,Billing,High,Open,NULL
549,3764,2025-08-11,2025-08-13,Other,High,Closed,2
550,3536,2025-11-20,2025-11-26,Billing,High,Closed,3
551,1387,2026-08-16,2026-08-23,Account,Low,Closed,5
552,2974,2026-07-28,2026-07-30,Account,Medium,Closed,1
553,2809,2026-01-01,2026-01-10,Technical,Urgent,Closed,5
554,43,2025-05-02,2025-05-11,Other,Low,Closed,4
555,285,2026-06-11,2026-06-18,Billing,Urgent,Closed,4
556,3725,2026-05-26,2026-05-27,Feature Request,Low,Closed,2
557,3805,2026-01-01,2026-01-04,Billing,High,Closed,5
558,3015,2025-07-10,2025-07-22,Billing,Medium,Closed,5
559,3887,2021-09-03,2021-09-06,Billing,Medium,Closed,3
560,933,2024-10-31,2024-11-05,Feature Request,Urgent,Closed,1
561,3432,2025-04-13,2025-04-13,Feature Request,Urgent,Closed,2
562,2421,2026-02-28,2026-03-04,Feature Request,Urgent,Closed,5
563,3176,2026-07-19,2026-07-24,Technical,Urgent,Closed,5
564,4668,2026-03-16,2026-03-17,Other,Urgent,Closed,2
565,1573,2024-01-08,2024-01-20,Other,Urgent,Closed,2
566,575,2026-09-14,2026-09-17,Account,Low,Closed,1
567,4492,2026-07-24,2026-07-25,Technical,Urgent,Closed,1
568,4274,2025-08-13,NULL,Feature Request,Urgent,In Progress,NULL
569,3072,2024-09-19,2024-09-25,Feature Request,Medium,Closed,1
570,2116,2023-09-21,2023-10-03,Account,Low,Closed,4
571,1121,2026-08-14,2026-08-23,Billing,Medium,Closed,5
572,1080,2024-09-28,2024-09-29,Billing,Urgent,Closed,2
573,3458,2024-12-03,NULL,Feature Request,Medium,Open,NULL
574,3205,2026-04-19,2026-04-29,Technical,High,Closed,3
575,2007,2026-01-10,NULL,Technical,Medium,Open,NULL
576,3380,2025-06-26,2025-06-26,Billing,High,Closed,1
577,4942,2025-05-29,NULL,Technical,Medium,Open,NULL
578,4569,2024-10-06,2024-10-16,Feature Request,High,Closed,5
579,73,2024-07-03,2024-07-05,Other,Low,Closed,2
580,2832,2026-08-22,2026-09-03,Other,High,Closed,4
581,1449,2024-11-03,2024-11-14,Account,Urgent,Closed,4
582,1433,2024-07-22,2024-07-26,Technical,Medium,Closed,1
583,1320,2024-05-10,2024-05-12,Account,Medium,Closed,1
584,2567,2025-12-23,2025-12-28,Other,High,Closed,2
585,2386,2026-05-19,2026-05-30,Technical,Urgent,Closed,4
586,972,2026-08-09,2026-08-19,Feature Request,Urgent,Closed,1
587,3242,2026-08-16,NULL,Billing,High,Open,NULL
588,1820,2025-07-03,2025-07-12,Account,Medium,Closed,4
589,3289,2025-08-29,2025-08-30,Feature Request,Low,Closed,4
590,334,2026-06-26,2026-06-29,Technical,Low,Closed,3
591,1593,2026-05-03,2026-05-04,Technical,High,Closed,1
592,4405,2023-01-10,NULL,Billing,Low,Open,NULL
593,1439,2026-07-28,2026-07-29,Account,Low,Closed,4
594,4395,2025-06-22,2025-07-05,Technical,Medium,Closed,3
595,794,2025-09-17,2025-09-30,Technical,Medium,Closed,4
596,529,2026-05-16,2026-05-17,Account,High,Closed,1
597,1188,2024-03-23,2024-03-30,Account,Low,Closed,3
598,905,2026-04-04,2026-04-14,Other,High,Closed,4
599,919,2024-07-27,2024-08-04,Account,Low,Closed,2
600,4867,2026-04-21,2026-04-23,Other,Medium,Closed,4
601,3514,2024-04-03,2024-04-10,Feature Request,Medium,Closed,4
602,2419,2025-01-26,NULL,Technical,Medium,In Progress,NULL
603,1872,2026-06-08,NULL,Account,Urgent,In Progress,NULL
604,3631,2024-06-05,2024-06-08,Technical,High,Closed,1
605,2426,2026-02-22,2026-02-23,Billing,Low,Closed,4
606,4824,2024-10-12,NULL,Other,Medium,In Progress,NULL
607,3783,2025-04-15,2025-04-22,Technical,Medium,Closed,3
608,734,2025-12-28,2026-01-03,Other,Urgent,Closed,1
609,319,2025-02-15,2025-02-25,Technical,High,Closed,1
610,1037,2023-10-05,2023-10-16,Other,Low,Closed,5
611,917,2026-06-07,2026-06-08,Technical,Urgent,Closed,5
612,3049,2022-06-25,2022-07-03,Billing,High,Closed,1
613,2186,2026-04-02,NULL,Account,High,Open,NULL
614,635,2025-01-02,2025-01-10,Account,Low,Closed,3
615,2552,2025-04-27,2025-05-04,Feature Request,High,Closed,2
616,2181,2026-09-10,2026-09-24,Technical,Urgent,Closed,5
617,479,2025-08-01,2025-08-03,Other,Low,Closed,4
618,4361,2026-01-19,NULL,Account,Low,In Progress,NULL
619,4995,2025-04-27,2025-04-27,Billing,Medium,Closed,4
620,1793,2022-12-16,2022-12-27,Account,Urgent,Closed,3
621,3536,2026-05-05,2026-05-14,Other,Low,Closed,4
622,3824,2025-08-26,2025-08-31,Account,Low,Closed,1
623,424,2022-12-01,2022-12-13,Account,High,Closed,4
624,1939,2022-07-07,2022-07-13,Billing,Urgent,Closed,4
625,4889,2025-12-23,2026-01-03,Account,Urgent,Closed,1
626,206,2025-05-26,2025-06-03,Account,Medium,Closed,4
627,4202,2024-08-17,2024-08-27,Other,Urgent,Closed,3
628,3060,2024-10-22,NULL,Account,Medium,Open,NULL
629,700,2026-08-28,2026-09-09,Feature Request,High,Closed,3
630,1058,2025-04-05,2025-04-05,Account,High,Closed,5
631,3571,2025-06-28,2025-06-30,Feature Request,Low,Closed,5
632,2772,2021-11-23,2021-12-01,Feature Request,Urgent,Closed,4
633,3657,2023-02-13,2023-02-25,Other,High,Closed,2
634,2979,2025-11-24,2025-11-25,Account,Low,Closed,4
635,944,2025-03-11,2025-03-14,Other,High,Closed,5
636,3126,2026-07-26,2026-07-29,Billing,Low,Closed,4
637,1069,2026-03-14,NULL,Technical,High,Open,NULL
638,996,2025-11-30,2025-12-13,Feature Request,Low,Closed,2
639,1420,2026-09-02,NULL,Billing,Low,Open,NULL
640,2741,2025-05-12,2025-05-19,Account,Urgent,Closed,3
641,2334,2026-08-17,2026-08-29,Billing,Low,Closed,5
642,4685,2022-06-17,2022-06-23,Feature Request,High,Closed,3
643,1117,2025-01-29,2025-01-30,Account,Medium,Closed,3
644,4432,2026-08-31,2026-09-11,Other,Urgent,Closed,1
645,4310,2025-03-03,2025-03-05,Other,Urgent,Closed,3
646,2936,2026-08-19,2026-09-01,Technical,Medium,Closed,4
647,2795,2024-10-18,2024-10-30,Account,High,Closed,5
648,3930,2025-08-10,2025-08-22,Other,Low,Closed,4
649,4422,2024-01-09,2024-01-20,Technical,Urgent,Closed,2
650,4106,2025-07-22,NULL,Technical,Urgent,Open,NULL
651,4516,2023-07-20,2023-07-22,Technical,Urgent,Closed,1
652,3425,2021-12-09,2021-12-19,Other,High,Closed,1
653,351,2025-07-27,2025-08-05,Billing,High,Closed,4
654,3277,2026-03-03,2026-03-12,Feature Request,Low,Closed,4
655,1551,2023-11-13,2023-11-13,Account,High,Closed,2
656,3706,2024-12-30,2025-01-10,Account,Urgent,Closed,4
657,4365,2026-09-11,NULL,Account,High,Open,NULL
658,1275,2025-11-11,2025-11-14,Other,Low,Closed,3
659,3510,2021-12-05,NULL,Other,Urgent,In Progress,NULL
660,4557,2025-11-12,2025-11-13,Billing,Urgent,Closed,5
661,821,2026-06-07,2026-06-14,Technical,Urgent,Closed,3
662,3819,2026-01-13,2026-01-23,Account,Urgent,Closed,1
663,1592,2025-11-23,2025-11-28,Feature Request,Low,Closed,4
664,2750,2026-08-12,NULL,Feature Request,Low,In Progress,NULL
665,1600,2026-04-09,2026-04-17,Other,Low,Closed,4
666,2480,2025-07-05,2025-07-12,Account,Medium,Closed,1
667,1637,2025-12-15,2025-12-23,Feature Request,Medium,Closed,1
668,4687,2026-04-11,2026-04-18,Other,Urgent,Closed,4
669,2215,2025-10-18,2025-10-23,Other,High,Closed,1
670,3317,2026-08-10,2026-08-20,Technical,Urgent,Closed,5
671,3830,2025-02-12,2025-02-22,Feature Request,Low,Closed,5
672,708,2025-03-05,2025-03-05,Billing,High,Closed,4
673,607,2026-08-27,2026-09-03,Billing,High,Closed,1
674,3381,2024-07-30,2024-08-09,Technical,Urgent,Closed,2
675,1082,2026-08-15,2026-08-29,Account,Medium,Closed,3
676,1318,2024-04-03,2024-04-06,Technical,Medium,Closed,2
677,1061,2026-01-24,2026-02-06,Technical,Low,Closed,4
678,3063,2022-07-16,2022-07-20,Technical,Low,Closed,4
679,4111,2025-08-24,2025-08-30,Other,Medium,Closed,3
680,1785,2025-07-09,2025-07-23,Feature Request,Urgent,Closed,3
681,736,2024-12-04,2024-12-07,Technical,High,Closed,1
682,3449,2026-02-28,NULL,Other,Medium,In Progress,NULL
683,1479,2026-07-02,2026-07-05,Account,Low,Closed,3
684,1568,2026-06-25,2026-07-09,Technical,Low,Closed,5
685,764,2025-05-19,2025-05-23,Technical,Urgent,Closed,4
686,3896,2025-06-13,NULL,Billing,Medium,In Progress,NULL
687,2104,2025-11-02,2025-11-08,Account,High,Closed,1
688,3685,2026-02-09,2026-02-16,Other,Urgent,Closed,5
689,2228,2026-01-03,2026-01-12,Technical,Low,Closed,5
690,473,2023-08-23,2023-08-25,Account,Low,Closed,2
691,4948,2025-11-24,2025-12-05,Account,Medium,Closed,3
692,936,2025-04-01,NULL,Billing,Low,Open,NULL
693,1437,2023-09-03,2023-09-06,Technical,Medium,Closed,1
694,1635,2024-07-10,NULL,Feature Request,Low,Open,NULL
695,2645,2025-02-18,2025-02-22,Billing,Urgent,Closed,1
696,1768,2025-12-01,2025-12-08,Feature Request,Urgent,Closed,4
697,924,2022-07-31,2022-08-14,Feature Request,Urgent,Closed,4
698,476,2024-04-10,2024-04-12,Other,Medium,Closed,5
699,1645,2025-01-25,2025-02-06,Technical,Medium,Closed,4
700,769,2023-08-05,2023-08-18,Feature Request,Urgent,Closed,2
701,955,2024-08-02,2024-08-15,Account,Urgent,Closed,5
702,4334,2026-05-06,2026-05-06,Billing,High,Closed,3
703,3251,2022-07-30,2022-08-12,Feature Request,Medium,Closed,2
704,287,2026-09-13,2026-09-15,Billing,High,Closed,4
705,4572,2025-01-04,NULL,Feature Request,Low,Open,NULL
706,2428,2023-05-02,2023-05-16,Feature Request,High,Closed,2
707,327,2023-10-16,2023-10-30,Feature Request,Medium,Closed,3
708,576,2024-03-05,NULL,Account,Medium,In Progress,NULL
709,4051,2025-08-17,2025-08-31,Billing,Urgent,Closed,1
710,1468,2023-10-23,2023-10-25,Technical,Urgent,Closed,5
711,159,2025-07-29,2025-08-09,Billing,Medium,Closed,1
712,1242,2026-01-15,2026-01-23,Other,Medium,Closed,1
713,2394,2024-09-21,2024-09-24,Account,Urgent,Closed,4
714,2040,2025-05-02,NULL,Account,Low,Open,NULL
715,131,2022-11-19,2022-11-20,Other,Low,Closed,5
716,4701,2025-07-24,2025-07-25,Other,Low,Closed,4
717,2802,2025-10-29,2025-11-07,Billing,Low,Closed,4
718,4223,2024-06-26,2024-07-01,Feature Request,Medium,Closed,3
719,1759,2026-05-25,2026-05-30,Feature Request,Urgent,Closed,3
720,3616,2023-10-15,2023-10-17,Account,Medium,Closed,5
721,4367,2025-04-02,NULL,Other,High,Open,NULL
722,857,2025-12-05,2025-12-12,Feature Request,High,Closed,3
723,2265,2026-01-23,2026-01-31,Billing,Low,Closed,4
724,660,2024-12-28,2025-01-01,Other,Medium,Closed,5
725,1749,2026-05-21,2026-06-03,Feature Request,Low,Closed,3
726,3275,2023-12-27,2024-01-04,Feature Request,Medium,Closed,5
727,4333,2024-07-11,2024-07-13,Account,Medium,Closed,4
728,4401,2025-07-28,2025-07-28,Account,Medium,Closed,5
729,4172,2024-10-06,2024-10-07,Account,Urgent,Closed,4
730,653,2026-05-06,2026-05-19,Other,Medium,Closed,5
731,1436,2026-06-19,2026-06-22,Other,High,Closed,4
732,4504,2026-05-10,2026-05-16,Billing,Low,Closed,4
733,3927,2026-06-29,2026-07-11,Billing,High,Closed,2
734,3993,2025-06-07,2025-06-10,Billing,Medium,Closed,4
735,3306,2023-07-17,2023-07-30,Account,High,Closed,3
736,783,2024-11-07,2024-11-14,Technical,Urgent,Closed,3
737,565,2026-01-29,2026-02-05,Technical,Urgent,Closed,2
738,4370,2026-09-05,2026-09-11,Account,High,Closed,4
739,3795,2023-07-11,2023-07-16,Technical,Medium,Closed,3
740,854,2022-05-27,2022-05-28,Other,Urgent,Closed,4
741,4662,2024-05-11,2024-05-20,Feature Request,High,Closed,3
742,3039,2022-08-03,2022-08-06,Account,Medium,Closed,4
743,3987,2024-12-25,2025-01-01,Other,Low,Closed,2
744,2961,2026-07-29,2026-08-10,Other,Low,Closed,2
745,513,2026-02-20,2026-03-03,Other,Medium,Closed,5
746,2233,2026-04-14,2026-04-17,Feature Request,High,Closed,1
747,4248,2025-11-22,2025-12-01,Account,Urgent,Closed,3
748,4822,2024-02-06,2024-02-12,Account,Medium,Closed,5
749,524,2024-12-27,NULL,Account,Low,Open,NULL
750,2982,2022-12-04,2022-12-18,Account,High,Closed,1
751,1530,2022-10-19,2022-11-01,Billing,Low,Closed,3
752,3393,2026-09-11,2026-09-16,Technical,High,Closed,4
753,2460,2026-01-16,2026-01-20,Feature Request,Urgent,Closed,4
754,1950,2026-08-22,2026-08-29,Billing,High,Closed,2
755,24,2024-10-29,NULL,Technical,High,Open,NULL
756,2868,2024-10-11,2024-10-23,Account,Medium,Closed,1
757,4081,2024-10-06,2024-10-15,Billing,Low,Closed,3
758,1756,2023-10-08,2023-10-14,Other,Urgent,Closed,4
759,4110,2026-01-17,2026-01-19,Account,High,Closed,3
760,1757,2023-10-12,2023-10-18,Account,High,Closed,3
761,3190,2025-03-04,2025-03-05,Account,High,Closed,3
762,4447,2026-08-31,2026-09-09,Technical,High,Closed,2
763,897,2026-01-20,2026-01-27,Technical,Medium,Closed,5
764,3780,2025-11-15,2025-11-21,Account,Low,Closed,4
765,2315,2025-05-10,2025-05-18,Other,Urgent,Closed,5
766,3922,2026-02-27,2026-02-27,Technical,High,Closed,4
767,3687,2026-08-28,NULL,Other,High,Open,NULL
768,4197,2026-08-21,NULL,Feature Request,Low,In Progress,NULL
769,1543,2025-06-24,2025-06-27,Feature Request,High,Closed,3
770,4134,2024-08-12,2024-08-14,Feature Request,Urgent,Closed,4
771,614,2022-10-06,2022-10-17,Billing,Low,Closed,5
772,952,2026-04-15,NULL,Account,Low,In Progress,NULL
773,551,2026-05-23,2026-05-26,Technical,Urgent,Closed,3
774,241,2024-11-01,2024-11-05,Technical,Urgent,Closed,2
775,3390,2026-09-15,2026-09-28,Technical,Medium,Closed,3
776,33,2021-08-14,2021-08-23,Account,High,Closed,5
777,4132,2023-05-15,2023-05-20,Account,High,Closed,4
778,1990,2025-07-17,2025-07-21,Technical,Medium,Closed,4
779,3609,2024-02-15,2024-02-17,Technical,Urgent,Closed,5
780,198,2025-11-08,2025-11-09,Other,Medium,Closed,3
781,3949,2024-10-11,2024-10-11,Other,High,Closed,2
782,1813,2025-02-08,2025-02-10,Other,Low,Closed,5
783,1425,2025-03-04,2025-03-13,Account,Urgent,Closed,5
784,1116,2026-07-11,2026-07-21,Feature Request,Medium,Closed,4
785,1760,2024-12-13,2024-12-17,Account,Medium,Closed,2
786,2180,2022-09-30,2022-10-11,Billing,Urgent,Closed,3
787,325,2024-04-19,2024-04-19,Account,Low,Closed,5
788,22,2023-10-27,2023-10-30,Other,Medium,Closed,2
789,1519,2025-07-23,2025-08-04,Technical,Urgent,Closed,1
790,3597,2024-10-22,2024-11-04,Account,Urgent,Closed,3
791,2805,2023-08-14,2023-08-17,Technical,Low,Closed,3
792,2776,2026-04-16,2026-04-18,Other,Low,Closed,4
793,327,2024-03-29,2024-03-29,Technical,Medium,Closed,2
794,2738,2024-02-14,NULL,Technical,Low,In Progress,NULL
795,4899,2026-08-25,NULL,Billing,Low,Open,NULL
796,4529,2024-01-11,2024-01-21,Technical,Urgent,Closed,3
797,4347,2024-05-27,2024-05-31,Other,Medium,Closed,3
798,3719,2026-07-30,2026-08-01,Other,High,Closed,1
799,3655,2023-11-11,2023-11-25,Other,Urgent,Closed,3
800,1497,2025-12-22,2025-12-31,Feature Request,Urgent,Closed,4
801,2804,2024-11-29,NULL,Other,Medium,Open,NULL
802,1946,2026-09-10,2026-09-22,Technical,High,Closed,1
803,3826,2025-03-12,2025-03-17,Billing,Urgent,Closed,5
804,3250,2024-05-30,2024-06-08,Billing,High,Closed,3
805,1531,2025-03-19,2025-03-22,Billing,Urgent,Closed,3
806,2512,2024-12-31,2025-01-08,Feature Request,Medium,Closed,3
807,2334,2026-08-09,2026-08-12,Feature Request,Low,Closed,1
808,1794,2026-07-20,2026-07-31,Account,High,Closed,4
809,2621,2022-11-12,2022-11-20,Other,Urgent,Closed,2
810,4542,2023-01-25,NULL,Other,High,Open,NULL
811,2374,2021-09-13,2021-09-13,Other,High,Closed,1
812,1812,2022-04-24,2022-05-01,Feature Request,Urgent,Closed,5
813,4587,2023-04-08,2023-04-18,Account,Medium,Closed,3
814,2556,2025-06-27,2025-07-08,Account,Urgent,Closed,1
815,3006,2025-08-24,2025-08-31,Billing,High,Closed,4
816,2882,2024-07-03,2024-07-05,Feature Request,Medium,Closed,2
817,4136,2022-02-24,2022-03-03,Billing,Medium,Closed,3
818,1885,2026-05-04,NULL,Technical,Low,Open,NULL
819,2101,2026-02-21,2026-03-02,Billing,Low,Closed,5
820,3151,2026-03-24,2026-04-03,Technical,High,Closed,3
821,51,2024-01-01,2024-01-10,Other,Low,Closed,3
822,173,2023-10-07,2023-10-20,Other,Medium,Closed,1
823,3254,2026-04-08,2026-04-18,Account,Medium,Closed,4
824,1146,2026-01-31,2026-02-12,Account,Low,Closed,3
825,4026,2026-06-03,2026-06-05,Feature Request,Urgent,Closed,4
826,3035,2026-05-30,2026-06-13,Billing,Medium,Closed,5
827,2869,2022-08-22,2022-08-31,Feature Request,High,Closed,3
828,2071,2023-04-24,2023-05-01,Technical,Low,Closed,5
829,4366,2024-06-12,2024-06-22,Other,Urgent,Closed,2
830,1188,2024-11-24,2024-12-03,Billing,High,Closed,1
831,3335,2025-05-28,2025-05-30,Other,Medium,Closed,3
832,3047,2025-07-22,2025-08-02,Other,High,Closed,3
833,781,2022-10-07,2022-10-20,Other,High,Closed,2
834,2697,2026-05-17,2026-05-27,Feature Request,Urgent,Closed,2
835,3483,2026-04-23,2026-04-25,Billing,Medium,Closed,1
836,4364,2025-04-10,2025-04-22,Billing,Medium,Closed,4
837,3566,2024-02-16,2024-02-16,Account,Urgent,Closed,1
838,1865,2026-05-12,2026-05-25,Other,Urgent,Closed,2
839,4000,2026-07-14,2026-07-20,Technical,Low,Closed,5
840,2206,2026-05-14,2026-05-20,Feature Request,High,Closed,4
841,4858,2024-05-27,2024-06-01,Feature Request,High,Closed,4
842,351,2024-12-20,2024-12-22,Technical,Medium,Closed,5
843,3793,2026-04-27,2026-04-28,Technical,High,Closed,4
844,4931,2025-11-15,2025-11-16,Other,Medium,Closed,3
845,3905,2026-08-14,2026-08-27,Billing,Medium,Closed,2
846,3165,2024-08-09,2024-08-12,Feature Request,Urgent,Closed,5
847,2671,2023-08-15,2023-08-22,Account,Low,Closed,4
848,3320,2026-08-10,2026-08-21,Other,Low,Closed,3
849,67,2023-12-17,NULL,Billing,Urgent,Open,NULL
850,963,2023-09-01,NULL,Account,High,In Progress,NULL
851,1667,2026-09-08,2026-09-15,Other,High,Closed,4
852,1426,2026-05-06,NULL,Technical,Urgent,In Progress,NULL
853,4510,2026-08-26,2026-09-01,Account,Low,Closed,5
854,2403,2026-08-02,2026-08-05,Technical,Low,Closed,3
855,2467,2025-10-23,2025-11-03,Other,High,Closed,4
856,288,2024-03-17,2024-03-17,Feature Request,High,Closed,1
857,2394,2026-03-04,2026-03-16,Billing,Low,Closed,3
858,960,2024-09-27,2024-10-10,Account,Medium,Closed,4
859,2403,2026-02-22,2026-03-06,Billing,Urgent,Closed,1
860,3937,2023-01-31,2023-02-01,Feature Request,Medium,Closed,1
861,4904,2026-02-27,2026-03-08,Feature Request,Medium,Closed,5
862,1295,2025-09-28,2025-09-28,Feature Request,High,Closed,5
863,2072,2024-12-30,2025-01-03,Feature Request,High,Closed,3
864,4589,2022-07-24,2022-07-30,Other,Medium,Closed,2
865,655,2022-03-17,2022-03-17,Technical,Low,Closed,3
866,938,2025-07-30,2025-08-12,Technical,Urgent,Closed,3
867,3087,2024-03-21,2024-03-24,Billing,High,Closed,3
868,2133,2024-11-10,NULL,Billing,Low,Open,NULL
869,2588,2025-08-31,2025-09-06,Billing,Medium,Closed,1
870,649,2024-09-24,NULL,Account,High,Open,NULL
871,783,2024-07-09,2024-07-09,Billing,High,Closed,3
872,3827,2024-06-08,2024-06-17,Technical,Medium,Closed,3
873,1398,2026-01-09,2026-01-12,Billing,Medium,Closed,1
874,699,2026-02-28,2026-02-28,Feature Request,High,Closed,3
875,2074,2026-06-04,NULL,Feature Request,Low,Open,NULL
876,1730,2025-10-27,2025-11-04,Account,Low,Closed,3
877,3015,2025-01-11,2025-01-24,Billing,Urgent,Closed,4
878,2431,2026-07-18,2026-07-29,Billing,Low,Closed,1
879,2823,2026-02-28,2026-03-08,Feature Request,Urgent,Closed,4
880,2237,2026-02-10,2026-02-12,Feature Request,Low,Closed,4
881,3366,2025-11-22,2025-12-01,Account,Medium,Closed,2
882,2987,2022-08-17,2022-08-26,Billing,Medium,Closed,2
883,1142,2026-01-05,2026-01-13,Feature Request,Medium,Closed,1
884,1938,2023-11-05,NULL,Account,Medium,In Progress,NULL
885,2825,2024-02-24,2024-02-28,Billing,Medium,Closed,5
886,4986,2026-07-27,2026-07-28,Technical,Urgent,Closed,1
887,4520,2025-10-10,2025-10-11,Billing,Urgent,Closed,5
888,433,2023-08-14,2023-08-17,Billing,High,Closed,5
889,856,2024-08-27,2024-08-27,Billing,Low,Closed,3
890,854,2022-11-08,2022-11-11,Technical,Low,Closed,3
891,3781,2025-09-16,2025-09-18,Other,Low,Closed,4
892,2551,2026-09-08,2026-09-17,Billing,Low,Closed,1
893,3959,2026-01-17,2026-01-18,Account,High,Closed,5
894,2641,2025-01-04,2025-01-18,Billing,Medium,Closed,1
895,2704,2025-08-22,2025-08-28,Billing,High,Closed,4
896,1632,2026-08-15,NULL,Technical,High,Open,NULL
897,3323,2026-04-30,2026-05-10,Account,Medium,Closed,3
898,4428,2025-03-28,2025-04-07,Account,Low,Closed,5
899,3368,2024-10-27,2024-10-29,Billing,Urgent,Closed,3
900,2958,2026-07-16,2026-07-22,Feature Request,Medium,Closed,3
901,243,2026-07-09,2026-07-20,Feature Request,High,Closed,2
902,4481,2026-07-31,2026-08-13,Feature Request,Urgent,Closed,4
903,989,2023-12-11,2023-12-18,Technical,High,Closed,5
904,3102,2026-03-03,2026-03-03,Feature Request,High,Closed,1
905,2188,2025-10-17,NULL,Account,Urgent,In Progress,NULL
906,862,2026-03-19,NULL,Account,Medium,In Progress,NULL
907,4309,2025-11-04,2025-11-15,Feature Request,High,Closed,2
908,1785,2026-07-04,2026-07-06,Feature Request,High,Closed,2
909,487,2024-11-14,2024-11-26,Technical,Medium,Closed,1
910,4415,2024-04-03,2024-04-05,Billing,Medium,Closed,2
911,4144,2023-07-08,2023-07-16,Feature Request,Medium,Closed,3
912,4770,2025-11-10,NULL,Account,Medium,Open,NULL
913,934,2024-08-27,2024-09-08,Feature Request,Low,Closed,5
914,258,2026-07-29,2026-08-02,Feature Request,Medium,Closed,5
915,1062,2026-07-29,NULL,Technical,High,In Progress,NULL
916,4272,2026-07-06,2026-07-09,Account,High,Closed,4
917,590,2026-08-08,2026-08-10,Other,High,Closed,5
918,2882,2024-10-31,2024-11-07,Technical,Medium,Closed,1
919,4950,2026-06-02,2026-06-14,Technical,Urgent,Closed,1
920,2026,2024-09-09,2024-09-15,Other,Medium,Closed,4
921,2410,2026-04-10,2026-04-14,Billing,Medium,Closed,2
922,4181,2024-12-18,NULL,Other,Urgent,Open,NULL
923,2398,2025-05-29,2025-06-07,Technical,Medium,Closed,4
924,673,2025-06-07,2025-06-11,Billing,Medium,Closed,3
925,3590,2024-06-29,2024-07-13,Technical,Low,Closed,1
926,2137,2025-09-29,2025-10-03,Other,Low,Closed,1
927,82,2024-02-23,NULL,Technical,Urgent,Open,NULL
928,4429,2024-08-28,NULL,Technical,High,Open,NULL
929,331,2026-07-24,2026-08-07,Account,Low,Closed,5
930,3025,2024-06-03,2024-06-07,Other,Urgent,Closed,3
931,2067,2025-07-07,2025-07-17,Other,Urgent,Closed,5
932,1337,2025-11-24,2025-11-28,Feature Request,Medium,Closed,1
933,4051,2025-08-23,2025-08-23,Other,Low,Closed,2
934,3568,2024-11-22,2024-12-06,Feature Request,Medium,Closed,3
935,2246,2026-08-19,2026-08-30,Billing,Medium,Closed,5
936,2221,2023-09-25,2023-10-07,Technical,Low,Closed,2
937,2164,2023-05-12,2023-05-21,Feature Request,Urgent,Closed,4
938,2973,2026-01-06,2026-01-07,Other,Low,Closed,5
939,4320,2024-04-01,2024-04-15,Account,High,Closed,2
940,4424,2024-06-25,NULL,Account,Urgent,In Progress,NULL
941,1300,2026-07-15,2026-07-17,Feature Request,Low,Closed,4
942,4722,2025-08-19,2025-08-22,Billing,Medium,Closed,3
943,2747,2026-05-01,2026-05-15,Feature Request,Low,Closed,1
944,1773,2025-11-05,2025-11-10,Feature Request,Urgent,Closed,3
945,337,2026-08-01,2026-08-04,Billing,Urgent,Closed,4
946,4665,2025-02-08,2025-02-10,Account,High,Closed,4
947,2591,2024-08-11,2024-08-20,Feature Request,Medium,Closed,2
948,2878,2025-06-16,NULL,Feature Request,Medium,Open,NULL
949,1386,2026-03-30,2026-04-01,Technical,Urgent,Closed,2
950,2101,2026-01-01,2026-01-07,Technical,Urgent,Closed,2
951,1793,2023-03-06,NULL,Technical,Medium,In Progress,NULL
952,972,2026-07-30,2026-08-06,Billing,Medium,Closed,2
953,2629,2025-08-01,2025-08-03,Account,Urgent,Closed,2
954,3643,2026-09-07,2026-09-12,Technical,Medium,Closed,2
955,2048,2026-08-28,2026-09-04,Feature Request,Low,Closed,1
956,2600,2025-07-08,2025-07-14,Billing,Urgent,Closed,1
957,3907,2026-06-02,NULL,Feature Request,Low,Open,NULL
958,3578,2026-08-14,2026-08-25,Technical,Medium,Closed,1
959,3988,2023-10-20,2023-10-23,Account,Urgent,Closed,3
960,3785,2026-06-30,2026-07-01,Technical,Medium,Closed,1
961,3677,2024-07-19,NULL,Feature Request,Medium,Open,NULL
962,1218,2026-08-25,2026-09-04,Technical,Medium,Closed,1
963,571,2025-01-10,NULL,Account,Low,In Progress,NULL
964,3508,2025-08-02,2025-08-10,Technical,High,Closed,4
965,134,2026-08-28,2026-09-06,Other,High,Closed,3
966,4877,2025-07-03,2025-07-08,Account,Urgent,Closed,2
967,4152,2025-01-12,2025-01-22,Technical,High,Closed,1
968,3704,2023-05-12,2023-05-16,Feature Request,Low,Closed,5
969,1112,2026-07-19,2026-07-20,Billing,Urgent,Closed,4
970,2598,2023-04-17,2023-04-18,Account,High,Closed,2
971,1761,2024-02-08,2024-02-16,Feature Request,Urgent,Closed,5
972,4834,2026-05-02,2026-05-09,Other,Low,Closed,5
973,2537,2026-01-05,2026-01-08,Technical,Urgent,Closed,1
974,3188,2023-08-12,NULL,Account,Low,In Progress,NULL
975,2085,2026-01-03,2026-01-06,Feature Request,Medium,Closed,2
976,665,2023-09-20,2023-09-27,Billing,High,Closed,4
977,3,2026-08-14,NULL,Account,Medium,In Progress,NULL
978,2695,2026-08-27,2026-08-28,Other,Urgent,Closed,2
979,1359,2025-12-22,2025-12-28,Technical,High,Closed,2
980,4956,2025-04-02,2025-04-16,Account,High,Closed,5
981,1090,2023-07-15,2023-07-27,Other,High,Closed,3
982,576,2026-03-10,2026-03-14,Technical,Urgent,Closed,1
983,4801,2025-05-27,NULL,Feature Request,High,In Progress,NULL
984,2368,2025-05-03,2025-05-05,Billing,Low,Closed,3
985,4504,2026-01-15,2026-01-19,Feature Request,High,Closed,2
986,2773,2025-01-25,2025-02-05,Technical,Urgent,Closed,1
987,1165,2023-04-19,NULL,Other,Low,In Progress,NULL
988,1751,2024-06-11,2024-06-11,Technical,Medium,Closed,5
989,3896,2026-07-31,2026-08-01,Other,Low,Closed,2
990,669,2023-11-26,NULL,Billing,High,In Progress,NULL
991,2336,2026-03-24,NULL,Account,High,In Progress,NULL
992,224,2026-08-11,2026-08-20,Feature Request,High,Closed,5
993,4903,2026-06-20,2026-07-04,Other,Medium,Closed,1
994,2629,2026-07-13,NULL,Other,Urgent,Open,NULL
995,3257,2026-09-15,2026-09-29,Technical,High,Closed,1
996,1290,2026-01-20,2026-01-30,Billing,Urgent,Closed,2
997,1235,2023-04-05,2023-04-15,Feature Request,Urgent,Closed,1
998,2810,2026-02-16,2026-02-25,Feature Request,Urgent,Closed,1
999,583,2026-06-19,2026-06-22,Other,Low,Closed,5
1000,2038,2026-05-30,2026-06-03,Account,Low,Closed,3
1001,3026,2021-05-08,2021-05-16,Billing,Low,Closed,4
1002,1310,2025-01-22,2025-02-02,Technical,Medium,Closed,2
1003,2578,2025-08-27,2025-09-09,Other,Low,Closed,3
1004,1097,2025-04-24,2025-05-04,Technical,Medium,Closed,4
1005,2547,2023-10-09,2023-10-20,Technical,High,Closed,1
1006,1006,2026-03-27,2026-04-07,Billing,Medium,Closed,5
1007,4218,2022-04-30,2022-05-10,Technical,High,Closed,2
1008,4049,2022-11-09,2022-11-10,Account,Low,Closed,2
1009,4884,2025-01-22,2025-02-02,Account,Medium,Closed,4
1010,4433,2025-08-16,2025-08-28,Technical,Urgent,Closed,1
1011,2073,2026-09-02,NULL,Account,Urgent,Open,NULL
1012,4790,2026-05-14,2026-05-19,Other,Urgent,Closed,1
1013,4209,2026-07-29,2026-08-03,Feature Request,Urgent,Closed,3
1014,3038,2025-01-15,2025-01-23,Feature Request,High,Closed,5
1015,454,2022-07-03,NULL,Technical,Medium,Open,NULL
1016,3587,2025-10-16,2025-10-29,Technical,Medium,Closed,5
1017,1997,2023-01-27,2023-02-06,Account,High,Closed,1
1018,760,2025-05-31,2025-06-06,Account,High,Closed,3
1019,3379,2025-12-03,2025-12-13,Feature Request,Low,Closed,1
1020,3470,2023-05-21,2023-06-02,Account,Medium,Closed,5
1021,3090,2025-08-30,2025-09-13,Technical,High,Closed,4
1022,3529,2025-07-25,2025-07-25,Billing,Urgent,Closed,1
1023,4074,2025-05-19,2025-05-27,Billing,Urgent,Closed,4
1024,3292,2025-10-12,2025-10-12,Other,Low,Closed,1
1025,3845,2022-01-04,2022-01-10,Account,High,Closed,1
1026,744,2024-02-27,NULL,Technical,Medium,In Progress,NULL
1027,3419,2022-05-13,2022-05-21,Feature Request,High,Closed,2
1028,4517,2024-08-31,NULL,Feature Request,High,Open,NULL
1029,3224,2025-02-24,2025-03-08,Other,Low,Closed,2
1030,1469,2026-07-18,2026-07-24,Technical,Medium,Closed,5
1031,4062,2025-03-13,2025-03-19,Technical,High,Closed,2
1032,448,2026-05-23,2026-06-04,Feature Request,Low,Closed,3
1033,2752,2023-11-11,2023-11-13,Feature Request,Urgent,Closed,4
1034,2696,2025-09-08,2025-09-22,Account,High,Closed,2
1035,1148,2024-04-09,2024-04-21,Other,High,Closed,3
1036,4186,2023-11-12,2023-11-15,Other,Urgent,Closed,3
1037,4944,2025-07-28,NULL,Feature Request,High,In Progress,NULL
1038,1135,2023-11-06,2023-11-11,Technical,Medium,Closed,1
1039,2660,2025-08-02,2025-08-16,Billing,Medium,Closed,3
1040,1906,2024-12-23,2024-12-30,Billing,Low,Closed,2
1041,3847,2024-04-28,2024-05-06,Feature Request,Low,Closed,1
1042,4113,2026-05-22,2026-05-30,Other,Medium,Closed,3
1043,3701,2025-09-24,2025-09-25,Technical,Urgent,Closed,4
1044,3861,2025-04-02,2025-04-11,Other,Low,Closed,4
1045,1637,2026-02-15,2026-02-18,Feature Request,Medium,Closed,2
1046,1549,2024-06-14,2024-06-27,Technical,Low,Closed,5
1047,624,2025-06-08,2025-06-08,Account,Low,Closed,2
1048,1225,2024-08-21,NULL,Other,Low,In Progress,NULL
1049,1035,2025-02-03,2025-02-06,Feature Request,High,Closed,4
1050,4670,2026-02-16,2026-02-18,Other,Medium,Closed,1
1051,1607,2026-03-28,2026-03-31,Account,High,Closed,2
1052,2059,2026-01-14,2026-01-20,Billing,High,Closed,5
1053,4459,2022-06-04,2022-06-16,Billing,Low,Closed,1
1054,466,2023-01-10,NULL,Technical,Medium,In Progress,NULL
1055,4958,2026-06-06,2026-06-17,Other,Medium,Closed,3
1056,1574,2023-10-26,2023-11-02,Account,Low,Closed,4
1057,4308,2026-08-05,2026-08-08,Feature Request,Urgent,Closed,2
1058,2524,2026-07-12,2026-07-17,Billing,High,Closed,3
1059,2430,2025-03-15,2025-03-28,Billing,High,Closed,4
1060,3,2024-04-08,2024-04-19,Feature Request,Medium,Closed,3
1061,2293,2026-05-16,2026-05-30,Billing,Urgent,Closed,3
1062,1224,2025-08-30,2025-09-06,Billing,Urgent,Closed,2
1063,3594,2025-10-23,2025-11-06,Other,Low,Closed,5
1064,2289,2026-06-14,2026-06-15,Billing,Medium,Closed,4
1065,975,2025-12-13,2025-12-24,Feature Request,Urgent,Closed,4
1066,2915,2026-05-26,NULL,Account,High,In Progress,NULL
1067,2867,2026-01-31,2026-02-01,Feature Request,Urgent,Closed,3
1068,3068,2025-10-24,2025-10-27,Feature Request,Medium,Closed,1
1069,2642,2024-06-08,2024-06-13,Other,Low,Closed,1
1070,761,2023-05-17,2023-05-24,Feature Request,Low,Closed,1
1071,1900,2023-01-17,2023-01-19,Account,Medium,Closed,3
1072,3331,2024-05-04,2024-05-08,Other,High,Closed,2
1073,2974,2026-08-25,2026-08-29,Account,Urgent,Closed,5
1074,3236,2026-09-15,2026-09-16,Other,Medium,Closed,3
1075,3045,2023-12-29,2024-01-09,Account,High,Closed,4
1076,828,2023-09-06,2023-09-08,Account,Medium,Closed,1
1077,4309,2024-06-12,2024-06-23,Billing,Urgent,Closed,3
1078,2550,2024-04-02,2024-04-11,Billing,Low,Closed,2
1079,3229,2024-03-29,2024-04-12,Billing,High,Closed,3
1080,4656,2025-09-04,2025-09-11,Technical,Medium,Closed,5
1081,2124,2021-04-18,2021-04-29,Technical,High,Closed,1
1082,4760,2025-05-31,2025-06-06,Account,High,Closed,2
1083,549,2024-01-08,2024-01-18,Billing,Urgent,Closed,5
1084,2300,2022-03-08,2022-03-17,Technical,Urgent,Closed,5
1085,1917,2026-06-14,2026-06-17,Feature Request,High,Closed,1
1086,3425,2022-09-07,2022-09-19,Account,Medium,Closed,5
1087,1362,2026-06-20,2026-06-30,Other,High,Closed,3
1088,4123,2026-07-27,2026-08-06,Technical,Low,Closed,1
1089,3704,2023-09-18,2023-10-01,Technical,Medium,Closed,4
1090,2017,2026-02-28,2026-03-04,Account,Urgent,Closed,5
1091,3805,2026-07-29,2026-08-03,Account,Medium,Closed,4
1092,206,2025-05-17,2025-05-19,Other,Medium,Closed,3
1093,3875,2026-04-05,2026-04-10,Technical,Medium,Closed,5
1094,1866,2024-06-25,2024-07-03,Account,Urgent,Closed,1
1095,4834,2026-02-15,2026-02-20,Account,Medium,Closed,3
1096,3114,2025-06-26,2025-07-07,Feature Request,Medium,Closed,2
1097,52,2026-08-13,NULL,Other,Urgent,In Progress,NULL
1098,4987,2026-01-01,2026-01-05,Technical,Urgent,Closed,3
1099,4948,2025-03-25,2025-04-07,Technical,High,Closed,3
1100,1532,2025-09-22,2025-09-28,Other,Urgent,Closed,5
1101,677,2023-06-12,2023-06-23,Other,Low,Closed,5
1102,3914,2025-03-21,2025-03-24,Feature Request,Urgent,Closed,2
1103,3403,2023-08-26,2023-09-04,Technical,High,Closed,1
1104,4720,2024-11-27,2024-12-03,Other,High,Closed,2
1105,4240,2026-07-12,2026-07-18,Billing,Medium,Closed,2
1106,3143,2026-01-29,2026-02-08,Technical,Urgent,Closed,4
1107,1867,2026-01-09,2026-01-21,Other,Urgent,Closed,1
1108,3095,2023-05-20,2023-05-31,Other,Medium,Closed,2
1109,3841,2025-10-10,2025-10-11,Billing,High,Closed,4
1110,1133,2024-09-14,2024-09-21,Account,High,Closed,2
1111,2890,2025-02-10,NULL,Other,Low,Open,NULL
1112,3119,2025-12-28,NULL,Other,Medium,In Progress,NULL
1113,2033,2025-12-20,NULL,Feature Request,Low,In Progress,NULL
1114,2626,2024-07-09,2024-07-19,Technical,Urgent,Closed,1
1115,1785,2026-06-02,2026-06-06,Account,Urgent,Closed,4
1116,2543,2024-03-10,NULL,Other,Medium,Open,NULL
1117,1076,2023-12-31,2024-01-07,Billing,Low,Closed,4
1118,4054,2026-03-29,NULL,Feature Request,Urgent,Open,NULL
1119,3995,2025-07-02,2025-07-13,Other,Low,Closed,2
1120,1563,2024-03-21,2024-03-27,Feature Request,Medium,Closed,5
1121,1070,2023-12-28,NULL,Technical,High,In Progress,NULL
1122,3183,2025-03-08,2025-03-11,Feature Request,Medium,Closed,5
1123,4780,2025-02-13,2025-02-22,Feature Request,Medium,Closed,2
1124,3449,2023-08-07,2023-08-17,Billing,Urgent,Closed,1
1125,846,2026-08-11,2026-08-19,Billing,Medium,Closed,3
1126,1722,2023-10-07,2023-10-21,Technical,High,Closed,4
1127,1815,2022-07-24,2022-07-27,Technical,High,Closed,3
1128,3284,2025-12-06,2025-12-19,Technical,Urgent,Closed,5
1129,4988,2025-08-11,2025-08-11,Billing,Urgent,Closed,3
1130,2672,2025-12-17,2025-12-23,Feature Request,Urgent,Closed,2
1131,4236,2025-11-08,2025-11-10,Other,Medium,Closed,4
1132,3072,2023-06-11,2023-06-12,Feature Request,Urgent,Closed,5
1133,1300,2026-02-04,2026-02-13,Other,Urgent,Closed,1
1134,1001,2026-03-05,2026-03-19,Feature Request,High,Closed,2
1135,802,2026-06-24,2026-06-28,Billing,Medium,Closed,5
1136,3470,2025-05-04,2025-05-09,Technical,Urgent,Closed,5
1137,4155,2024-08-03,NULL,Feature Request,Low,Open,NULL
1138,3417,2024-12-25,NULL,Account,Urgent,In Progress,NULL
1139,1460,2024-12-28,2025-01-06,Billing,High,Closed,3
1140,936,2023-01-21,2023-01-29,Feature Request,Low,Closed,5
1141,1372,2026-07-02,2026-07-09,Feature Request,Urgent,Closed,4
1142,102,2026-05-26,2026-06-02,Other,High,Closed,3
1143,4909,2022-12-03,2022-12-04,Account,Urgent,Closed,4
1144,4725,2024-06-18,2024-06-29,Technical,High,Closed,1
1145,4290,2025-09-02,2025-09-16,Technical,High,Closed,4
1146,1906,2024-10-20,2024-11-01,Other,Medium,Closed,5
1147,2760,2026-02-27,2026-03-12,Other,Urgent,Closed,5
1148,50,2026-03-20,2026-03-21,Technical,Urgent,Closed,2
1149,1100,2025-09-14,2025-09-18,Account,High,Closed,1
1150,2400,2026-07-26,2026-07-30,Other,Urgent,Closed,3
1151,1496,2026-06-29,NULL,Account,High,In Progress,NULL
1152,1758,2021-12-08,NULL,Other,High,Open,NULL
1153,1482,2026-01-17,2026-01-23,Account,Urgent,Closed,4
1154,859,2026-06-05,2026-06-12,Technical,Medium,Closed,1
1155,2126,2025-01-07,2025-01-16,Account,Urgent,Closed,3
1156,2657,2025-08-25,2025-08-27,Feature Request,Low,Closed,3
1157,2120,2025-10-28,2025-11-11,Account,Medium,Closed,4
1158,372,2026-07-19,2026-07-19,Account,Urgent,Closed,5
1159,1009,2025-09-22,2025-09-28,Account,High,Closed,5
1160,2580,2024-09-11,2024-09-23,Other,Low,Closed,3
1161,163,2023-09-14,2023-09-24,Billing,High,Closed,4
1162,4201,2024-01-27,NULL,Account,High,In Progress,NULL
1163,959,2025-08-19,2025-09-02,Other,High,Closed,3
1164,3051,2023-05-20,2023-06-03,Other,Medium,Closed,3
1165,3747,2021-09-12,2021-09-23,Account,Urgent,Closed,3
1166,1921,2022-12-14,2022-12-14,Feature Request,Urgent,Closed,1
1167,2741,2026-05-29,2026-05-31,Account,High,Closed,1
1168,3777,2026-01-30,2026-02-09,Account,Medium,Closed,1
1169,219,2026-05-16,2026-05-26,Account,High,Closed,2
1170,1424,2025-09-19,2025-10-01,Billing,High,Closed,3
1171,234,2026-05-16,2026-05-20,Billing,Low,Closed,3
1172,4136,2023-06-22,2023-06-26,Billing,Medium,Closed,5
1173,324,2025-04-30,2025-05-01,Account,Urgent,Closed,3
1174,4357,2025-10-16,2025-10-27,Billing,Urgent,Closed,4
1175,2944,2024-01-20,2024-01-23,Account,Medium,Closed,1
1176,4185,2023-05-15,2023-05-20,Technical,Urgent,Closed,2
1177,644,2026-07-30,NULL,Account,High,Open,NULL
1178,1982,2024-07-23,2024-08-05,Feature Request,Medium,Closed,5
1179,1377,2025-06-10,2025-06-17,Technical,Urgent,Closed,2
1180,1608,2025-05-13,2025-05-16,Other,Urgent,Closed,2
1181,3684,2026-07-05,NULL,Feature Request,Low,In Progress,NULL
1182,842,2026-03-16,NULL,Billing,Medium,In Progress,NULL
1183,4461,2024-10-28,2024-11-07,Technical,Low,Closed,1
1184,3726,2026-07-29,2026-08-06,Other,Urgent,Closed,2
1185,3048,2024-09-02,2024-09-13,Feature Request,High,Closed,4
1186,3369,2026-06-28,2026-07-08,Account,Low,Closed,5
1187,63,2026-07-23,NULL,Billing,Medium,Open,NULL
1188,2163,2023-09-29,2023-09-29,Technical,Medium,Closed,4
1189,3162,2024-09-17,2024-09-21,Feature Request,Low,Closed,4
1190,2061,2026-06-10,2026-06-20,Technical,Medium,Closed,3
1191,2593,2024-08-13,2024-08-21,Account,Urgent,Closed,2
1192,2408,2023-06-07,2023-06-20,Account,Low,Closed,4
1193,4713,2025-09-16,2025-09-24,Billing,High,Closed,1
1194,319,2023-12-22,2023-12-30,Feature Request,Low,Closed,2
1195,209,2024-06-05,2024-06-18,Feature Request,Urgent,Closed,4
1196,4071,2024-04-25,2024-04-26,Other,High,Closed,1
1197,3643,2026-08-27,2026-09-03,Billing,High,Closed,3
1198,541,2025-12-19,2025-12-25,Other,Low,Closed,2
1199,542,2025-01-03,2025-01-09,Billing,High,Closed,1
1200,4965,2024-02-05,2024-02-15,Feature Request,Urgent,Closed,5
1201,1851,2023-10-13,2023-10-25,Feature Request,Low,Closed,1
1202,2692,2025-12-05,2025-12-17,Technical,Urgent,Closed,3
1203,4958,2026-09-11,2026-09-20,Billing,Urgent,Closed,4
1204,1914,2026-05-05,2026-05-12,Account,Low,Closed,1
1205,2988,2024-12-17,2024-12-20,Feature Request,Medium,Closed,2
1206,2675,2025-06-29,2025-07-04,Feature Request,High,Closed,2
1207,4905,2025-09-19,2025-09-27,Feature Request,Low,Closed,1
1208,1943,2021-09-29,2021-10-04,Account,High,Closed,4
1209,3885,2026-08-19,2026-09-01,Technical,High,Closed,3
1210,1961,2022-02-22,2022-03-07,Other,Low,Closed,2
1211,2589,2026-06-29,2026-07-11,Feature Request,Low,Closed,3
1212,810,2025-07-06,NULL,Account,Medium,Open,NULL
1213,4372,2024-08-26,2024-08-26,Feature Request,Low,Closed,1
1214,3948,2024-09-15,2024-09-25,Account,Medium,Closed,2
1215,1022,2025-10-24,2025-11-03,Technical,High,Closed,2
1216,771,2024-11-17,NULL,Account,Medium,In Progress,NULL
1217,3357,2026-03-20,NULL,Other,Low,In Progress,NULL
1218,4616,2025-08-09,2025-08-12,Other,Medium,Closed,2
1219,614,2022-09-11,2022-09-17,Account,Urgent,Closed,1
1220,866,2026-09-04,NULL,Technical,Low,In Progress,NULL
1221,3241,2024-12-30,2025-01-09,Technical,High,Closed,5
1222,1718,2024-03-01,2024-03-14,Billing,Low,Closed,3
1223,3339,2025-01-14,2025-01-27,Billing,Low,Closed,2
1224,475,2026-05-07,2026-05-10,Other,High,Closed,1
1225,470,2024-12-05,2024-12-13,Technical,Medium,Closed,2
1226,1142,2025-11-13,2025-11-15,Other,Urgent,Closed,1
1227,3678,2024-09-03,2024-09-10,Account,Medium,Closed,2
1228,608,2026-09-05,NULL,Technical,Medium,In Progress,NULL
1229,2391,2026-08-25,2026-09-04,Technical,High,Closed,3
1230,304,2025-06-04,NULL,Account,Medium,In Progress,NULL
1231,4866,2025-09-21,2025-09-26,Feature Request,Urgent,Closed,1
1232,77,2024-06-29,2024-07-03,Billing,Low,Closed,2
1233,3797,2023-11-12,2023-11-17,Account,Low,Closed,3
1234,433,2025-01-25,2025-02-04,Account,Urgent,Closed,1
1235,4431,2022-01-11,2022-01-15,Account,High,Closed,4
1236,3754,2022-09-18,2022-09-29,Billing,Medium,Closed,5
1237,2194,2024-04-23,2024-05-06,Account,Medium,Closed,1
1238,2692,2024-01-24,2024-02-04,Account,Urgent,Closed,5
1239,1472,2023-09-24,2023-10-04,Feature Request,High,Closed,2
1240,2441,2025-08-19,2025-08-20,Billing,Urgent,Closed,2
1241,4662,2024-02-10,2024-02-19,Feature Request,Urgent,Closed,1
1242,4341,2025-05-06,2025-05-07,Feature Request,High,Closed,3
1243,1841,2024-05-30,2024-06-04,Account,Urgent,Closed,4
1244,161,2025-04-27,2025-05-07,Billing,Urgent,Closed,4
1245,813,2026-06-14,NULL,Feature Request,High,Open,NULL
1246,839,2024-09-04,2024-09-05,Feature Request,Medium,Closed,4
1247,4972,2025-04-28,NULL,Technical,High,Open,NULL
1248,1966,2023-01-20,2023-01-22,Feature Request,Medium,Closed,5
1249,2387,2025-02-27,2025-03-02,Other,Medium,Closed,4
1250,2263,2026-03-30,2026-04-05,Account,Low,Closed,5
1251,2103,2025-09-30,2025-10-12,Technical,Low,Closed,3
1252,2916,2025-09-17,2025-10-01,Billing,Medium,Closed,4
1253,3733,2024-09-06,2024-09-18,Technical,High,Closed,5
1254,2734,2026-02-05,2026-02-19,Technical,Medium,Closed,5
1255,3634,2026-05-03,2026-05-17,Account,Low,Closed,2
1256,1759,2026-06-18,2026-06-25,Feature Request,Urgent,Closed,2
1257,4886,2026-06-28,2026-07-01,Feature Request,Low,Closed,4
1258,4519,2024-12-07,2024-12-20,Technical,Medium,Closed,3
1259,4290,2023-04-22,2023-04-26,Billing,Low,Closed,1
1260,1546,2024-12-09,2024-12-09,Account,Medium,Closed,2
1261,3721,2026-09-11,2026-09-20,Feature Request,Urgent,Closed,3
1262,3749,2024-09-02,2024-09-13,Technical,High,Closed,5
1263,4009,2024-02-29,2024-03-14,Account,Urgent,Closed,4
1264,4035,2026-04-13,2026-04-15,Billing,Medium,Closed,1
1265,2278,2026-01-21,2026-02-03,Other,Medium,Closed,1
1266,4762,2025-11-10,2025-11-16,Account,Medium,Closed,5
1267,4588,2025-09-03,2025-09-04,Feature Request,Medium,Closed,1
1268,4286,2026-07-03,2026-07-05,Other,Low,Closed,4
1269,4893,2024-07-01,2024-07-06,Other,Low,Closed,2
1270,3219,2026-07-09,2026-07-21,Other,Medium,Closed,1
1271,676,2025-10-28,2025-11-09,Feature Request,Medium,Closed,2
1272,3754,2024-12-26,2024-12-27,Billing,High,Closed,4
1273,3007,2026-08-23,2026-08-29,Technical,Medium,Closed,1
1274,3277,2025-06-20,2025-07-03,Feature Request,High,Closed,5
1275,422,2026-04-02,2026-04-06,Billing,Urgent,Closed,5
1276,134,2026-08-19,2026-08-23,Technical,Low,Closed,5
1277,1806,2026-06-14,2026-06-15,Technical,Urgent,Closed,5
1278,917,2025-02-21,NULL,Feature Request,Medium,Open,NULL
1279,1324,2023-01-30,NULL,Feature Request,High,In Progress,NULL
1280,1593,2026-05-08,2026-05-11,Account,Low,Closed,3
1281,3595,2026-08-23,NULL,Other,Medium,In Progress,NULL
1282,2515,2025-07-14,2025-07-14,Billing,Medium,Closed,1
1283,2033,2025-11-25,2025-12-02,Feature Request,Urgent,Closed,5
1284,1265,2026-04-01,2026-04-05,Technical,High,Closed,3
1285,2164,2025-12-16,2025-12-16,Account,Medium,Closed,5
1286,4827,2024-10-16,2024-10-24,Billing,High,Closed,4
1287,326,2024-02-16,2024-02-28,Technical,Urgent,Closed,1
1288,4839,2025-09-28,2025-10-03,Technical,High,Closed,5
1289,2818,2026-04-21,2026-04-25,Other,Medium,Closed,5
1290,2452,2024-07-04,NULL,Technical,Medium,In Progress,NULL
1291,1643,2025-08-13,2025-08-18,Technical,Medium,Closed,1
1292,147,2022-10-01,2022-10-12,Account,High,Closed,5
1293,4539,2023-03-26,2023-04-05,Account,Medium,Closed,4
1294,4408,2026-06-17,2026-06-30,Account,Urgent,Closed,1
1295,2596,2026-08-18,2026-08-24,Account,Urgent,Closed,5
1296,3257,2025-12-31,2026-01-13,Account,Medium,Closed,2
1297,3706,2024-07-25,2024-07-30,Technical,Medium,Closed,4
1298,2626,2024-08-05,2024-08-19,Technical,Medium,Closed,2
1299,4288,2022-05-02,2022-05-16,Feature Request,Urgent,Closed,4
1300,4767,2025-07-20,2025-07-25,Other,High,Closed,5
1301,1443,2023-05-08,2023-05-10,Feature Request,Urgent,Closed,1
1302,1400,2025-09-05,NULL,Feature Request,Medium,Open,NULL
1303,3170,2024-03-29,NULL,Feature Request,Low,Open,NULL
1304,1074,2025-07-15,2025-07-20,Account,Low,Closed,1
1305,458,2022-03-03,NULL,Account,High,Open,NULL
1306,2095,2025-02-21,2025-02-25,Technical,High,Closed,5
1307,432,2026-07-17,NULL,Account,Urgent,In Progress,NULL
1308,1038,2025-02-21,NULL,Feature Request,Medium,In Progress,NULL
1309,4496,2026-04-02,2026-04-15,Feature Request,High,Closed,3
1310,1648,2026-07-17,2026-07-17,Billing,Urgent,Closed,3
1311,2780,2025-03-15,2025-03-15,Feature Request,Low,Closed,5
1312,824,2026-04-20,2026-04-29,Billing,Low,Closed,3
1313,1309,2023-05-25,2023-05-27,Account,Low,Closed,1
1314,3395,2025-01-01,NULL,Billing,Medium,Open,NULL
1315,3726,2023-04-01,2023-04-04,Technical,High,Closed,2
1316,4892,2026-03-04,NULL,Technical,Low,In Progress,NULL
1317,1410,2022-02-24,2022-03-04,Account,High,Closed,1
1318,1722,2024-03-17,NULL,Other,Low,In Progress,NULL
1319,2663,2026-03-25,2026-04-08,Technical,High,Closed,1
1320,476,2024-08-09,2024-08-18,Account,Low,Closed,4
1321,309,2023-07-11,NULL,Account,High,In Progress,NULL
1322,1350,2023-11-13,2023-11-14,Billing,Low,Closed,2
1323,583,2026-07-07,2026-07-10,Technical,High,Closed,5
1324,75,2024-08-10,NULL,Other,Low,In Progress,NULL
1325,894,2023-09-25,2023-10-08,Other,Urgent,Closed,1
1326,202,2024-08-04,2024-08-04,Billing,Urgent,Closed,3
1327,1607,2024-12-11,2024-12-23,Billing,Medium,Closed,5
1328,3316,2026-02-16,2026-02-23,Other,Medium,Closed,1
1329,3038,2024-01-22,2024-01-29,Account,Low,Closed,1
1330,2282,2024-06-30,2024-07-07,Feature Request,Medium,Closed,1
1331,4826,2024-03-25,2024-03-29,Feature Request,Low,Closed,2
1332,331,2026-09-10,2026-09-14,Billing,Low,Closed,2
1333,2198,2026-06-21,NULL,Technical,High,In Progress,NULL
1334,1393,2025-07-06,2025-07-07,Billing,Urgent,Closed,3
1335,4577,2024-12-25,2024-12-25,Technical,Medium,Closed,4
1336,2623,2026-06-06,2026-06-19,Billing,Low,Closed,5
1337,1406,2025-03-02,2025-03-09,Billing,Medium,Closed,1
1338,3445,2024-07-10,2024-07-11,Technical,Medium,Closed,2
1339,1627,2025-10-08,2025-10-21,Account,Low,Closed,1
1340,3406,2023-01-13,2023-01-21,Billing,Urgent,Closed,4
1341,3033,2022-11-13,2022-11-17,Other,Low,Closed,2
1342,82,2024-01-02,2024-01-13,Technical,High,Closed,5
1343,1237,2022-08-22,NULL,Technical,High,In Progress,NULL
1344,3771,2025-10-03,2025-10-03,Other,Urgent,Closed,1
1345,1879,2025-05-21,2025-05-23,Other,Medium,Closed,4
1346,3825,2024-09-12,2024-09-22,Billing,Urgent,Closed,4
1347,3023,2026-08-19,2026-08-26,Billing,Urgent,Closed,3
1348,836,2022-05-16,2022-05-23,Other,Urgent,Closed,1
1349,1995,2026-02-11,2026-02-17,Billing,Urgent,Closed,2
1350,3863,2024-12-01,NULL,Billing,High,In Progress,NULL
1351,932,2022-09-08,NULL,Account,Medium,Open,NULL
1352,3387,2025-07-30,2025-08-08,Account,High,Closed,1
1353,761,2026-05-01,2026-05-05,Billing,Medium,Closed,1
1354,4746,2026-07-16,2026-07-17,Feature Request,High,Closed,3
1355,4220,2025-05-22,2025-06-04,Feature Request,Low,Closed,4
1356,1780,2021-10-12,2021-10-26,Billing,Medium,Closed,5
1357,4477,2024-05-10,NULL,Feature Request,Low,Open,NULL
1358,3247,2024-10-12,2024-10-18,Technical,Low,Closed,3
1359,546,2026-04-05,NULL,Feature Request,Urgent,In Progress,NULL
1360,266,2025-08-26,2025-08-30,Feature Request,Medium,Closed,4
1361,3569,2026-07-06,2026-07-07,Feature Request,High,Closed,2
1362,2004,2026-06-15,2026-06-16,Other,Low,Closed,1
1363,1609,2024-11-21,2024-12-04,Technical,Urgent,Closed,4
1364,4721,2024-04-10,2024-04-11,Billing,High,Closed,2
1365,1650,2023-11-26,2023-11-30,Billing,High,Closed,5
1366,3047,2023-10-22,NULL,Feature Request,Low,Open,NULL
1367,243,2025-03-06,2025-03-11,Other,Urgent,Closed,3
1368,41,2021-10-02,2021-10-11,Technical,High,Closed,1
1369,289,2024-11-30,2024-12-12,Account,Urgent,Closed,2
1370,3133,2023-03-30,2023-04-09,Technical,Medium,Closed,1
1371,40,2025-10-21,2025-10-29,Other,Medium,Closed,3
1372,534,2026-05-16,2026-05-28,Other,High,Closed,3
1373,4293,2025-01-01,2025-01-04,Other,High,Closed,1
1374,2348,2024-05-18,NULL,Billing,Low,Open,NULL
1375,3137,2025-06-27,2025-07-04,Feature Request,Medium,Closed,1
1376,4278,2025-06-17,2025-06-27,Technical,Medium,Closed,4
1377,3373,2024-06-07,2024-06-08,Feature Request,Low,Closed,3
1378,2058,2024-09-12,NULL,Technical,Medium,In Progress,NULL
1379,4715,2026-09-09,2026-09-18,Feature Request,Medium,Closed,4
1380,2516,2026-08-23,NULL,Technical,High,Open,NULL
1381,4142,2026-07-17,NULL,Billing,Low,In Progress,NULL
1382,4983,2024-06-30,2024-07-14,Account,Urgent,Closed,2
1383,4421,2023-06-26,2023-06-28,Other,Urgent,Closed,4
1384,1400,2024-01-11,2024-01-22,Account,Low,Closed,3
1385,4576,2026-08-07,2026-08-13,Account,Urgent,Closed,3
1386,2858,2026-02-14,2026-02-27,Other,Urgent,Closed,3
1387,344,2026-04-30,2026-05-03,Other,Urgent,Closed,1
1388,2061,2026-06-21,2026-06-22,Account,Medium,Closed,3
1389,3805,2026-06-16,2026-06-22,Billing,Medium,Closed,1
1390,728,2026-08-14,2026-08-25,Technical,High,Closed,3
1391,2508,2024-06-07,2024-06-12,Technical,Low,Closed,4
1392,3593,2025-05-26,2025-05-26,Technical,Medium,Closed,4
1393,829,2023-02-12,NULL,Feature Request,Medium,In Progress,NULL
1394,4102,2026-08-09,2026-08-23,Billing,Medium,Closed,1
1395,1891,2023-07-11,2023-07-12,Other,Low,Closed,2
1396,2114,2024-08-10,2024-08-20,Technical,High,Closed,1
1397,1128,2026-08-28,2026-09-10,Other,Medium,Closed,4
1398,4896,2021-12-17,2021-12-21,Billing,Medium,Closed,1
1399,1399,2024-05-28,2024-06-08,Feature Request,High,Closed,2
1400,2916,2026-06-05,2026-06-16,Billing,Urgent,Closed,4
1401,2419,2025-11-30,2025-12-02,Account,Medium,Closed,2
1402,753,2023-03-17,2023-03-22,Feature Request,Urgent,Closed,2
1403,3124,2025-12-17,2025-12-20,Billing,Low,Closed,3
1404,3777,2023-10-04,NULL,Billing,Urgent,Open,NULL
1405,1747,2022-08-02,NULL,Billing,High,Open,NULL
1406,2808,2023-10-12,2023-10-20,Account,Medium,Closed,4
1407,4110,2026-06-08,2026-06-13,Technical,Urgent,Closed,3
1408,2978,2024-12-04,2024-12-08,Technical,High,Closed,3
1409,597,2026-06-20,2026-07-02,Account,Urgent,Closed,5
1410,4832,2025-03-28,2025-03-28,Technical,Low,Closed,1
1411,2835,2026-03-22,2026-03-31,Account,High,Closed,4
1412,2893,2026-07-15,NULL,Other,Urgent,Open,NULL
1413,1260,2025-09-01,2025-09-01,Other,High,Closed,3
1414,826,2025-11-13,2025-11-24,Other,Urgent,Closed,4
1415,300,2025-07-12,NULL,Billing,Urgent,In Progress,NULL
1416,3759,2025-04-06,2025-04-12,Technical,Urgent,Closed,3
1417,2762,2026-07-25,2026-07-27,Billing,Medium,Closed,4
1418,2289,2026-02-20,2026-02-26,Feature Request,Medium,Closed,3
1419,337,2026-08-13,2026-08-27,Technical,Low,Closed,5
1420,1285,2026-01-12,2026-01-15,Technical,Medium,Closed,1
1421,3555,2026-03-21,2026-03-24,Feature Request,Urgent,Closed,3
1422,1364,2026-07-08,2026-07-14,Feature Request,Urgent,Closed,3
1423,2203,2026-08-04,NULL,Other,Low,Open,NULL
1424,3533,2026-07-19,NULL,Feature Request,Medium,Open,NULL
1425,4437,2026-01-02,2026-01-12,Technical,Urgent,Closed,1
1426,1120,2025-11-05,2025-11-15,Other,Low,Closed,3
1427,3617,2026-06-13,2026-06-21,Account,Medium,Closed,3
1428,3691,2025-09-16,2025-09-20,Billing,Low,Closed,1
1429,2848,2026-06-26,2026-06-29,Feature Request,Medium,Closed,1
1430,2791,2026-09-10,2026-09-22,Other,Medium,Closed,5
1431,267,2026-07-26,2026-08-04,Technical,Low,Closed,1
1432,4388,2025-03-21,2025-03-23,Feature Request,High,Closed,5
1433,4334,2026-01-16,2026-01-27,Billing,Urgent,Closed,4
1434,2125,2026-08-20,2026-09-01,Billing,Low,Closed,5
1435,2563,2026-03-01,2026-03-14,Other,High,Closed,4
1436,4043,2024-11-16,NULL,Other,Urgent,In Progress,NULL
1437,2426,2026-03-09,2026-03-20,Feature Request,Low,Closed,5
1438,4319,2024-01-28,2024-01-31,Account,Urgent,Closed,1
1439,486,2024-08-12,2024-08-18,Feature Request,High,Closed,5
1440,3933,2025-09-27,2025-10-04,Account,Medium,Closed,5
1441,2670,2025-08-31,2025-09-08,Other,High,Closed,3
1442,253,2026-06-24,2026-07-07,Feature Request,Urgent,Closed,1
1443,45,2026-08-18,NULL,Technical,Low,In Progress,NULL
1444,346,2025-07-07,NULL,Account,Low,Open,NULL
1445,313,2026-08-23,2026-08-31,Technical,Low,Closed,2
1446,2363,2026-08-17,2026-08-25,Feature Request,Low,Closed,5
1447,3447,2026-08-16,2026-08-27,Feature Request,High,Closed,4
1448,4437,2024-02-27,2024-03-02,Other,High,Closed,4
1449,1647,2026-02-03,NULL,Billing,Medium,Open,NULL
1450,2386,2022-12-02,NULL,Billing,Urgent,Open,NULL
1451,212,2025-12-25,2025-12-27,Billing,Urgent,Closed,5
1452,1267,2026-05-21,2026-05-29,Billing,Low,Closed,5
1453,4216,2024-12-12,NULL,Feature Request,High,Open,NULL
1454,2291,2023-05-18,2023-05-21,Other,High,Closed,4
1455,3381,2025-03-19,NULL,Technical,Medium,In Progress,NULL
1456,4041,2026-05-22,2026-05-27,Other,Urgent,Closed,3
1457,4155,2025-02-27,2025-03-01,Other,Urgent,Closed,3
1458,4689,2025-06-28,2025-06-29,Feature Request,High,Closed,4
1459,3608,2026-02-10,2026-02-12,Feature Request,Urgent,Closed,2
1460,1315,2026-06-04,2026-06-15,Feature Request,High,Closed,1
1461,4523,2025-05-12,2025-05-20,Technical,Medium,Closed,4
1462,3427,2022-03-31,2022-04-07,Other,Urgent,Closed,3
1463,1109,2025-06-22,2025-06-29,Billing,Urgent,Closed,4
1464,2871,2026-06-10,2026-06-13,Other,Low,Closed,2
1465,1678,2023-09-27,2023-10-09,Feature Request,Low,Closed,4
1466,2008,2026-08-03,2026-08-03,Other,High,Closed,1
1467,4178,2026-08-07,2026-08-15,Other,Urgent,Closed,5
1468,1442,2022-08-03,2022-08-13,Other,Medium,Closed,1
1469,3719,2026-09-04,2026-09-11,Billing,Medium,Closed,2
1470,3049,2022-06-07,2022-06-14,Account,Low,Closed,1
1471,4814,2024-09-13,NULL,Billing,Low,In Progress,NULL
1472,3420,2024-12-25,2025-01-06,Other,Low,Closed,3
1473,3065,2025-01-17,2025-01-31,Technical,Low,Closed,2
1474,473,2026-05-03,2026-05-06,Account,Medium,Closed,1
1475,523,2025-06-22,2025-06-29,Other,Low,Closed,3
1476,848,2024-09-17,2024-09-29,Other,High,Closed,1
1477,1686,2025-01-25,2025-02-04,Account,Low,Closed,3
1478,4228,2023-04-21,2023-05-01,Feature Request,Urgent,Closed,2
1479,923,2022-11-23,2022-12-07,Account,Medium,Closed,2
1480,4134,2024-07-05,2024-07-12,Other,Urgent,Closed,5
1481,2602,2024-05-06,2024-05-06,Technical,Urgent,Closed,5
1482,2303,2025-07-19,2025-07-20,Feature Request,Urgent,Closed,2
1483,22,2024-04-04,2024-04-17,Feature Request,Medium,Closed,2
1484,3984,2022-05-29,2022-06-04,Technical,High,Closed,1
1485,3498,2026-04-01,2026-04-08,Billing,High,Closed,3
1486,2359,2023-05-15,2023-05-21,Billing,Urgent,Closed,5
1487,2500,2026-03-12,2026-03-24,Feature Request,Medium,Closed,4
1488,2147,2025-10-13,2025-10-20,Technical,High,Closed,3
1489,2946,2026-01-21,2026-01-22,Technical,Low,Closed,3
1490,2461,2026-07-23,2026-07-29,Technical,Urgent,Closed,5
1491,3593,2025-10-07,2025-10-11,Technical,Low,Closed,4
1492,1260,2026-03-07,2026-03-07,Other,Urgent,Closed,5
1493,2827,2023-06-19,2023-06-29,Account,High,Closed,4
1494,3134,2024-04-05,2024-04-06,Account,Medium,Closed,1
1495,3749,2024-08-12,NULL,Feature Request,Urgent,In Progress,NULL
1496,4596,2024-03-03,2024-03-08,Account,Low,Closed,5
1497,587,2025-05-02,2025-05-11,Feature Request,Urgent,Closed,2
1498,358,2025-02-12,2025-02-26,Billing,Medium,Closed,1
1499,4964,2024-05-13,2024-05-14,Billing,High,Closed,4
1500,889,2024-10-19,NULL,Billing,Low,Open,NULL
1501,1168,2022-07-17,2022-07-17,Feature Request,Medium,Closed,3
1502,4002,2026-04-30,2026-05-06,Other,Medium,Closed,5
1503,1492,2024-03-04,NULL,Feature Request,Low,In Progress,NULL
1504,2869,2025-09-02,2025-09-12,Billing,Low,Closed,4
1505,1754,2025-05-04,2025-05-06,Billing,High,Closed,1
1506,1831,2024-10-27,2024-11-02,Feature Request,Low,Closed,5
1507,107,2026-06-07,2026-06-11,Billing,High,Closed,3
1508,1864,2025-10-15,2025-10-19,Feature Request,Medium,Closed,4
1509,8,2026-06-15,2026-06-16,Billing,Medium,Closed,2
1510,4152,2026-02-28,2026-03-03,Technical,Urgent,Closed,3
1511,4553,2025-12-06,NULL,Other,High,Open,NULL
1512,2813,2026-07-03,2026-07-09,Account,Low,Closed,1
1513,4239,2024-09-06,NULL,Feature Request,Low,Open,NULL
1514,2529,2026-03-12,2026-03-19,Account,High,Closed,5
1515,3956,2026-06-25,NULL,Billing,High,In Progress,NULL
1516,1197,2024-09-07,2024-09-17,Technical,High,Closed,4
1517,3676,2023-01-25,2023-02-02,Account,Urgent,Closed,1
1518,4787,2025-10-14,2025-10-15,Account,High,Closed,4
1519,4325,2025-06-06,2025-06-14,Billing,Medium,Closed,1
1520,519,2025-03-25,2025-03-26,Technical,Urgent,Closed,5
1521,3295,2026-08-19,2026-08-24,Technical,Medium,Closed,2
1522,2604,2026-07-05,2026-07-11,Account,Low,Closed,2
1523,2037,2024-05-07,2024-05-16,Feature Request,Urgent,Closed,1
1524,3834,2025-05-12,2025-05-26,Other,Medium,Closed,3
1525,3874,2023-04-06,2023-04-15,Feature Request,High,Closed,2
1526,3823,2025-01-08,2025-01-21,Other,Medium,Closed,5
1527,1752,2026-07-22,2026-07-22,Other,Urgent,Closed,2
1528,3306,2026-07-07,2026-07-16,Billing,Urgent,Closed,4
1529,2012,2026-03-16,2026-03-30,Other,Urgent,Closed,5
1530,33,2024-10-23,2024-10-31,Account,Urgent,Closed,5
1531,2345,2026-06-29,2026-07-01,Account,High,Closed,5
1532,2359,2023-02-08,2023-02-13,Billing,Medium,Closed,3
1533,216,2023-10-20,2023-10-27,Other,Low,Closed,1
1534,1924,2025-06-05,2025-06-10,Account,Medium,Closed,3
1535,3420,2023-02-11,2023-02-24,Account,Medium,Closed,1
1536,88,2025-08-06,NULL,Account,High,In Progress,NULL
1537,1227,2026-07-31,2026-08-08,Other,Urgent,Closed,2
1538,3666,2026-08-30,2026-09-08,Billing,Medium,Closed,4
1539,3252,2025-06-27,2025-06-29,Billing,Low,Closed,2
1540,622,2026-08-17,2026-08-19,Feature Request,Low,Closed,4
1541,2114,2024-01-09,2024-01-13,Feature Request,Medium,Closed,1
1542,3342,2025-10-21,NULL,Account,Urgent,Open,NULL
1543,1103,2026-03-18,2026-03-29,Account,Medium,Closed,3
1544,4775,2024-06-06,2024-06-13,Technical,Urgent,Closed,3
1545,2831,2026-01-20,2026-01-24,Technical,Medium,Closed,1
1546,2805,2025-01-10,2025-01-13,Feature Request,High,Closed,1
1547,4306,2026-08-27,2026-08-30,Feature Request,Urgent,Closed,4
1548,161,2025-01-05,NULL,Feature Request,Medium,In Progress,NULL
1549,1132,2026-06-17,2026-06-28,Account,Urgent,Closed,2
1550,212,2026-03-29,2026-04-02,Other,Low,Closed,1
1551,722,2025-02-25,2025-03-10,Other,Medium,Closed,2
1552,1281,2025-01-01,2025-01-12,Account,Medium,Closed,1
1553,2156,2021-09-10,2021-09-23,Billing,Urgent,Closed,2
1554,3952,2024-03-17,2024-03-19,Billing,High,Closed,3
1555,1441,2026-07-23,2026-08-01,Billing,Low,Closed,3
1556,747,2024-03-12,2024-03-26,Other,Urgent,Closed,1
1557,3719,2026-07-09,NULL,Feature Request,High,Open,NULL
1558,1533,2026-01-19,2026-01-28,Technical,Medium,Closed,4
1559,4041,2026-06-16,NULL,Account,Urgent,Open,NULL
1560,1786,2025-11-21,2025-11-21,Technical,Urgent,Closed,5
1561,507,2024-02-27,2024-03-08,Billing,Medium,Closed,4
1562,3508,2024-01-26,NULL,Billing,Medium,In Progress,NULL
1563,4455,2026-02-02,2026-02-08,Feature Request,Urgent,Closed,4
1564,1173,2021-11-22,2021-11-22,Technical,Low,Closed,4
1565,15,2024-07-08,2024-07-16,Account,High,Closed,1
1566,462,2024-10-31,NULL,Feature Request,Medium,In Progress,NULL
1567,2559,2025-08-02,NULL,Other,Low,In Progress,NULL
1568,1687,2025-12-20,2025-12-20,Feature Request,Urgent,Closed,5
1569,2475,2025-04-29,2025-05-10,Account,Medium,Closed,3
1570,4052,2025-09-26,2025-10-08,Account,Medium,Closed,3
1571,3393,2026-09-06,NULL,Other,High,In Progress,NULL
1572,4053,2025-11-03,2025-11-15,Account,Medium,Closed,2
1573,167,2023-06-21,2023-07-01,Other,Urgent,Closed,4
1574,3613,2026-03-03,2026-03-10,Billing,Low,Closed,4
1575,3881,2026-05-16,2026-05-24,Technical,Low,Closed,3
1576,72,2026-08-18,2026-08-26,Account,High,Closed,3
1577,1743,2025-08-21,NULL,Feature Request,Urgent,In Progress,NULL
1578,2812,2025-12-20,NULL,Account,High,Open,NULL
1579,2934,2026-06-24,2026-07-05,Account,Low,Closed,1
1580,859,2021-11-19,NULL,Other,Low,Open,NULL
1581,2500,2023-12-10,2023-12-14,Account,Medium,Closed,1
1582,1122,2025-07-31,2025-08-03,Technical,Medium,Closed,3
1583,791,2026-01-04,2026-01-04,Feature Request,Medium,Closed,5
1584,3370,2026-04-05,2026-04-16,Other,Medium,Closed,1
1585,1131,2026-08-02,2026-08-13,Technical,High,Closed,3
1586,2465,2024-11-14,2024-11-28,Account,High,Closed,5
1587,383,2024-05-29,2024-06-04,Other,Low,Closed,5
1588,916,2026-06-16,2026-06-18,Billing,Low,Closed,3
1589,4511,2026-08-12,2026-08-17,Technical,Medium,Closed,1
1590,3094,2026-06-23,2026-06-29,Technical,Low,Closed,1
1591,1584,2026-02-15,2026-02-18,Technical,Low,Closed,1
1592,1927,2024-04-29,2024-05-13,Billing,Medium,Closed,4
1593,4577,2025-09-04,2025-09-15,Billing,Low,Closed,3
1594,2338,2023-12-20,2023-12-30,Billing,Urgent,Closed,1
1595,2836,2025-06-19,2025-06-19,Feature Request,Urgent,Closed,1
1596,2884,2026-03-20,2026-04-02,Billing,Medium,Closed,4
1597,2596,2025-12-29,2026-01-01,Other,Urgent,Closed,5
1598,935,2024-03-07,2024-03-18,Other,Medium,Closed,1
1599,2902,2023-02-09,2023-02-21,Account,Low,Closed,5
1600,4542,2023-10-01,2023-10-04,Technical,Urgent,Closed,1
1601,4649,2026-08-19,2026-08-19,Feature Request,Low,Closed,4
1602,4797,2021-09-04,2021-09-18,Other,Low,Closed,5
1603,3988,2023-02-04,2023-02-11,Account,Low,Closed,4
1604,505,2026-03-20,2026-03-29,Other,Medium,Closed,3
1605,1693,2026-01-10,2026-01-10,Technical,Medium,Closed,3
1606,3979,2024-12-25,2025-01-05,Technical,High,Closed,5
1607,4017,2026-08-24,2026-08-27,Technical,Medium,Closed,5
1608,2128,2025-07-28,2025-08-02,Technical,Medium,Closed,4
1609,4422,2026-08-05,2026-08-18,Technical,Low,Closed,4
1610,1999,2023-08-15,2023-08-21,Technical,High,Closed,3
1611,1729,2026-06-27,NULL,Feature Request,High,Open,NULL
1612,4826,2024-12-24,2024-12-30,Account,Urgent,Closed,4
1613,440,2026-08-07,2026-08-10,Account,High,Closed,1
1614,1673,2025-10-03,2025-10-17,Feature Request,High,Closed,4
1615,3513,2022-06-04,2022-06-05,Technical,Low,Closed,4
1616,2846,2026-08-16,2026-08-20,Account,Urgent,Closed,2
1617,4285,2026-02-25,2026-02-25,Technical,High,Closed,5
1618,2233,2026-08-07,2026-08-19,Feature Request,High,Closed,2
1619,79,2024-04-22,2024-04-23,Billing,Urgent,Closed,4
1620,69,2026-09-12,2026-09-21,Other,High,Closed,3
1621,3336,2024-12-22,2024-12-22,Technical,Low,Closed,3
1622,4430,2025-06-13,2025-06-22,Account,Low,Closed,4
1623,1311,2025-09-06,2025-09-09,Billing,High,Closed,1
1624,2427,2022-08-16,NULL,Technical,Urgent,In Progress,NULL
1625,1864,2022-10-08,2022-10-08,Feature Request,Low,Closed,2
1626,1882,2024-07-03,2024-07-14,Feature Request,Low,Closed,3
1627,4617,2024-11-21,NULL,Account,Urgent,In Progress,NULL
1628,2264,2025-10-16,2025-10-18,Technical,Urgent,Closed,3
1629,797,2023-11-02,2023-11-14,Account,Low,Closed,1
1630,4492,2026-08-12,2026-08-14,Technical,Medium,Closed,3
1631,1832,2024-11-16,2024-11-16,Feature Request,Urgent,Closed,3
1632,1271,2026-06-24,2026-07-05,Technical,Medium,Closed,3
1633,4392,2023-07-30,2023-08-06,Feature Request,Low,Closed,1
1634,3917,2025-04-28,2025-05-07,Billing,High,Closed,5
1635,1822,2026-06-29,2026-07-10,Other,Urgent,Closed,4
1636,1638,2024-09-05,2024-09-07,Feature Request,High,Closed,2
1637,4854,2026-09-09,2026-09-20,Technical,Medium,Closed,5
1638,307,2025-08-01,2025-08-03,Other,Urgent,Closed,5
1639,3145,2025-11-21,2025-11-21,Billing,Medium,Closed,3
1640,1472,2023-12-16,2023-12-17,Account,High,Closed,5
1641,4523,2023-06-24,NULL,Billing,Urgent,In Progress,NULL
1642,1389,2026-03-06,2026-03-10,Feature Request,Low,Closed,1
1643,3142,2026-03-12,2026-03-19,Billing,Low,Closed,2
1644,1413,2025-06-20,2025-06-22,Other,Low,Closed,1
1645,536,2024-08-21,2024-08-31,Account,High,Closed,1
1646,1192,2026-07-25,2026-08-04,Account,Medium,Closed,1
1647,2477,2025-04-20,2025-04-23,Technical,Low,Closed,5
1648,2283,2021-11-16,2021-11-20,Feature Request,High,Closed,2
1649,3294,2026-08-13,2026-08-21,Feature Request,High,Closed,2
1650,4837,2023-10-02,NULL,Account,Medium,In Progress,NULL
1651,1248,2025-10-12,2025-10-19,Technical,Low,Closed,2
1652,2643,2026-06-19,2026-06-20,Account,Urgent,Closed,4
1653,1269,2025-06-25,2025-07-02,Billing,Medium,Closed,5
1654,4480,2025-12-18,2025-12-28,Technical,Low,Closed,2
1655,3042,2026-08-22,2026-09-01,Feature Request,Medium,Closed,3
1656,202,2025-09-01,2025-09-07,Account,Medium,Closed,3
1657,3605,2026-08-10,2026-08-20,Account,High,Closed,3
1658,362,2026-06-04,2026-06-06,Other,Medium,Closed,2
1659,1923,2025-08-09,2025-08-09,Other,Low,Closed,3
1660,3093,2026-05-04,2026-05-18,Billing,Urgent,Closed,1
1661,4243,2026-04-05,2026-04-11,Feature Request,Low,Closed,2
1662,2133,2024-12-08,NULL,Billing,High,Open,NULL
1663,1645,2023-02-17,2023-02-28,Feature Request,Medium,Closed,3
1664,836,2022-06-30,2022-07-01,Account,High,Closed,3
1665,3350,2025-04-23,2025-05-05,Other,Medium,Closed,4
1666,2022,2024-02-07,2024-02-19,Billing,High,Closed,3
1667,682,2024-05-30,2024-06-03,Technical,Low,Closed,2
1668,1641,2024-12-21,2025-01-01,Account,Medium,Closed,5
1669,332,2024-05-21,2024-05-22,Feature Request,Low,Closed,1
1670,2951,2022-04-01,NULL,Technical,Low,Open,NULL
1671,2741,2025-11-25,2025-12-03,Technical,High,Closed,5
1672,339,2025-12-22,2025-12-30,Technical,High,Closed,4
1673,2789,2026-05-29,2026-05-29,Other,Urgent,Closed,1
1674,2932,2025-03-28,2025-03-28,Billing,Medium,Closed,4
1675,3548,2024-06-24,2024-06-27,Other,Urgent,Closed,1
1676,4834,2026-02-14,2026-02-23,Account,Urgent,Closed,1
1677,3727,2024-07-21,2024-07-22,Feature Request,Urgent,Closed,4
1678,4950,2025-01-11,2025-01-18,Feature Request,Medium,Closed,1
1679,250,2026-03-03,2026-03-04,Billing,Low,Closed,2
1680,3249,2024-11-27,2024-11-27,Account,Urgent,Closed,4
1681,1901,2025-11-19,2025-11-30,Account,High,Closed,3
1682,115,2025-12-20,2025-12-27,Other,Urgent,Closed,2
1683,2860,2025-12-28,2026-01-04,Billing,Low,Closed,3
1684,363,2026-04-07,2026-04-21,Billing,High,Closed,2
1685,3950,2026-03-05,2026-03-16,Account,High,Closed,1
1686,1158,2026-04-09,2026-04-17,Billing,High,Closed,5
1687,3354,2023-07-31,2023-08-06,Feature Request,High,Closed,5
1688,4145,2023-12-07,2023-12-18,Account,Medium,Closed,1
1689,3530,2025-05-24,2025-06-07,Feature Request,Medium,Closed,5
1690,685,2024-04-24,2024-04-28,Technical,Urgent,Closed,5
1691,872,2026-09-10,2026-09-18,Account,High,Closed,5
1692,1915,2022-12-09,2022-12-19,Billing,Low,Closed,5
1693,2293,2024-01-13,2024-01-14,Billing,Medium,Closed,3
1694,1459,2026-03-04,2026-03-09,Other,High,Closed,3
1695,394,2026-05-31,2026-06-02,Other,Low,Closed,5
1696,2504,2023-12-17,NULL,Feature Request,Medium,In Progress,NULL
1697,2083,2023-09-05,2023-09-13,Other,Low,Closed,3
1698,3419,2025-08-05,2025-08-05,Other,Urgent,Closed,3
1699,672,2026-08-11,NULL,Feature Request,Low,Open,NULL
1700,1869,2024-05-01,2024-05-04,Billing,Low,Closed,5
1701,1470,2024-12-16,2024-12-27,Other,High,Closed,2
1702,1592,2026-01-06,2026-01-12,Feature Request,Medium,Closed,2
1703,3211,2026-07-30,2026-08-05,Technical,High,Closed,3
1704,284,2025-02-18,2025-02-20,Technical,Urgent,Closed,1
1705,3993,2025-08-28,2025-09-03,Billing,High,Closed,5
1706,4368,2025-11-17,NULL,Billing,Urgent,In Progress,NULL
1707,443,2026-07-08,2026-07-19,Billing,Medium,Closed,5
1708,874,2026-05-04,2026-05-13,Technical,Urgent,Closed,5
1709,3176,2026-03-10,NULL,Feature Request,Low,In Progress,NULL
1710,184,2026-01-15,2026-01-19,Billing,Urgent,Closed,1
1711,2447,2025-03-30,2025-04-07,Billing,Urgent,Closed,1
1712,3030,2026-01-31,2026-02-14,Technical,High,Closed,2
1713,4377,2024-04-14,2024-04-23,Technical,Urgent,Closed,4
1714,3953,2024-10-29,2024-10-29,Billing,Low,Closed,2
1715,97,2025-10-01,2025-10-06,Feature Request,Medium,Closed,2
1716,2754,2025-11-19,2025-11-30,Feature Request,High,Closed,4
1717,2518,2024-06-10,2024-06-10,Other,High,Closed,3
1718,165,2024-12-19,2025-01-01,Other,Urgent,Closed,2
1719,3619,2024-04-26,NULL,Billing,Low,Open,NULL
1720,3567,2026-08-19,NULL,Feature Request,High,Open,NULL
1721,3285,2026-03-04,NULL,Technical,Medium,In Progress,NULL
1722,4361,2023-08-29,2023-09-11,Account,Medium,Closed,2
1723,3748,2026-02-12,2026-02-14,Feature Request,High,Closed,2
1724,431,2025-12-22,NULL,Technical,Urgent,In Progress,NULL
1725,359,2022-10-13,2022-10-20,Account,Medium,Closed,3
1726,500,2026-01-08,2026-01-20,Billing,Low,Closed,1
1727,4019,2025-02-20,2025-03-05,Billing,High,Closed,5
1728,1777,2026-09-13,2026-09-24,Billing,Medium,Closed,4
1729,4282,2022-07-27,2022-08-02,Other,Urgent,Closed,2
1730,3040,2024-07-19,2024-07-24,Other,Urgent,Closed,3
1731,3495,2026-08-17,2026-08-25,Other,Low,Closed,1
1732,1057,2026-09-07,2026-09-13,Feature Request,Urgent,Closed,5
1733,1091,2025-02-08,2025-02-08,Account,Low,Closed,2
1734,2987,2022-07-24,NULL,Feature Request,Medium,In Progress,NULL
1735,4581,2025-10-27,2025-11-04,Other,Urgent,Closed,2
1736,1490,2026-05-10,2026-05-22,Technical,High,Closed,4
1737,4513,2026-02-21,2026-02-21,Other,Urgent,Closed,4
1738,4757,2025-01-16,2025-01-27,Technical,Medium,Closed,5
1739,2121,2025-06-07,2025-06-12,Billing,Urgent,Closed,5
1740,1120,2024-09-07,2024-09-10,Technical,High,Closed,4
1741,2973,2025-10-31,2025-11-07,Other,Medium,Closed,4
1742,3220,2026-05-26,2026-06-07,Technical,Medium,Closed,5
1743,4828,2026-02-08,2026-02-12,Other,Urgent,Closed,1
1744,4846,2022-07-21,2022-07-28,Account,High,Closed,4
1745,638,2025-02-07,2025-02-13,Account,Medium,Closed,2
1746,2955,2025-10-16,NULL,Feature Request,High,Open,NULL
1747,1744,2026-05-28,2026-06-01,Technical,Medium,Closed,3
1748,4546,2026-03-30,2026-04-05,Billing,High,Closed,3
1749,3915,2026-08-27,2026-09-02,Feature Request,High,Closed,5
1750,4937,2026-08-20,2026-08-21,Technical,Medium,Closed,5
1751,1880,2024-06-08,2024-06-14,Feature Request,Medium,Closed,2
1752,2019,2024-10-14,2024-10-26,Billing,High,Closed,4
1753,3733,2024-07-05,2024-07-09,Other,Low,Closed,1
1754,583,2026-06-20,2026-06-22,Account,High,Closed,1
1755,685,2026-02-19,2026-02-21,Technical,Low,Closed,1
1756,2399,2023-11-18,2023-11-25,Other,Low,Closed,4
1757,2604,2026-02-27,2026-03-04,Account,Urgent,Closed,1
1758,4152,2025-03-08,2025-03-19,Other,Medium,Closed,1
1759,3126,2024-11-11,2024-11-23,Feature Request,Urgent,Closed,5
1760,4591,2026-05-16,2026-05-25,Billing,Urgent,Closed,4
1761,4743,2025-09-03,2025-09-16,Billing,High,Closed,3
1762,1724,2025-11-21,2025-12-01,Other,High,Closed,3
1763,142,2025-01-13,2025-01-16,Account,High,Closed,2
1764,1143,2026-08-23,2026-08-28,Technical,Medium,Closed,4
1765,1522,2026-07-30,2026-07-30,Billing,Low,Closed,5
1766,1385,2025-03-26,2025-04-06,Account,Urgent,Closed,1
1767,1006,2026-04-06,2026-04-14,Feature Request,Medium,Closed,4
1768,11,2025-01-16,2025-01-26,Feature Request,High,Closed,5
1769,3166,2026-08-09,NULL,Billing,Urgent,In Progress,NULL
1770,3459,2025-01-19,2025-02-02,Feature Request,Low,Closed,3
1771,360,2026-06-22,2026-06-23,Other,Low,Closed,1
1772,1253,2026-07-31,2026-08-03,Feature Request,Low,Closed,2
1773,432,2025-10-25,2025-11-05,Technical,Medium,Closed,1
1774,3687,2026-08-07,2026-08-08,Account,Low,Closed,4
1775,3556,2026-04-30,2026-05-10,Billing,Urgent,Closed,3
1776,3868,2023-06-06,2023-06-07,Billing,Urgent,Closed,2
1777,3602,2021-11-19,2021-12-01,Billing,Urgent,Closed,5
1778,1616,2024-10-11,NULL,Other,Urgent,Open,NULL
1779,3486,2026-05-12,2026-05-14,Account,Medium,Closed,4
1780,2088,2026-03-07,2026-03-15,Feature Request,Urgent,Closed,4
1781,1768,2026-05-04,2026-05-09,Feature Request,Urgent,Closed,1
1782,674,2022-12-23,2022-12-29,Billing,Medium,Closed,4
1783,3127,2026-08-19,2026-08-28,Billing,High,Closed,5
1784,2703,2025-12-26,2026-01-02,Feature Request,Urgent,Closed,5
1785,680,2023-09-18,2023-09-20,Technical,Low,Closed,5
1786,2436,2026-05-23,2026-06-06,Technical,Low,Closed,1
1787,306,2024-12-16,2024-12-20,Technical,Medium,Closed,3
1788,4141,2024-07-22,2024-07-31,Technical,High,Closed,3
1789,9,2026-03-11,2026-03-25,Feature Request,High,Closed,5
1790,4211,2023-04-23,2023-04-25,Account,Urgent,Closed,2
1791,134,2026-09-11,NULL,Other,Medium,In Progress,NULL
1792,111,2026-08-02,2026-08-11,Technical,Urgent,Closed,1
1793,619,2026-02-24,2026-02-24,Technical,Urgent,Closed,1
1794,463,2024-10-02,2024-10-05,Other,Medium,Closed,1
1795,2190,2023-09-23,2023-10-01,Account,Urgent,Closed,3
1796,320,2025-04-10,2025-04-12,Other,Low,Closed,2
1797,4661,2022-10-22,NULL,Account,High,Open,NULL
1798,3853,2026-05-25,2026-06-04,Feature Request,Low,Closed,3
1799,377,2026-05-30,NULL,Other,High,In Progress,NULL
1800,4435,2025-11-30,2025-12-11,Technical,Urgent,Closed,1
1801,2983,2026-07-24,2026-07-26,Account,Urgent,Closed,3
1802,1050,2025-04-20,2025-05-01,Feature Request,High,Closed,3
1803,2132,2025-11-02,2025-11-16,Billing,Medium,Closed,3
1804,391,2024-05-11,2024-05-14,Account,High,Closed,3
1805,198,2026-04-30,NULL,Feature Request,High,Open,NULL
1806,4112,2025-04-15,2025-04-18,Billing,Low,Closed,1
1807,587,2023-01-07,2023-01-19,Billing,High,Closed,1
1808,3711,2024-06-21,2024-06-29,Billing,High,Closed,5
1809,1093,2025-05-21,2025-05-27,Other,Low,Closed,3
1810,1511,2024-11-15,2024-11-29,Billing,Medium,Closed,2
1811,599,2025-12-02,2025-12-15,Technical,Low,Closed,4
1812,1310,2024-12-17,2024-12-23,Account,High,Closed,5
1813,1661,2024-08-15,2024-08-16,Account,Medium,Closed,3
1814,3440,2026-04-14,2026-04-18,Feature Request,Low,Closed,3
1815,4406,2026-08-15,2026-08-28,Technical,High,Closed,5
1816,2861,2025-07-12,2025-07-26,Feature Request,Low,Closed,5
1817,2786,2024-06-10,2024-06-15,Account,High,Closed,4
1818,4347,2026-05-11,2026-05-20,Billing,High,Closed,1
1819,1851,2022-10-24,2022-11-07,Billing,Urgent,Closed,2
1820,132,2024-02-15,2024-02-27,Technical,Medium,Closed,2
1821,3870,2024-08-07,NULL,Other,High,In Progress,NULL
1822,2703,2025-11-10,2025-11-23,Billing,Low,Closed,2
1823,2684,2024-11-01,2024-11-03,Account,Low,Closed,5
1824,2812,2025-05-26,2025-05-27,Account,Medium,Closed,1
1825,544,2026-04-28,2026-04-28,Other,Low,Closed,5
1826,4573,2026-08-04,2026-08-13,Feature Request,High,Closed,3
1827,3609,2024-03-12,2024-03-23,Billing,Urgent,Closed,3
1828,233,2026-05-07,2026-05-13,Technical,Medium,Closed,1
1829,2573,2024-10-22,2024-10-30,Feature Request,Medium,Closed,1
1830,3955,2025-12-24,2026-01-01,Account,Medium,Closed,3
1831,2986,2021-08-22,2021-08-25,Feature Request,Medium,Closed,1
1832,2892,2026-07-30,NULL,Account,Medium,In Progress,NULL
1833,4189,2025-03-10,2025-03-15,Billing,Medium,Closed,3
1834,3966,2026-06-10,2026-06-18,Billing,Low,Closed,4
1835,937,2025-11-05,2025-11-13,Feature Request,Urgent,Closed,3
1836,3546,2026-01-06,2026-01-20,Account,Low,Closed,4
1837,3120,2026-08-05,2026-08-06,Billing,Medium,Closed,5
1838,3842,2025-03-31,2025-04-11,Other,Urgent,Closed,1
1839,328,2025-02-20,2025-02-23,Feature Request,High,Closed,3
1840,3522,2024-11-05,2024-11-16,Feature Request,Urgent,Closed,2
1841,1749,2025-11-29,NULL,Other,High,Open,NULL
1842,3815,2025-11-25,2025-11-30,Technical,Medium,Closed,2
1843,2148,2024-12-27,2025-01-06,Account,High,Closed,3
1844,2537,2026-06-16,2026-06-29,Billing,Medium,Closed,5
1845,3273,2026-04-26,NULL,Technical,Medium,Open,NULL
1846,1873,2025-02-24,2025-02-24,Other,Medium,Closed,4
1847,4033,2026-07-10,2026-07-24,Technical,High,Closed,4
1848,4487,2025-01-10,2025-01-18,Other,High,Closed,3
1849,2794,2026-01-03,2026-01-10,Account,Urgent,Closed,3
1850,1140,2023-03-24,2023-03-26,Account,Low,Closed,3
1851,1558,2025-11-29,2025-11-29,Billing,Low,Closed,3
1852,3206,2024-10-22,2024-10-29,Billing,Medium,Closed,2
1853,4200,2026-04-27,2026-05-05,Billing,Urgent,Closed,4
1854,120,2024-11-29,2024-12-10,Feature Request,Urgent,Closed,4
1855,992,2026-04-17,2026-04-22,Account,Low,Closed,5
1856,3917,2025-11-02,2025-11-04,Billing,High,Closed,3
1857,3855,2026-07-15,2026-07-17,Technical,Low,Closed,4
1858,4566,2026-04-17,2026-04-17,Technical,Low,Closed,3
1859,709,2025-06-13,2025-06-20,Technical,High,Closed,1
1860,2046,2025-08-04,2025-08-08,Other,Urgent,Closed,4
1861,3988,2023-11-27,NULL,Billing,Urgent,Open,NULL
1862,480,2026-06-09,2026-06-10,Account,Low,Closed,2
1863,3841,2025-12-29,2026-01-03,Feature Request,High,Closed,4
1864,3913,2023-12-03,2023-12-03,Feature Request,Urgent,Closed,4
1865,303,2026-03-27,2026-04-04,Billing,Medium,Closed,3
1866,118,2025-12-14,2025-12-25,Technical,Medium,Closed,2
1867,564,2023-12-26,NULL,Technical,Urgent,In Progress,NULL
1868,4549,2026-08-20,2026-08-20,Other,High,Closed,1
1869,2488,2025-04-03,2025-04-11,Account,Medium,Closed,4
1870,4543,2026-08-25,NULL,Feature Request,Low,Open,NULL
1871,3002,2026-03-07,2026-03-20,Technical,Urgent,Closed,5
1872,4781,2023-07-24,2023-07-26,Other,Low,Closed,2
1873,1642,2025-05-04,NULL,Technical,Urgent,Open,NULL
1874,1455,2026-02-08,2026-02-16,Billing,High,Closed,1
1875,1109,2024-12-23,2024-12-27,Technical,Low,Closed,2
1876,1005,2024-01-01,NULL,Technical,High,Open,NULL
1877,616,2025-08-03,2025-08-05,Account,Medium,Closed,5
1878,3386,2026-02-05,2026-02-11,Technical,Low,Closed,1
1879,2825,2022-12-01,2022-12-10,Account,Urgent,Closed,4
1880,3892,2025-12-05,2025-12-08,Feature Request,Low,Closed,2
1881,4405,2021-09-29,2021-10-10,Technical,Medium,Closed,5
1882,1841,2021-07-05,2021-07-15,Feature Request,Medium,Closed,5
1883,223,2026-05-20,2026-05-27,Other,Urgent,Closed,5
1884,2625,2025-08-19,2025-09-01,Other,Urgent,Closed,5
1885,1337,2026-08-03,2026-08-12,Technical,Medium,Closed,5
1886,3283,2026-07-08,2026-07-22,Billing,Urgent,Closed,5
1887,4171,2026-09-10,NULL,Technical,Medium,Open,NULL
1888,677,2022-10-19,2022-11-01,Account,Urgent,Closed,5
1889,3272,2025-12-27,2025-12-27,Feature Request,Urgent,Closed,1
1890,2726,2025-10-04,2025-10-06,Billing,Urgent,Closed,4
1891,3343,2025-02-21,2025-02-21,Feature Request,Low,Closed,2
1892,3685,2023-07-03,2023-07-12,Billing,High,Closed,1
1893,3876,2023-12-13,2023-12-27,Account,Urgent,Closed,3
1894,4407,2025-05-19,2025-05-21,Feature Request,Urgent,Closed,2
1895,4989,2026-02-26,2026-02-28,Account,Medium,Closed,3
1896,4402,2023-08-18,2023-08-31,Billing,Urgent,Closed,4
1897,3858,2025-09-29,2025-10-04,Billing,High,Closed,3
1898,1723,2026-08-07,2026-08-15,Feature Request,Low,Closed,5
1899,769,2022-08-12,2022-08-12,Billing,Low,Closed,3
1900,3939,2025-09-23,2025-10-01,Feature Request,Medium,Closed,2
1901,2605,2024-03-15,2024-03-20,Other,Low,Closed,4
1902,4131,2024-08-16,NULL,Account,High,Open,NULL
1903,4611,2026-08-16,2026-08-19,Feature Request,High,Closed,3
1904,2453,2026-07-12,NULL,Account,Medium,Open,NULL
1905,284,2025-12-05,2025-12-19,Technical,High,Closed,4
1906,799,2026-07-04,2026-07-05,Account,Low,Closed,1
1907,3744,2025-03-19,2025-03-19,Technical,Urgent,Closed,5
1908,257,2026-08-16,2026-08-25,Technical,Urgent,Closed,4
1909,2941,2022-01-26,2022-02-02,Feature Request,Medium,Closed,2
1910,2046,2026-04-07,2026-04-18,Feature Request,Urgent,Closed,3
1911,3208,2025-06-11,2025-06-11,Account,Medium,Closed,1
1912,3644,2025-05-13,2025-05-17,Feature Request,Urgent,Closed,5
1913,2449,2025-03-06,2025-03-07,Feature Request,Low,Closed,2
1914,3326,2023-04-30,NULL,Billing,Low,In Progress,NULL
1915,461,2026-07-25,NULL,Other,Urgent,In Progress,NULL
1916,2480,2023-08-04,2023-08-17,Technical,High,Closed,2
1917,989,2025-02-08,2025-02-08,Account,Medium,Closed,4
1918,3936,2026-02-09,2026-02-23,Feature Request,High,Closed,1
1919,3351,2025-12-01,2025-12-13,Billing,Low,Closed,4
1920,1445,2025-11-29,2025-12-04,Technical,Urgent,Closed,5
1921,1842,2025-11-30,2025-12-03,Other,Medium,Closed,1
1922,4469,2023-05-08,2023-05-15,Other,High,Closed,2
1923,4236,2024-01-19,2024-01-21,Billing,Urgent,Closed,2
1924,543,2022-09-05,2022-09-10,Other,Urgent,Closed,2
1925,2767,2026-08-15,2026-08-20,Other,Low,Closed,4
1926,1915,2025-08-20,2025-09-03,Feature Request,Urgent,Closed,5
1927,2850,2024-05-02,2024-05-11,Other,Low,Closed,2
1928,1373,2023-01-10,2023-01-15,Billing,High,Closed,2
1929,3832,2026-01-25,NULL,Feature Request,Low,In Progress,NULL
1930,1883,2024-12-05,2024-12-10,Technical,Low,Closed,2
1931,3167,2025-08-06,NULL,Account,Low,In Progress,NULL
1932,677,2026-01-07,2026-01-16,Billing,Low,Closed,5
1933,3356,2026-04-18,2026-04-18,Billing,Urgent,Closed,4
1934,3511,2026-01-14,NULL,Billing,High,Open,NULL
1935,2811,2024-08-13,2024-08-25,Other,Urgent,Closed,1
1936,1660,2023-03-18,NULL,Account,Low,Open,NULL
1937,4270,2026-04-05,NULL,Billing,Low,In Progress,NULL
1938,575,2026-08-04,2026-08-06,Technical,Urgent,Closed,1
1939,97,2023-04-20,2023-04-24,Other,High,Closed,2
1940,482,2026-01-30,2026-02-03,Billing,Medium,Closed,3
1941,4238,2025-09-24,2025-10-01,Account,Low,Closed,3
1942,4933,2025-07-11,NULL,Billing,Medium,In Progress,NULL
1943,1010,2021-11-08,2021-11-14,Other,Urgent,Closed,4
1944,3820,2026-05-12,2026-05-16,Feature Request,Low,Closed,4
1945,1035,2025-10-10,2025-10-11,Account,Urgent,Closed,2
1946,1132,2024-12-22,NULL,Feature Request,Urgent,Open,NULL
1947,2922,2025-02-24,2025-03-10,Account,Urgent,Closed,5
1948,2919,2025-03-09,2025-03-17,Billing,Medium,Closed,4
1949,491,2026-06-04,2026-06-04,Account,Urgent,Closed,4
1950,4424,2023-08-03,2023-08-10,Technical,Urgent,Closed,2
1951,3217,2026-02-04,2026-02-06,Account,Low,Closed,2
1952,4606,2025-02-09,2025-02-11,Other,Low,Closed,2
1953,4807,2026-09-10,2026-09-20,Technical,Medium,Closed,4
1954,1299,2023-02-22,2023-02-25,Feature Request,Medium,Closed,3
1955,1645,2023-11-23,NULL,Account,Urgent,Open,NULL
1956,4829,2024-01-11,2024-01-13,Other,Low,Closed,5
1957,1504,2023-10-25,2023-11-03,Billing,Urgent,Closed,5
1958,1922,2025-08-17,2025-08-30,Other,Medium,Closed,3
1959,302,2026-01-31,2026-02-12,Account,Medium,Closed,1
1960,1056,2025-04-04,2025-04-17,Account,Low,Closed,4
1961,3585,2025-12-08,2025-12-13,Feature Request,Urgent,Closed,2
1962,1970,2023-04-08,2023-04-12,Feature Request,Medium,Closed,3
1963,4140,2023-12-02,2023-12-12,Account,Low,Closed,2
1964,3861,2026-03-08,2026-03-16,Technical,Medium,Closed,4
1965,3095,2026-06-22,2026-07-04,Technical,Urgent,Closed,1
1966,4919,2023-08-18,NULL,Feature Request,Medium,Open,NULL
1967,1850,2025-11-09,2025-11-23,Account,High,Closed,1
1968,4140,2025-12-09,NULL,Billing,High,Open,NULL
1969,3644,2025-03-22,2025-04-02,Other,Low,Closed,2
1970,3890,2026-07-16,2026-07-16,Billing,Medium,Closed,2
1971,2972,2022-08-24,2022-08-24,Account,High,Closed,1
1972,3349,2026-06-09,2026-06-21,Account,Medium,Closed,3
1973,2537,2026-06-14,2026-06-24,Feature Request,Urgent,Closed,4
1974,2595,2025-06-03,2025-06-10,Billing,Urgent,Closed,1
1975,3557,2025-05-10,2025-05-21,Feature Request,Urgent,Closed,4
1976,1247,2023-03-28,NULL,Technical,Urgent,Open,NULL
1977,3949,2025-05-16,2025-05-22,Other,High,Closed,1
1978,2612,2026-02-04,2026-02-12,Other,High,Closed,5
1979,1437,2023-03-29,2023-04-01,Billing,Medium,Closed,1
1980,735,2026-06-29,NULL,Account,High,Open,NULL
1981,4682,2025-10-13,2025-10-13,Other,Medium,Closed,2
1982,2204,2025-05-09,2025-05-10,Billing,Medium,Closed,5
1983,3421,2024-10-12,2024-10-25,Other,Medium,Closed,4
1984,2269,2024-06-01,2024-06-02,Billing,High,Closed,2
1985,4124,2023-06-08,2023-06-18,Other,Urgent,Closed,3
1986,4318,2026-06-27,2026-07-09,Feature Request,Medium,Closed,5
1987,741,2024-12-01,NULL,Account,High,In Progress,NULL
1988,2597,2026-05-02,2026-05-10,Technical,Low,Closed,3
1989,2678,2024-04-27,2024-05-07,Billing,High,Closed,4
1990,3059,2026-07-28,2026-08-10,Billing,Urgent,Closed,1
1991,782,2025-09-07,NULL,Technical,High,Open,NULL
1992,2159,2026-08-02,2026-08-10,Feature Request,Urgent,Closed,3
1993,4869,2026-08-10,2026-08-18,Billing,Low,Closed,4
1994,3469,2026-08-01,NULL,Technical,Urgent,Open,NULL
1995,1457,2026-03-08,2026-03-21,Billing,Medium,Closed,1
1996,1507,2024-03-30,2024-04-13,Other,Low,Closed,1
1997,1644,2025-04-16,2025-04-30,Billing,High,Closed,4
1998,2542,2025-07-25,2025-08-03,Billing,Urgent,Closed,3
1999,400,2025-04-10,2025-04-21,Billing,Medium,Closed,4
2000,1188,2023-07-15,2023-07-29,Feature Request,Urgent,Closed,4
2001,4221,2023-06-01,2023-06-10,Billing,Low,Closed,1
2002,373,2024-10-24,2024-11-06,Technical,Medium,Closed,1
2003,4956,2026-04-03,2026-04-05,Billing,Urgent,Closed,5
2004,1674,2026-07-31,NULL,Account,Medium,Open,NULL
2005,2244,2026-03-25,2026-04-02,Billing,Low,Closed,1
2006,639,2025-03-23,2025-04-04,Feature Request,Low,Closed,2
2007,1480,2026-08-30,2026-09-05,Feature Request,High,Closed,1
2008,3176,2026-01-04,NULL,Technical,High,In Progress,NULL
2009,2445,2026-01-13,2026-01-22,Billing,Medium,Closed,3
2010,4665,2025-10-30,2025-10-30,Other,Medium,Closed,2
2011,1755,2023-06-24,2023-06-29,Feature Request,High,Closed,4
2012,212,2026-08-18,2026-08-29,Technical,Medium,Closed,5
2013,3610,2026-03-29,2026-04-02,Technical,Urgent,Closed,1
2014,4314,2026-06-30,2026-07-04,Technical,High,Closed,2
2015,335,2026-06-02,2026-06-06,Billing,Urgent,Closed,4
2016,2755,2024-06-09,2024-06-16,Account,Urgent,Closed,5
2017,1017,2026-07-12,NULL,Technical,Low,Open,NULL
2018,275,2026-07-31,2026-08-06,Feature Request,High,Closed,3
2019,4194,2026-08-29,NULL,Account,Low,Open,NULL
2020,1999,2022-06-26,2022-06-26,Technical,Low,Closed,4
2021,528,2025-07-30,NULL,Other,Urgent,In Progress,NULL
2022,184,2025-06-17,2025-06-22,Feature Request,Urgent,Closed,2
2023,3177,2024-03-28,2024-04-06,Technical,Medium,Closed,1
2024,3124,2024-01-10,2024-01-23,Billing,Low,Closed,4
2025,1050,2026-09-10,2026-09-10,Account,Urgent,Closed,1
2026,3776,2024-09-14,NULL,Technical,Urgent,In Progress,NULL
2027,595,2023-06-25,NULL,Account,Urgent,In Progress,NULL
2028,4484,2024-10-25,2024-11-08,Technical,Urgent,Closed,2
2029,3643,2026-06-01,2026-06-08,Account,Urgent,Closed,2
2030,4314,2025-04-28,2025-05-10,Account,Urgent,Closed,5
2031,1301,2026-08-06,2026-08-10,Account,High,Closed,3
2032,1021,2021-08-13,2021-08-14,Account,Urgent,Closed,2
2033,3622,2026-05-21,2026-05-27,Account,High,Closed,2
2034,1620,2025-10-07,2025-10-13,Technical,Urgent,Closed,4
2035,4641,2023-10-25,2023-11-08,Account,Low,Closed,2
2036,3022,2026-06-23,2026-06-25,Billing,Low,Closed,2
2037,4366,2025-01-16,2025-01-17,Billing,Urgent,Closed,3
2038,4230,2025-05-02,2025-05-16,Technical,Urgent,Closed,1
2039,1146,2024-05-22,NULL,Account,Urgent,Open,NULL
2040,3604,2025-07-09,2025-07-09,Other,Medium,Closed,3
2041,4735,2025-10-19,2025-10-30,Billing,Medium,Closed,1
2042,4059,2026-08-30,NULL,Billing,Medium,In Progress,NULL
2043,3104,2025-04-25,2025-05-08,Other,High,Closed,1
2044,2269,2024-05-29,2024-06-09,Technical,Urgent,Closed,2
2045,3685,2025-05-24,NULL,Feature Request,Medium,In Progress,NULL
2046,3572,2025-07-16,2025-07-19,Account,High,Closed,5
2047,1416,2024-11-28,2024-12-04,Technical,Medium,Closed,5
2048,4907,2026-08-30,2026-09-11,Feature Request,Low,Closed,2
2049,10,2025-07-06,NULL,Billing,High,Open,NULL
2050,377,2026-09-08,NULL,Technical,Urgent,In Progress,NULL
2051,4690,2025-09-14,2025-09-21,Billing,High,Closed,4
2052,456,2025-09-04,2025-09-12,Feature Request,Medium,Closed,2
2053,2235,2024-07-20,NULL,Other,Medium,Open,NULL
2054,3318,2025-01-28,NULL,Account,High,In Progress,NULL
2055,4137,2026-07-03,2026-07-09,Feature Request,Urgent,Closed,5
2056,2755,2022-10-26,2022-10-27,Other,Medium,Closed,2
2057,4445,2025-09-21,2025-10-04,Technical,Urgent,Closed,3
2058,3368,2024-04-20,2024-04-22,Other,Urgent,Closed,3
2059,3836,2026-08-28,2026-09-01,Technical,Medium,Closed,4
2060,1675,2026-02-02,NULL,Other,Medium,Open,NULL
2061,4335,2025-02-19,NULL,Technical,Low,Open,NULL
2062,4733,2026-07-01,2026-07-04,Technical,Urgent,Closed,1
2063,1858,2022-09-08,2022-09-10,Account,Urgent,Closed,1
2064,2628,2025-11-12,2025-11-21,Account,High,Closed,1
2065,4509,2023-01-09,2023-01-13,Billing,Medium,Closed,4
2066,4205,2023-01-13,2023-01-17,Account,Urgent,Closed,2
2067,1605,2024-02-12,2024-02-24,Feature Request,High,Closed,1
2068,157,2023-06-22,2023-06-23,Other,Urgent,Closed,3
2069,2935,2026-07-20,2026-07-22,Billing,Urgent,Closed,1
2070,1126,2023-11-07,2023-11-11,Account,Low,Closed,2
2071,704,2026-05-25,NULL,Technical,Low,In Progress,NULL
2072,4289,2026-02-11,NULL,Technical,High,In Progress,NULL
2073,4361,2025-04-25,NULL,Other,Medium,Open,NULL
2074,2758,2022-11-30,2022-12-07,Account,High,Closed,1
2075,767,2025-06-21,2025-06-27,Billing,Urgent,Closed,2
2076,1178,2026-03-15,2026-03-23,Feature Request,Urgent,Closed,2
2077,63,2026-08-16,2026-08-29,Other,Medium,Closed,1
2078,1081,2026-02-06,2026-02-12,Other,High,Closed,2
2079,4548,2026-08-27,2026-08-30,Technical,Low,Closed,4
2080,3607,2024-09-03,2024-09-06,Technical,High,Closed,4
2081,4351,2026-06-11,2026-06-18,Other,Low,Closed,3
2082,3673,2026-08-12,NULL,Other,High,Open,NULL
2083,2083,2025-11-03,2025-11-03,Other,Medium,Closed,2
2084,3582,2026-01-07,NULL,Billing,High,In Progress,NULL
2085,4727,2025-11-28,2025-12-09,Other,High,Closed,4
2086,3336,2026-02-17,2026-02-20,Account,Medium,Closed,2
2087,4110,2025-11-21,2025-11-30,Technical,Low,Closed,3
2088,3228,2023-01-12,NULL,Other,Low,In Progress,NULL
2089,317,2025-02-07,2025-02-14,Feature Request,Low,Closed,3
2090,3723,2024-11-20,NULL,Account,High,In Progress,NULL
2091,2760,2025-09-06,2025-09-20,Other,Medium,Closed,2
2092,3129,2026-02-23,2026-02-24,Feature Request,Urgent,Closed,3
2093,975,2026-02-26,2026-03-06,Feature Request,Urgent,Closed,3
2094,189,2026-03-11,2026-03-12,Account,High,Closed,2
2095,3010,2022-12-04,NULL,Billing,Urgent,In Progress,NULL
2096,1278,2023-05-03,2023-05-09,Other,Medium,Closed,1
2097,2574,2026-07-23,2026-08-04,Feature Request,Urgent,Closed,1
2098,734,2025-12-24,2026-01-07,Billing,High,Closed,5
2099,1779,2026-07-15,2026-07-27,Feature Request,Urgent,Closed,1
2100,3126,2024-04-18,2024-04-23,Account,Low,Closed,1
2101,4905,2026-02-15,2026-02-19,Billing,Urgent,Closed,4
2102,742,2025-10-02,2025-10-14,Billing,High,Closed,4
2103,566,2025-10-11,2025-10-21,Billing,Urgent,Closed,2
2104,4635,2026-09-08,2026-09-20,Technical,High,Closed,2
2105,2668,2026-08-24,NULL,Account,Urgent,Open,NULL
2106,4697,2025-04-08,2025-04-14,Technical,High,Closed,5
2107,3367,2024-11-29,2024-12-01,Technical,Urgent,Closed,1
2108,49,2024-09-03,NULL,Account,Medium,In Progress,NULL
2109,2531,2026-04-06,NULL,Technical,Low,In Progress,NULL
2110,3306,2023-06-26,2023-07-02,Other,Medium,Closed,2
2111,3333,2026-02-02,2026-02-03,Account,Urgent,Closed,5
2112,1217,2024-07-23,2024-08-01,Feature Request,Low,Closed,5
2113,4054,2024-12-19,NULL,Technical,Urgent,Open,NULL
2114,1623,2024-12-24,2024-12-31,Account,Low,Closed,3
2115,2069,2023-12-10,2023-12-17,Technical,Urgent,Closed,2
2116,554,2024-10-02,2024-10-02,Billing,Medium,Closed,1
2117,2997,2025-08-08,NULL,Feature Request,Medium,In Progress,NULL
2118,3657,2022-03-07,NULL,Account,High,In Progress,NULL
2119,4363,2025-07-11,2025-07-11,Billing,High,Closed,1
2120,2217,2025-03-23,2025-04-01,Account,Medium,Closed,1
2121,4511,2026-06-19,2026-06-29,Account,Low,Closed,1
2122,2383,2025-10-17,2025-10-18,Other,Urgent,Closed,1
2123,3047,2024-03-07,2024-03-07,Technical,High,Closed,4
2124,3123,2023-10-05,2023-10-10,Account,Medium,Closed,2
2125,2679,2026-02-03,2026-02-17,Account,Medium,Closed,3
2126,1515,2024-03-23,NULL,Billing,Urgent,Open,NULL
2127,1408,2026-07-25,2026-07-30,Other,Urgent,Closed,3
2128,4599,2025-09-19,2025-10-03,Other,Low,Closed,4
2129,3366,2024-12-13,2024-12-22,Feature Request,Medium,Closed,1
2130,4542,2024-12-01,2024-12-01,Technical,Low,Closed,3
2131,2104,2026-03-14,2026-03-25,Billing,Urgent,Closed,1
2132,1657,2025-10-27,2025-11-01,Technical,Low,Closed,1
2133,1433,2024-07-04,2024-07-15,Feature Request,Medium,Closed,3
2134,4533,2022-09-01,2022-09-02,Technical,Medium,Closed,5
2135,1362,2023-11-06,NULL,Other,Urgent,In Progress,NULL
2136,4744,2025-09-30,2025-10-13,Technical,High,Closed,2
2137,1543,2026-07-03,2026-07-12,Technical,Urgent,Closed,5
2138,1079,2024-05-26,2024-06-04,Technical,Urgent,Closed,5
2139,103,2026-03-06,2026-03-07,Account,High,Closed,4
2140,3572,2024-06-30,2024-07-11,Technical,Low,Closed,5
2141,1613,2025-03-03,NULL,Feature Request,Medium,In Progress,NULL
2142,1035,2023-04-01,2023-04-08,Account,Low,Closed,2
2143,2248,2024-02-14,2024-02-25,Other,Low,Closed,2
2144,2265,2026-05-30,2026-06-11,Account,Medium,Closed,5
2145,3631,2025-06-14,2025-06-20,Technical,Low,Closed,5
2146,3085,2026-08-27,2026-08-29,Technical,Low,Closed,4
2147,2571,2024-02-29,2024-02-29,Technical,High,Closed,2
2148,3006,2025-07-20,2025-08-03,Account,High,Closed,3
2149,1475,2026-02-17,2026-02-20,Account,Low,Closed,2
2150,1728,2026-02-23,2026-02-28,Billing,Medium,Closed,1
2151,4568,2026-06-04,2026-06-06,Feature Request,Medium,Closed,1
2152,2749,2024-01-30,NULL,Other,Low,In Progress,NULL
2153,4912,2025-06-21,2025-06-23,Feature Request,High,Closed,1
2154,2345,2026-02-01,2026-02-10,Other,Urgent,Closed,1
2155,3479,2024-08-19,2024-08-30,Feature Request,Urgent,Closed,4
2156,4205,2022-03-23,2022-03-29,Feature Request,High,Closed,5
2157,703,2026-03-15,2026-03-17,Billing,Urgent,Closed,5
2158,897,2024-09-13,NULL,Billing,High,Open,NULL
2159,4379,2026-08-27,2026-09-06,Billing,Low,Closed,5
2160,3068,2025-04-22,2025-04-27,Feature Request,Medium,Closed,4
2161,1634,2023-02-22,NULL,Other,High,Open,NULL
2162,3820,2026-08-06,2026-08-13,Other,Urgent,Closed,5
2163,312,2026-02-06,2026-02-08,Other,Low,Closed,2
2164,2846,2026-07-20,NULL,Technical,High,Open,NULL
2165,505,2026-02-13,2026-02-26,Technical,Medium,Closed,5
2166,188,2026-09-12,NULL,Feature Request,Urgent,Open,NULL
2167,4255,2024-04-18,2024-04-25,Technical,Urgent,Closed,4
2168,4607,2022-09-30,2022-10-09,Other,Medium,Closed,1
2169,3011,2026-02-17,2026-02-27,Billing,Urgent,Closed,3
2170,1969,2026-01-02,2026-01-06,Account,Medium,Closed,5
2171,2081,2026-02-25,2026-03-07,Feature Request,High,Closed,2
2172,1082,2026-08-10,2026-08-11,Account,High,Closed,5
2173,1095,2026-08-04,2026-08-04,Feature Request,Urgent,Closed,2
2174,4341,2025-04-24,2025-04-25,Billing,Low,Closed,5
2175,3792,2026-05-16,2026-05-27,Feature Request,High,Closed,3
2176,1476,2025-05-18,2025-05-23,Feature Request,Medium,Closed,5
2177,1505,2023-08-31,2023-09-10,Other,Low,Closed,5
2178,3813,2026-05-29,2026-06-01,Billing,Urgent,Closed,3
2179,1368,2026-05-07,2026-05-15,Feature Request,Medium,Closed,1
2180,1774,2021-09-14,2021-09-24,Other,Urgent,Closed,3
2181,2173,2025-05-02,2025-05-15,Account,High,Closed,1
2182,774,2026-06-10,NULL,Billing,High,Open,NULL
2183,2726,2026-04-10,2026-04-18,Account,Urgent,Closed,2
2184,1521,2024-07-01,2024-07-13,Technical,Medium,Closed,4
2185,4530,2026-02-23,2026-02-27,Account,Low,Closed,3
2186,2569,2024-08-03,2024-08-12,Account,Low,Closed,5
2187,4262,2024-06-26,NULL,Account,High,In Progress,NULL
2188,1191,2024-07-18,2024-07-20,Technical,High,Closed,2
2189,742,2026-04-20,2026-04-20,Technical,High,Closed,2
2190,552,2026-09-05,2026-09-18,Other,Medium,Closed,1
2191,576,2026-05-27,NULL,Feature Request,High,In Progress,NULL
2192,4874,2026-09-10,NULL,Technical,Urgent,Open,NULL
2193,1328,2024-04-13,2024-04-15,Other,Urgent,Closed,5
2194,1608,2025-07-22,NULL,Other,High,In Progress,NULL
2195,756,2025-12-15,2025-12-29,Feature Request,Urgent,Closed,2
2196,49,2025-06-24,2025-07-07,Other,Medium,Closed,5
2197,494,2022-03-11,NULL,Other,Urgent,In Progress,NULL
2198,4896,2025-01-19,2025-01-29,Other,Low,Closed,1
2199,3070,2026-09-14,2026-09-27,Feature Request,Urgent,Closed,2
2200,3131,2026-01-06,2026-01-07,Other,Low,Closed,1
2201,3201,2022-11-18,2022-11-24,Account,Medium,Closed,2
2202,2077,2025-05-29,2025-06-07,Account,Urgent,Closed,2
2203,600,2026-05-13,2026-05-14,Account,High,Closed,2
2204,3414,2023-02-04,2023-02-17,Technical,Urgent,Closed,2
2205,2613,2025-10-31,2025-11-08,Account,Low,Closed,3
2206,4792,2024-11-28,2024-11-28,Feature Request,Low,Closed,4
2207,1816,2025-01-26,NULL,Account,High,In Progress,NULL
2208,1923,2022-02-21,2022-03-04,Feature Request,Medium,Closed,2
2209,3611,2026-05-21,2026-05-24,Account,Low,Closed,2
2210,4847,2025-05-19,2025-06-02,Technical,High,Closed,3
2211,843,2026-06-06,2026-06-10,Billing,Medium,Closed,2
2212,2110,2026-06-20,2026-06-28,Account,Urgent,Closed,5
2213,3079,2024-04-19,2024-04-21,Other,Medium,Closed,4
2214,2102,2025-03-14,2025-03-21,Other,High,Closed,1
2215,1775,2026-06-23,2026-07-01,Technical,Medium,Closed,5
2216,1756,2025-10-13,2025-10-19,Feature Request,Medium,Closed,5
2217,4291,2024-03-09,2024-03-13,Technical,Urgent,Closed,1
2218,835,2025-05-21,2025-05-21,Technical,High,Closed,4
2219,4120,2026-06-11,2026-06-16,Feature Request,High,Closed,5
2220,3212,2026-01-12,2026-01-15,Other,Low,Closed,2
2221,4400,2025-07-09,2025-07-23,Other,High,Closed,2
2222,3156,2026-08-02,2026-08-02,Feature Request,Low,Closed,3
2223,953,2023-11-18,2023-11-22,Billing,High,Closed,2
2224,4373,2026-03-28,2026-03-29,Technical,Low,Closed,2
2225,1010,2024-12-29,NULL,Account,Low,Open,NULL
2226,2236,2024-06-14,2024-06-23,Technical,Urgent,Closed,5
2227,3115,2024-12-09,2024-12-15,Billing,Urgent,Closed,5
2228,1175,2022-03-23,2022-03-30,Technical,Low,Closed,3
2229,2131,2025-12-09,2025-12-21,Other,Low,Closed,1
2230,4525,2023-05-20,2023-06-03,Other,Urgent,Closed,3
2231,910,2026-04-11,2026-04-12,Account,Urgent,Closed,2
2232,4138,2023-11-27,2023-12-07,Billing,Medium,Closed,4
2233,1680,2026-03-05,2026-03-16,Feature Request,High,Closed,1
2234,3234,2024-05-12,2024-05-15,Billing,High,Closed,2
2235,52,2025-01-01,NULL,Feature Request,High,In Progress,NULL
2236,900,2024-12-21,2024-12-31,Feature Request,Medium,Closed,3
2237,4794,2025-01-18,2025-02-01,Account,Urgent,Closed,3
2238,4,2024-05-20,2024-05-20,Technical,High,Closed,3
2239,2176,2023-10-31,2023-11-13,Feature Request,Low,Closed,2
2240,4084,2023-01-01,2023-01-14,Technical,High,Closed,5
2241,4263,2026-03-06,2026-03-19,Account,High,Closed,5
2242,2463,2026-08-16,2026-08-17,Account,Urgent,Closed,1
2243,917,2023-06-19,2023-06-23,Billing,Low,Closed,5
2244,2172,2025-11-21,2025-12-01,Technical,Low,Closed,3
2245,1887,2026-09-09,2026-09-09,Account,High,Closed,5
2246,2355,2024-12-23,2025-01-01,Account,Medium,Closed,5
2247,1906,2026-04-29,NULL,Technical,Urgent,Open,NULL
2248,3793,2023-02-28,2023-03-03,Billing,Low,Closed,3
2249,1408,2026-08-14,2026-08-21,Account,Low,Closed,3
2250,2779,2025-05-08,2025-05-19,Other,High,Closed,1
2251,4563,2023-10-22,2023-11-01,Account,Medium,Closed,1
2252,1684,2025-08-13,2025-08-20,Technical,High,Closed,2
2253,4819,2026-08-18,2026-08-30,Technical,High,Closed,3
2254,1971,2024-12-05,2024-12-14,Technical,Urgent,Closed,2
2255,4050,2026-08-14,2026-08-28,Technical,Medium,Closed,5
2256,2830,2025-02-24,2025-03-01,Account,Low,Closed,3
2257,2601,2025-10-07,2025-10-21,Billing,High,Closed,4
2258,2912,2022-12-27,2023-01-03,Other,Medium,Closed,5
2259,173,2023-05-08,2023-05-21,Technical,Low,Closed,2
2260,3549,2025-03-07,NULL,Feature Request,Urgent,In Progress,NULL
2261,4216,2025-09-16,2025-09-30,Feature Request,Medium,Closed,3
2262,1410,2025-04-27,2025-05-02,Other,Low,Closed,3
2263,4662,2023-06-28,2023-07-03,Feature Request,Medium,Closed,4
2264,4565,2025-11-20,2025-12-04,Technical,Low,Closed,5
2265,2912,2021-11-10,NULL,Account,Low,Open,NULL
2266,2416,2024-02-16,2024-02-17,Billing,Low,Closed,5
2267,377,2026-05-22,2026-05-26,Other,Urgent,Closed,3
2268,2247,2024-06-06,2024-06-16,Account,High,Closed,5
2269,2549,2023-11-19,NULL,Billing,Medium,Open,NULL
2270,3982,2026-02-01,2026-02-12,Technical,Low,Closed,3
2271,3561,2026-06-09,2026-06-10,Technical,Urgent,Closed,1
2272,3928,2026-09-15,2026-09-15,Account,High,Closed,5
2273,2070,2026-04-10,2026-04-18,Billing,Medium,Closed,3
2274,4649,2026-06-12,2026-06-13,Other,High,Closed,2
2275,2180,2023-05-09,2023-05-12,Other,Low,Closed,2
2276,400,2025-12-09,2025-12-22,Technical,Medium,Closed,5
2277,2709,2026-04-23,NULL,Feature Request,Medium,Open,NULL
2278,2404,2025-04-07,2025-04-09,Feature Request,High,Closed,5
2279,1085,2024-10-19,2024-10-27,Other,High,Closed,2
2280,1921,2023-07-04,2023-07-15,Technical,Medium,Closed,4
2281,4563,2025-01-12,NULL,Account,Low,Open,NULL
2282,4787,2026-05-11,NULL,Other,Low,In Progress,NULL
2283,2039,2024-12-13,2024-12-22,Feature Request,High,Closed,3
2284,3447,2025-07-19,2025-07-23,Account,Low,Closed,2
2285,1767,2025-03-28,2025-04-01,Other,Medium,Closed,1
2286,4541,2026-05-03,NULL,Feature Request,Low,In Progress,NULL
2287,4483,2024-02-25,2024-03-01,Billing,Low,Closed,1
2288,519,2026-06-09,2026-06-12,Account,Medium,Closed,3
2289,2687,2026-06-08,2026-06-09,Billing,Urgent,Closed,2
2290,4470,2024-11-02,2024-11-12,Technical,Urgent,Closed,5
2291,1354,2026-08-26,NULL,Feature Request,High,In Progress,NULL
2292,1754,2025-04-28,2025-04-28,Technical,Low,Closed,4
2293,1411,2024-06-14,2024-06-24,Other,High,Closed,1
2294,2640,2026-03-09,2026-03-10,Feature Request,Low,Closed,3
2295,4044,2025-02-06,2025-02-13,Feature Request,Medium,Closed,1
2296,188,2026-08-19,2026-08-29,Other,Urgent,Closed,3
2297,3447,2025-11-27,2025-11-27,Feature Request,Low,Closed,5
2298,3479,2025-08-21,2025-08-31,Billing,Medium,Closed,5
2299,3185,2026-09-01,2026-09-11,Other,Low,Closed,5
2300,169,2022-09-16,NULL,Billing,Low,In Progress,NULL
2301,139,2025-10-04,2025-10-07,Billing,Medium,Closed,1
2302,1296,2022-11-23,2022-12-07,Other,Urgent,Closed,1
2303,3151,2026-04-09,2026-04-12,Feature Request,Urgent,Closed,5
2304,3987,2025-10-30,2025-11-01,Other,Low,Closed,3
2305,4037,2025-10-18,2025-10-26,Technical,Medium,Closed,5
2306,2,2026-04-26,2026-05-05,Account,High,Closed,1
2307,1337,2025-10-30,2025-11-03,Account,Medium,Closed,1
2308,1826,2024-02-18,2024-02-25,Account,Low,Closed,4
2309,2319,2025-07-23,2025-08-02,Technical,High,Closed,5
2310,3433,2025-03-25,2025-03-31,Other,Low,Closed,2
2311,1750,2026-02-13,2026-02-17,Account,Low,Closed,3
2312,2894,2026-08-12,2026-08-22,Other,High,Closed,1
2313,1600,2025-10-08,NULL,Technical,Low,In Progress,NULL
2314,2667,2024-02-06,2024-02-18,Other,Urgent,Closed,2
2315,4147,2024-03-27,2024-04-05,Billing,Urgent,Closed,5
2316,1873,2025-10-01,2025-10-07,Account,Medium,Closed,5
2317,2289,2026-05-22,2026-05-28,Billing,Medium,Closed,4
2318,2489,2026-02-05,2026-02-06,Billing,Low,Closed,2
2319,4414,2026-08-19,2026-08-22,Feature Request,Medium,Closed,5
2320,2064,2025-05-25,2025-06-06,Other,Low,Closed,5
2321,4818,2024-03-07,2024-03-11,Account,High,Closed,2
2322,2137,2025-11-08,2025-11-14,Account,High,Closed,2
2323,4047,2022-08-18,2022-08-18,Account,Medium,Closed,1
2324,1014,2024-05-13,2024-05-22,Other,High,Closed,5
2325,675,2024-11-07,2024-11-13,Technical,Low,Closed,3
2326,4309,2024-01-16,2024-01-22,Feature Request,High,Closed,2
2327,4125,2024-08-18,2024-08-19,Account,Urgent,Closed,4
2328,709,2026-09-01,2026-09-14,Technical,Urgent,Closed,1
2329,802,2026-02-16,2026-02-23,Account,Low,Closed,1
2330,506,2024-05-01,2024-05-14,Billing,Urgent,Closed,3
2331,3374,2026-08-19,2026-08-28,Other,High,Closed,4
2332,1376,2024-12-22,NULL,Other,High,Open,NULL
2333,1916,2024-11-16,2024-11-20,Other,Medium,Closed,3
2334,4861,2025-05-25,NULL,Billing,Medium,Open,NULL
2335,3966,2025-01-20,2025-01-27,Other,Urgent,Closed,5
2336,2978,2026-01-15,2026-01-19,Technical,Urgent,Closed,3
2337,654,2024-05-15,2024-05-23,Billing,Low,Closed,2
2338,4967,2026-08-30,NULL,Billing,Low,Open,NULL
2339,1854,2023-10-19,2023-10-31,Feature Request,Low,Closed,4
2340,2297,2026-08-07,2026-08-16,Account,High,Closed,4
2341,3651,2025-01-17,NULL,Billing,Low,Open,NULL
2342,1128,2026-03-27,2026-03-27,Other,Low,Closed,4
2343,2405,2024-01-08,2024-01-18,Account,Medium,Closed,4
2344,166,2026-04-12,NULL,Billing,Medium,Open,NULL
2345,476,2025-03-30,2025-04-04,Account,High,Closed,1
2346,2379,2026-06-28,2026-07-04,Other,Urgent,Closed,1
2347,4506,2026-03-18,2026-03-25,Other,Medium,Closed,5
2348,4167,2025-08-20,2025-08-21,Feature Request,Low,Closed,2
2349,4548,2026-05-25,2026-05-26,Billing,Urgent,Closed,3
2350,2061,2026-04-16,2026-04-30,Other,Low,Closed,5
2351,4915,2022-08-22,2022-08-24,Billing,Low,Closed,1
2352,1431,2025-12-30,2026-01-09,Feature Request,Medium,Closed,4
2353,3444,2026-06-08,2026-06-15,Technical,Medium,Closed,1
2354,4680,2023-12-08,2023-12-14,Other,Medium,Closed,2
2355,4569,2025-02-27,NULL,Other,Low,Open,NULL
2356,3128,2026-09-04,2026-09-08,Feature Request,Low,Closed,1
2357,568,2025-12-29,2026-01-03,Account,Urgent,Closed,5
2358,3599,2026-07-20,2026-07-24,Other,Medium,Closed,1
2359,2819,2024-01-25,2024-02-06,Feature Request,Low,Closed,1
2360,2011,2026-07-22,2026-07-23,Other,Medium,Closed,4
2361,3067,2025-02-10,2025-02-24,Billing,High,Closed,1
2362,3680,2025-01-06,2025-01-20,Billing,High,Closed,4
2363,2554,2023-04-17,2023-04-29,Feature Request,Medium,Closed,3
2364,3616,2023-03-19,NULL,Technical,Medium,In Progress,NULL
2365,4690,2025-06-19,2025-06-25,Feature Request,Low,Closed,2
2366,3502,2025-01-07,2025-01-07,Technical,Low,Closed,2
2367,1083,2022-08-04,2022-08-07,Account,Urgent,Closed,2
2368,3996,2026-06-25,2026-07-01,Other,Low,Closed,5
2369,3922,2025-03-22,2025-04-03,Feature Request,Urgent,Closed,2
2370,549,2023-03-24,2023-03-26,Feature Request,Medium,Closed,5
2371,938,2025-10-28,2025-11-01,Feature Request,Urgent,Closed,5
2372,2534,2026-04-26,2026-05-06,Feature Request,High,Closed,4
2373,115,2026-03-14,2026-03-21,Billing,Urgent,Closed,2
2374,1444,2025-12-27,2025-12-28,Account,High,Closed,4
2375,4764,2022-08-07,2022-08-21,Other,Low,Closed,1
2376,2641,2025-09-05,2025-09-15,Account,Low,Closed,3
2377,43,2024-08-21,2024-08-22,Other,Medium,Closed,4
2378,2067,2025-09-15,2025-09-26,Billing,Medium,Closed,3
2379,3383,2026-06-08,2026-06-17,Account,Low,Closed,4
2380,4132,2024-11-03,2024-11-04,Billing,High,Closed,2
2381,4600,2024-05-16,2024-05-20,Billing,Urgent,Closed,4
2382,385,2026-07-26,2026-08-05,Other,High,Closed,4
2383,2297,2025-06-19,2025-07-02,Other,Low,Closed,4
2384,205,2026-08-14,2026-08-21,Technical,Urgent,Closed,1
2385,1714,2023-11-26,2023-11-30,Account,Urgent,Closed,1
2386,2237,2026-04-15,2026-04-27,Other,High,Closed,3
2387,3502,2026-03-13,2026-03-14,Account,Medium,Closed,4
2388,334,2025-11-21,2025-12-05,Account,High,Closed,1
2389,4958,2025-05-03,2025-05-07,Account,Low,Closed,5
2390,2683,2025-07-11,2025-07-18,Other,Low,Closed,3
2391,418,2025-10-25,2025-10-29,Account,High,Closed,3
2392,3973,2023-01-06,NULL,Other,Low,Open,NULL
2393,2917,2025-02-02,2025-02-06,Other,Medium,Closed,2
2394,443,2026-06-20,2026-06-20,Account,Low,Closed,2
2395,513,2025-08-19,2025-08-27,Technical,Urgent,Closed,4
2396,4724,2026-05-27,2026-05-27,Other,Medium,Closed,1
2397,2467,2026-08-16,2026-08-30,Other,Urgent,Closed,5
2398,1612,2022-06-16,NULL,Billing,High,Open,NULL
2399,363,2022-03-02,NULL,Technical,Medium,In Progress,NULL
2400,4127,2021-09-09,NULL,Other,High,Open,NULL
2401,2244,2026-07-30,2026-08-09,Feature Request,Low,Closed,2
2402,959,2024-11-27,2024-12-02,Feature Request,Low,Closed,5
2403,3517,2026-01-06,2026-01-09,Billing,Low,Closed,4
2404,119,2025-12-02,2025-12-10,Billing,Low,Closed,2
2405,2645,2025-11-20,2025-12-02,Billing,Medium,Closed,1
2406,1983,2024-11-09,2024-11-13,Feature Request,Urgent,Closed,1
2407,4651,2026-05-05,2026-05-14,Feature Request,Low,Closed,2
2408,8,2026-01-08,2026-01-13,Billing,Urgent,Closed,4
2409,2378,2025-05-27,2025-05-30,Billing,Medium,Closed,2
2410,934,2026-08-14,2026-08-19,Other,Low,Closed,5
2411,300,2026-03-14,2026-03-27,Billing,Medium,Closed,4
2412,1947,2024-10-11,2024-10-17,Technical,High,Closed,2
2413,3945,2023-10-13,2023-10-27,Other,Medium,Closed,4
2414,1375,2025-08-22,2025-08-22,Account,Low,Closed,3
2415,2375,2025-01-31,2025-02-08,Technical,Medium,Closed,5
2416,3739,2026-01-08,2026-01-11,Technical,High,Closed,3
2417,3590,2025-06-09,2025-06-21,Technical,Urgent,Closed,1
2418,4059,2026-08-26,NULL,Account,Urgent,In Progress,NULL
2419,2016,2026-08-12,2026-08-18,Other,Low,Closed,3
2420,4863,2025-08-20,2025-08-21,Technical,Medium,Closed,5
2421,4725,2023-02-10,2023-02-21,Technical,Low,Closed,2
2422,1381,2026-08-26,2026-08-29,Feature Request,Medium,Closed,1
2423,4423,2026-07-17,NULL,Technical,Urgent,Open,NULL
2424,12,2025-01-12,2025-01-17,Technical,Urgent,Closed,3
2425,3941,2025-09-11,2025-09-25,Billing,Medium,Closed,2
2426,353,2022-08-05,2022-08-11,Account,Low,Closed,2
2427,4444,2026-06-09,2026-06-09,Billing,Medium,Closed,3
2428,4244,2022-02-24,2022-02-26,Feature Request,Medium,Closed,2
2429,4943,2025-06-22,2025-06-30,Billing,Low,Closed,1
2430,2179,2025-06-11,2025-06-11,Account,Low,Closed,1
2431,242,2026-06-14,2026-06-21,Technical,Medium,Closed,5
2432,2183,2026-05-30,NULL,Billing,Urgent,Open,NULL
2433,3355,2026-09-06,2026-09-11,Feature Request,Urgent,Closed,2
2434,3172,2022-03-08,2022-03-08,Technical,Urgent,Closed,5
2435,792,2025-02-27,2025-03-04,Account,High,Closed,5
2436,1573,2024-04-14,2024-04-25,Feature Request,Urgent,Closed,2
2437,3435,2025-11-14,2025-11-15,Other,Low,Closed,1
2438,4356,2025-05-29,2025-06-12,Billing,High,Closed,4
2439,1186,2026-08-29,2026-08-29,Feature Request,Urgent,Closed,5
2440,3748,2026-01-29,2026-01-31,Billing,High,Closed,5
2441,3742,2026-04-13,2026-04-14,Billing,Low,Closed,1
2442,4812,2024-07-26,2024-07-28,Billing,Urgent,Closed,3
2443,230,2025-02-28,2025-03-02,Billing,High,Closed,4
2444,3345,2026-09-13,2026-09-25,Other,Urgent,Closed,3
2445,436,2024-05-22,2024-06-03,Account,Urgent,Closed,2
2446,2814,2026-09-05,2026-09-10,Other,High,Closed,2
2447,2195,2026-09-11,2026-09-20,Account,High,Closed,5
2448,4203,2024-03-18,2024-03-21,Billing,Low,Closed,1
2449,3542,2025-12-19,2025-12-26,Billing,Low,Closed,2
2450,4405,2024-02-15,2024-02-16,Other,Urgent,Closed,5
2451,2411,2026-02-28,2026-03-13,Billing,Urgent,Closed,4
2452,1329,2026-08-15,2026-08-26,Billing,High,Closed,5
2453,1508,2024-12-04,2024-12-04,Billing,Urgent,Closed,2
2454,515,2024-04-13,2024-04-26,Other,Medium,Closed,5
2455,3731,2023-02-21,2023-02-21,Billing,Low,Closed,2
2456,3186,2026-05-16,2026-05-26,Feature Request,Urgent,Closed,1
2457,3895,2026-02-03,2026-02-07,Billing,Low,Closed,3
2458,3688,2025-05-16,2025-05-20,Technical,Medium,Closed,2
2459,4079,2025-07-03,2025-07-16,Technical,High,Closed,1
2460,3619,2026-04-16,2026-04-17,Other,Low,Closed,4
2461,221,2026-05-27,2026-06-06,Billing,Low,Closed,1
2462,3202,2025-05-14,2025-05-28,Other,High,Closed,4
2463,1080,2025-12-29,2026-01-03,Feature Request,High,Closed,2
2464,686,2024-10-01,2024-10-01,Account,High,Closed,1
2465,4147,2022-10-05,2022-10-14,Billing,Urgent,Closed,2
2466,3026,2021-09-09,NULL,Technical,High,Open,NULL
2467,3906,2024-02-21,2024-02-27,Feature Request,High,Closed,3
2468,296,2025-09-27,2025-09-28,Other,High,Closed,3
2469,3502,2025-09-20,NULL,Billing,High,In Progress,NULL
2470,4328,2026-02-22,2026-03-02,Billing,Low,Closed,5
2471,1865,2025-04-05,2025-04-15,Account,Medium,Closed,4
2472,776,2026-03-14,NULL,Feature Request,Urgent,In Progress,NULL
2473,4316,2024-04-06,NULL,Billing,Medium,Open,NULL
2474,2088,2026-05-10,2026-05-15,Billing,Low,Closed,1
2475,4245,2026-08-11,2026-08-23,Account,Low,Closed,2
2476,4848,2023-09-30,2023-10-09,Billing,High,Closed,2
2477,4344,2025-01-27,2025-01-31,Technical,Urgent,Closed,3
2478,1087,2026-08-29,2026-09-10,Technical,Medium,Closed,4
2479,133,2025-12-06,2025-12-09,Feature Request,High,Closed,3
2480,1454,2025-10-07,NULL,Feature Request,Medium,Open,NULL
2481,427,2026-02-11,2026-02-20,Billing,Urgent,Closed,2
2482,449,2024-12-29,2025-01-10,Account,Medium,Closed,1
2483,3585,2026-07-28,2026-07-31,Other,Urgent,Closed,2
2484,3323,2025-03-18,2025-03-25,Other,Urgent,Closed,2
2485,3048,2025-05-24,2025-05-27,Technical,High,Closed,3
2486,4294,2023-02-27,2023-03-13,Feature Request,Urgent,Closed,5
2487,1487,2025-06-19,NULL,Billing,High,Open,NULL
2488,2947,2025-12-31,2026-01-01,Other,Medium,Closed,2
2489,3808,2023-10-12,2023-10-24,Feature Request,High,Closed,1
2490,248,2024-12-09,2024-12-21,Account,High,Closed,3
2491,1919,2024-01-11,2024-01-16,Technical,Low,Closed,4
2492,4995,2025-02-24,2025-02-25,Other,High,Closed,5
2493,2930,2025-09-10,2025-09-18,Billing,Urgent,Closed,3
2494,4095,2026-04-23,NULL,Billing,Medium,In Progress,NULL
2495,3319,2026-01-04,2026-01-07,Feature Request,High,Closed,2
2496,4586,2022-07-16,2022-07-17,Other,Urgent,Closed,5
2497,3115,2023-12-05,2023-12-14,Feature Request,High,Closed,2
2498,3854,2026-04-08,NULL,Billing,Urgent,Open,NULL
2499,788,2025-10-30,2025-11-08,Feature Request,Medium,Closed,2
2500,3650,2026-06-11,2026-06-20,Account,Urgent,Closed,5
2501,3902,2026-06-23,NULL,Technical,Low,In Progress,NULL
2502,3015,2025-12-19,2026-01-01,Other,Urgent,Closed,5
2503,2143,2025-07-16,NULL,Account,High,In Progress,NULL
2504,1555,2026-05-09,2026-05-12,Other,Urgent,Closed,3
2505,3067,2026-08-27,NULL,Other,High,Open,NULL
2506,2909,2026-06-21,NULL,Other,High,Open,NULL
2507,994,2026-07-05,2026-07-17,Billing,Urgent,Closed,2
2508,2063,2023-01-17,2023-01-25,Account,Urgent,Closed,2
2509,1826,2025-01-10,2025-01-20,Feature Request,Low,Closed,1
2510,4072,2025-07-14,2025-07-26,Other,Low,Closed,5
2511,2436,2026-06-17,NULL,Feature Request,High,Open,NULL
2512,4825,2025-04-19,2025-04-30,Other,Medium,Closed,3
2513,4221,2022-06-17,2022-06-29,Billing,Medium,Closed,1
2514,10,2024-04-01,2024-04-02,Billing,Medium,Closed,3
2515,716,2026-01-10,NULL,Billing,Medium,In Progress,NULL
2516,822,2026-07-29,NULL,Other,Low,Open,NULL
2517,2078,2025-08-12,2025-08-18,Technical,Low,Closed,4
2518,4615,2026-07-04,2026-07-07,Technical,Medium,Closed,2
2519,3858,2025-10-30,2025-11-10,Other,High,Closed,3
2520,2643,2025-06-23,2025-07-07,Other,Low,Closed,2
2521,4529,2023-06-26,NULL,Feature Request,Urgent,Open,NULL
2522,3115,2024-04-07,2024-04-15,Other,Medium,Closed,1
2523,3369,2026-04-03,2026-04-08,Other,Medium,Closed,3
2524,2401,2025-09-05,2025-09-15,Technical,Low,Closed,1
2525,2280,2026-03-02,2026-03-05,Feature Request,High,Closed,3
2526,1861,2024-12-16,2024-12-27,Technical,Urgent,Closed,2
2527,3704,2022-10-13,2022-10-13,Other,Urgent,Closed,2
2528,4613,2021-03-17,2021-03-27,Account,Low,Closed,5
2529,488,2023-02-14,NULL,Billing,Urgent,Open,NULL
2530,3870,2024-11-27,NULL,Account,Medium,Open,NULL
2531,67,2023-06-15,2023-06-16,Other,Urgent,Closed,5
2532,4347,2026-08-05,2026-08-14,Technical,Medium,Closed,4
2533,3243,2022-09-10,2022-09-24,Feature Request,Low,Closed,5
2534,2279,2026-03-15,2026-03-23,Feature Request,Urgent,Closed,2
2535,4097,2024-10-25,2024-10-25,Other,Low,Closed,4
2536,1180,2026-05-02,2026-05-06,Account,Medium,Closed,5
2537,661,2026-03-19,NULL,Billing,Medium,In Progress,NULL
2538,319,2023-02-24,2023-03-09,Feature Request,Medium,Closed,4
2539,4520,2025-11-05,2025-11-14,Technical,Urgent,Closed,2
2540,1984,2026-07-26,2026-07-28,Technical,High,Closed,2
2541,1909,2026-08-01,2026-08-08,Account,High,Closed,3
2542,4960,2026-07-30,2026-08-08,Other,Low,Closed,3
2543,3642,2026-06-23,2026-07-01,Technical,Medium,Closed,3
2544,1421,2024-12-31,2025-01-12,Other,Low,Closed,1
2545,1201,2025-09-12,2025-09-23,Billing,Urgent,Closed,3
2546,2453,2026-09-11,NULL,Feature Request,Medium,In Progress,NULL
2547,4574,2026-07-11,2026-07-18,Account,Urgent,Closed,3
2548,2943,2022-08-08,2022-08-12,Billing,Low,Closed,2
2549,1757,2025-02-26,2025-03-11,Other,Medium,Closed,1
2550,568,2024-10-19,NULL,Feature Request,High,In Progress,NULL
2551,4846,2023-11-08,2023-11-12,Other,Low,Closed,4
2552,4181,2025-12-12,2025-12-12,Account,Urgent,Closed,3
2553,4526,2025-05-16,2025-05-18,Feature Request,High,Closed,1
2554,4024,2024-12-29,2025-01-01,Billing,Urgent,Closed,3
2555,2536,2026-07-11,2026-07-19,Other,Medium,Closed,5
2556,3689,2026-05-12,2026-05-16,Technical,Urgent,Closed,3
2557,17,2025-08-12,2025-08-21,Feature Request,Urgent,Closed,1
2558,2598,2024-05-04,2024-05-17,Feature Request,Urgent,Closed,2
2559,2456,2026-04-27,2026-04-27,Feature Request,Urgent,Closed,2
2560,289,2022-04-30,2022-05-06,Account,Low,Closed,4
2561,4612,2026-03-07,2026-03-13,Account,Low,Closed,3
2562,4147,2026-03-30,2026-04-03,Technical,Low,Closed,5
2563,1610,2026-05-19,2026-05-28,Other,High,Closed,4
2564,454,2025-03-03,2025-03-05,Technical,Medium,Closed,5
2565,4006,2025-10-01,2025-10-06,Other,Low,Closed,2
2566,1949,2025-12-17,2025-12-21,Account,Medium,Closed,4
2567,4153,2024-10-27,2024-11-06,Feature Request,Medium,Closed,5
2568,3497,2026-07-18,2026-07-21,Billing,Urgent,Closed,4
2569,1066,2026-03-13,2026-03-26,Other,Urgent,Closed,2
2570,3387,2026-02-27,NULL,Technical,Low,In Progress,NULL
2571,2879,2024-10-10,2024-10-20,Billing,Low,Closed,2
2572,2421,2025-10-01,2025-10-02,Technical,Low,Closed,2
2573,1177,2024-12-12,2024-12-17,Billing,Low,Closed,4
2574,2324,2023-03-16,2023-03-24,Other,Low,Closed,5
2575,3534,2025-02-03,2025-02-13,Other,Urgent,Closed,5
2576,2637,2025-02-26,2025-02-28,Billing,Medium,Closed,3
2577,4006,2025-05-10,2025-05-21,Billing,High,Closed,2
2578,4953,2025-06-30,2025-07-09,Account,Low,Closed,3
2579,3987,2026-03-25,2026-03-27,Other,Low,Closed,3
2580,2646,2024-04-17,2024-04-20,Technical,High,Closed,3
2581,4741,2022-02-15,2022-02-27,Technical,Urgent,Closed,4
2582,3814,2025-05-23,2025-05-25,Billing,Urgent,Closed,4
2583,698,2026-05-02,NULL,Technical,Urgent,In Progress,NULL
2584,4638,2025-11-09,2025-11-12,Feature Request,Medium,Closed,3
2585,2712,2026-08-04,2026-08-17,Billing,High,Closed,4
2586,647,2023-05-04,2023-05-12,Feature Request,Low,Closed,1
2587,3194,2026-07-14,2026-07-24,Technical,Urgent,Closed,2
2588,502,2026-08-26,2026-08-31,Technical,High,Closed,5
2589,3907,2025-02-23,2025-03-01,Technical,High,Closed,1
2590,318,2025-09-15,NULL,Other,High,In Progress,NULL
2591,2686,2026-08-06,2026-08-15,Technical,Low,Closed,3
2592,4927,2026-06-16,2026-06-20,Feature Request,High,Closed,5
2593,1164,2024-08-04,2024-08-04,Technical,Urgent,Closed,4
2594,1426,2024-11-06,2024-11-07,Feature Request,Low,Closed,4
2595,2534,2026-05-29,2026-06-12,Billing,Low,Closed,1
2596,2679,2025-11-02,2025-11-06,Billing,Urgent,Closed,2
2597,3125,2026-08-02,2026-08-06,Technical,Low,Closed,5
2598,162,2026-08-14,2026-08-23,Feature Request,Urgent,Closed,5
2599,3312,2025-12-16,2025-12-18,Account,High,Closed,4
2600,3671,2025-02-15,NULL,Billing,Low,In Progress,NULL
2601,509,2023-07-21,2023-07-22,Technical,Urgent,Closed,3
2602,4880,2023-03-26,NULL,Billing,Low,Open,NULL
2603,1607,2025-05-19,2025-05-25,Feature Request,Urgent,Closed,2
2604,919,2026-06-13,2026-06-22,Account,Medium,Closed,4
2605,2901,2024-11-13,2024-11-16,Billing,Medium,Closed,2
2606,11,2026-01-04,2026-01-06,Other,High,Closed,4
2607,1158,2026-06-11,2026-06-16,Billing,Urgent,Closed,3
2608,2895,2026-09-14,2026-09-21,Other,Medium,Closed,1
2609,2609,2025-02-06,2025-02-16,Account,Urgent,Closed,3
2610,4038,2022-10-27,2022-11-01,Feature Request,Low,Closed,3
2611,1093,2022-02-13,2022-02-15,Other,Urgent,Closed,1
2612,2975,2024-09-08,2024-09-09,Other,Urgent,Closed,3
2613,2242,2026-04-18,NULL,Other,Medium,In Progress,NULL
2614,3717,2026-06-02,2026-06-16,Feature Request,Medium,Closed,4
2615,882,2026-09-13,2026-09-20,Technical,Urgent,Closed,2
2616,1701,2023-10-29,2023-10-29,Account,Low,Closed,5
2617,4977,2025-03-28,2025-04-02,Billing,High,Closed,5
2618,1194,2022-03-20,2022-03-22,Feature Request,High,Closed,5
2619,430,2026-08-05,NULL,Feature Request,High,In Progress,NULL
2620,1591,2025-10-09,2025-10-16,Technical,Urgent,Closed,2
2621,602,2026-05-10,2026-05-15,Feature Request,Urgent,Closed,2
2622,2173,2024-10-30,2024-11-11,Feature Request,Medium,Closed,5
2623,2756,2025-01-10,2025-01-14,Other,High,Closed,5
2624,4104,2025-10-22,2025-11-02,Other,High,Closed,3
2625,2844,2025-01-21,2025-01-30,Billing,Urgent,Closed,5
2626,2428,2024-08-19,NULL,Account,Urgent,In Progress,NULL
2627,4784,2026-06-12,2026-06-21,Technical,Urgent,Closed,4
2628,942,2024-09-29,2024-10-01,Technical,Low,Closed,2
2629,4166,2026-09-14,2026-09-17,Other,Low,Closed,3
2630,1801,2025-11-25,2025-12-06,Feature Request,Low,Closed,1
2631,2366,2025-01-03,2025-01-11,Technical,Medium,Closed,5
2632,771,2025-08-18,2025-08-26,Account,Urgent,Closed,5
2633,3017,2024-02-22,2024-02-24,Other,Low,Closed,1
2634,2962,2025-07-22,2025-08-05,Account,Medium,Closed,2
2635,3769,2023-10-18,NULL,Other,Urgent,Open,NULL
2636,256,2025-04-15,2025-04-26,Technical,High,Closed,3
2637,3244,2026-09-05,2026-09-09,Billing,Medium,Closed,3
2638,2742,2024-05-08,2024-05-21,Billing,High,Closed,1
2639,3079,2023-11-13,2023-11-17,Account,High,Closed,1
2640,3116,2025-03-28,2025-03-31,Other,Urgent,Closed,3
2641,1790,2025-03-15,2025-03-22,Technical,Medium,Closed,3
2642,330,2026-04-18,2026-04-25,Feature Request,Urgent,Closed,5
2643,389,2026-03-02,NULL,Other,Low,In Progress,NULL
2644,3686,2026-09-09,NULL,Billing,Urgent,Open,NULL
2645,4707,2023-12-07,2023-12-09,Feature Request,High,Closed,4
2646,3117,2026-07-08,NULL,Other,Urgent,Open,NULL
2647,3679,2024-10-18,2024-10-20,Feature Request,Low,Closed,5
2648,1190,2024-01-19,2024-01-19,Other,High,Closed,5
2649,2619,2024-10-03,2024-10-13,Other,Low,Closed,3
2650,3800,2025-09-22,2025-10-02,Account,High,Closed,3
2651,4882,2025-07-24,2025-08-07,Account,High,Closed,5
2652,3532,2026-05-18,2026-05-30,Billing,Medium,Closed,4
2653,3246,2025-07-20,2025-07-22,Other,Low,Closed,1
2654,1294,2025-12-09,2025-12-15,Billing,Low,Closed,2
2655,2771,2025-12-03,2025-12-10,Billing,High,Closed,3
2656,1555,2023-08-15,2023-08-15,Other,Low,Closed,4
2657,3627,2024-04-02,2024-04-14,Billing,Urgent,Closed,3
2658,3676,2023-11-11,NULL,Other,Medium,Open,NULL
2659,2763,2026-03-09,2026-03-12,Feature Request,High,Closed,2
2660,2213,2024-07-14,2024-07-20,Billing,Urgent,Closed,1
2661,2461,2026-07-14,2026-07-28,Other,Urgent,Closed,3
2662,2051,2026-06-06,2026-06-19,Technical,Medium,Closed,1
2663,199,2026-04-18,2026-04-29,Account,High,Closed,1
2664,4743,2025-12-19,2025-12-20,Technical,Urgent,Closed,4
2665,2320,2026-01-13,2026-01-26,Other,Medium,Closed,5
2666,1387,2025-01-13,2025-01-22,Other,High,Closed,4
2667,3553,2025-12-02,2025-12-10,Feature Request,High,Closed,3
2668,2742,2023-09-16,2023-09-25,Account,Low,Closed,4
2669,3864,2025-10-13,2025-10-23,Technical,Medium,Closed,1
2670,3760,2026-09-03,2026-09-13,Account,Urgent,Closed,1
2671,3781,2025-09-19,NULL,Other,Low,Open,NULL
2672,378,2024-10-12,2024-10-24,Billing,High,Closed,5
2673,1338,2022-07-31,2022-08-04,Billing,Low,Closed,3
2674,3204,2025-12-14,2025-12-24,Feature Request,Low,Closed,3
2675,3890,2026-08-06,2026-08-06,Account,Urgent,Closed,5
2676,2742,2024-01-28,2024-01-30,Other,Urgent,Closed,4
2677,2373,2026-02-22,2026-02-24,Other,Low,Closed,5
2678,3262,2025-09-19,NULL,Feature Request,Medium,Open,NULL
2679,4349,2026-06-07,2026-06-21,Billing,High,Closed,5
2680,4279,2023-07-06,NULL,Billing,High,Open,NULL
2681,4460,2025-01-26,2025-01-31,Account,Low,Closed,4
2682,1243,2025-02-18,2025-03-02,Technical,Low,Closed,3
2683,2190,2026-06-07,2026-06-15,Account,Urgent,Closed,1
2684,3058,2025-07-28,2025-08-10,Account,Low,Closed,5
2685,2065,2025-09-03,NULL,Feature Request,Low,Open,NULL
2686,2724,2026-03-27,2026-04-10,Other,High,Closed,5
2687,2162,2026-06-28,2026-07-09,Feature Request,High,Closed,3
2688,2558,2026-03-15,2026-03-21,Account,Low,Closed,3
2689,4965,2023-06-08,2023-06-16,Account,Medium,Closed,2
2690,4742,2021-07-10,2021-07-23,Account,Medium,Closed,4
2691,942,2025-01-14,2025-01-21,Account,High,Closed,5
2692,4835,2026-03-04,2026-03-15,Billing,Urgent,Closed,5
2693,1043,2025-11-25,2025-12-03,Technical,Medium,Closed,5
2694,1494,2025-11-30,2025-12-12,Other,High,Closed,4
2695,3004,2026-03-01,2026-03-01,Feature Request,Medium,Closed,3
2696,965,2023-04-07,2023-04-21,Feature Request,High,Closed,3
2697,617,2026-01-20,2026-01-29,Account,Low,Closed,1
2698,2992,2025-10-13,2025-10-21,Feature Request,Low,Closed,4
2699,3182,2022-12-06,2022-12-12,Account,Low,Closed,1
2700,4525,2023-12-14,2023-12-28,Other,High,Closed,2
2701,2021,2025-11-22,2025-11-22,Billing,High,Closed,4
2702,3807,2026-02-25,2026-02-26,Other,High,Closed,3
2703,2745,2024-10-26,2024-11-03,Technical,High,Closed,1
2704,4472,2025-04-17,2025-04-20,Other,High,Closed,4
2705,82,2024-11-26,2024-12-05,Feature Request,Medium,Closed,1
2706,1832,2021-04-03,2021-04-14,Other,Medium,Closed,4
2707,1425,2025-09-12,NULL,Billing,Medium,Open,NULL
2708,3914,2025-11-08,2025-11-11,Technical,High,Closed,1
2709,2795,2024-12-09,2024-12-10,Technical,High,Closed,2
2710,3724,2025-03-26,2025-03-28,Technical,Urgent,Closed,5
2711,3542,2025-10-05,2025-10-12,Account,Urgent,Closed,1
2712,2970,2024-08-06,NULL,Account,High,In Progress,NULL
2713,699,2025-10-15,2025-10-29,Feature Request,High,Closed,4
2714,1121,2026-07-23,2026-07-25,Other,Medium,Closed,3
2715,820,2022-12-29,2022-12-31,Feature Request,High,Closed,1
2716,847,2024-04-19,2024-04-29,Billing,Low,Closed,3
2717,1401,2023-10-16,2023-10-30,Billing,Urgent,Closed,2
2718,4310,2024-03-25,2024-04-02,Technical,Urgent,Closed,1
2719,2655,2025-01-26,2025-01-30,Feature Request,High,Closed,2
2720,2476,2024-07-10,NULL,Other,High,Open,NULL
2721,1812,2026-04-22,2026-04-29,Account,High,Closed,2
2722,3269,2024-07-25,2024-08-01,Feature Request,Low,Closed,4
2723,3531,2026-07-14,2026-07-19,Billing,Medium,Closed,1
2724,3915,2026-08-23,NULL,Feature Request,High,In Progress,NULL
2725,2508,2025-09-02,2025-09-02,Account,Urgent,Closed,1
2726,3087,2025-04-13,2025-04-23,Billing,Urgent,Closed,3
2727,868,2025-12-12,2025-12-14,Feature Request,Medium,Closed,3
2728,2913,2026-03-29,2026-04-04,Technical,High,Closed,5
2729,172,2026-05-20,2026-05-24,Account,Urgent,Closed,3
2730,3134,2025-05-30,NULL,Technical,Urgent,In Progress,NULL
2731,1632,2026-03-23,2026-03-31,Other,High,Closed,4
2732,4059,2024-10-12,2024-10-26,Billing,Low,Closed,5
2733,4662,2024-11-04,NULL,Other,Low,In Progress,NULL
2734,3742,2024-05-16,2024-05-19,Feature Request,High,Closed,2
2735,9,2025-07-15,2025-07-22,Billing,High,Closed,2
2736,3608,2025-11-29,2025-12-04,Feature Request,High,Closed,3
2737,1360,2024-02-13,2024-02-25,Account,Medium,Closed,4
2738,213,2025-09-17,2025-09-30,Billing,Urgent,Closed,1
2739,705,2026-01-06,2026-01-09,Account,Low,Closed,5
2740,3977,2024-03-25,2024-03-29,Feature Request,High,Closed,2
2741,1011,2026-06-07,2026-06-17,Technical,High,Closed,3
2742,243,2025-04-18,NULL,Feature Request,Urgent,In Progress,NULL
2743,522,2026-08-14,2026-08-16,Feature Request,Medium,Closed,5
2744,1972,2022-06-15,2022-06-23,Technical,High,Closed,1
2745,608,2026-04-24,2026-05-05,Billing,High,Closed,3
2746,1962,2026-05-26,2026-05-30,Other,Urgent,Closed,1
2747,3283,2026-09-04,2026-09-14,Feature Request,Medium,Closed,4
2748,1504,2025-03-03,2025-03-16,Other,Urgent,Closed,1
2749,1329,2026-08-29,NULL,Feature Request,Urgent,Open,NULL
2750,4902,2024-09-26,2024-09-26,Billing,Urgent,Closed,2
2751,4629,2026-07-10,2026-07-14,Account,Low,Closed,5
2752,1118,2025-12-25,2025-12-29,Other,Low,Closed,4
2753,3714,2026-07-11,2026-07-13,Billing,High,Closed,3
2754,2462,2026-09-11,2026-09-16,Other,Medium,Closed,4
2755,3074,2026-01-01,2026-01-12,Billing,Urgent,Closed,1
2756,227,2026-08-24,2026-08-31,Billing,High,Closed,3
2757,4919,2025-02-11,NULL,Technical,Low,Open,NULL
2758,128,2023-06-28,2023-07-05,Other,Urgent,Closed,2
2759,4066,2025-12-21,2026-01-04,Technical,Medium,Closed,1
2760,3884,2022-12-23,2022-12-23,Technical,Low,Closed,5
2761,3383,2026-09-09,NULL,Account,Urgent,Open,NULL
2762,1038,2024-09-16,2024-09-24,Technical,Urgent,Closed,1
2763,4895,2023-12-03,NULL,Feature Request,High,Open,NULL
2764,2598,2022-04-29,2022-05-03,Technical,Medium,Closed,1
2765,3261,2024-11-24,2024-12-05,Feature Request,Urgent,Closed,4
2766,1915,2021-12-29,2022-01-10,Feature Request,Urgent,Closed,5
2767,2961,2025-03-07,2025-03-14,Technical,Urgent,Closed,5
2768,4294,2025-01-31,2025-02-13,Account,Medium,Closed,3
2769,3737,2024-11-11,2024-11-21,Technical,High,Closed,2
2770,3693,2024-11-27,2024-11-30,Account,Low,Closed,4
2771,3340,2026-08-18,NULL,Feature Request,Medium,In Progress,NULL
2772,3575,2025-09-02,2025-09-03,Technical,Low,Closed,2
2773,4475,2024-10-11,2024-10-23,Technical,Medium,Closed,3
2774,3796,2026-02-27,2026-03-06,Account,Medium,Closed,1
2775,1944,2023-10-02,2023-10-13,Feature Request,High,Closed,4
2776,2922,2026-01-20,2026-01-27,Billing,Urgent,Closed,1
2777,3619,2026-01-07,NULL,Account,Medium,Open,NULL
2778,4220,2025-01-21,2025-02-03,Feature Request,Low,Closed,3
2779,4356,2026-06-02,2026-06-02,Account,Medium,Closed,4
2780,2867,2026-01-11,2026-01-20,Other,Urgent,Closed,4
2781,471,2026-01-07,2026-01-16,Billing,High,Closed,3
2782,2718,2024-07-05,2024-07-06,Feature Request,Medium,Closed,1
2783,1499,2025-01-08,2025-01-22,Other,Urgent,Closed,2
2784,3969,2025-08-14,NULL,Account,High,Open,NULL
2785,3910,2022-11-23,2022-12-07,Other,Urgent,Closed,3
2786,1579,2026-07-28,2026-08-06,Billing,Low,Closed,3
2787,4972,2025-11-01,2025-11-09,Other,Urgent,Closed,5
2788,462,2022-05-14,NULL,Account,Medium,Open,NULL
2789,4032,2021-07-20,2021-07-24,Other,High,Closed,2
2790,254,2025-04-26,NULL,Billing,Low,In Progress,NULL
2791,1388,2025-01-18,2025-01-30,Other,High,Closed,2
2792,1550,2025-02-14,2025-02-16,Other,Medium,Closed,2
2793,4676,2025-10-25,2025-10-26,Technical,Urgent,Closed,4
2794,4530,2025-02-09,NULL,Feature Request,High,Open,NULL
2795,557,2026-06-30,2026-07-09,Feature Request,Low,Closed,4
2796,1850,2026-06-18,2026-06-26,Other,High,Closed,3
2797,78,2024-10-05,2024-10-19,Technical,High,Closed,4
2798,1375,2023-08-11,2023-08-16,Other,Urgent,Closed,1
2799,4943,2024-08-06,2024-08-11,Other,Urgent,Closed,1
2800,69,2026-07-24,2026-08-01,Feature Request,Medium,Closed,3
2801,2453,2026-07-16,2026-07-21,Billing,High,Closed,4
2802,1528,2026-06-19,2026-06-29,Other,Low,Closed,4
2803,538,2025-10-23,2025-10-24,Other,Medium,Closed,3
2804,4419,2024-09-11,2024-09-11,Billing,High,Closed,5
2805,2605,2025-10-03,2025-10-14,Billing,Medium,Closed,4
2806,2729,2024-05-13,2024-05-19,Account,High,Closed,4
2807,4618,2026-07-14,2026-07-18,Billing,High,Closed,5
2808,2168,2026-08-30,2026-09-08,Other,Medium,Closed,1
2809,1941,2025-05-28,2025-06-01,Feature Request,High,Closed,4
2810,4390,2026-06-16,2026-06-23,Other,Medium,Closed,4
2811,657,2025-10-30,2025-11-03,Feature Request,High,Closed,3
2812,4517,2023-09-03,2023-09-14,Other,Medium,Closed,1
2813,4434,2026-04-15,NULL,Billing,Urgent,Open,NULL
2814,1670,2025-04-17,2025-04-23,Feature Request,Urgent,Closed,2
2815,894,2024-08-27,2024-09-07,Feature Request,Low,Closed,5
2816,1607,2024-10-23,2024-11-03,Account,Medium,Closed,5
2817,3721,2026-05-12,2026-05-22,Billing,Medium,Closed,1
2818,4267,2023-03-14,2023-03-17,Other,High,Closed,3
2819,3181,2024-05-13,2024-05-19,Billing,Medium,Closed,3
2820,4062,2026-01-20,2026-01-21,Account,Urgent,Closed,5
2821,4616,2025-02-19,2025-02-20,Other,Urgent,Closed,5
2822,3321,2024-07-01,NULL,Technical,Low,Open,NULL
2823,783,2025-05-22,2025-06-05,Other,High,Closed,3
2824,4726,2026-04-10,2026-04-22,Billing,Low,Closed,3
2825,2448,2024-08-11,2024-08-18,Feature Request,High,Closed,3
2826,3504,2026-03-26,2026-04-01,Billing,Medium,Closed,4
2827,3792,2026-07-19,NULL,Other,High,Open,NULL
2828,474,2025-09-24,NULL,Account,Urgent,In Progress,NULL
2829,1732,2026-03-23,2026-03-24,Feature Request,Urgent,Closed,4
2830,4217,2026-09-11,2026-09-19,Technical,Medium,Closed,1
2831,2758,2021-11-11,2021-11-20,Technical,High,Closed,5
2832,4773,2026-08-17,2026-08-28,Technical,High,Closed,3
2833,2582,2023-08-22,2023-08-27,Feature Request,Medium,Closed,2
2834,2887,2026-07-26,2026-07-26,Other,Low,Closed,3
2835,1096,2026-04-30,2026-05-14,Feature Request,High,Closed,4
2836,537,2025-12-20,2025-12-29,Account,Urgent,Closed,3
2837,3169,2026-09-05,2026-09-17,Technical,High,Closed,3
2838,3994,2023-07-18,NULL,Technical,Urgent,Open,NULL
2839,2539,2025-09-07,2025-09-15,Other,Urgent,Closed,3
2840,1814,2025-02-18,2025-02-21,Billing,High,Closed,4
2841,1768,2023-02-11,NULL,Technical,Medium,In Progress,NULL
2842,355,2026-02-20,2026-02-25,Account,Medium,Closed,2
2843,2070,2025-09-10,2025-09-11,Billing,High,Closed,4
2844,3786,2025-12-20,2025-12-27,Feature Request,Low,Closed,1
2845,334,2024-07-11,NULL,Feature Request,Urgent,In Progress,NULL
2846,2702,2026-01-01,2026-01-02,Billing,Medium,Closed,1
2847,3880,2024-10-11,2024-10-24,Other,Urgent,Closed,5
2848,2565,2024-11-11,NULL,Billing,Urgent,In Progress,NULL
2849,4299,2025-02-05,NULL,Account,Low,In Progress,NULL
2850,628,2025-05-10,NULL,Feature Request,Low,Open,NULL
2851,4078,2026-07-02,2026-07-02,Technical,Medium,Closed,4
2852,3621,2026-01-12,2026-01-16,Account,Low,Closed,1
2853,1255,2025-09-06,2025-09-14,Other,Medium,Closed,4
2854,2113,2025-09-28,2025-09-29,Other,Low,Closed,2
2855,4686,2026-09-03,2026-09-13,Account,Medium,Closed,1
2856,3077,2026-06-28,2026-07-08,Technical,Low,Closed,5
2857,3329,2026-01-24,2026-02-07,Feature Request,Low,Closed,1
2858,1654,2024-11-20,2024-11-30,Other,Urgent,Closed,4
2859,3618,2023-06-12,2023-06-18,Account,Urgent,Closed,3
2860,4662,2024-11-22,NULL,Technical,High,Open,NULL
2861,2944,2023-12-25,NULL,Feature Request,Urgent,In Progress,NULL
2862,461,2026-05-21,NULL,Feature Request,Low,In Progress,NULL
2863,1332,2023-03-28,2023-04-04,Other,Urgent,Closed,4
2864,2723,2026-08-13,2026-08-23,Account,High,Closed,5
2865,3388,2026-05-02,2026-05-03,Billing,Medium,Closed,5
2866,1231,2025-07-03,2025-07-12,Account,High,Closed,2
2867,4439,2026-05-11,2026-05-21,Billing,High,Closed,2
2868,2010,2024-06-09,2024-06-16,Feature Request,Urgent,Closed,3
2869,390,2025-05-29,2025-05-30,Account,High,Closed,4
2870,1183,2025-05-12,2025-05-12,Other,High,Closed,5
2871,4883,2023-10-07,2023-10-21,Billing,Medium,Closed,2
2872,1883,2025-02-03,2025-02-14,Other,Medium,Closed,4
2873,4811,2025-04-28,2025-05-10,Billing,High,Closed,2
2874,2868,2026-04-14,2026-04-16,Billing,High,Closed,1
2875,895,2026-02-19,2026-02-25,Other,High,Closed,5
2876,2972,2023-08-12,2023-08-24,Billing,Medium,Closed,4
2877,2895,2026-06-10,2026-06-22,Technical,Medium,Closed,4
2878,4555,2025-05-02,2025-05-07,Account,Low,Closed,2
2879,3073,2023-01-17,2023-01-19,Other,Low,Closed,5
2880,4745,2026-08-18,2026-08-27,Technical,Medium,Closed,5
2881,556,2025-10-03,2025-10-13,Billing,High,Closed,2
2882,3805,2025-12-10,2025-12-23,Technical,Urgent,Closed,2
2883,878,2026-03-05,2026-03-05,Other,Medium,Closed,5
2884,191,2026-06-04,2026-06-04,Feature Request,High,Closed,1
2885,1124,2025-02-25,2025-02-27,Billing,High,Closed,2
2886,1027,2026-05-19,2026-05-22,Billing,Urgent,Closed,5
2887,1188,2024-05-27,NULL,Feature Request,Low,Open,NULL
2888,2830,2023-03-30,2023-04-12,Other,Urgent,Closed,1
2889,2239,2026-06-16,NULL,Technical,Medium,In Progress,NULL
2890,4252,2025-04-07,2025-04-09,Billing,Urgent,Closed,5
2891,2773,2024-12-07,2024-12-18,Technical,High,Closed,4
2892,542,2024-03-15,2024-03-29,Billing,Urgent,Closed,3
2893,2240,2025-10-15,NULL,Other,Low,In Progress,NULL
2894,3018,2026-05-23,2026-05-31,Account,High,Closed,5
2895,2636,2025-01-06,2025-01-12,Billing,Low,Closed,5
2896,3653,2025-06-12,NULL,Account,Medium,Open,NULL
2897,908,2024-01-26,2024-01-30,Billing,Low,Closed,2
2898,637,2025-08-09,2025-08-12,Other,Low,Closed,2
2899,1936,2023-06-23,2023-07-01,Feature Request,Medium,Closed,4
2900,2465,2024-05-17,2024-05-19,Account,Medium,Closed,3
2901,1372,2026-05-05,2026-05-05,Billing,Medium,Closed,5
2902,1512,2026-02-03,2026-02-06,Other,High,Closed,3
2903,248,2022-10-15,2022-10-24,Billing,Low,Closed,1
2904,1577,2025-06-23,2025-07-03,Technical,Urgent,Closed,4
2905,687,2025-01-01,2025-01-06,Feature Request,High,Closed,3
2906,1264,2023-10-21,2023-11-03,Billing,Urgent,Closed,3
2907,4097,2025-08-07,NULL,Feature Request,Urgent,Open,NULL
2908,4932,2026-06-12,2026-06-21,Other,High,Closed,2
2909,1298,2026-08-11,2026-08-24,Account,Medium,Closed,1
2910,1043,2023-12-13,2023-12-25,Account,High,Closed,1
2911,3526,2026-05-10,2026-05-13,Billing,High,Closed,4
2912,314,2026-03-09,NULL,Account,High,In Progress,NULL
2913,2404,2026-09-06,NULL,Billing,Medium,Open,NULL
2914,3416,2026-08-06,2026-08-15,Billing,High,Closed,4
2915,1814,2026-05-09,2026-05-18,Billing,Medium,Closed,5
2916,4646,2026-06-05,NULL,Technical,Low,Open,NULL
2917,1922,2026-04-05,NULL,Account,High,Open,NULL
2918,1547,2025-10-27,NULL,Feature Request,High,In Progress,NULL
2919,2555,2026-04-23,2026-05-01,Feature Request,Medium,Closed,4
2920,994,2026-04-25,2026-04-28,Technical,Urgent,Closed,4
2921,4700,2026-09-04,2026-09-08,Billing,Low,Closed,3
2922,2170,2025-06-18,2025-07-01,Billing,Medium,Closed,3
2923,1428,2023-12-16,2023-12-21,Other,Low,Closed,3
2924,2425,2022-08-24,2022-08-31,Other,Urgent,Closed,2
2925,2037,2021-10-17,2021-10-24,Other,Urgent,Closed,1
2926,4276,2026-02-18,2026-02-22,Billing,High,Closed,4
2927,1895,2025-07-30,2025-08-02,Account,High,Closed,5
2928,945,2026-02-20,2026-02-26,Other,High,Closed,1
2929,1418,2022-07-18,2022-08-01,Account,Urgent,Closed,3
2930,1919,2021-10-15,2021-10-19,Billing,High,Closed,5
2931,1269,2025-01-09,2025-01-10,Technical,Medium,Closed,3
2932,4072,2021-03-10,2021-03-16,Other,Medium,Closed,2
2933,4142,2025-05-23,2025-05-28,Technical,Medium,Closed,5
2934,1886,2024-10-26,2024-10-30,Other,Low,Closed,5
2935,3514,2024-12-12,2024-12-12,Billing,Urgent,Closed,1
2936,3084,2026-02-03,2026-02-17,Billing,Urgent,Closed,3
2937,2257,2023-10-11,NULL,Billing,Urgent,Open,NULL
2938,868,2025-01-02,2025-01-04,Technical,Low,Closed,4
2939,3588,2026-03-22,2026-03-29,Account,High,Closed,3
2940,3306,2023-09-07,2023-09-10,Technical,Urgent,Closed,3
2941,3605,2026-04-30,2026-04-30,Billing,Low,Closed,4
2942,1818,2026-05-31,2026-05-31,Feature Request,Urgent,Closed,4
2943,412,2026-04-27,2026-05-06,Feature Request,Medium,Closed,4
2944,524,2025-04-11,2025-04-20,Account,Low,Closed,2
2945,605,2025-04-29,2025-04-30,Feature Request,Medium,Closed,3
2946,665,2026-02-13,2026-02-21,Account,Low,Closed,3
2947,1130,2026-06-15,2026-06-22,Other,Medium,Closed,3
2948,3280,2023-11-30,2023-12-14,Account,Urgent,Closed,3
2949,4568,2026-03-12,2026-03-21,Other,High,Closed,5
2950,2847,2023-09-01,2023-09-03,Billing,Low,Closed,1
2951,4050,2026-06-07,2026-06-21,Feature Request,Low,Closed,4
2952,3396,2026-09-10,2026-09-19,Feature Request,Low,Closed,4
2953,3171,2025-10-31,2025-11-04,Account,Urgent,Closed,4
2954,4243,2024-07-03,2024-07-12,Technical,Low,Closed,1
2955,3177,2023-08-28,2023-09-08,Other,High,Closed,3
2956,1794,2024-02-29,NULL,Feature Request,Medium,Open,NULL
2957,3626,2026-04-21,NULL,Billing,Medium,In Progress,NULL
2958,918,2026-06-14,2026-06-18,Feature Request,Urgent,Closed,4
2959,1202,2023-08-14,2023-08-24,Feature Request,Urgent,Closed,1
2960,3204,2026-03-20,2026-03-26,Technical,Medium,Closed,4
2961,447,2026-06-05,NULL,Billing,Medium,Open,NULL
2962,2435,2026-05-03,2026-05-08,Billing,Medium,Closed,4
2963,1980,2026-03-12,2026-03-15,Technical,Low,Closed,4
2964,574,2025-08-12,2025-08-21,Other,Urgent,Closed,5
2965,4873,2025-09-02,2025-09-12,Technical,Urgent,Closed,2
2966,2636,2023-12-17,2023-12-17,Technical,Urgent,Closed,2
2967,2501,2026-08-01,2026-08-06,Account,Urgent,Closed,4
2968,4198,2024-01-07,2024-01-18,Billing,Low,Closed,2
2969,798,2024-08-13,2024-08-17,Billing,Low,Closed,4
2970,391,2024-12-12,2024-12-18,Account,Medium,Closed,3
2971,2248,2024-12-17,2024-12-31,Billing,Medium,Closed,5
2972,4177,2024-11-27,NULL,Technical,Urgent,In Progress,NULL
2973,3329,2026-08-16,2026-08-25,Feature Request,Medium,Closed,1
2974,331,2026-05-08,2026-05-18,Feature Request,Low,Closed,1
2975,3390,2026-09-09,2026-09-21,Technical,High,Closed,4
2976,2430,2026-09-13,2026-09-21,Billing,Urgent,Closed,4
2977,199,2026-04-29,NULL,Feature Request,Urgent,Open,NULL
2978,2481,2026-07-23,2026-07-24,Billing,High,Closed,1
2979,1355,2025-06-18,2025-06-20,Technical,Low,Closed,2
2980,596,2026-02-14,2026-02-25,Other,Medium,Closed,3
2981,1101,2026-06-19,2026-06-24,Technical,High,Closed,2
2982,1759,2026-08-07,2026-08-16,Account,Low,Closed,1
2983,2987,2024-05-31,2024-05-31,Feature Request,High,Closed,3
2984,4631,2025-10-13,2025-10-23,Technical,High,Closed,1
2985,4574,2026-04-26,2026-05-04,Billing,High,Closed,4
2986,266,2025-10-06,NULL,Technical,High,In Progress,NULL
2987,4430,2025-10-08,2025-10-17,Account,Medium,Closed,1
2988,1664,2026-07-01,2026-07-09,Feature Request,High,Closed,4
2989,1782,2025-01-23,2025-02-04,Account,Urgent,Closed,3
2990,1146,2026-08-11,2026-08-12,Technical,Medium,Closed,3
2991,2995,2026-06-13,2026-06-18,Feature Request,Medium,Closed,3
2992,2809,2025-03-16,2025-03-26,Other,Medium,Closed,5
2993,4990,2026-02-25,NULL,Billing,Low,Open,NULL
2994,879,2021-04-17,NULL,Billing,Urgent,In Progress,NULL
2995,227,2026-08-15,2026-08-17,Other,Low,Closed,1
2996,909,2026-07-24,NULL,Account,High,Open,NULL
2997,3779,2025-04-11,2025-04-13,Feature Request,Medium,Closed,2
2998,2280,2025-10-12,2025-10-18,Feature Request,Medium,Closed,4
2999,1314,2023-08-07,2023-08-13,Other,Low,Closed,4
3000,3452,2024-05-26,2024-05-28,Billing,Low,Closed,3
