usage_id,customer_id,activity_date,feature_used,session_duration_min,login_count
1,1,2021-09-10,Export Data,87,2
2,2,2026-06-01,API Access,51,3
3,2,2024-11-22,Integrations,25,2
4,2,2025-12-02,Export Data,82,2
5,2,2026-07-15,Mobile App,44,2
6,3,2024-10-07,Integrations,111,4
7,3,2026-09-03,Integrations,113,1
8,3,2026-07-15,Team Collaboration,25,1
9,3,2022-10-20,Integrations,108,4
10,4,2024-06-05,Reports,89,3
11,5,2023-07-29,Team Collaboration,12,2
12,7,2024-05-19,Mobile App,65,3
13,7,2024-07-23,Dashboard,120,5
14,8,2024-11-14,Mobile App,100,2
15,8,2024-12-24,Integrations,4,3
16,9,2026-07-13,Integrations,67,5
17,9,2026-01-17,API Access,99,3
18,9,2025-02-22,Team Collaboration,10,5
19,9,2025-10-25,API Access,89,2
20,9,2025-10-29,API Access,31,5
21,9,2025-06-12,API Access,102,1
22,9,2025-06-01,Integrations,115,5
23,10,2023-04-06,Mobile App,80,1
24,10,2025-06-19,Dashboard,109,3
25,10,2024-06-18,Notifications,65,3
26,10,2023-04-17,Team Collaboration,108,5
27,10,2024-12-11,Export Data,108,1
28,10,2023-03-12,Notifications,48,1
29,11,2026-02-25,Notifications,60,3
30,11,2026-08-22,Notifications,98,3
31,11,2026-07-15,Export Data,106,2
32,11,2024-01-18,Reports,90,1
33,11,2024-08-26,Reports,49,3
34,11,2026-05-14,Team Collaboration,20,5
35,11,2024-04-30,Export Data,15,1
36,11,2024-10-12,Mobile App,107,4
37,11,2025-11-05,Export Data,56,2
38,11,2025-12-07,Export Data,92,1
39,12,2022-10-15,Team Collaboration,116,1
40,12,2022-12-07,Reports,108,4
41,12,2022-08-30,Integrations,119,3
42,12,2022-11-24,Dashboard,42,3
43,13,2025-12-18,Reports,13,2
44,14,2024-03-26,Dashboard,91,2
45,14,2023-09-28,Integrations,6,3
46,14,2023-08-17,Mobile App,73,5
47,14,2023-07-24,Mobile App,37,1
48,14,2024-03-19,Notifications,53,3
49,14,2024-06-16,Reports,116,1
50,14,2024-10-21,Team Collaboration,61,4
51,14,2025-09-08,Dashboard,68,1
52,14,2024-04-01,Export Data,91,3
53,15,2024-04-05,Reports,78,5
54,15,2023-10-13,Export Data,39,4
55,17,2025-07-01,Integrations,54,2
56,17,2026-08-02,Integrations,71,3
57,17,2025-03-15,Notifications,47,3
58,18,2023-10-16,Team Collaboration,13,2
59,18,2023-06-17,Export Data,45,1
60,18,2023-05-24,Integrations,46,5
61,18,2024-06-16,Team Collaboration,63,3
62,18,2025-08-07,Integrations,78,1
63,18,2023-09-09,Team Collaboration,64,1
64,18,2023-10-22,Mobile App,10,4
65,18,2024-07-17,Integrations,5,2
66,19,2026-03-03,API Access,43,3
67,19,2023-04-04,Team Collaboration,68,1
68,19,2026-07-26,API Access,4,3
69,19,2024-01-17,Team Collaboration,14,5
70,19,2025-01-09,Reports,7,3
71,19,2024-07-06,Export Data,79,4
72,19,2026-07-26,Dashboard,95,1
73,19,2026-05-22,Export Data,17,2
74,19,2025-07-14,Dashboard,85,5
75,19,2024-01-04,Export Data,90,3
76,20,2022-11-28,Dashboard,13,2
77,21,2023-08-12,API Access,3,3
78,22,2024-10-17,Team Collaboration,20,5
79,22,2024-02-25,Team Collaboration,52,3
80,22,2023-12-16,API Access,83,2
81,22,2024-01-11,Dashboard,52,2
82,22,2024-03-18,Integrations,87,2
83,22,2026-04-10,Notifications,36,2
84,22,2025-06-13,Export Data,113,1
85,22,2026-04-13,Dashboard,68,3
86,22,2025-08-15,Reports,20,3
87,23,2025-08-24,Reports,37,3
88,23,2024-11-12,Integrations,80,2
89,24,2024-10-27,Integrations,2,4
90,24,2025-07-23,API Access,56,4
91,24,2025-07-09,API Access,21,3
92,24,2025-04-25,Dashboard,4,1
93,25,2025-08-15,Reports,66,1
94,25,2026-06-19,API Access,44,3
95,25,2026-06-22,Notifications,35,5
96,25,2026-06-08,Integrations,93,1
97,25,2025-10-25,Dashboard,115,3
98,25,2026-03-03,Team Collaboration,13,3
99,26,2026-01-09,Dashboard,2,2
100,26,2024-08-27,Mobile App,54,5
101,26,2026-03-02,API Access,102,5
102,26,2024-09-24,Team Collaboration,76,3
103,27,2025-01-27,Notifications,66,5
104,28,2026-04-18,Mobile App,17,2
105,28,2025-11-22,API Access,29,5
106,28,2025-10-01,Mobile App,86,5
107,28,2025-07-20,API Access,30,1
108,28,2025-07-11,Export Data,100,5
109,28,2026-04-22,Notifications,13,3
110,28,2025-07-07,Mobile App,66,5
111,28,2026-04-03,Integrations,94,5
112,29,2026-08-30,Team Collaboration,14,1
113,29,2026-08-17,Integrations,67,4
114,30,2023-02-15,Dashboard,39,3
115,31,2024-04-14,Mobile App,18,1
116,31,2024-07-13,Export Data,96,4
117,31,2024-04-09,Export Data,91,4
118,32,2026-05-31,Notifications,69,2
119,32,2026-06-25,Mobile App,55,1
120,34,2026-01-06,API Access,111,1
121,34,2024-07-22,Integrations,36,3
122,34,2024-03-22,API Access,109,5
123,34,2025-12-22,Team Collaboration,38,5
124,34,2025-06-03,Mobile App,24,5
125,34,2025-11-17,Integrations,105,1
126,35,2025-02-17,Reports,16,3
127,35,2026-09-15,Dashboard,17,4
128,36,2022-04-06,Team Collaboration,65,3
129,36,2025-03-10,Reports,55,1
130,37,2026-08-31,Dashboard,1,1
131,37,2026-09-03,Export Data,73,1
132,38,2025-08-24,Reports,26,2
133,38,2024-06-01,Dashboard,15,2
134,39,2024-02-03,API Access,84,4
135,39,2024-05-04,Dashboard,9,4
136,39,2024-06-10,Team Collaboration,73,2
137,39,2026-02-08,API Access,108,4
138,39,2024-05-27,Export Data,62,4
139,39,2025-02-17,Notifications,92,2
140,39,2024-01-10,Team Collaboration,23,5
141,39,2025-01-08,API Access,93,3
142,39,2026-06-09,Dashboard,50,5
143,39,2024-07-07,Integrations,44,2
144,40,2022-04-03,Mobile App,44,2
145,40,2021-06-02,Dashboard,91,5
146,40,2021-05-27,API Access,49,4
147,41,2025-08-22,Reports,36,1
148,41,2024-07-25,API Access,98,4
149,41,2021-11-21,Dashboard,41,5
150,41,2025-09-07,API Access,57,4
151,41,2026-01-25,Export Data,34,5
152,41,2024-01-18,Team Collaboration,74,5
153,41,2021-07-17,Team Collaboration,112,2
154,41,2021-12-31,Team Collaboration,22,1
155,41,2026-06-08,API Access,51,5
156,41,2022-11-21,Mobile App,42,3
157,42,2024-01-05,Integrations,102,4
158,42,2023-09-11,Notifications,42,5
159,42,2023-12-30,Reports,119,2
160,43,2022-04-11,Reports,106,2
161,43,2023-07-05,Notifications,72,2
162,43,2022-09-26,Team Collaboration,42,5
163,43,2022-04-28,Notifications,34,4
164,44,2023-04-23,Mobile App,19,2
165,44,2022-12-03,Integrations,23,4
166,44,2021-12-27,Integrations,53,3
167,44,2022-04-09,Reports,4,2
168,45,2026-07-23,Team Collaboration,101,1
169,46,2026-05-26,Team Collaboration,4,1
170,46,2026-08-20,Team Collaboration,120,4
171,46,2026-01-06,API Access,78,3
172,48,2026-08-20,Mobile App,46,4
173,48,2026-06-03,Export Data,81,1
174,48,2026-01-31,API Access,80,2
175,48,2026-08-25,Mobile App,27,2
176,48,2026-08-30,Dashboard,49,5
177,48,2026-03-18,Dashboard,15,5
178,48,2026-01-23,Mobile App,38,2
179,48,2026-04-18,Notifications,29,4
180,48,2026-06-09,API Access,78,2
181,49,2024-07-29,Dashboard,54,1
182,49,2025-12-15,API Access,70,2
183,49,2025-07-24,Integrations,86,1
184,49,2023-11-05,Integrations,96,2
185,50,2022-07-12,Notifications,73,4
186,50,2021-11-10,Dashboard,78,4
187,50,2022-05-17,Mobile App,70,5
188,50,2021-08-04,Dashboard,37,5
189,51,2023-08-14,Team Collaboration,75,1
190,51,2023-07-14,Dashboard,95,3
191,52,2026-06-24,Mobile App,67,1
192,52,2026-04-01,API Access,102,1
193,52,2024-09-15,Reports,37,3
194,52,2026-05-07,Export Data,12,3
195,53,2022-02-13,API Access,35,4
196,53,2024-10-30,API Access,85,4
197,53,2023-11-05,Notifications,55,3
198,53,2025-11-24,Integrations,116,4
199,53,2025-02-20,Dashboard,41,3
200,53,2023-11-08,Notifications,4,4
201,53,2023-10-20,Dashboard,8,1
202,53,2022-11-28,Integrations,41,3
203,53,2024-06-19,Export Data,61,3
204,53,2025-12-11,Export Data,16,1
205,54,2026-09-08,Notifications,103,1
206,54,2026-09-04,API Access,46,2
207,54,2026-06-17,Mobile App,45,1
208,55,2026-06-07,Mobile App,18,4
209,56,2023-05-30,API Access,20,2
210,56,2023-05-01,Export Data,14,1
211,56,2023-04-25,Mobile App,20,1
212,57,2025-03-17,Export Data,89,1
213,57,2026-01-03,Team Collaboration,13,2
214,58,2023-12-09,Notifications,114,2
215,59,2024-09-17,Team Collaboration,50,5
216,59,2024-07-06,Export Data,33,2
217,59,2021-09-08,Team Collaboration,17,1
218,60,2026-06-24,Team Collaboration,95,4
219,60,2025-06-02,Notifications,27,4
220,60,2026-06-25,Integrations,45,2
221,60,2025-09-11,Reports,101,3
222,60,2023-11-12,Notifications,104,1
223,60,2022-07-23,Mobile App,105,3
224,61,2026-07-05,Mobile App,114,1
225,62,2025-05-21,Reports,92,5
226,62,2024-06-11,Team Collaboration,120,4
227,63,2026-02-10,API Access,92,1
228,63,2026-04-21,Mobile App,85,2
229,63,2026-06-19,API Access,70,4
230,63,2026-06-13,Export Data,43,3
231,63,2026-01-28,Integrations,15,4
232,63,2026-02-08,Integrations,81,4
233,64,2021-07-17,Notifications,18,1
234,65,2026-03-04,Reports,30,5
235,65,2026-02-22,Notifications,112,3
236,65,2025-11-28,Mobile App,40,3
237,65,2026-04-13,Reports,111,4
238,65,2026-01-27,Team Collaboration,25,2
239,65,2026-06-21,Reports,96,5
240,65,2026-03-02,Team Collaboration,112,1
241,65,2026-09-13,API Access,57,2
242,66,2026-02-01,Export Data,98,5
243,66,2025-08-07,Team Collaboration,74,1
244,66,2025-08-17,API Access,48,3
245,66,2025-08-14,Mobile App,100,5
246,66,2026-04-19,Team Collaboration,70,4
247,66,2026-05-18,Team Collaboration,77,2
248,66,2025-12-10,Mobile App,97,3
249,66,2026-01-29,Dashboard,45,5
250,66,2025-09-22,Dashboard,102,2
251,67,2024-09-09,Reports,88,2
252,67,2026-01-19,API Access,25,4
253,68,2024-05-07,Notifications,66,3
254,68,2025-01-14,Reports,11,3
255,68,2024-11-21,Reports,26,3
256,68,2025-01-22,API Access,60,4
257,68,2024-12-21,Notifications,3,4
258,68,2026-04-28,Reports,38,1
259,69,2026-07-18,API Access,99,3
260,69,2026-08-21,Mobile App,24,4
261,70,2024-06-16,Notifications,53,5
262,70,2024-03-03,Dashboard,104,3
263,70,2023-11-17,Team Collaboration,79,2
264,71,2024-12-14,Notifications,18,1
265,71,2021-11-28,Export Data,65,1
266,71,2024-05-21,Dashboard,85,3
267,71,2025-01-07,Dashboard,115,1
268,71,2023-08-09,API Access,60,5
269,71,2025-11-06,Notifications,36,5
270,71,2025-02-21,API Access,82,4
271,71,2023-05-16,Notifications,19,2
272,71,2023-07-30,Integrations,85,1
273,71,2023-04-24,API Access,45,1
274,72,2026-07-03,Integrations,13,1
275,73,2023-06-04,API Access,46,1
276,73,2025-09-14,Notifications,98,4
277,73,2022-12-02,Export Data,71,2
278,73,2025-10-26,Team Collaboration,110,4
279,73,2024-08-16,Team Collaboration,26,1
280,75,2024-09-22,Dashboard,23,3
281,76,2023-10-24,API Access,106,5
282,76,2023-12-26,Integrations,89,5
283,77,2025-10-24,Team Collaboration,59,1
284,77,2023-09-04,Dashboard,26,3
285,77,2024-12-25,Mobile App,8,4
286,77,2025-12-28,API Access,79,1
287,77,2022-04-08,Mobile App,75,5
288,78,2025-01-27,Notifications,1,3
289,78,2024-10-25,Reports,47,1
290,79,2025-06-14,Reports,25,1
291,79,2025-12-24,API Access,107,5
292,79,2024-07-10,Export Data,39,5
293,79,2026-05-26,Team Collaboration,74,1
294,79,2024-12-27,Notifications,64,2
295,80,2025-02-13,Integrations,20,4
296,80,2024-06-09,Dashboard,9,1
297,80,2026-08-01,Notifications,109,4
298,80,2025-08-24,Export Data,100,2
299,80,2025-08-08,Integrations,113,3
300,80,2024-10-14,Notifications,83,4
301,80,2025-06-23,API Access,103,3
302,80,2026-05-11,API Access,11,4
303,80,2024-10-21,Integrations,24,5
304,80,2026-05-29,Dashboard,75,4
305,81,2024-07-19,Mobile App,75,4
306,81,2025-12-14,Export Data,71,1
307,81,2024-06-24,Team Collaboration,92,5
308,81,2025-11-24,Integrations,2,4
309,81,2022-11-22,Reports,22,3
310,81,2022-07-10,Mobile App,43,3
311,81,2026-08-22,Notifications,117,2
312,81,2021-03-11,Dashboard,67,3
313,81,2024-04-25,Reports,20,1
314,82,2022-07-08,Notifications,13,3
315,82,2022-08-03,API Access,91,4
316,82,2022-07-27,Team Collaboration,48,1
317,82,2022-09-27,Team Collaboration,9,4
318,83,2024-01-24,Export Data,23,5
319,83,2024-02-08,Reports,31,3
320,83,2024-01-15,Mobile App,87,1
321,84,2026-09-01,Integrations,94,1
322,84,2026-08-30,Export Data,16,5
323,85,2026-07-06,Reports,24,3
324,86,2023-04-17,API Access,55,2
325,86,2022-10-19,Mobile App,18,4
326,86,2022-06-15,Notifications,74,5
327,86,2024-12-29,Integrations,57,1
328,86,2022-09-28,Team Collaboration,69,2
329,86,2023-08-16,Team Collaboration,49,1
330,86,2024-06-01,Dashboard,9,5
331,86,2025-08-31,Export Data,6,2
332,86,2021-10-20,Notifications,72,2
333,86,2024-04-24,Integrations,44,4
334,87,2025-01-24,Export Data,99,1
335,87,2025-07-31,Team Collaboration,81,4
336,87,2025-10-22,Mobile App,63,3
337,87,2022-10-31,Notifications,1,5
338,87,2025-10-28,Team Collaboration,94,5
339,87,2024-03-05,Notifications,19,2
340,87,2025-10-13,Export Data,56,1
341,88,2022-11-02,Team Collaboration,7,5
342,88,2024-12-10,API Access,69,2
343,88,2025-09-01,Export Data,88,4
344,88,2025-10-27,Export Data,113,2
345,88,2023-10-21,Notifications,73,3
346,88,2024-07-07,Mobile App,104,5
347,89,2025-09-04,Notifications,113,2
348,89,2024-07-14,Export Data,28,4
349,89,2026-08-08,Mobile App,11,1
350,90,2025-05-14,Mobile App,77,3
351,90,2025-10-19,Dashboard,49,4
352,90,2025-05-22,API Access,120,1
353,90,2026-02-20,Mobile App,70,5
354,90,2025-05-28,Integrations,97,4
355,90,2026-01-29,Notifications,80,4
356,90,2026-04-27,Team Collaboration,23,3
357,93,2025-07-14,Dashboard,87,3
358,93,2026-05-04,Reports,83,5
359,93,2024-11-23,Team Collaboration,106,5
360,93,2025-01-17,Integrations,65,4
361,93,2026-03-05,Dashboard,45,5
362,94,2024-03-31,Integrations,76,2
363,94,2026-02-06,Dashboard,40,2
364,94,2025-02-04,Dashboard,35,3
365,94,2024-09-02,Reports,97,1
366,95,2026-08-25,Mobile App,19,5
367,95,2025-10-19,API Access,120,3
368,96,2026-06-30,API Access,79,4
369,96,2022-02-11,Reports,31,2
370,97,2022-01-26,Integrations,71,1
371,97,2021-12-19,API Access,40,4
372,98,2025-12-30,Notifications,67,3
373,98,2022-09-12,Integrations,33,1
374,98,2023-07-21,Reports,26,4
375,98,2024-03-30,Export Data,80,3
376,98,2024-07-09,Dashboard,103,1
377,98,2026-06-30,Mobile App,14,3
378,98,2025-05-11,Integrations,60,1
379,98,2023-06-24,Reports,52,1
380,98,2022-12-27,Team Collaboration,54,1
381,98,2026-06-11,Reports,91,5
382,99,2025-12-06,Reports,87,2
383,99,2025-04-09,Reports,98,3
384,99,2024-09-06,Integrations,49,3
385,99,2025-04-28,Integrations,22,2
386,99,2025-09-23,Reports,102,4
387,99,2025-12-31,API Access,24,5
388,99,2026-07-03,Export Data,113,1
389,99,2025-08-18,API Access,17,1
390,101,2025-11-20,API Access,40,1
391,101,2025-04-09,Notifications,13,4
392,101,2025-06-26,Reports,90,3
393,101,2025-08-16,Integrations,7,4
394,102,2023-05-05,Reports,32,5
395,102,2022-09-26,Integrations,58,2
396,102,2025-10-01,API Access,49,4
397,102,2022-10-28,Team Collaboration,6,4
398,102,2025-06-25,Integrations,49,5
399,102,2025-05-19,API Access,23,5
400,102,2026-04-11,Export Data,44,2
401,102,2023-08-12,Notifications,105,5
402,103,2025-08-18,Dashboard,52,4
403,103,2026-06-03,Team Collaboration,66,5
404,104,2026-01-18,Dashboard,88,2
405,105,2025-02-03,Integrations,67,2
406,105,2024-01-20,Team Collaboration,94,1
407,105,2026-02-21,Notifications,24,5
408,106,2025-10-16,Integrations,103,1
409,106,2026-06-24,Mobile App,47,5
410,106,2025-04-19,Export Data,113,2
411,106,2026-05-07,Export Data,32,2
412,106,2026-02-21,Mobile App,52,1
413,106,2026-06-18,Notifications,52,2
414,106,2025-10-05,Export Data,49,4
415,106,2026-08-20,Reports,57,1
416,106,2025-07-26,Reports,87,4
417,107,2025-08-05,Team Collaboration,7,5
418,107,2023-11-26,Export Data,6,4
419,108,2023-07-29,Team Collaboration,25,4
420,108,2024-06-02,Integrations,113,5
421,108,2024-05-23,Notifications,24,1
422,109,2026-07-16,Team Collaboration,62,5
423,109,2026-03-19,Integrations,92,4
424,109,2025-12-11,Integrations,65,1
425,109,2025-11-19,Export Data,70,1
426,110,2024-06-05,Reports,98,3
427,110,2025-05-22,Team Collaboration,42,5
428,110,2025-10-03,Team Collaboration,47,1
429,110,2025-05-13,Integrations,61,3
430,110,2026-07-24,Team Collaboration,66,3
431,111,2025-11-22,Dashboard,34,3
432,111,2025-07-16,Reports,91,2
433,112,2024-04-30,Mobile App,114,5
434,112,2021-08-17,Team Collaboration,85,5
435,112,2026-05-19,Team Collaboration,42,4
436,112,2024-06-28,Reports,50,4
437,113,2024-01-15,Dashboard,31,3
438,113,2024-02-03,Export Data,28,3
439,113,2024-02-06,Team Collaboration,29,1
440,114,2026-08-09,Export Data,118,4
441,114,2026-04-11,Reports,84,3
442,114,2026-02-02,Export Data,43,3
443,114,2026-08-21,API Access,56,2
444,114,2026-06-09,Dashboard,118,4
445,114,2026-01-11,Export Data,59,2
446,114,2026-02-06,Integrations,2,2
447,114,2026-01-04,Mobile App,119,1
448,114,2026-07-12,API Access,10,2
449,115,2026-03-27,Reports,75,1
450,115,2026-06-29,Export Data,61,5
451,115,2026-06-27,Integrations,10,4
452,115,2026-02-19,Reports,115,3
453,115,2025-12-21,Dashboard,16,5
454,115,2026-04-22,API Access,88,1
455,115,2026-01-19,Mobile App,107,4
456,115,2026-04-04,Export Data,60,2
457,115,2026-05-28,API Access,40,2
458,116,2025-10-23,Mobile App,24,5
459,116,2025-05-04,Export Data,5,5
460,116,2026-08-28,API Access,42,2
461,116,2026-01-09,API Access,7,2
462,116,2025-08-16,Notifications,68,1
463,116,2026-05-16,Integrations,1,2
464,116,2025-08-07,Reports,98,3
465,116,2026-02-11,Team Collaboration,116,2
466,116,2025-05-22,Reports,80,3
467,117,2023-10-22,Export Data,45,4
468,117,2024-11-06,Reports,117,2
469,117,2025-11-21,API Access,32,3
470,117,2024-07-10,Notifications,21,5
471,117,2022-08-02,Reports,99,2
472,117,2023-07-13,Integrations,58,1
473,117,2024-02-02,API Access,9,5
474,117,2024-04-13,Dashboard,34,5
475,117,2023-05-23,Team Collaboration,3,3
476,117,2022-02-20,Dashboard,88,5
477,118,2023-05-28,Team Collaboration,118,4
478,118,2023-06-03,API Access,105,2
479,119,2026-05-31,Notifications,78,3
480,119,2026-02-16,Reports,96,4
481,119,2025-01-02,API Access,27,1
482,119,2025-10-15,Dashboard,36,1
483,119,2026-08-20,Integrations,104,5
484,119,2025-11-08,Notifications,84,1
485,119,2024-10-28,API Access,94,4
486,120,2025-06-26,Integrations,25,4
487,121,2025-10-09,Reports,49,5
488,121,2025-12-30,Mobile App,40,5
489,121,2025-06-04,API Access,19,5
490,121,2025-10-18,Team Collaboration,63,5
491,122,2026-01-09,Notifications,113,4
492,123,2026-04-24,Dashboard,105,2
493,123,2025-04-04,Mobile App,75,5
494,123,2025-04-27,Team Collaboration,24,4
495,124,2026-02-01,Team Collaboration,53,2
496,124,2026-02-14,Team Collaboration,10,3
497,124,2025-11-07,Export Data,40,4
498,125,2025-07-11,Export Data,38,4
499,125,2025-01-04,Dashboard,96,1
500,125,2026-04-05,Mobile App,24,2
501,125,2025-11-05,Mobile App,34,3
502,125,2024-08-08,Team Collaboration,5,5
503,126,2024-09-22,Dashboard,21,2
504,126,2024-08-31,Reports,100,1
505,126,2024-09-05,Export Data,98,2
506,127,2026-05-27,Notifications,85,5
507,127,2023-08-22,Team Collaboration,50,3
508,127,2024-07-11,API Access,3,2
509,127,2024-07-25,Reports,68,5
510,127,2025-07-14,Integrations,54,4
511,127,2024-02-26,API Access,119,5
512,127,2024-04-11,Team Collaboration,103,4
513,127,2026-04-02,Export Data,110,5
514,127,2026-07-06,Export Data,86,3
515,128,2022-08-09,Dashboard,103,5
516,128,2024-06-05,API Access,114,1
517,128,2022-08-06,Export Data,120,5
518,128,2025-01-07,Notifications,14,3
519,128,2023-06-14,Mobile App,7,5
520,128,2025-02-25,Notifications,3,1
521,128,2022-07-31,Reports,111,2
522,128,2022-11-11,Integrations,53,4
523,128,2024-05-23,Reports,99,4
524,128,2022-07-21,Reports,74,2
525,129,2025-04-05,Mobile App,112,3
526,129,2025-11-20,Dashboard,67,5
527,129,2026-06-21,Dashboard,28,2
528,129,2025-07-21,Dashboard,82,3
529,129,2026-01-11,Mobile App,20,1
530,130,2026-03-05,Mobile App,81,5
531,130,2023-11-08,Export Data,8,3
532,130,2023-08-19,Export Data,22,3
533,130,2024-10-23,Team Collaboration,47,4
534,130,2024-06-24,Notifications,6,2
535,130,2026-07-21,Dashboard,84,5
536,131,2022-01-29,Reports,82,4
537,131,2024-02-20,Export Data,25,2
538,131,2025-06-18,Reports,100,2
539,131,2022-04-04,Team Collaboration,75,3
540,131,2022-08-10,Integrations,89,2
541,131,2026-06-23,Notifications,75,3
542,132,2023-08-23,Team Collaboration,102,1
543,133,2024-04-22,Reports,35,2
544,133,2026-02-05,Team Collaboration,63,3
545,133,2023-03-15,Integrations,6,1
546,133,2026-05-26,Integrations,53,2
547,133,2023-11-13,Export Data,51,3
548,133,2025-09-22,Team Collaboration,95,4
549,133,2024-03-03,Reports,96,5
550,133,2026-03-09,API Access,72,4
551,133,2023-10-06,Team Collaboration,4,5
552,134,2026-07-21,Integrations,14,3
553,134,2026-08-13,Reports,105,2
554,135,2021-08-07,API Access,44,5
555,135,2021-06-10,Dashboard,27,2
556,136,2023-10-29,Notifications,94,1
557,136,2025-04-23,Notifications,24,2
558,136,2023-04-28,Reports,101,5
559,136,2026-08-25,API Access,87,5
560,137,2021-12-12,Reports,47,4
561,137,2024-04-28,Integrations,109,4
562,138,2026-04-11,Dashboard,120,5
563,138,2026-09-08,API Access,106,3
564,138,2026-06-19,Mobile App,20,4
565,138,2026-09-14,API Access,52,2
566,138,2026-04-12,API Access,14,5
567,138,2026-09-13,Notifications,30,5
568,138,2026-02-23,API Access,1,3
569,138,2026-04-13,Export Data,65,2
570,138,2026-05-02,Mobile App,49,5
571,139,2025-11-05,Team Collaboration,16,2
572,139,2026-03-17,Integrations,40,2
573,139,2026-03-25,Mobile App,61,1
574,139,2025-11-20,Dashboard,5,2
575,140,2025-11-26,Team Collaboration,2,3
576,140,2025-11-16,Notifications,82,1
577,141,2026-09-13,Reports,24,3
578,141,2026-05-29,Reports,51,3
579,141,2026-05-11,Team Collaboration,118,5
580,141,2026-08-16,Reports,67,5
581,142,2024-11-21,Reports,115,5
582,142,2024-11-26,Notifications,30,3
583,142,2024-07-01,Export Data,49,1
584,142,2025-02-07,Mobile App,32,4
585,143,2024-04-06,Reports,73,1
586,143,2024-02-16,Team Collaboration,100,4
587,144,2025-01-03,Notifications,68,5
588,144,2025-04-07,API Access,85,4
589,144,2024-02-02,Mobile App,85,4
590,144,2025-09-20,API Access,93,3
591,144,2025-10-09,Mobile App,36,4
592,144,2026-05-09,Team Collaboration,81,1
593,144,2026-09-14,Team Collaboration,80,4
594,145,2023-05-01,Integrations,35,4
595,145,2022-10-31,Dashboard,6,2
596,146,2026-03-19,Integrations,90,5
597,146,2026-02-11,Dashboard,11,1
598,146,2025-06-05,Notifications,47,5
599,146,2025-08-25,Export Data,82,5
600,146,2026-04-25,Reports,56,2
601,146,2026-03-12,API Access,52,1
602,146,2025-11-14,Mobile App,109,1
603,147,2024-02-11,Integrations,98,1
604,147,2024-11-26,Notifications,4,1
605,147,2024-08-28,Reports,14,3
606,147,2023-05-17,API Access,65,3
607,147,2022-10-31,Dashboard,82,4
608,147,2023-07-09,Integrations,104,3
609,148,2026-05-04,Integrations,64,1
610,148,2026-06-13,Integrations,72,3
611,148,2026-03-25,Team Collaboration,11,3
612,148,2026-06-04,API Access,68,4
613,149,2025-10-31,Dashboard,35,4
614,149,2026-02-09,Reports,49,2
615,149,2026-08-02,Notifications,17,5
616,149,2026-02-10,Dashboard,41,3
617,149,2026-02-02,Team Collaboration,87,4
618,149,2025-12-18,Dashboard,80,5
619,149,2025-10-29,Dashboard,115,2
620,150,2026-08-03,Notifications,116,2
621,151,2026-03-07,Notifications,21,2
622,151,2024-05-17,Integrations,43,3
623,151,2024-12-07,Team Collaboration,9,1
624,151,2024-07-18,Reports,74,4
625,151,2026-07-02,Export Data,118,5
626,151,2025-09-04,Integrations,89,1
627,151,2024-12-02,Team Collaboration,27,4
628,152,2025-08-14,Integrations,49,2
629,152,2025-07-19,Dashboard,53,4
630,152,2026-01-17,Export Data,113,1
631,152,2026-02-14,Reports,32,3
632,153,2026-04-07,Dashboard,68,1
633,153,2026-06-14,Notifications,44,3
634,153,2026-03-10,Team Collaboration,49,3
635,153,2026-04-23,Mobile App,27,2
636,153,2026-03-20,API Access,58,2
637,154,2025-05-24,Notifications,71,5
638,154,2025-08-28,API Access,100,1
639,154,2026-03-18,API Access,49,2
640,155,2025-06-28,Notifications,111,4
641,155,2023-12-09,Reports,100,1
642,155,2024-02-07,Export Data,114,5
643,155,2024-06-22,API Access,19,3
644,155,2024-06-18,Team Collaboration,28,1
645,155,2023-06-14,API Access,42,4
646,155,2022-12-27,Dashboard,87,1
647,155,2023-07-10,Mobile App,23,1
648,156,2025-12-20,Integrations,70,4
649,156,2025-09-14,Mobile App,74,4
650,157,2021-10-15,Mobile App,54,3
651,158,2024-05-07,API Access,10,5
652,158,2022-10-07,Export Data,21,3
653,158,2026-02-15,Integrations,72,2
654,158,2024-09-27,Export Data,109,3
655,158,2025-09-29,Team Collaboration,74,4
656,158,2025-03-27,Integrations,10,5
657,158,2025-12-15,Export Data,109,1
658,158,2023-03-18,Integrations,30,4
659,158,2025-02-11,Integrations,48,2
660,159,2025-11-05,Team Collaboration,35,2
661,159,2026-07-06,Mobile App,72,1
662,159,2025-02-01,Export Data,113,3
663,159,2025-05-10,Export Data,116,4
664,159,2024-04-04,API Access,101,3
665,159,2025-09-02,Integrations,100,5
666,159,2026-04-13,Mobile App,116,3
667,159,2025-02-15,Integrations,102,2
668,160,2026-07-23,Team Collaboration,119,5
669,160,2026-04-07,Team Collaboration,106,3
670,160,2026-05-22,Mobile App,5,1
671,160,2026-08-10,Notifications,50,3
672,162,2026-06-29,Dashboard,77,4
673,162,2026-07-20,Dashboard,12,1
674,162,2026-05-22,Dashboard,68,2
675,162,2026-04-21,Reports,68,1
676,162,2026-06-13,Team Collaboration,58,2
677,162,2026-08-29,Export Data,20,5
678,162,2026-06-27,Notifications,32,3
679,162,2026-06-04,Integrations,6,3
680,162,2026-07-25,Integrations,88,4
681,162,2026-06-30,Dashboard,100,4
682,163,2024-12-28,API Access,119,2
683,163,2024-02-06,Integrations,45,5
684,163,2024-11-09,Export Data,15,4
685,163,2021-12-17,Reports,52,1
686,163,2023-06-08,Notifications,82,1
687,163,2025-05-03,Notifications,73,5
688,163,2024-06-24,Mobile App,25,5
689,163,2024-09-10,Team Collaboration,44,2
690,163,2024-10-20,Notifications,43,1
691,163,2023-08-12,Notifications,21,5
692,164,2023-06-18,Dashboard,66,3
693,164,2023-06-05,Team Collaboration,103,4
694,164,2024-04-02,Notifications,114,5
695,164,2026-05-26,Dashboard,11,5
696,164,2025-08-15,Export Data,90,5
697,164,2023-08-31,Integrations,87,4
698,164,2023-02-09,Notifications,75,5
699,164,2022-01-02,Reports,68,4
700,164,2024-02-10,Integrations,13,2
701,165,2023-11-30,Export Data,3,3
702,165,2026-07-17,Mobile App,10,4
703,165,2022-10-25,Dashboard,71,1
704,165,2026-03-31,Dashboard,99,2
705,165,2023-12-19,Dashboard,115,1
706,165,2026-02-25,Reports,96,3
707,165,2026-07-05,Dashboard,39,5
708,165,2021-10-16,API Access,43,3
709,165,2025-08-04,API Access,92,3
710,166,2022-10-24,API Access,8,2
711,166,2023-03-31,Integrations,8,1
712,166,2023-01-29,Mobile App,90,1
713,166,2024-03-28,Reports,42,3
714,167,2024-01-22,Notifications,20,4
715,167,2025-08-01,Export Data,60,2
716,167,2025-07-30,API Access,29,1
717,167,2024-07-16,Integrations,109,3
718,167,2024-12-05,Notifications,96,2
719,167,2024-09-09,Dashboard,75,5
720,168,2025-09-06,Dashboard,94,1
721,168,2025-07-08,Integrations,115,4
722,168,2025-06-11,Mobile App,85,3
723,168,2025-02-28,Reports,97,4
724,169,2024-05-14,Export Data,60,5
725,169,2022-06-02,Notifications,86,1
726,169,2026-08-18,Mobile App,8,4
727,169,2024-03-21,Dashboard,56,3
728,169,2026-02-08,Mobile App,69,1
729,169,2023-10-05,Export Data,23,1
730,169,2022-05-19,Export Data,4,2
731,169,2024-07-27,Reports,39,3
732,169,2025-03-25,API Access,91,5
733,169,2023-01-19,API Access,102,5
734,170,2024-02-10,API Access,20,3
735,170,2023-10-25,Mobile App,11,1
736,170,2026-06-10,API Access,13,2
737,171,2026-08-17,Dashboard,20,3
738,171,2026-07-11,Reports,44,3
739,171,2025-12-28,Team Collaboration,14,1
740,171,2026-03-23,Team Collaboration,108,4
741,171,2025-12-07,Integrations,118,5
742,171,2025-11-22,Mobile App,41,5
743,171,2026-03-04,Dashboard,36,4
744,171,2025-07-08,Notifications,78,1
745,171,2026-07-06,Export Data,100,5
746,171,2025-11-19,Dashboard,47,1
747,172,2023-10-10,Reports,66,4
748,172,2023-12-01,Reports,4,4
749,172,2023-12-01,Notifications,114,5
750,173,2025-11-24,Integrations,29,2
751,174,2025-10-30,Team Collaboration,61,3
752,174,2025-12-06,Export Data,119,1
753,175,2026-02-23,Notifications,53,4
754,175,2026-01-22,Notifications,87,1
755,175,2026-02-02,Integrations,57,4
756,175,2026-01-13,Export Data,50,5
757,175,2025-11-30,Dashboard,83,2
758,175,2025-03-30,Team Collaboration,46,5
759,175,2026-08-21,Reports,16,1
760,175,2025-03-12,Notifications,72,4
761,175,2026-08-05,Reports,43,1
762,177,2023-01-23,Team Collaboration,23,5
763,178,2024-01-12,Reports,55,1
764,178,2026-05-29,Reports,90,1
765,178,2026-05-04,Integrations,66,1
766,178,2026-01-06,Integrations,103,1
767,178,2026-06-03,Reports,69,1
768,178,2024-10-05,Integrations,59,4
769,179,2026-06-08,Team Collaboration,92,2
770,179,2026-04-30,Reports,31,2
771,179,2026-04-23,Reports,94,2
772,180,2024-03-06,Dashboard,100,5
773,180,2024-08-10,API Access,110,3
774,180,2024-09-20,Notifications,104,4
775,180,2025-05-28,Export Data,106,3
776,180,2025-03-26,Integrations,73,2
777,180,2024-05-07,Export Data,42,3
778,180,2024-01-28,Mobile App,108,5
779,181,2024-06-06,Reports,29,3
780,181,2024-02-26,Reports,55,2
781,181,2025-07-22,Team Collaboration,77,3
782,181,2026-01-31,Mobile App,63,5
783,181,2024-03-02,Integrations,102,4
784,181,2025-07-25,Reports,76,2
785,181,2024-07-30,Mobile App,103,1
786,181,2026-02-21,Export Data,96,5
787,182,2025-09-08,API Access,22,1
788,182,2025-10-13,Dashboard,64,1
789,182,2026-04-30,Notifications,57,1
790,183,2026-08-31,Dashboard,74,1
791,184,2025-12-02,API Access,82,1
792,184,2025-03-27,Team Collaboration,66,2
793,184,2025-04-05,Mobile App,10,4
794,185,2024-04-07,API Access,115,3
795,185,2026-09-11,Mobile App,52,2
796,185,2026-04-18,API Access,43,3
797,185,2024-06-01,Notifications,63,2
798,185,2024-03-06,Export Data,22,2
799,185,2025-03-12,API Access,41,3
800,185,2024-06-29,Mobile App,1,5
801,186,2024-08-10,Mobile App,108,2
802,186,2024-07-06,Dashboard,46,1
803,186,2023-06-25,Integrations,35,2
804,186,2025-09-01,Team Collaboration,39,4
805,186,2025-01-04,Export Data,102,2
806,186,2026-05-24,Reports,61,1
807,186,2024-07-10,Reports,6,1
808,186,2026-05-22,Mobile App,44,3
809,187,2026-07-20,Integrations,6,3
810,187,2026-07-29,Notifications,65,2
811,187,2026-09-01,Team Collaboration,34,2
812,187,2026-08-31,Integrations,110,4
813,188,2026-08-12,Export Data,61,5
814,188,2026-07-17,Integrations,68,1
815,188,2026-08-08,API Access,111,2
816,188,2026-08-14,Reports,104,4
817,189,2025-12-04,Export Data,116,3
818,189,2025-02-04,API Access,67,5
819,190,2024-08-02,Dashboard,98,4
820,190,2026-03-15,API Access,16,4
821,190,2026-01-14,Integrations,28,4
822,190,2025-08-17,Mobile App,106,2
823,192,2026-02-03,Dashboard,18,3
824,192,2026-02-21,Export Data,48,1
825,192,2026-05-02,Mobile App,45,5
826,192,2026-04-20,Reports,108,4
827,192,2026-01-29,Notifications,70,1
828,192,2026-04-13,Notifications,102,3
829,192,2026-02-11,Notifications,33,3
830,192,2026-02-24,Reports,24,2
831,192,2026-09-03,Dashboard,53,1
832,193,2025-07-13,Notifications,19,1
833,193,2026-06-25,Reports,74,2
834,194,2025-08-22,Export Data,4,4
835,194,2025-11-12,Integrations,15,4
836,196,2024-07-02,Integrations,40,2
837,196,2026-01-14,Team Collaboration,93,5
838,197,2024-05-15,Export Data,62,4
839,197,2025-06-18,Integrations,97,5
840,197,2026-05-29,Team Collaboration,74,4
841,197,2025-10-12,Dashboard,36,3
842,197,2026-07-05,Team Collaboration,63,4
843,198,2024-06-10,Integrations,91,4
844,199,2025-07-21,Notifications,76,5
845,199,2024-04-30,Reports,79,5
846,199,2023-10-19,Reports,37,5
847,200,2024-02-21,Mobile App,37,1
848,200,2023-07-28,Notifications,115,3
849,200,2025-02-11,Mobile App,69,1
850,200,2025-12-26,Integrations,3,1
851,201,2026-03-24,Reports,57,2
852,201,2025-11-01,Dashboard,14,5
853,201,2026-08-17,API Access,32,5
854,201,2024-09-20,Mobile App,117,2
855,201,2024-03-07,Integrations,67,1
856,201,2026-09-07,Team Collaboration,104,5
857,201,2026-06-27,Dashboard,26,1
858,201,2026-01-08,Export Data,58,1
859,202,2025-02-23,Notifications,44,1
860,202,2024-09-21,Team Collaboration,78,4
861,202,2024-11-28,Notifications,41,4
862,202,2026-05-09,Reports,28,5
863,202,2025-04-28,API Access,16,1
864,202,2024-10-27,API Access,119,3
865,202,2024-06-06,Integrations,108,5
866,202,2024-05-16,Dashboard,87,1
867,203,2025-06-04,Notifications,86,5
868,203,2024-02-21,API Access,49,2
869,203,2025-02-17,Team Collaboration,30,4
870,203,2022-09-09,Export Data,119,2
871,203,2024-02-23,Team Collaboration,38,2
872,203,2022-07-12,Reports,23,1
873,203,2023-07-02,API Access,120,2
874,203,2023-06-21,Mobile App,36,1
875,203,2026-07-31,Team Collaboration,87,2
876,203,2024-08-31,Export Data,12,5
877,204,2026-08-29,Team Collaboration,12,3
878,204,2026-08-23,Export Data,77,5
879,204,2026-04-09,Export Data,119,4
880,204,2026-07-16,API Access,110,3
881,204,2026-07-26,API Access,61,2
882,204,2026-09-04,Team Collaboration,2,1
883,204,2026-05-25,Notifications,34,4
884,205,2026-09-03,Team Collaboration,117,2
885,205,2024-03-06,Team Collaboration,37,2
886,205,2024-03-27,Dashboard,104,2
887,205,2024-05-12,Mobile App,33,2
888,207,2024-03-17,Mobile App,117,5
889,207,2025-05-16,Notifications,3,1
890,207,2026-08-01,Mobile App,59,3
891,207,2023-10-10,Team Collaboration,100,3
892,207,2026-01-28,Reports,106,1
893,207,2023-05-20,Reports,94,3
894,207,2022-10-12,Export Data,92,2
895,208,2022-10-30,API Access,10,2
896,208,2025-07-19,Reports,90,3
897,208,2026-09-07,Export Data,75,2
898,208,2026-08-17,Dashboard,73,4
899,208,2023-12-24,Team Collaboration,22,1
900,208,2026-01-20,Team Collaboration,103,1
901,208,2025-03-22,Notifications,77,1
902,209,2026-01-25,API Access,72,1
903,209,2024-06-06,Dashboard,11,5
904,209,2025-04-06,Team Collaboration,103,4
905,209,2023-04-28,Reports,70,4
906,209,2025-01-24,Export Data,7,5
907,209,2024-01-23,Notifications,98,1
908,209,2026-05-11,Notifications,114,4
909,210,2026-02-21,Team Collaboration,97,5
910,210,2025-11-13,Reports,37,3
911,210,2026-08-20,Reports,42,5
912,210,2026-07-16,Export Data,1,4
913,210,2025-11-01,Notifications,65,5
914,211,2025-06-12,Dashboard,39,2
915,211,2026-02-17,Team Collaboration,117,4
916,211,2023-10-31,API Access,32,2
917,211,2024-11-29,Mobile App,23,4
918,211,2024-11-12,API Access,67,5
919,211,2024-01-07,API Access,53,1
920,211,2025-07-05,Reports,21,1
921,211,2024-06-04,Export Data,107,5
922,211,2026-01-03,Team Collaboration,75,5
923,212,2026-01-29,Export Data,58,4
924,212,2026-06-08,Integrations,74,2
925,212,2026-06-02,Dashboard,12,4
926,213,2025-10-05,Reports,6,4
927,213,2025-06-26,Dashboard,1,4
928,213,2026-08-20,Mobile App,113,3
929,213,2025-09-07,Mobile App,34,4
930,213,2025-04-23,API Access,31,1
931,213,2025-06-22,Reports,47,1
932,213,2025-05-20,Mobile App,12,4
933,213,2026-06-28,Reports,75,3
934,214,2025-08-21,Notifications,40,1
935,214,2023-01-28,Reports,83,2
936,214,2022-03-21,Dashboard,104,2
937,214,2022-11-04,Dashboard,117,3
938,215,2026-07-05,Dashboard,26,1
939,215,2024-03-26,Integrations,4,1
940,215,2024-01-12,Dashboard,108,4
941,215,2025-11-02,API Access,62,3
942,215,2026-07-23,Notifications,112,5
943,215,2024-01-05,API Access,115,5
944,215,2025-11-26,Mobile App,86,1
945,215,2024-03-26,Team Collaboration,5,4
946,215,2024-03-11,Dashboard,2,3
947,216,2026-05-28,Integrations,16,2
948,216,2025-11-01,API Access,20,4
949,216,2023-11-24,Integrations,119,4
950,216,2026-02-28,API Access,71,2
951,216,2024-04-14,Notifications,78,1
952,216,2023-11-11,Reports,113,1
953,216,2024-09-23,Dashboard,11,4
954,217,2022-12-16,Reports,30,3
955,217,2022-11-03,Mobile App,119,3
956,217,2024-08-15,API Access,36,5
957,218,2026-07-24,Mobile App,72,2
958,218,2026-04-28,Export Data,96,3
959,218,2026-06-11,API Access,12,3
960,218,2026-05-11,Integrations,78,1
961,218,2026-04-23,API Access,17,5
962,218,2026-04-27,Notifications,80,3
963,218,2026-05-05,API Access,62,3
964,219,2025-01-20,Export Data,101,4
965,219,2024-10-22,Mobile App,48,3
966,220,2024-07-03,Mobile App,88,3
967,221,2023-11-03,Reports,26,4
968,221,2025-12-27,Integrations,110,1
969,222,2026-07-24,Integrations,76,1
970,222,2026-07-16,Reports,43,2
971,222,2024-09-26,Export Data,23,5
972,222,2025-06-06,Integrations,103,3
973,222,2025-04-05,Team Collaboration,98,4
974,223,2026-08-22,Notifications,102,4
975,223,2023-10-08,API Access,54,3
976,223,2023-02-03,Notifications,80,4
977,223,2022-11-12,Dashboard,110,4
978,223,2026-01-17,Export Data,104,5
979,223,2025-02-11,Notifications,57,1
980,223,2023-09-14,Dashboard,46,1
981,224,2026-05-15,Export Data,91,2
982,224,2025-06-05,Reports,23,5
983,224,2024-12-14,Integrations,73,4
984,225,2024-03-28,Dashboard,118,1
985,225,2024-07-23,Dashboard,22,2
986,225,2024-05-03,Export Data,45,5
987,226,2024-12-14,API Access,3,3
988,227,2026-08-16,Dashboard,26,5
989,227,2026-09-14,Reports,53,3
990,227,2026-08-28,Dashboard,105,4
991,228,2024-10-13,Integrations,44,2
992,228,2025-04-23,Export Data,43,3
993,228,2026-04-17,API Access,28,3
994,228,2022-07-19,Export Data,63,4
995,228,2023-01-26,Mobile App,75,3
996,228,2022-10-13,Notifications,99,4
997,228,2026-04-29,Notifications,52,1
998,228,2025-03-19,Reports,104,5
999,229,2026-02-12,Export Data,59,2
1000,229,2024-10-28,Team Collaboration,63,1
1001,229,2026-03-15,Reports,9,2
1002,229,2026-02-16,Reports,59,4
1003,229,2024-12-31,Integrations,106,4
1004,229,2026-09-07,Mobile App,20,2
1005,230,2022-08-14,Integrations,29,5
1006,231,2021-04-08,Team Collaboration,61,4
1007,232,2024-09-28,Mobile App,2,4
1008,232,2025-03-22,API Access,42,3
1009,232,2026-04-01,API Access,71,1
1010,232,2025-07-28,Notifications,6,5
1011,233,2026-02-09,Mobile App,64,1
1012,233,2026-01-14,Export Data,109,5
1013,233,2026-06-16,Export Data,106,2
1014,234,2026-02-01,Mobile App,112,3
1015,234,2025-11-23,Team Collaboration,90,2
1016,234,2026-06-29,Reports,69,4
1017,234,2026-03-20,Export Data,25,4
1018,234,2026-06-03,Integrations,67,3
1019,234,2026-05-16,Integrations,13,1
1020,235,2026-07-31,Mobile App,70,4
1021,235,2026-05-26,Notifications,99,3
1022,235,2026-06-10,Export Data,99,4
1023,235,2026-08-12,Dashboard,78,2
1024,235,2026-08-31,Reports,24,5
1025,235,2026-07-27,Notifications,63,3
1026,236,2026-02-12,Integrations,82,4
1027,236,2025-08-08,Notifications,109,4
1028,236,2024-09-03,Reports,60,1
1029,236,2026-08-27,Export Data,51,4
1030,236,2025-02-20,Reports,118,1
1031,236,2026-01-20,Dashboard,108,5
1032,236,2026-05-04,Team Collaboration,119,4
1033,236,2026-02-09,Mobile App,88,2
1034,236,2025-01-19,API Access,30,3
1035,236,2025-04-23,Integrations,16,2
1036,237,2025-02-10,Reports,23,5
1037,237,2024-11-23,Dashboard,119,3
1038,238,2025-01-27,API Access,85,4
1039,239,2022-08-03,Mobile App,116,4
1040,239,2022-05-12,Notifications,55,4
1041,239,2022-05-09,Team Collaboration,90,5
1042,239,2022-03-30,API Access,66,3
1043,239,2025-07-27,Notifications,87,1
1044,239,2025-03-02,Notifications,7,4
1045,239,2023-06-11,Integrations,11,2
1046,239,2021-06-28,Team Collaboration,94,4
1047,239,2023-08-06,Integrations,50,3
1048,240,2025-08-12,Dashboard,90,1
1049,240,2024-12-26,Mobile App,60,4
1050,240,2026-01-04,Team Collaboration,102,1
1051,240,2025-06-24,Export Data,21,5
1052,240,2024-10-25,Integrations,21,3
1053,240,2026-04-10,Dashboard,9,2
1054,240,2025-01-19,Team Collaboration,8,1
1055,240,2024-04-13,Notifications,8,2
1056,240,2024-08-08,Integrations,100,4
1057,240,2024-10-03,Reports,65,1
1058,241,2024-01-31,Export Data,87,3
1059,241,2022-10-02,Notifications,49,3
1060,241,2026-07-25,Reports,3,2
1061,241,2024-01-25,Export Data,118,1
1062,241,2025-07-01,Dashboard,103,5
1063,242,2025-11-13,API Access,27,5
1064,242,2026-06-15,Notifications,17,5
1065,242,2025-10-09,Reports,49,4
1066,242,2026-04-27,API Access,117,4
1067,242,2025-10-21,Notifications,90,5
1068,242,2025-10-10,Team Collaboration,103,1
1069,243,2026-03-04,Dashboard,81,5
1070,243,2025-08-16,Team Collaboration,19,3
1071,243,2025-12-02,Reports,4,1
1072,245,2023-11-21,Team Collaboration,72,2
1073,245,2023-10-23,API Access,3,2
1074,245,2026-04-03,Dashboard,39,4
1075,245,2025-03-23,Dashboard,105,4
1076,245,2022-12-17,Dashboard,52,4
1077,245,2026-05-12,Dashboard,31,5
1078,246,2024-04-08,Export Data,95,4
1079,246,2026-05-23,Mobile App,74,5
1080,246,2025-12-26,Export Data,19,1
1081,246,2023-06-08,Mobile App,3,4
1082,246,2022-05-16,Export Data,56,2
1083,246,2026-01-29,Reports,71,5
1084,246,2024-02-11,Mobile App,80,5
1085,246,2026-07-21,Dashboard,42,2
1086,246,2025-10-26,API Access,20,5
1087,247,2025-04-18,Notifications,63,2
1088,247,2024-10-14,Notifications,54,2
1089,247,2024-10-30,Export Data,87,2
1090,247,2025-03-14,Notifications,26,4
1091,247,2025-10-22,Export Data,69,4
1092,247,2024-09-03,API Access,107,1
1093,249,2023-10-31,Export Data,6,4
1094,249,2025-06-05,Export Data,30,1
1095,249,2026-05-01,Team Collaboration,38,3
1096,249,2025-12-13,Team Collaboration,99,4
1097,249,2023-09-28,Notifications,75,1
1098,250,2024-07-17,API Access,96,2
1099,250,2024-09-26,Export Data,65,4
1100,250,2026-05-28,Dashboard,51,2
1101,250,2026-04-25,Dashboard,78,2
1102,250,2025-10-31,Dashboard,66,5
1103,250,2024-07-01,Mobile App,42,4
1104,250,2025-06-06,Dashboard,22,2
1105,250,2026-06-26,Mobile App,7,2
1106,250,2026-01-26,Team Collaboration,105,3
1107,250,2026-01-17,Integrations,34,2
1108,251,2024-10-25,Integrations,118,1
1109,251,2025-05-13,Export Data,48,3
1110,251,2024-07-27,Notifications,103,5
1111,252,2024-06-17,Dashboard,67,2
1112,252,2024-04-11,Export Data,20,5
1113,254,2022-07-14,Mobile App,7,5
1114,254,2023-04-02,Notifications,5,1
1115,254,2023-05-23,Integrations,103,5
1116,255,2025-08-22,Export Data,108,3
1117,255,2026-04-24,Dashboard,69,5
1118,255,2024-11-13,Export Data,119,1
1119,255,2024-11-16,Notifications,15,1
1120,255,2025-01-15,Notifications,12,1
1121,255,2024-12-14,Integrations,103,1
1122,255,2024-11-05,Dashboard,67,1
1123,256,2025-07-13,Integrations,54,1
1124,256,2024-12-18,Reports,108,5
1125,256,2024-07-02,Export Data,18,1
1126,256,2025-01-20,Team Collaboration,83,3
1127,256,2025-01-06,Export Data,32,3
1128,256,2025-02-22,Mobile App,25,1
1129,256,2024-08-12,API Access,117,1
1130,256,2024-12-08,API Access,23,2
1131,256,2026-05-19,Notifications,116,1
1132,256,2025-12-17,Team Collaboration,95,1
1133,257,2026-09-01,Reports,70,1
1134,257,2026-07-17,Mobile App,100,5
1135,257,2026-08-12,Mobile App,37,2
1136,257,2026-07-10,Notifications,104,5
1137,257,2026-07-16,Dashboard,120,1
1138,257,2026-08-27,Notifications,55,3
1139,257,2026-08-30,Integrations,38,2
1140,257,2026-08-08,Notifications,113,1
1141,257,2026-08-28,Reports,120,4
1142,258,2026-06-12,Reports,94,1
1143,258,2026-07-24,Integrations,62,1
1144,258,2026-07-23,Dashboard,95,5
1145,258,2026-09-04,Team Collaboration,15,5
1146,258,2026-07-18,Integrations,10,4
1147,258,2026-06-11,Reports,72,4
1148,259,2026-04-11,Dashboard,52,4
1149,259,2025-10-23,Integrations,73,1
1150,259,2025-07-13,Team Collaboration,41,2
1151,259,2026-03-15,Reports,50,3
1152,259,2025-11-21,API Access,13,1
1153,259,2026-04-23,Export Data,7,5
1154,259,2026-02-27,Integrations,19,5
1155,260,2025-05-13,API Access,32,4
1156,260,2026-09-12,API Access,104,4
1157,260,2024-04-22,Notifications,20,2
1158,261,2025-12-07,Dashboard,15,2
1159,262,2025-06-16,API Access,71,3
1160,263,2026-07-22,Reports,57,4
1161,263,2026-08-02,Notifications,73,2
1162,263,2026-07-25,API Access,42,2
1163,263,2026-09-12,Mobile App,93,3
1164,263,2026-07-31,Team Collaboration,42,2
1165,263,2026-08-04,Integrations,20,5
1166,266,2026-08-31,Team Collaboration,49,4
1167,266,2026-04-19,Team Collaboration,98,2
1168,266,2025-11-28,Mobile App,58,3
1169,266,2026-02-15,Reports,40,5
1170,266,2025-11-01,API Access,93,1
1171,266,2026-08-25,Reports,69,2
1172,267,2026-04-14,Dashboard,37,4
1173,267,2026-08-24,API Access,80,1
1174,267,2026-08-31,Reports,105,4
1175,267,2026-04-18,Mobile App,26,5
1176,267,2026-07-30,Team Collaboration,66,1
1177,267,2026-07-29,Integrations,19,1
1178,267,2026-09-05,API Access,72,5
1179,267,2026-05-22,Team Collaboration,118,1
1180,267,2026-06-02,Dashboard,59,2
1181,267,2026-06-08,Mobile App,119,2
1182,268,2026-01-12,Mobile App,62,4
1183,268,2025-09-07,Reports,101,1
1184,269,2025-07-11,Integrations,88,5
1185,269,2026-06-28,Dashboard,62,1
1186,270,2022-02-18,Reports,111,4
1187,270,2026-06-02,Export Data,43,2
1188,270,2025-05-02,Dashboard,97,4
1189,270,2024-03-22,Team Collaboration,72,4
1190,270,2023-12-19,Integrations,117,2
1191,270,2026-06-20,Team Collaboration,1,1
1192,270,2024-05-11,Team Collaboration,73,2
1193,270,2025-04-22,Reports,19,4
1194,271,2024-11-09,API Access,25,2
1195,271,2025-11-30,Notifications,36,2
1196,272,2026-06-11,Dashboard,108,1
1197,272,2026-01-02,Team Collaboration,118,1
1198,272,2026-07-26,Reports,17,4
1199,272,2026-01-06,Dashboard,66,2
1200,272,2025-12-12,API Access,109,4
1201,272,2026-05-22,Notifications,69,2
1202,272,2026-04-06,Reports,98,3
1203,272,2025-12-10,Dashboard,66,4
1204,273,2026-08-06,Mobile App,6,5
1205,273,2026-05-04,Export Data,91,2
1206,273,2025-12-23,Integrations,98,1
1207,274,2022-07-07,Reports,10,2
1208,274,2026-05-18,Team Collaboration,59,3
1209,274,2023-01-14,Export Data,33,2
1210,274,2026-05-18,Dashboard,81,2
1211,274,2023-06-12,Reports,85,3
1212,274,2022-04-12,Reports,68,3
1213,275,2025-02-26,Team Collaboration,103,3
1214,275,2024-07-17,Reports,34,4
1215,276,2022-12-02,Notifications,28,1
1216,276,2022-12-30,API Access,24,5
1217,276,2022-11-01,Team Collaboration,33,5
1218,276,2023-05-02,API Access,42,1
1219,277,2026-05-31,Team Collaboration,56,2
1220,277,2024-06-23,Integrations,51,1
1221,277,2023-02-26,Dashboard,58,4
1222,278,2026-03-20,Integrations,5,2
1223,278,2025-11-23,Team Collaboration,11,3
1224,279,2026-08-04,Team Collaboration,32,4
1225,279,2026-08-02,Export Data,8,2
1226,279,2026-08-02,Mobile App,33,3
1227,279,2026-09-08,Mobile App,89,5
1228,279,2026-08-04,Dashboard,29,4
1229,279,2026-09-13,Mobile App,56,3
1230,280,2026-03-26,Mobile App,14,3
1231,280,2026-03-19,Notifications,17,5
1232,280,2026-04-10,Notifications,5,3
1233,280,2026-09-02,Team Collaboration,98,4
1234,281,2025-12-22,Dashboard,79,4
1235,281,2024-05-31,Dashboard,69,4
1236,281,2025-06-11,Reports,38,4
1237,282,2024-05-19,Integrations,105,2
1238,282,2025-05-26,Reports,120,3
1239,282,2025-09-04,Reports,86,1
1240,283,2023-01-06,API Access,18,2
1241,283,2024-03-30,Team Collaboration,33,3
1242,283,2026-05-23,Team Collaboration,107,5
1243,284,2025-08-16,API Access,27,1
1244,284,2024-08-27,API Access,31,3
1245,284,2024-12-18,Notifications,22,3
1246,284,2026-01-12,API Access,12,3
1247,284,2026-01-01,Notifications,9,3
1248,284,2025-10-24,API Access,84,4
1249,284,2026-06-29,Notifications,101,1
1250,284,2025-07-05,Team Collaboration,116,1
1251,285,2026-08-25,Integrations,35,2
1252,286,2026-07-08,Integrations,93,4
1253,287,2026-09-02,Team Collaboration,116,2
1254,287,2025-05-30,Dashboard,8,2
1255,287,2025-05-30,Notifications,47,5
1256,289,2021-04-18,Mobile App,112,5
1257,289,2021-06-17,Team Collaboration,39,3
1258,290,2026-09-13,Notifications,11,4
1259,290,2026-08-18,Team Collaboration,74,3
1260,290,2026-09-03,Integrations,53,4
1261,291,2025-04-09,Export Data,35,2
1262,291,2025-04-13,Mobile App,52,1
1263,291,2025-10-15,Reports,102,2
1264,292,2026-05-28,Mobile App,43,2
1265,292,2024-04-13,Mobile App,47,2
1266,292,2026-03-28,Integrations,118,4
1267,292,2025-10-24,Notifications,74,2
1268,292,2026-03-28,Notifications,71,4
1269,292,2024-09-19,Reports,115,5
1270,292,2024-05-02,Mobile App,118,2
1271,292,2024-04-27,Integrations,4,2
1272,292,2026-05-15,Integrations,51,3
1273,292,2024-04-21,Dashboard,3,3
1274,293,2024-02-17,API Access,53,5
1275,293,2026-01-30,Export Data,70,5
1276,293,2023-11-14,Dashboard,89,4
1277,293,2022-09-08,Reports,1,5
1278,293,2025-06-16,Export Data,64,5
1279,293,2024-02-03,Export Data,28,4
1280,293,2025-01-02,Mobile App,44,4
1281,293,2026-03-22,API Access,39,4
1282,293,2025-05-19,Team Collaboration,89,3
1283,294,2025-12-08,Export Data,106,1
1284,294,2025-12-12,Team Collaboration,20,3
1285,294,2024-08-23,Mobile App,34,1
1286,294,2026-01-19,Dashboard,76,5
1287,294,2026-08-17,Export Data,106,4
1288,294,2025-01-16,Mobile App,55,1
1289,294,2025-01-14,Export Data,103,2
1290,294,2025-12-15,Reports,79,5
1291,294,2026-07-16,Dashboard,2,4
1292,295,2026-07-30,Notifications,14,3
1293,295,2026-04-15,Dashboard,98,1
1294,295,2026-08-05,Mobile App,60,4
1295,296,2026-05-23,API Access,7,3
1296,297,2024-01-19,Dashboard,77,2
1297,297,2023-10-16,Team Collaboration,88,1
1298,297,2023-04-16,Reports,17,5
1299,297,2024-12-11,API Access,71,2
1300,298,2026-02-22,Team Collaboration,104,2
1301,298,2026-01-05,Export Data,82,2
1302,298,2026-07-07,Export Data,104,3
1303,298,2026-04-04,Mobile App,43,4
1304,298,2025-11-17,Notifications,20,1
1305,298,2025-02-23,Dashboard,46,3
1306,298,2025-06-17,Mobile App,60,1
1307,298,2025-10-21,Notifications,79,4
1308,298,2026-06-13,Notifications,16,4
1309,299,2023-02-17,Team Collaboration,86,3
1310,300,2025-09-18,API Access,60,1
1311,300,2024-12-04,Notifications,114,1
1312,300,2026-08-14,Dashboard,19,4
1313,300,2026-09-08,Notifications,109,5
1314,300,2025-07-18,API Access,50,4
1315,300,2026-03-09,Integrations,21,4
1316,300,2026-06-07,Integrations,68,2
1317,300,2025-12-25,Mobile App,52,4
1318,300,2026-04-07,Export Data,102,3
1319,300,2025-10-13,Notifications,106,3
1320,301,2023-03-22,Notifications,65,3
1321,301,2022-12-23,Dashboard,30,3
1322,301,2023-07-23,API Access,40,5
1323,302,2025-02-19,Team Collaboration,118,1
1324,302,2025-02-10,Mobile App,97,3
1325,302,2025-02-25,Dashboard,3,1
1326,302,2025-03-05,Mobile App,24,5
1327,303,2026-03-26,Notifications,36,4
1328,303,2025-09-08,Dashboard,74,3
1329,303,2025-01-30,Team Collaboration,73,2
1330,303,2025-12-01,Reports,117,5
1331,303,2024-01-06,Team Collaboration,40,5
1332,303,2024-10-21,Dashboard,44,3
1333,303,2024-02-04,Dashboard,9,1
1334,304,2025-12-03,Export Data,77,2
1335,304,2025-04-30,Team Collaboration,15,3
1336,304,2026-07-27,Reports,5,3
1337,304,2025-06-24,Export Data,39,3
1338,305,2025-12-30,Integrations,82,5
1339,305,2025-10-30,Export Data,21,5
1340,305,2026-07-04,Mobile App,55,3
1341,305,2026-01-09,API Access,63,5
1342,305,2026-04-26,Notifications,119,1
1343,305,2025-12-05,Export Data,109,3
1344,305,2025-10-07,Export Data,69,3
1345,305,2025-11-08,Reports,11,3
1346,308,2026-04-26,Reports,69,1
1347,309,2026-04-14,Export Data,51,2
1348,309,2026-02-08,Notifications,70,4
1349,309,2022-11-26,API Access,83,4
1350,309,2024-08-31,Reports,101,4
1351,309,2024-12-08,Dashboard,36,3
1352,309,2024-08-23,Export Data,112,3
1353,309,2022-07-13,Mobile App,11,3
1354,309,2022-10-13,Dashboard,9,3
1355,309,2026-08-23,Mobile App,37,5
1356,309,2025-07-11,Reports,52,5
1357,310,2024-06-30,Notifications,32,3
1358,310,2024-09-27,Dashboard,92,5
1359,310,2024-06-10,Integrations,87,1
1360,311,2024-08-31,Export Data,114,2
1361,311,2024-01-15,Team Collaboration,97,2
1362,311,2024-08-17,Integrations,68,5
1363,312,2026-05-03,Integrations,83,2
1364,312,2026-05-12,Mobile App,88,4
1365,312,2026-09-08,Team Collaboration,73,2
1366,312,2026-07-07,Integrations,74,4
1367,312,2026-06-24,API Access,12,3
1368,312,2026-04-05,Reports,106,1
1369,312,2026-03-26,Dashboard,1,3
1370,312,2026-04-13,Team Collaboration,120,4
1371,313,2025-10-12,Export Data,117,4
1372,313,2026-01-29,Mobile App,33,2
1373,313,2025-12-02,API Access,24,5
1374,314,2025-11-22,Dashboard,41,5
1375,314,2025-11-20,Team Collaboration,23,5
1376,314,2025-12-30,Dashboard,27,2
1377,314,2026-01-26,Integrations,55,2
1378,314,2025-12-22,Mobile App,17,5
1379,314,2025-10-06,Dashboard,96,3
1380,314,2025-09-17,Dashboard,94,2
1381,314,2026-05-28,API Access,95,4
1382,314,2026-04-27,Integrations,30,1
1383,314,2026-08-13,Export Data,30,4
1384,315,2026-06-13,Notifications,49,5
1385,315,2026-05-08,Integrations,80,4
1386,315,2025-10-26,Dashboard,6,4
1387,315,2025-08-15,Notifications,10,4
1388,315,2025-10-13,Mobile App,69,1
1389,316,2024-04-29,API Access,29,3
1390,316,2023-10-16,Team Collaboration,97,3
1391,316,2024-09-18,Team Collaboration,29,5
1392,316,2024-04-11,Mobile App,95,1
1393,316,2026-02-11,Integrations,96,1
1394,317,2025-08-28,Integrations,24,2
1395,317,2025-03-10,Mobile App,28,5
1396,318,2026-06-18,Notifications,37,2
1397,318,2025-06-29,Integrations,78,1
1398,318,2025-05-27,Team Collaboration,118,3
1399,318,2025-04-01,Reports,41,1
1400,318,2025-07-28,Export Data,45,3
1401,318,2025-10-11,Mobile App,69,1
1402,318,2026-08-04,API Access,84,3
1403,318,2026-03-24,API Access,109,3
1404,319,2023-05-09,API Access,44,3
1405,319,2026-03-05,Export Data,33,5
1406,319,2025-05-01,Reports,19,4
1407,319,2026-03-08,Dashboard,60,3
1408,319,2024-11-18,Mobile App,10,4
1409,320,2023-06-20,API Access,106,1
1410,320,2025-03-11,Dashboard,26,1
1411,320,2025-06-06,Dashboard,79,5
1412,320,2025-04-01,API Access,110,3
1413,321,2024-08-13,Team Collaboration,42,2
1414,321,2026-02-02,API Access,52,4
1415,321,2023-12-21,Integrations,79,4
1416,321,2023-07-17,Dashboard,111,5
1417,321,2025-02-02,Notifications,72,5
1418,321,2024-05-23,Notifications,45,1
1419,321,2022-02-01,Integrations,94,5
1420,321,2025-01-16,Mobile App,6,4
1421,321,2023-05-18,API Access,2,1
1422,322,2026-09-01,Notifications,74,3
1423,322,2025-03-31,Reports,83,1
1424,322,2024-12-27,Reports,17,5
1425,323,2025-07-21,Reports,101,1
1426,323,2024-08-20,Integrations,120,3
1427,323,2024-01-18,Reports,19,1
1428,324,2026-01-25,Integrations,6,5
1429,324,2024-12-13,Notifications,98,5
1430,324,2025-09-12,Export Data,112,1
1431,324,2025-02-15,Mobile App,61,3
1432,324,2026-01-17,Mobile App,78,3
1433,324,2026-09-08,Notifications,27,1
1434,324,2026-03-15,Dashboard,25,1
1435,324,2026-05-31,API Access,87,1
1436,324,2025-03-04,Dashboard,106,2
1437,324,2026-04-20,Notifications,91,2
1438,325,2024-05-12,Dashboard,54,3
1439,325,2024-05-18,Notifications,50,3
1440,325,2024-08-03,Team Collaboration,112,4
1441,325,2024-10-01,Export Data,6,1
1442,326,2025-10-24,Integrations,13,1
1443,327,2026-07-16,Notifications,19,5
1444,327,2024-08-14,Integrations,33,2
1445,327,2026-01-18,Integrations,102,5
1446,327,2023-01-20,Reports,66,5
1447,327,2025-05-17,Integrations,27,4
1448,327,2022-06-25,API Access,111,5
1449,327,2026-02-17,Dashboard,51,2
1450,327,2025-12-14,Integrations,61,2
1451,329,2021-12-09,Notifications,23,4
1452,329,2021-11-25,Team Collaboration,112,4
1453,329,2021-10-08,Team Collaboration,80,4
1454,329,2021-10-09,Export Data,14,1
1455,330,2024-02-03,Dashboard,13,1
1456,330,2026-07-04,Mobile App,87,3
1457,330,2024-10-25,Export Data,29,4
1458,330,2023-08-13,Reports,93,2
1459,331,2026-03-25,Mobile App,70,5
1460,331,2026-04-06,Integrations,76,2
1461,331,2026-08-04,Reports,30,2
1462,332,2023-07-22,Integrations,17,3
1463,333,2022-08-10,Mobile App,67,5
1464,333,2025-03-08,API Access,100,1
1465,333,2026-01-04,Dashboard,19,2
1466,334,2025-10-07,API Access,76,5
1467,334,2026-01-05,Reports,114,5
1468,334,2026-04-25,Dashboard,53,5
1469,334,2025-04-29,Reports,27,1
1470,334,2025-08-21,Mobile App,46,1
1471,334,2025-01-02,Export Data,24,4
1472,334,2025-03-12,Integrations,62,1
1473,334,2025-03-13,Reports,104,5
1474,334,2026-05-01,Export Data,81,3
1475,334,2026-01-22,Dashboard,1,4
1476,335,2026-09-03,Integrations,78,4
1477,335,2026-05-24,Integrations,81,2
1478,335,2024-02-08,Mobile App,101,2
1479,335,2021-10-27,Integrations,118,3
1480,335,2022-05-26,Integrations,4,2
1481,335,2025-10-01,API Access,26,5
1482,335,2023-03-17,Reports,105,3
1483,336,2025-07-07,Reports,16,2
1484,336,2023-01-09,Integrations,102,4
1485,336,2023-04-09,Dashboard,109,1
1486,336,2025-04-17,Mobile App,116,5
1487,336,2022-12-09,Mobile App,34,3
1488,336,2026-06-21,Mobile App,28,5
1489,336,2023-06-22,Reports,120,2
1490,336,2025-07-16,Dashboard,81,1
1491,337,2022-02-14,Reports,83,1
1492,337,2025-12-20,Notifications,72,1
1493,337,2025-08-07,Mobile App,30,1
1494,337,2025-12-22,Integrations,83,2
1495,337,2025-05-18,Mobile App,21,1
1496,337,2023-03-24,Dashboard,35,3
1497,337,2022-09-08,API Access,9,3
1498,338,2023-02-14,Dashboard,96,2
1499,338,2022-09-02,Reports,17,4
1500,338,2026-01-30,Integrations,116,3
1501,338,2023-05-06,Notifications,104,2
1502,338,2023-07-25,Notifications,94,3
1503,338,2025-06-07,Dashboard,7,1
1504,339,2026-02-10,Reports,50,2
1505,339,2025-12-08,Reports,101,3
1506,340,2025-08-14,API Access,83,2
1507,340,2024-06-28,Team Collaboration,34,5
1508,340,2025-09-06,Integrations,30,2
1509,340,2024-10-14,Dashboard,10,1
1510,340,2024-09-21,Reports,42,5
1511,340,2026-06-10,API Access,41,2
1512,340,2026-09-15,Integrations,8,4
1513,341,2025-11-19,Integrations,120,4
1514,341,2026-02-12,Mobile App,11,4
1515,341,2026-07-04,Export Data,115,3
1516,342,2023-05-31,Notifications,108,5
1517,342,2024-10-06,Mobile App,14,1
1518,343,2026-06-05,Team Collaboration,54,4
1519,343,2026-02-02,Reports,71,3
1520,343,2025-11-16,Notifications,53,4
1521,344,2025-11-03,Integrations,87,3
1522,344,2025-11-19,Team Collaboration,97,3
1523,345,2026-04-22,Dashboard,61,4
1524,346,2026-03-18,Mobile App,45,2
1525,346,2026-02-25,Reports,13,2
1526,346,2026-04-16,Notifications,43,4
1527,346,2025-03-29,Export Data,6,2
1528,347,2025-05-18,Mobile App,52,5
1529,347,2022-07-17,Team Collaboration,114,5
1530,347,2023-08-20,Mobile App,112,3
1531,347,2022-09-13,Notifications,120,4
1532,347,2024-09-17,API Access,120,1
1533,347,2021-11-10,Reports,56,5
1534,348,2026-04-09,Reports,67,1
1535,348,2026-02-13,Mobile App,75,4
1536,348,2026-03-15,Team Collaboration,82,1
1537,348,2026-01-05,Mobile App,67,3
1538,349,2022-08-23,Reports,22,5
1539,349,2023-11-07,API Access,13,4
1540,349,2023-07-22,API Access,8,5
1541,350,2024-12-01,Integrations,84,4
1542,350,2024-11-26,Integrations,30,2
1543,350,2025-01-28,Notifications,75,5
1544,350,2024-10-29,Mobile App,71,1
1545,351,2026-09-13,Notifications,42,5
1546,351,2026-05-22,Integrations,14,3
1547,351,2025-10-21,API Access,78,4
1548,351,2025-12-12,API Access,13,3
1549,352,2024-12-08,Integrations,104,1
1550,352,2026-01-19,Export Data,58,5
1551,352,2024-11-14,Reports,14,1
1552,352,2025-05-15,Dashboard,5,5
1553,352,2025-01-29,Integrations,89,1
1554,352,2024-12-22,Team Collaboration,19,2
1555,353,2023-02-26,Dashboard,67,4
1556,353,2022-10-22,Mobile App,17,3
1557,353,2022-06-11,Notifications,52,3
1558,354,2024-01-17,Notifications,45,1
1559,355,2024-02-15,Reports,85,4
1560,355,2025-03-20,Notifications,26,5
1561,355,2024-07-09,API Access,64,3
1562,355,2025-12-11,Notifications,2,3
1563,355,2026-04-17,Notifications,86,1
1564,355,2023-03-31,Notifications,6,5
1565,355,2023-02-24,Mobile App,62,4
1566,355,2025-04-17,Integrations,74,1
1567,357,2026-01-22,Integrations,118,2
1568,358,2021-06-23,Mobile App,30,4
1569,358,2021-05-27,Mobile App,86,1
1570,359,2024-06-17,Integrations,25,1
1571,359,2022-11-24,API Access,4,3
1572,360,2025-10-26,Team Collaboration,76,4
1573,360,2024-12-16,Dashboard,71,1
1574,360,2024-12-09,Reports,71,2
1575,361,2025-12-07,API Access,44,1
1576,361,2025-03-20,Export Data,50,4
1577,362,2024-12-16,Integrations,120,4
1578,362,2022-08-17,API Access,116,2
1579,362,2025-06-16,API Access,79,4
1580,362,2022-04-24,Notifications,1,2
1581,362,2025-03-05,Export Data,93,2
1582,362,2026-01-16,Integrations,43,4
1583,362,2023-03-03,Mobile App,39,4
1584,362,2025-02-20,Reports,94,2
1585,364,2026-04-15,Team Collaboration,35,1
1586,364,2025-07-25,Mobile App,117,3
1587,364,2026-02-26,API Access,37,1
1588,365,2023-08-02,Team Collaboration,32,5
1589,365,2026-01-09,Integrations,97,1
1590,366,2022-01-27,Dashboard,80,2
1591,367,2022-07-09,Export Data,80,3
1592,367,2022-08-31,Reports,47,3
1593,368,2026-03-21,API Access,23,5
1594,368,2026-06-15,Integrations,29,1
1595,368,2026-09-04,Reports,117,5
1596,369,2026-06-24,Reports,86,5
1597,369,2026-09-13,Mobile App,104,4
1598,369,2026-06-14,Dashboard,73,5
1599,369,2026-02-20,API Access,17,4
1600,369,2026-05-10,Team Collaboration,96,3
1601,369,2026-02-18,Mobile App,93,4
1602,369,2025-12-29,API Access,70,2
1603,370,2022-06-04,Team Collaboration,46,5
1604,371,2026-09-09,Reports,111,1
1605,371,2026-07-31,Dashboard,76,2
1606,371,2025-12-19,Export Data,53,4
1607,371,2026-06-08,API Access,120,4
1608,371,2024-08-12,Reports,109,2
1609,371,2024-05-26,Dashboard,67,4
1610,371,2024-11-20,Team Collaboration,102,3
1611,372,2026-07-31,Team Collaboration,93,3
1612,373,2026-03-18,Team Collaboration,32,4
1613,373,2025-01-06,Export Data,87,1
1614,373,2025-09-21,Export Data,100,5
1615,373,2023-07-02,Dashboard,5,1
1616,373,2022-03-22,Export Data,93,3
1617,373,2021-08-16,Reports,73,5
1618,374,2022-06-06,Integrations,44,1
1619,374,2025-06-28,API Access,99,5
1620,374,2024-05-17,Export Data,64,4
1621,374,2023-01-12,Export Data,90,3
1622,374,2024-12-26,Reports,109,5
1623,374,2026-08-21,Notifications,73,4
1624,374,2025-11-16,Integrations,46,5
1625,376,2026-04-22,Export Data,15,2
1626,377,2025-12-06,Notifications,15,2
1627,377,2025-11-20,API Access,66,4
1628,377,2025-11-08,Dashboard,17,1
1629,377,2025-11-08,API Access,80,1
1630,378,2023-09-10,Notifications,49,1
1631,378,2024-09-11,Notifications,109,2
1632,378,2024-03-08,Mobile App,22,2
1633,378,2025-05-21,Mobile App,1,1
1634,378,2025-12-31,Team Collaboration,113,3
1635,378,2023-11-08,Mobile App,23,3
1636,378,2024-05-26,API Access,70,4
1637,378,2023-08-29,API Access,42,2
1638,379,2024-07-02,Mobile App,68,1
1639,379,2023-03-25,Integrations,2,2
1640,379,2021-11-30,Export Data,92,5
1641,379,2023-05-11,Mobile App,94,5
1642,379,2025-02-02,API Access,60,2
1643,379,2024-07-15,Mobile App,97,3
1644,381,2025-09-19,Export Data,14,1
1645,381,2024-07-29,Notifications,101,3
1646,381,2024-10-29,Mobile App,54,5
1647,381,2025-08-26,Reports,77,5
1648,381,2025-05-16,Notifications,115,5
1649,381,2025-03-25,Notifications,91,5
1650,381,2025-11-17,Notifications,23,5
1651,381,2025-11-24,Mobile App,9,3
1652,382,2025-09-12,Mobile App,105,2
1653,383,2024-07-03,Mobile App,32,1
1654,383,2024-05-07,Integrations,30,5
1655,383,2025-12-13,Export Data,76,3
1656,383,2026-04-08,Reports,112,3
1657,383,2025-11-10,Export Data,74,5
1658,383,2025-09-30,Mobile App,43,2
1659,383,2025-07-19,API Access,110,2
1660,383,2024-07-25,Integrations,26,4
1661,384,2024-08-24,Team Collaboration,49,1
1662,384,2026-08-09,Dashboard,82,3
1663,384,2025-09-01,Team Collaboration,21,4
1664,384,2025-12-25,Mobile App,108,1
1665,384,2026-04-07,Dashboard,67,1
1666,384,2024-10-23,Mobile App,20,2
1667,384,2026-04-21,Team Collaboration,40,3
1668,384,2026-06-22,Export Data,72,4
1669,385,2025-08-13,Dashboard,44,3
1670,385,2026-07-23,API Access,112,1
1671,385,2026-03-04,Integrations,73,3
1672,385,2025-12-25,Integrations,92,4
1673,385,2025-09-29,Mobile App,13,1
1674,385,2026-02-18,Reports,22,1
1675,385,2025-08-07,Integrations,37,5
1676,385,2026-06-07,Integrations,83,2
1677,386,2026-03-19,Mobile App,99,4
1678,386,2024-09-01,Mobile App,6,3
1679,386,2025-07-23,Reports,51,2
1680,386,2025-06-02,API Access,91,5
1681,386,2023-10-31,Notifications,26,3
1682,387,2023-05-20,Team Collaboration,24,4
1683,387,2022-03-11,API Access,118,1
1684,387,2025-12-01,Dashboard,63,1
1685,387,2026-04-07,API Access,23,1
1686,387,2022-04-12,Team Collaboration,104,3
1687,387,2025-08-26,Team Collaboration,3,4
1688,388,2024-05-07,Notifications,90,2
1689,388,2024-09-17,Dashboard,50,5
1690,388,2023-09-27,Notifications,57,1
1691,389,2025-12-15,Mobile App,40,3
1692,389,2026-07-27,Reports,60,1
1693,389,2024-07-04,Integrations,99,3
1694,390,2025-06-26,Integrations,76,3
1695,390,2025-12-05,Notifications,8,5
1696,390,2025-11-01,API Access,42,1
1697,390,2025-05-31,Reports,28,1
1698,390,2025-02-12,Mobile App,83,3
1699,390,2025-07-25,Team Collaboration,119,1
1700,390,2025-02-12,Export Data,24,3
1701,390,2024-12-18,Dashboard,79,4
1702,390,2026-08-19,Export Data,14,3
1703,391,2026-05-01,API Access,5,4
1704,391,2025-03-11,Export Data,12,2
1705,391,2024-08-01,Mobile App,20,5
1706,391,2026-07-07,Dashboard,111,4
1707,391,2025-12-13,Team Collaboration,22,3
1708,391,2024-07-30,API Access,1,5
1709,391,2025-04-01,Mobile App,46,2
1710,391,2024-10-21,Export Data,58,3
1711,391,2023-12-10,Notifications,102,4
1712,391,2025-05-09,Mobile App,119,3
1713,392,2025-11-28,Export Data,58,1
1714,392,2025-06-02,Reports,94,1
1715,392,2024-12-22,Mobile App,108,2
1716,392,2024-05-03,API Access,15,1
1717,392,2025-07-14,Notifications,106,5
1718,392,2024-05-15,Reports,17,5
1719,392,2025-05-29,Mobile App,38,1
1720,392,2024-08-29,Mobile App,79,3
1721,393,2022-08-31,Notifications,99,3
1722,393,2024-07-10,Reports,47,5
1723,393,2022-08-25,Dashboard,101,5
1724,393,2023-03-18,Export Data,31,2
1725,393,2023-07-17,Reports,52,2
1726,393,2022-06-09,Export Data,64,4
1727,393,2022-12-25,Reports,1,1
1728,393,2026-06-30,Reports,32,3
1729,394,2026-04-24,Mobile App,11,2
1730,394,2026-06-20,Reports,46,4
1731,394,2026-04-01,Integrations,21,1
1732,394,2026-09-06,Export Data,63,4
1733,394,2026-03-30,Notifications,20,4
1734,394,2026-06-27,Team Collaboration,75,3
1735,394,2026-07-31,Export Data,76,5
1736,394,2026-07-05,Export Data,59,1
1737,394,2026-04-15,Dashboard,81,3
1738,396,2026-04-15,Export Data,55,4
1739,396,2026-08-27,Integrations,60,1
1740,397,2024-09-06,Mobile App,53,4
1741,398,2026-08-16,Reports,30,2
1742,398,2025-09-10,Reports,48,1
1743,399,2026-08-03,Dashboard,53,1
1744,399,2026-04-28,Notifications,104,4
1745,399,2026-08-24,Reports,100,4
1746,399,2026-09-07,API Access,119,1
1747,399,2026-04-01,Mobile App,3,1
1748,400,2025-08-08,Dashboard,47,4
1749,400,2026-07-26,Notifications,112,4
1750,401,2025-12-12,Export Data,94,2
1751,401,2026-01-12,Mobile App,17,3
1752,401,2025-07-01,Reports,1,2
1753,401,2026-03-25,Dashboard,10,5
1754,402,2022-09-14,Team Collaboration,49,4
1755,402,2024-02-07,Integrations,83,5
1756,402,2026-08-14,Integrations,116,5
1757,403,2025-12-03,Mobile App,68,5
1758,403,2025-08-26,API Access,106,1
1759,403,2025-07-11,Reports,112,2
1760,403,2025-02-18,Integrations,82,3
1761,403,2025-08-11,Team Collaboration,114,5
1762,403,2025-07-08,Notifications,92,1
1763,404,2024-11-10,API Access,8,5
1764,404,2026-09-01,Dashboard,6,1
1765,404,2022-12-08,Export Data,54,2
1766,404,2026-02-03,Reports,85,1
1767,404,2026-07-11,Integrations,44,4
1768,404,2025-08-17,Reports,24,5
1769,404,2025-11-08,Reports,76,1
1770,405,2024-11-30,Dashboard,29,2
1771,405,2024-12-20,API Access,43,4
1772,405,2026-03-01,Mobile App,61,3
1773,405,2025-07-07,Export Data,84,4
1774,405,2024-11-19,Mobile App,10,1
1775,405,2026-02-03,Reports,42,2
1776,406,2025-11-17,Dashboard,110,3
1777,406,2024-04-08,Team Collaboration,63,3
1778,406,2025-10-06,Reports,22,5
1779,406,2023-07-31,Reports,32,2
1780,406,2025-03-18,Notifications,86,1
1781,406,2026-03-13,Reports,115,4
1782,407,2026-02-22,Mobile App,60,1
1783,407,2026-02-01,Notifications,26,1
1784,408,2022-11-14,API Access,34,5
1785,408,2022-11-13,Dashboard,62,5
1786,408,2023-01-17,Reports,44,1
1787,409,2025-10-16,Mobile App,48,5
1788,409,2025-09-07,Dashboard,6,5
1789,409,2026-04-07,Notifications,96,3
1790,409,2026-03-16,API Access,86,4
1791,409,2026-05-30,Team Collaboration,74,2
1792,409,2026-03-28,Integrations,118,5
1793,409,2025-09-21,API Access,57,5
1794,409,2025-12-26,Team Collaboration,50,4
1795,409,2026-07-02,Integrations,54,4
1796,410,2021-10-02,Reports,44,3
1797,410,2021-09-04,Mobile App,111,5
1798,410,2022-07-16,Export Data,88,1
1799,411,2024-08-11,API Access,65,1
1800,411,2021-12-09,API Access,90,5
1801,411,2024-07-28,Integrations,42,3
1802,411,2025-09-08,Team Collaboration,8,4
1803,411,2023-06-26,Dashboard,98,3
1804,411,2022-08-27,Mobile App,114,2
1805,411,2025-06-10,Export Data,44,2
1806,411,2026-06-28,API Access,113,5
1807,412,2026-06-11,Reports,65,3
1808,412,2026-09-10,Export Data,37,1
1809,412,2026-06-13,API Access,13,1
1810,412,2026-08-11,Export Data,75,5
1811,413,2026-07-12,Reports,100,4
1812,413,2024-02-03,Reports,79,2
1813,413,2025-08-24,API Access,74,3
1814,413,2024-01-25,Dashboard,54,1
1815,413,2024-06-17,Mobile App,87,4
1816,413,2022-10-07,Reports,114,3
1817,413,2025-02-11,Notifications,6,5
1818,414,2023-06-06,Notifications,45,5
1819,414,2022-08-04,Mobile App,4,2
1820,414,2023-03-09,Team Collaboration,79,2
1821,414,2023-01-15,Notifications,8,2
1822,415,2024-06-11,API Access,70,3
1823,415,2022-08-12,Dashboard,18,4
1824,415,2025-08-12,Export Data,15,1
1825,415,2025-04-21,Mobile App,73,5
1826,415,2022-09-10,Mobile App,60,3
1827,416,2026-04-07,Team Collaboration,50,2
1828,416,2026-03-22,Mobile App,42,5
1829,416,2025-03-17,API Access,97,1
1830,416,2025-03-22,Dashboard,66,5
1831,416,2026-01-01,Dashboard,97,2
1832,416,2024-12-27,Team Collaboration,76,4
1833,416,2025-10-19,Export Data,65,2
1834,416,2026-05-24,Notifications,94,4
1835,416,2025-07-14,Integrations,71,1
1836,416,2026-09-10,Dashboard,64,5
1837,417,2025-02-02,Team Collaboration,119,4
1838,417,2024-01-07,Notifications,6,4
1839,417,2025-08-09,Reports,5,3
1840,417,2023-11-27,Notifications,110,3
1841,417,2023-03-23,Notifications,75,2
1842,417,2022-07-23,Notifications,47,4
1843,419,2025-04-03,API Access,109,1
1844,419,2025-05-05,Export Data,60,3
1845,419,2026-04-22,Team Collaboration,14,2
1846,419,2026-04-22,Export Data,100,1
1847,419,2025-10-19,Notifications,4,1
1848,419,2025-04-27,Integrations,20,2
1849,419,2025-04-07,API Access,49,1
1850,419,2025-04-09,Team Collaboration,61,1
1851,419,2026-08-01,Team Collaboration,35,4
1852,420,2023-09-07,Integrations,9,5
1853,420,2025-02-07,Notifications,82,5
1854,421,2023-03-20,Mobile App,49,1
1855,421,2023-03-29,Export Data,70,2
1856,422,2023-02-01,Team Collaboration,1,1
1857,422,2024-03-21,Team Collaboration,52,3
1858,422,2024-08-26,Export Data,53,4
1859,422,2024-11-10,API Access,10,4
1860,422,2025-10-05,Export Data,6,5
1861,422,2025-03-03,API Access,39,2
1862,422,2022-03-27,Notifications,102,3
1863,423,2022-12-30,Integrations,59,5
1864,423,2025-08-06,Reports,13,4
1865,423,2023-06-13,API Access,90,4
1866,423,2026-06-20,Notifications,40,2
1867,423,2022-04-10,Mobile App,32,4
1868,423,2022-10-27,API Access,72,4
1869,424,2022-07-02,API Access,78,4
1870,424,2023-07-07,API Access,76,1
1871,425,2023-06-06,Notifications,108,2
1872,425,2022-11-05,Team Collaboration,93,2
1873,425,2026-03-06,Integrations,79,2
1874,425,2023-06-06,API Access,120,2
1875,426,2022-12-08,Export Data,47,1
1876,426,2023-07-24,Team Collaboration,28,5
1877,426,2023-01-09,Integrations,27,5
1878,426,2022-11-18,API Access,25,1
1879,427,2025-10-31,Export Data,20,2
1880,427,2025-09-10,Dashboard,78,5
1881,430,2026-08-28,Mobile App,68,1
1882,430,2026-08-19,Team Collaboration,45,3
1883,430,2026-07-11,Mobile App,19,5
1884,430,2026-08-29,Integrations,93,4
1885,430,2026-05-24,Dashboard,70,4
1886,430,2026-07-25,API Access,23,4
1887,430,2026-09-01,Dashboard,49,4
1888,431,2026-05-02,Integrations,95,1
1889,431,2026-01-06,API Access,23,5
1890,431,2026-01-12,Reports,94,5
1891,432,2026-04-11,Team Collaboration,113,3
1892,432,2026-03-07,Reports,45,4
1893,432,2026-06-05,Dashboard,4,1
1894,433,2023-03-02,Integrations,69,1
1895,433,2023-05-25,Integrations,88,2
1896,433,2023-03-06,Notifications,60,3
1897,434,2026-06-01,Dashboard,30,2
1898,434,2025-06-28,Reports,56,5
1899,434,2026-08-08,Dashboard,60,1
1900,435,2023-06-14,Notifications,56,1
1901,435,2023-01-09,Notifications,70,4
1902,436,2024-08-19,Team Collaboration,21,5
1903,436,2025-05-17,Dashboard,74,3
1904,436,2024-11-06,Dashboard,21,2
1905,436,2024-01-26,Notifications,63,2
1906,437,2026-06-29,Notifications,100,4
1907,437,2026-06-01,Team Collaboration,99,2
1908,438,2025-12-05,Team Collaboration,60,1
1909,438,2025-11-15,Export Data,36,4
1910,438,2025-12-13,Dashboard,67,5
1911,438,2025-07-23,Integrations,101,2
1912,439,2026-04-29,Integrations,35,2
1913,439,2025-08-02,Export Data,6,4
1914,440,2025-11-03,API Access,114,5
1915,440,2025-06-05,Notifications,15,2
1916,440,2025-12-22,Notifications,118,5
1917,440,2025-11-24,Mobile App,62,1
1918,440,2025-10-11,Integrations,41,5
1919,440,2026-06-25,Export Data,98,5
1920,440,2025-06-01,Notifications,120,3
1921,440,2025-12-16,Dashboard,33,2
1922,440,2026-02-20,Integrations,75,2
1923,440,2026-08-28,API Access,102,5
1924,441,2025-12-27,Notifications,18,4
1925,441,2024-10-02,Export Data,102,2
1926,441,2022-02-09,Dashboard,26,1
1927,441,2026-08-17,Notifications,9,2
1928,441,2022-06-19,Reports,106,3
1929,441,2022-09-16,Reports,94,4
1930,441,2023-05-13,Team Collaboration,34,1
1931,441,2023-07-09,Notifications,36,4
1932,441,2021-09-16,Reports,41,3
1933,441,2021-08-29,API Access,89,2
1934,442,2024-09-11,Integrations,98,3
1935,442,2024-02-21,Team Collaboration,62,4
1936,443,2026-08-24,Reports,72,1
1937,443,2026-07-11,Notifications,98,2
1938,443,2026-05-28,Dashboard,53,1
1939,444,2026-09-02,Team Collaboration,108,5
1940,445,2021-07-28,Integrations,107,5
1941,446,2025-10-01,Export Data,59,4
1942,446,2026-01-25,Integrations,89,1
1943,446,2026-02-28,Export Data,51,5
1944,446,2026-01-03,Reports,33,1
1945,448,2026-04-24,Team Collaboration,94,1
1946,448,2026-08-03,Reports,99,4
1947,448,2025-10-08,Dashboard,61,3
1948,448,2025-12-11,Reports,105,5
1949,449,2022-06-05,API Access,112,2
1950,449,2022-04-28,Reports,101,3
1951,449,2022-02-22,Mobile App,45,3
1952,449,2023-12-18,API Access,31,3
1953,450,2025-05-15,Mobile App,57,3
1954,450,2021-08-29,Integrations,17,4
1955,451,2026-03-29,Export Data,42,3
1956,451,2025-09-26,Team Collaboration,110,3
1957,451,2023-12-14,Mobile App,20,5
1958,451,2023-10-27,Team Collaboration,86,3
1959,451,2024-04-17,Notifications,95,2
1960,451,2026-03-14,Reports,82,1
1961,451,2023-12-07,Mobile App,120,4
1962,452,2026-06-14,Notifications,110,5
1963,452,2026-07-14,Export Data,38,2
1964,452,2026-05-02,Reports,57,3
1965,452,2026-03-24,Team Collaboration,96,1
1966,452,2026-05-29,Reports,117,5
1967,453,2025-05-18,Dashboard,51,3
1968,454,2022-01-06,Dashboard,95,1
1969,454,2022-03-08,Dashboard,10,2
1970,454,2022-09-21,Team Collaboration,81,4
1971,455,2021-12-22,Export Data,25,4
1972,455,2021-07-21,Export Data,120,1
1973,455,2022-11-17,Dashboard,50,5
1974,457,2026-01-18,Notifications,60,2
1975,457,2025-03-30,Export Data,61,5
1976,457,2026-01-02,Integrations,23,3
1977,457,2025-08-20,Integrations,97,2
1978,457,2025-01-11,Team Collaboration,60,5
1979,457,2025-03-27,Team Collaboration,17,2
1980,457,2025-11-03,Notifications,89,5
1981,457,2025-03-29,Export Data,114,1
1982,458,2024-02-20,Integrations,21,5
1983,458,2022-05-10,Export Data,117,4
1984,458,2025-08-02,Reports,68,2
1985,458,2025-07-29,Reports,42,3
1986,458,2024-06-06,Mobile App,77,4
1987,458,2024-01-07,API Access,113,4
1988,458,2025-11-08,Team Collaboration,44,2
1989,458,2023-11-03,API Access,59,2
1990,459,2025-09-19,Export Data,99,3
1991,459,2024-05-17,Notifications,116,2
1992,459,2023-01-26,API Access,88,3
1993,459,2026-07-31,Dashboard,74,1
1994,459,2025-05-19,Notifications,75,2
1995,459,2025-04-03,Export Data,108,2
1996,459,2026-08-24,Notifications,76,4
1997,460,2026-03-26,Team Collaboration,46,2
1998,460,2025-05-15,Reports,78,1
1999,460,2025-07-01,Reports,107,4
2000,460,2026-09-07,Team Collaboration,11,5
2001,460,2026-04-21,API Access,72,1
2002,460,2025-04-19,Integrations,12,4
2003,460,2026-09-10,API Access,84,4
2004,460,2026-03-31,Team Collaboration,70,5
2005,460,2025-07-25,Dashboard,114,3
2006,460,2025-07-23,Notifications,65,4
2007,461,2026-06-09,Reports,97,3
2008,461,2026-05-21,Mobile App,50,4
2009,462,2026-06-19,Export Data,7,5
2010,462,2023-12-04,API Access,44,4
2011,462,2022-04-07,Reports,104,1
2012,462,2025-06-01,Dashboard,82,3
2013,462,2022-06-28,Integrations,18,3
2014,462,2024-01-16,Dashboard,84,1
2015,462,2024-12-03,Mobile App,56,5
2016,463,2025-10-11,Team Collaboration,21,5
2017,464,2022-04-15,Notifications,50,2
2018,464,2021-12-25,Dashboard,117,1
2019,465,2026-02-19,Export Data,35,5
2020,465,2026-08-23,Notifications,17,1
2021,465,2025-12-06,Notifications,55,1
2022,465,2026-03-22,Export Data,24,2
2023,466,2025-06-12,Team Collaboration,68,3
2024,466,2023-10-03,Integrations,93,1
2025,466,2023-02-12,Team Collaboration,62,1
2026,466,2025-11-08,Mobile App,81,1
2027,466,2025-12-10,Notifications,28,1
2028,466,2025-01-11,Team Collaboration,67,4
2029,466,2023-05-15,API Access,37,4
2030,466,2025-04-21,Dashboard,98,3
2031,466,2023-06-10,Notifications,24,3
2032,466,2024-02-05,Mobile App,37,1
2033,467,2025-11-05,Notifications,44,3
2034,467,2025-01-07,Reports,21,3
2035,467,2026-02-16,Mobile App,16,1
2036,468,2025-09-26,Mobile App,60,5
2037,468,2025-04-21,Dashboard,27,1
2038,468,2025-10-04,Dashboard,14,1
2039,468,2025-11-07,Mobile App,78,2
2040,469,2025-12-31,Reports,92,5
2041,470,2025-04-25,Mobile App,58,2
2042,470,2025-07-09,Dashboard,55,5
2043,470,2026-03-17,Notifications,29,2
2044,470,2024-12-26,Dashboard,87,1
2045,470,2025-09-14,Team Collaboration,115,4
2046,470,2026-02-04,Reports,31,2
2047,470,2025-01-08,Dashboard,73,1
2048,471,2026-06-11,Mobile App,72,2
2049,471,2025-07-22,Mobile App,27,1
2050,471,2026-08-13,Reports,31,4
2051,471,2026-03-13,Team Collaboration,116,2
2052,472,2026-07-13,Dashboard,114,2
2053,472,2026-04-09,Export Data,84,2
2054,472,2026-01-26,Team Collaboration,78,5
2055,472,2025-12-18,Dashboard,15,5
2056,472,2026-08-12,Notifications,117,1
2057,472,2026-01-11,Dashboard,82,5
2058,472,2026-01-29,Dashboard,28,1
2059,473,2025-01-02,API Access,77,3
2060,473,2025-04-01,Reports,68,1
2061,473,2024-09-04,Export Data,61,1
2062,473,2024-09-03,Integrations,90,5
2063,473,2025-08-07,Integrations,32,3
2064,473,2023-12-21,API Access,98,3
2065,473,2026-07-07,Team Collaboration,110,1
2066,473,2023-07-12,API Access,76,3
2067,474,2026-08-18,Dashboard,79,2
2068,474,2026-01-22,Mobile App,90,4
2069,475,2025-09-20,Integrations,27,2
2070,475,2025-03-31,Notifications,58,5
2071,475,2025-04-02,Team Collaboration,103,2
2072,476,2024-03-18,Mobile App,78,5
2073,476,2026-04-15,Team Collaboration,37,1
2074,476,2023-08-07,Reports,71,1
2075,477,2026-07-31,Team Collaboration,77,1
2076,477,2026-05-05,Reports,22,1
2077,477,2026-07-15,Reports,26,5
2078,477,2026-02-13,Reports,114,1
2079,477,2026-07-30,Dashboard,14,5
2080,478,2026-07-11,Integrations,101,1
2081,478,2026-06-10,Export Data,113,3
2082,478,2026-01-10,Team Collaboration,76,1
2083,478,2026-02-22,Notifications,91,3
2084,478,2026-02-21,Reports,69,5
2085,479,2022-02-25,Reports,20,1
2086,479,2022-09-14,Dashboard,61,5
2087,479,2023-07-06,Dashboard,62,1
2088,480,2026-05-27,Dashboard,55,2
2089,480,2025-06-13,Export Data,20,4
2090,480,2026-03-22,Mobile App,39,5
2091,480,2025-02-09,Dashboard,64,2
2092,480,2026-07-12,Team Collaboration,17,4
2093,480,2025-03-15,Export Data,30,2
2094,480,2025-05-01,Mobile App,73,5
2095,480,2026-03-07,Notifications,25,2
2096,480,2026-02-05,Integrations,35,3
2097,480,2025-06-29,API Access,96,5
2098,481,2026-05-02,Reports,68,4
2099,481,2026-04-05,Mobile App,84,1
2100,481,2026-06-27,Reports,46,2
2101,481,2023-12-15,Integrations,5,3
2102,481,2024-06-04,API Access,117,5
2103,481,2023-10-13,Notifications,107,2
2104,482,2022-11-29,Mobile App,12,2
2105,482,2022-10-07,Export Data,86,1
2106,482,2025-01-16,Integrations,27,2
2107,482,2023-06-29,Dashboard,104,3
2108,482,2021-07-30,Export Data,2,4
2109,482,2024-01-15,Export Data,81,5
2110,482,2021-07-05,Mobile App,115,3
2111,482,2023-06-27,Export Data,94,2
2112,482,2022-08-16,Reports,92,3
2113,483,2026-03-02,Export Data,75,4
2114,483,2025-03-07,Reports,102,5
2115,483,2025-08-22,API Access,11,4
2116,483,2025-10-11,Mobile App,103,2
2117,483,2026-07-19,Reports,77,3
2118,483,2025-11-23,Reports,7,3
2119,484,2022-05-04,Dashboard,38,2
2120,484,2022-05-25,Export Data,119,2
2121,484,2021-06-11,Mobile App,53,2
2122,484,2021-06-02,Integrations,31,1
2123,485,2025-07-11,API Access,50,1
2124,485,2025-07-13,Team Collaboration,60,1
2125,485,2026-06-27,Mobile App,90,2
2126,485,2025-10-13,Notifications,107,4
2127,485,2025-03-27,Notifications,41,3
2128,485,2026-07-21,Reports,119,3
2129,485,2025-09-26,Export Data,115,3
2130,485,2026-06-30,Dashboard,86,3
2131,486,2023-06-15,Team Collaboration,34,4
2132,486,2025-06-09,Mobile App,6,4
2133,486,2026-01-13,Team Collaboration,65,5
2134,486,2026-05-12,Integrations,4,3
2135,487,2025-11-22,Team Collaboration,105,4
2136,487,2024-12-23,Dashboard,71,2
2137,487,2026-07-17,Export Data,85,2
2138,487,2026-07-13,Team Collaboration,34,5
2139,487,2024-08-22,Integrations,85,3
2140,487,2025-03-26,Integrations,106,5
2141,487,2025-12-06,Export Data,70,4
2142,488,2023-03-24,Reports,50,3
2143,488,2025-10-09,Mobile App,57,2
2144,488,2023-04-13,API Access,65,2
2145,488,2024-06-02,Team Collaboration,98,3
2146,488,2023-04-19,Dashboard,27,2
2147,488,2023-05-25,Reports,71,2
2148,488,2023-02-06,API Access,49,3
2149,489,2026-08-11,Team Collaboration,94,3
2150,489,2026-08-31,Reports,82,4
2151,489,2026-08-26,API Access,101,2
2152,489,2026-08-07,Notifications,111,3
2153,489,2026-09-02,Reports,106,1
2154,490,2024-12-17,Reports,118,2
2155,490,2024-10-10,Export Data,9,4
2156,490,2023-03-14,Integrations,19,2
2157,490,2025-03-20,API Access,18,5
2158,491,2024-12-01,Mobile App,86,3
2159,491,2025-07-06,Integrations,26,3
2160,492,2023-07-28,API Access,119,2
2161,493,2026-06-02,Export Data,37,4
2162,493,2026-08-08,Notifications,34,3
2163,493,2026-04-26,Export Data,69,4
2164,493,2026-07-22,Dashboard,89,4
2165,494,2022-07-03,Notifications,59,3
2166,494,2026-09-01,Export Data,30,1
2167,494,2022-08-22,Reports,48,3
2168,494,2025-02-26,Integrations,105,4
2169,494,2023-08-14,Team Collaboration,19,5
2170,494,2023-02-02,API Access,1,2
2171,494,2023-07-11,Mobile App,37,2
2172,494,2022-06-13,Reports,46,2
2173,494,2024-11-08,Notifications,26,1
2174,495,2024-04-21,Team Collaboration,2,4
2175,496,2025-02-14,Export Data,97,3
2176,496,2024-08-23,Export Data,76,3
2177,496,2025-02-18,Mobile App,83,2
2178,496,2024-08-15,Export Data,67,4
2179,496,2024-11-23,Notifications,67,2
2180,497,2025-10-19,Notifications,40,5
2181,497,2025-08-07,Notifications,83,4
2182,497,2026-07-01,Reports,72,5
2183,497,2026-09-04,Reports,115,1
2184,498,2023-05-14,API Access,92,5
2185,498,2023-09-21,Team Collaboration,22,1
2186,498,2023-05-12,Integrations,37,2
2187,498,2023-06-30,Mobile App,23,5
2188,499,2021-08-16,Notifications,17,4
2189,499,2025-12-20,Dashboard,116,5
2190,499,2024-10-11,Integrations,113,5
2191,499,2024-10-19,Notifications,64,4
2192,499,2023-06-01,Mobile App,54,2
2193,500,2025-02-28,Integrations,44,3
2194,500,2025-04-06,Mobile App,110,4
2195,501,2025-11-29,Notifications,17,5
2196,501,2022-03-15,Mobile App,3,1
2197,502,2026-08-19,Reports,112,3
2198,503,2026-02-12,Reports,13,5
2199,503,2023-09-08,Reports,75,3
2200,503,2026-01-19,API Access,49,3
2201,503,2024-05-02,Team Collaboration,31,3
2202,503,2022-11-06,API Access,59,4
2203,503,2022-10-31,Export Data,61,1
2204,503,2026-06-18,Dashboard,5,2
2205,504,2026-07-16,Export Data,69,3
2206,504,2026-06-27,Dashboard,112,4
2207,505,2025-01-22,Reports,88,3
2208,505,2024-12-08,Export Data,29,5
2209,505,2025-02-01,Mobile App,5,2
2210,505,2025-12-02,Dashboard,95,5
2211,505,2025-11-28,Mobile App,34,4
2212,505,2026-05-22,API Access,99,2
2213,505,2025-04-26,Notifications,13,2
2214,506,2023-01-16,Mobile App,69,4
2215,506,2023-01-30,Export Data,42,3
2216,507,2022-08-05,Notifications,112,1
2217,507,2025-06-19,Mobile App,98,4
2218,507,2022-12-06,Mobile App,98,2
2219,507,2022-11-11,Integrations,29,4
2220,507,2026-03-22,Integrations,43,3
2221,507,2025-06-27,Mobile App,33,5
2222,507,2024-06-18,Mobile App,13,2
2223,507,2025-03-21,Integrations,97,4
2224,507,2023-01-12,Integrations,98,1
2225,508,2026-01-04,Mobile App,56,1
2226,508,2024-06-25,Reports,43,3
2227,508,2025-11-16,Integrations,48,4
2228,508,2025-12-27,API Access,34,1
2229,509,2026-07-12,Export Data,65,2
2230,509,2025-08-02,Notifications,11,5
2231,509,2025-03-10,Dashboard,31,5
2232,509,2024-06-09,Export Data,8,2
2233,509,2025-08-23,API Access,89,1
2234,509,2025-01-24,Reports,73,4
2235,509,2025-10-29,Mobile App,119,2
2236,509,2026-02-22,API Access,72,3
2237,509,2023-09-23,Dashboard,5,4
2238,509,2024-04-24,Integrations,22,4
2239,510,2022-07-29,API Access,95,3
2240,511,2025-07-13,Notifications,64,2
2241,511,2025-01-25,Notifications,105,3
2242,511,2026-08-22,Mobile App,65,5
2243,511,2024-10-05,API Access,1,2
2244,511,2026-03-14,Reports,92,4
2245,511,2024-12-06,Export Data,98,3
2246,512,2026-02-20,API Access,1,2
2247,512,2026-02-20,Dashboard,33,5
2248,512,2026-01-20,Mobile App,119,2
2249,512,2025-11-19,Team Collaboration,110,3
2250,512,2024-05-03,Mobile App,64,4
2251,512,2022-06-23,Notifications,73,5
2252,513,2025-08-07,Dashboard,77,3
2253,513,2025-06-01,Export Data,89,4
2254,513,2025-02-18,Reports,118,2
2255,513,2025-04-11,Mobile App,4,3
2256,513,2023-08-11,Mobile App,31,4
2257,513,2023-07-25,Export Data,76,3
2258,513,2022-12-06,Export Data,54,5
2259,514,2025-11-04,Team Collaboration,21,2
2260,515,2022-06-28,Notifications,74,2
2261,516,2024-03-24,API Access,14,4
2262,516,2024-03-13,Notifications,16,1
2263,516,2024-01-29,Dashboard,84,4
2264,516,2023-12-21,Export Data,24,4
2265,517,2025-12-26,Mobile App,106,3
2266,517,2026-02-18,Mobile App,76,5
2267,517,2026-07-01,Team Collaboration,97,5
2268,517,2026-05-19,Mobile App,49,4
2269,517,2026-08-26,Team Collaboration,77,4
2270,517,2026-06-07,Dashboard,82,1
2271,517,2026-04-23,Notifications,34,2
2272,517,2025-09-12,Dashboard,113,4
2273,518,2026-08-22,Mobile App,19,1
2274,518,2026-08-08,Integrations,26,1
2275,518,2026-08-07,Mobile App,25,2
2276,518,2026-08-20,API Access,97,1
2277,518,2026-08-02,Team Collaboration,81,2
2278,518,2026-09-14,Export Data,116,3
2279,518,2026-08-28,Team Collaboration,93,4
2280,518,2026-08-05,Mobile App,11,2
2281,518,2026-09-15,Notifications,37,4
2282,518,2026-08-16,Reports,22,2
2283,519,2025-09-20,Export Data,56,2
2284,519,2025-09-20,API Access,38,2
2285,521,2024-02-14,Reports,82,3
2286,521,2023-01-18,Team Collaboration,45,3
2287,521,2024-04-30,Team Collaboration,35,4
2288,521,2024-11-24,Export Data,43,1
2289,521,2025-12-26,Notifications,24,4
2290,521,2024-09-23,Notifications,14,1
2291,522,2026-07-28,Dashboard,101,2
2292,522,2026-05-23,Mobile App,33,4
2293,522,2026-06-18,Export Data,87,1
2294,522,2026-07-13,API Access,66,2
2295,523,2023-12-01,Notifications,120,5
2296,523,2023-08-17,Notifications,87,3
2297,523,2022-10-16,API Access,110,2
2298,523,2024-02-14,Team Collaboration,31,4
2299,524,2025-04-19,Integrations,2,3
2300,524,2026-05-09,Export Data,84,4
2301,524,2025-05-04,Team Collaboration,64,1
2302,524,2026-02-14,API Access,117,5
2303,524,2025-12-27,Integrations,55,1
2304,524,2025-09-30,Reports,109,3
2305,524,2025-05-23,Mobile App,43,2
2306,524,2025-05-23,Mobile App,59,1
2307,524,2025-03-14,Export Data,80,2
2308,525,2026-02-02,Team Collaboration,101,5
2309,525,2024-12-14,Mobile App,66,4
2310,525,2023-11-11,Team Collaboration,53,1
2311,525,2026-08-16,API Access,51,5
2312,525,2025-08-13,Reports,106,3
2313,525,2024-02-27,Export Data,30,1
2314,525,2024-03-03,Dashboard,73,1
2315,525,2023-07-25,Integrations,73,2
2316,525,2022-05-17,Notifications,72,5
2317,526,2022-08-09,Export Data,84,4
2318,526,2024-03-17,Dashboard,30,5
2319,526,2023-11-26,Reports,93,4
2320,526,2022-09-20,Mobile App,112,4
2321,527,2025-10-18,Team Collaboration,17,2
2322,527,2022-11-27,Dashboard,99,3
2323,527,2024-08-09,Mobile App,36,1
2324,527,2024-02-28,Team Collaboration,22,1
2325,527,2023-05-09,Team Collaboration,55,1
2326,527,2026-07-11,Mobile App,105,3
2327,527,2024-10-09,Reports,28,1
2328,527,2023-12-24,Mobile App,41,2
2329,528,2026-03-19,API Access,78,1
2330,528,2025-09-05,Dashboard,100,3
2331,528,2026-04-11,Team Collaboration,28,4
2332,528,2026-07-24,Mobile App,34,5
2333,528,2025-05-31,Integrations,77,3
2334,528,2026-07-25,Mobile App,32,3
2335,529,2026-01-23,Export Data,3,5
2336,529,2025-10-05,Dashboard,79,3
2337,529,2024-03-28,Dashboard,69,2
2338,529,2024-03-19,Reports,113,1
2339,529,2024-04-19,API Access,95,5
2340,529,2025-03-14,API Access,86,4
2341,529,2025-11-21,Reports,82,1
2342,529,2023-03-30,Reports,70,3
2343,529,2025-01-03,Mobile App,60,3
2344,530,2024-11-02,Dashboard,51,2
2345,530,2024-05-15,API Access,47,4
2346,531,2026-09-02,Integrations,103,1
2347,531,2026-08-11,Team Collaboration,83,1
2348,531,2026-09-02,Notifications,22,3
2349,531,2026-08-08,Reports,108,1
2350,531,2026-04-29,Mobile App,91,2
2351,531,2026-06-27,Mobile App,55,4
2352,531,2026-08-15,Notifications,113,5
2353,531,2026-08-26,Mobile App,117,4
2354,532,2026-07-30,Team Collaboration,37,1
2355,532,2022-03-13,Export Data,99,3
2356,532,2024-06-29,Dashboard,81,4
2357,533,2026-09-11,Mobile App,44,4
2358,533,2026-04-19,API Access,29,5
2359,533,2026-08-10,API Access,14,3
2360,533,2026-06-03,Team Collaboration,50,5
2361,533,2026-08-15,Team Collaboration,109,2
2362,533,2026-07-13,Mobile App,110,4
2363,533,2026-02-22,Dashboard,53,3
2364,533,2026-02-25,Notifications,59,5
2365,534,2025-03-22,Export Data,15,5
2366,535,2026-07-23,Dashboard,75,1
2367,535,2026-08-04,API Access,77,4
2368,535,2026-07-28,Mobile App,29,4
2369,535,2026-08-03,Reports,55,3
2370,536,2024-04-07,Mobile App,23,2
2371,536,2024-06-23,API Access,30,3
2372,536,2025-07-25,Reports,44,1
2373,536,2024-03-27,Integrations,111,5
2374,536,2025-06-08,Team Collaboration,23,2
2375,537,2026-08-23,API Access,30,3
2376,537,2026-01-04,Integrations,119,4
2377,537,2026-06-11,Integrations,20,3
2378,537,2026-05-17,Dashboard,97,3
2379,537,2026-02-25,Integrations,64,5
2380,538,2026-03-15,Export Data,49,1
2381,538,2026-08-05,Team Collaboration,41,5
2382,538,2026-02-28,Notifications,107,1
2383,539,2025-02-12,Team Collaboration,30,4
2384,539,2025-07-07,Team Collaboration,76,1
2385,539,2025-04-13,Reports,46,4
2386,539,2025-07-08,Dashboard,32,5
2387,539,2025-12-11,Reports,47,5
2388,539,2024-05-25,API Access,82,4
2389,539,2022-01-15,Reports,102,3
2390,539,2022-10-16,Reports,46,1
2391,539,2022-10-14,Reports,2,1
2392,540,2025-03-07,Mobile App,94,3
2393,540,2025-03-21,Integrations,101,2
2394,541,2026-08-30,API Access,39,1
2395,541,2026-02-15,Notifications,83,3
2396,541,2025-06-06,Reports,5,2
2397,541,2026-05-16,Mobile App,17,1
2398,541,2025-08-21,API Access,30,1
2399,541,2026-01-18,API Access,29,4
2400,541,2026-01-17,Reports,52,2
2401,541,2026-03-01,Integrations,117,2
2402,541,2025-09-14,Export Data,24,2
2403,541,2026-04-28,Dashboard,11,5
2404,542,2025-12-14,Mobile App,11,2
2405,542,2025-01-09,Integrations,114,3
2406,542,2024-04-16,Dashboard,117,5
2407,542,2024-02-27,API Access,13,3
2408,543,2026-01-20,API Access,100,4
2409,543,2026-07-28,Mobile App,76,4
2410,543,2024-05-14,Mobile App,102,2
2411,543,2025-06-30,Integrations,95,2
2412,543,2026-05-15,Mobile App,77,1
2413,543,2026-08-13,Notifications,79,3
2414,543,2026-04-02,Team Collaboration,94,2
2415,543,2023-07-17,Integrations,12,5
2416,543,2023-04-05,Notifications,63,3
2417,544,2025-06-18,Team Collaboration,102,1
2418,545,2022-11-14,Dashboard,14,4
2419,546,2025-12-22,Mobile App,57,3
2420,546,2026-02-12,Dashboard,109,1
2421,546,2026-08-30,Reports,73,2
2422,546,2026-07-26,API Access,50,4
2423,546,2026-09-03,Team Collaboration,63,2
2424,546,2026-05-27,Reports,27,4
2425,546,2026-01-19,Notifications,34,5
2426,546,2025-09-03,Dashboard,99,3
2427,547,2023-12-24,Export Data,113,2
2428,547,2024-11-07,API Access,29,2
2429,547,2025-08-27,Mobile App,97,4
2430,547,2025-12-02,Dashboard,22,3
2431,547,2023-03-05,Reports,112,5
2432,547,2026-03-27,Team Collaboration,65,4
2433,547,2021-06-15,Reports,109,1
2434,547,2025-10-04,Team Collaboration,38,5
2435,547,2024-03-26,Dashboard,91,2
2436,548,2026-05-05,Reports,63,4
2437,548,2026-09-14,Export Data,1,4
2438,548,2026-05-20,API Access,110,4
2439,548,2026-05-08,Team Collaboration,11,1
2440,548,2026-06-15,Reports,105,1
2441,548,2026-05-15,Reports,54,1
2442,548,2026-06-22,Export Data,103,5
2443,548,2026-04-28,Mobile App,47,4
2444,548,2026-05-10,Team Collaboration,76,1
2445,548,2026-07-07,Notifications,78,3
2446,549,2024-11-29,Integrations,69,1
2447,549,2026-05-30,Mobile App,25,4
2448,549,2024-12-27,Mobile App,35,1
2449,549,2024-12-01,Export Data,61,1
2450,549,2023-02-09,Team Collaboration,4,5
2451,549,2024-12-09,Dashboard,82,4
2452,549,2025-01-23,Reports,20,5
2453,549,2024-06-20,Reports,11,5
2454,549,2024-07-22,Team Collaboration,56,5
2455,550,2024-06-18,Mobile App,77,5
2456,550,2024-08-31,Team Collaboration,12,1
2457,551,2024-11-26,Integrations,100,2
2458,551,2024-12-05,Dashboard,57,1
2459,552,2026-08-19,Reports,67,1
2460,552,2026-07-10,Export Data,45,4
2461,552,2026-08-06,Notifications,33,4
2462,552,2026-07-21,Integrations,1,3
2463,552,2026-08-07,API Access,117,5
2464,553,2026-09-06,Team Collaboration,79,5
2465,553,2026-05-18,Reports,8,5
2466,554,2022-11-01,Notifications,85,2
2467,554,2025-09-02,Reports,42,5
2468,554,2024-04-04,Mobile App,117,2
2469,554,2022-04-10,Reports,26,5
2470,555,2023-05-20,Mobile App,53,1
2471,555,2021-10-26,Integrations,5,4
2472,555,2024-02-09,Reports,34,4
2473,556,2023-12-17,Team Collaboration,103,5
2474,556,2024-09-18,Notifications,65,2
2475,557,2026-07-27,Export Data,110,2
2476,557,2026-07-01,API Access,89,1
2477,557,2026-09-10,Mobile App,79,3
2478,558,2026-05-14,Export Data,118,4
2479,558,2026-06-29,Reports,50,4
2480,558,2026-04-08,Reports,104,1
2481,558,2025-09-06,API Access,118,5
2482,558,2025-11-16,API Access,17,3
2483,558,2025-04-13,Reports,79,1
2484,558,2026-07-12,Mobile App,100,1
2485,558,2026-03-15,Notifications,108,4
2486,558,2025-07-24,API Access,94,5
2487,558,2025-08-15,Export Data,21,1
2488,559,2021-09-13,Integrations,109,4
2489,561,2026-09-01,Notifications,95,2
2490,561,2026-03-10,Export Data,4,3
2491,561,2026-03-25,Dashboard,19,2
2492,561,2026-04-01,Mobile App,73,4
2493,561,2026-02-06,Mobile App,109,5
2494,561,2026-09-15,API Access,90,2
2495,561,2026-01-17,Export Data,24,4
2496,561,2026-01-30,Team Collaboration,15,2
2497,561,2026-07-12,Integrations,56,3
2498,562,2026-04-18,Reports,108,5
2499,562,2026-05-20,Notifications,69,2
2500,562,2026-06-09,Export Data,102,4
2501,562,2026-06-07,Integrations,20,4
2502,562,2026-01-03,Team Collaboration,45,3
2503,562,2026-03-03,Dashboard,38,3
2504,562,2026-01-14,Mobile App,27,3
2505,562,2026-09-09,API Access,2,3
2506,563,2022-08-22,Notifications,118,2
2507,563,2021-12-02,Dashboard,9,1
2508,563,2022-06-20,Team Collaboration,26,2
2509,564,2026-03-01,API Access,6,3
2510,564,2024-08-11,Mobile App,21,3
2511,564,2025-07-16,Team Collaboration,79,5
2512,565,2026-01-23,Mobile App,22,1
2513,565,2025-11-17,Mobile App,18,3
2514,565,2026-07-20,Integrations,20,4
2515,565,2025-04-19,Integrations,96,4
2516,565,2026-01-28,Team Collaboration,18,2
2517,565,2025-06-12,Reports,100,2
2518,565,2025-08-10,Team Collaboration,2,5
2519,565,2026-01-09,API Access,96,1
2520,566,2024-12-16,Notifications,96,1
2521,566,2026-04-04,Dashboard,57,3
2522,566,2025-12-20,Export Data,14,5
2523,566,2025-03-03,Integrations,49,4
2524,566,2025-03-02,API Access,65,4
2525,566,2026-02-23,Integrations,70,5
2526,567,2026-06-19,Reports,80,1
2527,567,2026-06-07,Integrations,54,4
2528,567,2026-06-12,Notifications,66,5
2529,568,2025-05-31,Team Collaboration,112,5
2530,568,2026-06-20,Export Data,83,1
2531,568,2026-01-09,Team Collaboration,18,5
2532,568,2026-07-04,Export Data,26,1
2533,568,2025-04-22,Mobile App,110,3
2534,568,2025-07-13,Export Data,66,5
2535,569,2025-07-24,Reports,90,4
2536,569,2023-12-19,Integrations,35,3
2537,569,2023-06-30,API Access,80,5
2538,569,2026-05-28,Dashboard,42,4
2539,569,2024-01-12,Notifications,24,2
2540,569,2023-09-19,Notifications,74,4
2541,569,2026-07-15,Integrations,45,2
2542,570,2025-08-25,Team Collaboration,45,5
2543,570,2026-08-11,Reports,48,4
2544,570,2024-09-09,Notifications,69,1
2545,570,2024-12-10,Integrations,20,4
2546,570,2025-06-07,Team Collaboration,94,5
2547,571,2026-06-14,Mobile App,50,5
2548,571,2026-06-24,Export Data,11,4
2549,571,2024-03-26,Team Collaboration,39,3
2550,571,2024-08-19,API Access,107,2
2551,571,2024-10-13,Mobile App,29,2
2552,572,2025-04-21,Team Collaboration,50,4
2553,572,2026-01-13,Dashboard,93,3
2554,572,2026-04-28,Dashboard,31,5
2555,572,2026-04-03,API Access,55,4
2556,572,2025-04-10,Mobile App,5,5
2557,572,2025-07-01,Notifications,82,4
2558,573,2024-06-21,Reports,116,1
2559,573,2024-04-12,API Access,41,3
2560,573,2024-04-24,Export Data,63,4
2561,574,2025-07-19,Integrations,78,4
2562,574,2025-11-02,Reports,70,2
2563,574,2026-05-18,Dashboard,80,5
2564,574,2025-07-15,Notifications,8,4
2565,574,2026-04-02,Team Collaboration,35,3
2566,575,2026-05-30,Export Data,46,5
2567,575,2026-09-08,Notifications,20,3
2568,575,2026-08-24,Dashboard,2,3
2569,575,2026-07-01,Mobile App,98,2
2570,575,2026-09-05,Team Collaboration,49,1
2571,575,2026-07-23,Export Data,16,4
2572,575,2026-09-03,Mobile App,46,1
2573,575,2026-07-03,Team Collaboration,110,4
2574,575,2026-07-27,Integrations,66,1
2575,576,2024-09-26,Dashboard,28,2
2576,577,2024-11-19,Export Data,25,1
2577,577,2023-11-16,Notifications,51,4
2578,577,2023-08-19,Mobile App,38,1
2579,577,2022-08-27,API Access,32,3
2580,577,2022-11-01,Team Collaboration,29,3
2581,577,2023-10-11,API Access,85,1
2582,577,2024-09-02,Notifications,81,3
2583,577,2023-06-21,Mobile App,98,2
2584,578,2023-12-23,Export Data,84,2
2585,578,2024-01-08,Team Collaboration,62,4
2586,579,2025-04-20,Notifications,31,3
2587,579,2024-06-28,Mobile App,39,4
2588,579,2023-10-11,Notifications,29,1
2589,579,2025-02-19,Team Collaboration,116,2
2590,579,2024-10-04,Mobile App,49,1
2591,579,2026-04-23,Notifications,41,3
2592,579,2023-11-05,API Access,51,4
2593,580,2022-09-29,Export Data,47,1
2594,580,2022-05-18,Dashboard,40,3
2595,580,2022-08-06,Mobile App,20,4
2596,580,2022-04-03,Integrations,17,1
2597,581,2022-04-06,Mobile App,102,4
2598,581,2025-05-23,Team Collaboration,112,4
2599,581,2022-11-13,Export Data,20,1
2600,581,2025-11-15,Dashboard,19,3
2601,581,2022-11-27,Dashboard,85,4
2602,582,2025-02-01,API Access,119,4
2603,583,2026-08-26,API Access,63,3
2604,583,2026-06-07,Integrations,103,1
2605,583,2026-06-10,Reports,111,4
2606,583,2026-08-01,Export Data,9,2
2607,583,2026-07-11,Dashboard,23,1
2608,583,2026-09-05,Dashboard,117,4
2609,584,2024-11-13,Mobile App,21,3
2610,585,2022-12-20,Integrations,20,4
2611,585,2023-07-04,Team Collaboration,67,4
2612,586,2026-05-31,Mobile App,115,4
2613,586,2022-07-18,Team Collaboration,112,4
2614,586,2025-02-02,Mobile App,99,5
2615,586,2024-10-13,Dashboard,12,5
2616,586,2025-09-22,Notifications,115,1
2617,586,2022-10-24,Reports,59,4
2618,586,2023-04-03,API Access,30,5
2619,586,2024-09-17,Reports,46,5
2620,586,2022-05-16,Integrations,73,4
2621,586,2022-03-01,Export Data,38,4
2622,587,2021-06-04,Team Collaboration,4,2
2623,587,2021-05-31,API Access,19,4
2624,588,2024-12-18,Reports,54,3
2625,588,2024-04-03,Team Collaboration,33,5
2626,588,2024-11-10,API Access,38,2
2627,588,2024-12-31,Dashboard,51,1
2628,588,2024-06-28,API Access,43,5
2629,588,2025-06-17,Notifications,24,4
2630,588,2026-08-25,Mobile App,37,1
2631,589,2026-04-05,Integrations,46,5
2632,589,2025-10-02,Dashboard,93,1
2633,589,2024-07-02,Reports,11,2
2634,589,2023-07-31,Team Collaboration,53,5
2635,589,2024-03-15,Integrations,116,5
2636,589,2023-08-16,Notifications,75,5
2637,589,2022-07-09,Integrations,13,4
2638,590,2026-08-30,API Access,118,4
2639,590,2026-08-04,Export Data,28,1
2640,590,2026-08-04,API Access,46,1
2641,591,2024-03-15,Team Collaboration,62,1
2642,591,2025-08-14,Notifications,80,5
2643,591,2025-07-06,Dashboard,12,2
2644,591,2025-10-15,Reports,86,4
2645,591,2024-10-02,Team Collaboration,14,1
2646,591,2024-02-01,Notifications,116,4
2647,592,2023-12-29,API Access,62,2
2648,592,2023-09-08,Mobile App,103,2
2649,593,2024-08-21,API Access,87,3
2650,593,2025-01-13,Export Data,102,1
2651,594,2025-12-15,API Access,58,4
2652,595,2026-01-01,Reports,36,4
2653,595,2026-08-19,Notifications,53,2
2654,595,2023-11-04,Mobile App,46,5
2655,595,2023-07-11,API Access,36,3
2656,595,2024-04-12,Export Data,24,2
2657,595,2023-05-12,Notifications,40,3
2658,595,2026-02-03,Team Collaboration,37,5
2659,595,2026-08-08,API Access,49,5
2660,596,2025-11-05,Team Collaboration,67,4
2661,596,2026-07-01,Reports,115,2
2662,596,2026-06-11,Integrations,88,2
2663,596,2026-04-01,API Access,58,1
2664,598,2026-01-18,Notifications,12,5
2665,598,2025-06-29,Team Collaboration,103,2
2666,598,2026-06-17,Team Collaboration,3,4
2667,598,2025-07-08,Reports,68,1
2668,598,2024-03-29,Reports,10,2
2669,598,2022-08-04,Export Data,107,5
2670,598,2026-04-06,Team Collaboration,7,2
2671,599,2025-04-05,API Access,106,3
2672,599,2025-10-27,Integrations,98,4
2673,599,2023-09-10,Reports,32,1
2674,600,2026-03-23,Team Collaboration,96,5
2675,600,2026-05-28,Dashboard,107,5
2676,600,2026-08-08,Export Data,75,3
2677,600,2026-07-10,Mobile App,62,2
2678,600,2026-04-08,Notifications,8,2
2679,600,2026-06-28,Integrations,6,3
2680,600,2026-07-20,Team Collaboration,48,5
2681,601,2026-09-07,Team Collaboration,59,3
2682,603,2026-09-04,Reports,46,3
2683,603,2026-09-06,Dashboard,4,5
2684,603,2026-05-05,API Access,10,3
2685,603,2026-06-08,Notifications,62,4
2686,604,2026-08-29,Team Collaboration,104,4
2687,604,2026-08-26,Mobile App,39,2
2688,604,2024-08-11,Notifications,46,1
2689,604,2026-03-13,API Access,23,1
2690,604,2026-04-25,Reports,69,4
2691,604,2024-07-18,Integrations,68,4
2692,604,2025-02-16,Reports,104,3
2693,605,2026-01-15,Export Data,95,2
2694,605,2026-07-11,Team Collaboration,2,5
2695,605,2025-09-17,Team Collaboration,91,1
2696,605,2025-05-10,Reports,108,4
2697,605,2026-04-06,Notifications,18,3
2698,606,2022-12-15,Integrations,83,1
2699,606,2025-08-30,Integrations,79,2
2700,606,2023-10-27,Dashboard,9,4
2701,606,2026-02-18,API Access,99,1
2702,606,2023-07-03,Notifications,96,2
2703,606,2025-10-03,Export Data,94,1
2704,607,2025-05-18,Notifications,20,3
2705,607,2025-05-12,Integrations,53,2
2706,607,2025-05-24,Dashboard,110,3
2707,608,2026-06-14,Notifications,88,5
2708,609,2025-12-05,Dashboard,45,4
2709,609,2025-01-15,Notifications,83,2
2710,609,2023-12-20,Integrations,86,1
2711,609,2023-12-03,Team Collaboration,101,1
2712,609,2024-01-27,Integrations,50,3
2713,609,2025-08-28,Dashboard,83,5
2714,610,2026-01-21,Dashboard,17,1
2715,610,2026-05-06,Integrations,47,1
2716,611,2022-01-17,Integrations,44,5
2717,611,2026-03-21,Team Collaboration,78,3
2718,611,2023-08-13,Dashboard,20,5
2719,611,2022-07-10,Notifications,58,3
2720,611,2026-05-05,Export Data,34,4
2721,611,2026-08-01,Dashboard,94,2
2722,611,2025-05-29,Dashboard,42,3
2723,611,2025-02-21,Mobile App,90,3
2724,611,2025-03-19,Notifications,38,4
2725,612,2025-09-28,Integrations,115,3
2726,612,2026-03-23,Dashboard,47,2
2727,612,2026-06-07,Reports,66,3
2728,612,2025-04-09,Mobile App,38,2
2729,612,2026-02-15,API Access,85,4
2730,612,2024-08-23,Team Collaboration,34,2
2731,612,2024-11-20,Export Data,10,2
2732,613,2025-12-10,Mobile App,10,5
2733,613,2025-12-18,Integrations,103,5
2734,613,2026-01-10,Dashboard,62,3
2735,613,2023-04-11,Integrations,59,3
2736,613,2023-11-05,API Access,109,4
2737,613,2025-02-02,API Access,112,4
2738,613,2025-06-30,Notifications,73,4
2739,613,2024-06-03,Export Data,97,3
2740,613,2026-01-25,Export Data,32,3
2741,613,2024-07-09,Dashboard,87,2
2742,614,2025-02-26,Notifications,96,3
2743,615,2026-08-02,Integrations,106,4
2744,615,2026-08-10,Reports,29,5
2745,615,2026-08-10,Export Data,84,3
2746,615,2026-07-23,Integrations,7,3
2747,615,2026-09-06,Dashboard,2,4
2748,615,2026-09-06,Reports,64,4
2749,615,2026-08-21,Export Data,107,3
2750,616,2023-06-30,API Access,77,1
2751,616,2024-11-26,Reports,92,3
2752,616,2023-08-16,Dashboard,62,5
2753,616,2026-02-06,Integrations,80,1
2754,617,2026-08-25,Integrations,32,3
2755,617,2026-05-28,Export Data,42,3
2756,618,2026-05-09,Mobile App,33,3
2757,618,2026-08-01,Integrations,58,4
2758,618,2026-07-09,Team Collaboration,23,3
2759,618,2026-06-01,Team Collaboration,103,5
2760,618,2026-03-25,Integrations,116,1
2761,618,2026-06-06,Notifications,72,3
2762,618,2026-07-20,API Access,57,2
2763,618,2026-03-29,Reports,86,1
2764,618,2026-09-05,Reports,64,3
2765,618,2026-09-11,Integrations,83,1
2766,619,2026-07-16,API Access,48,2
2767,619,2026-07-27,Notifications,1,1
2768,619,2026-08-05,Dashboard,77,1
2769,619,2025-11-17,Reports,91,3
2770,619,2026-07-05,Dashboard,63,2
2771,619,2026-06-01,Mobile App,22,1
2772,619,2025-07-04,Mobile App,84,3
2773,619,2025-12-17,Dashboard,90,4
2774,619,2026-07-20,Team Collaboration,43,3
2775,619,2025-08-21,Notifications,76,3
2776,620,2025-11-08,Notifications,40,5
2777,620,2024-09-30,Integrations,49,2
2778,620,2024-09-07,Team Collaboration,39,4
2779,620,2025-03-03,Reports,39,1
2780,620,2025-09-29,Reports,95,2
2781,620,2024-07-27,Dashboard,87,2
2782,620,2026-01-03,API Access,67,2
2783,621,2026-05-08,Mobile App,51,2
2784,621,2023-12-15,Dashboard,3,2
2785,621,2026-02-18,API Access,81,5
2786,621,2026-05-03,Dashboard,37,1
2787,621,2022-09-18,API Access,24,3
2788,621,2022-04-15,Notifications,70,4
2789,621,2024-01-17,Team Collaboration,29,2
2790,622,2026-07-14,Team Collaboration,28,5
2791,622,2026-08-25,Integrations,7,2
2792,622,2026-05-28,Notifications,8,4
2793,622,2026-08-26,Export Data,52,5
2794,622,2026-08-01,Mobile App,32,1
2795,622,2026-08-11,API Access,47,5
2796,622,2026-08-10,Integrations,85,2
2797,623,2026-06-05,Mobile App,112,3
2798,624,2026-07-30,Export Data,48,1
2799,624,2025-03-17,Export Data,104,3
2800,624,2025-07-30,Notifications,6,5
2801,625,2025-05-25,Mobile App,107,4
2802,625,2025-05-03,Reports,24,2
2803,625,2025-07-11,Dashboard,1,1
2804,625,2025-04-17,Export Data,101,5
2805,626,2023-12-27,Dashboard,16,4
2806,626,2025-06-07,Team Collaboration,47,2
2807,626,2025-07-02,Notifications,29,3
2808,627,2026-03-28,API Access,108,4
2809,627,2026-04-12,API Access,95,5
2810,627,2024-11-09,API Access,1,4
2811,627,2025-01-09,Reports,20,1
2812,628,2022-06-09,Dashboard,75,4
2813,628,2022-07-01,Dashboard,54,3
2814,630,2026-01-30,Mobile App,51,1
2815,630,2026-08-02,Dashboard,83,5
2816,630,2026-07-30,Reports,104,4
2817,631,2024-06-30,Integrations,72,4
2818,631,2024-08-04,Export Data,24,2
2819,631,2024-09-23,Reports,17,2
2820,632,2024-03-27,Reports,71,5
2821,632,2025-02-17,Team Collaboration,19,4
2822,633,2025-01-06,Integrations,99,5
2823,633,2026-07-18,Mobile App,108,1
2824,633,2026-06-22,Integrations,91,3
2825,633,2022-03-30,Reports,91,5
2826,633,2021-10-15,Integrations,111,5
2827,633,2026-01-17,Export Data,19,3
2828,633,2021-06-14,Dashboard,23,4
2829,633,2024-04-01,Reports,4,4
2830,634,2024-12-29,Team Collaboration,40,1
2831,634,2021-06-17,Reports,18,1
2832,634,2021-11-11,API Access,44,4
2833,634,2024-03-28,Mobile App,69,4
2834,635,2026-03-09,Notifications,2,2
2835,635,2025-09-27,Integrations,12,2
2836,635,2025-12-25,Export Data,89,3
2837,636,2022-04-24,Integrations,107,1
2838,636,2021-09-02,Reports,28,5
2839,636,2022-03-11,Notifications,37,5
2840,636,2021-12-25,Export Data,91,3
2841,636,2021-07-24,Mobile App,59,2
2842,636,2025-12-15,Notifications,16,5
2843,636,2024-06-21,API Access,35,5
2844,636,2021-11-11,Dashboard,69,1
2845,636,2023-10-29,Dashboard,95,2
2846,636,2025-07-27,Reports,61,2
2847,637,2025-10-04,Mobile App,58,1
2848,638,2023-09-27,Mobile App,68,4
2849,638,2024-01-19,Integrations,76,4
2850,638,2024-12-24,Mobile App,38,2
2851,638,2025-03-11,API Access,69,3
2852,638,2025-03-21,Reports,63,5
2853,638,2024-06-22,Mobile App,3,1
2854,638,2026-04-22,Reports,102,4
2855,639,2024-12-20,Mobile App,78,4
2856,639,2024-11-29,Dashboard,42,4
2857,639,2025-09-25,Notifications,56,1
2858,639,2026-08-02,Mobile App,70,3
2859,640,2026-05-08,Notifications,61,2
2860,640,2025-08-28,API Access,24,5
2861,641,2024-01-13,Export Data,38,5
2862,642,2025-07-26,Reports,23,5
2863,642,2025-01-12,Mobile App,54,5
2864,642,2026-05-17,Mobile App,97,1
2865,642,2024-03-30,Notifications,80,3
2866,642,2024-08-10,Mobile App,4,2
2867,643,2022-03-25,Notifications,118,2
2868,643,2023-06-04,Mobile App,72,2
2869,643,2023-12-28,Dashboard,5,1
2870,643,2025-03-06,Dashboard,2,4
2871,643,2024-01-02,Notifications,100,1
2872,643,2024-11-22,Mobile App,62,3
2873,643,2023-09-22,Integrations,45,5
2874,644,2025-12-18,Dashboard,114,1
2875,645,2025-04-24,Notifications,31,1
2876,645,2025-07-10,Dashboard,85,5
2877,645,2024-12-17,API Access,94,2
2878,645,2026-08-04,Dashboard,31,5
2879,646,2025-02-28,Export Data,40,5
2880,646,2024-08-08,Mobile App,103,5
2881,646,2025-07-07,Reports,15,5
2882,646,2025-08-08,Team Collaboration,42,1
2883,646,2025-01-05,Team Collaboration,39,4
2884,646,2026-01-15,Mobile App,17,4
2885,647,2024-05-18,Team Collaboration,29,3
2886,647,2023-10-05,Integrations,18,2
2887,647,2024-01-23,Dashboard,3,5
2888,647,2023-02-21,Mobile App,25,5
2889,648,2026-06-04,Team Collaboration,48,5
2890,648,2026-07-23,Export Data,58,5
2891,648,2026-04-26,Integrations,13,1
2892,649,2022-11-24,Export Data,120,2
2893,649,2026-02-02,API Access,46,2
2894,649,2023-04-08,Integrations,6,1
2895,649,2023-08-03,Reports,7,3
2896,649,2026-01-26,Integrations,2,5
2897,649,2023-02-03,API Access,17,3
2898,650,2026-05-24,Mobile App,71,1
2899,650,2026-06-26,Dashboard,19,4
2900,650,2026-01-24,Reports,28,3
2901,650,2026-03-25,Mobile App,56,2
2902,650,2026-06-10,Dashboard,64,2
2903,650,2026-02-12,Integrations,106,5
2904,650,2026-09-04,Notifications,3,3
2905,650,2026-04-15,Integrations,32,1
2906,651,2023-10-11,Notifications,117,2
2907,651,2024-03-21,API Access,95,2
2908,651,2023-03-17,Dashboard,1,3
2909,652,2025-05-20,Mobile App,49,5
2910,652,2024-03-20,Reports,43,5
2911,652,2024-10-03,Team Collaboration,42,3
2912,652,2025-10-19,Reports,28,1
2913,652,2025-08-10,Notifications,26,1
2914,652,2025-07-05,Team Collaboration,106,2
2915,652,2023-12-14,Dashboard,43,5
2916,652,2023-04-22,Integrations,44,4
2917,652,2026-06-07,Notifications,51,1
2918,652,2025-01-06,Dashboard,29,5
2919,653,2026-08-26,Reports,17,5
2920,653,2026-09-14,Integrations,6,4
2921,653,2026-07-18,Mobile App,45,5
2922,653,2026-03-12,Mobile App,69,1
2923,653,2026-05-20,API Access,2,4
2924,653,2026-06-26,Mobile App,113,2
2925,653,2026-05-06,Reports,56,5
2926,653,2026-02-15,Integrations,72,3
2927,653,2026-08-26,Dashboard,29,3
2928,653,2026-03-16,API Access,105,4
2929,654,2023-07-18,Mobile App,7,2
2930,654,2023-03-15,Team Collaboration,84,3
2931,654,2023-03-24,Reports,105,2
2932,655,2026-01-22,Export Data,103,5
2933,656,2026-05-27,Team Collaboration,2,1
2934,656,2024-05-04,Reports,114,4
2935,656,2026-05-08,Reports,32,2
2936,657,2025-11-17,Team Collaboration,26,2
2937,657,2026-01-06,Dashboard,41,5
2938,658,2025-06-10,Dashboard,5,5
2939,658,2024-05-26,Notifications,57,4
2940,658,2026-03-21,Notifications,17,3
2941,658,2026-03-19,Notifications,34,3
2942,658,2024-09-29,API Access,88,4
2943,658,2026-01-28,Export Data,36,2
2944,658,2026-01-30,API Access,34,1
2945,658,2023-08-22,Mobile App,76,2
2946,659,2024-03-23,Export Data,34,2
2947,659,2023-09-14,Notifications,102,1
2948,659,2023-07-31,Export Data,19,5
2949,661,2025-06-17,Integrations,46,2
2950,661,2026-01-02,Export Data,96,2
2951,661,2025-09-15,Notifications,105,5
2952,662,2026-08-09,Dashboard,2,4
2953,662,2026-07-31,Mobile App,63,2
2954,662,2026-08-08,Export Data,113,2
2955,662,2026-08-01,Mobile App,108,5
2956,662,2026-08-31,Integrations,24,4
2957,662,2026-09-02,Reports,72,3
2958,662,2026-08-13,Export Data,12,4
2959,662,2026-09-07,Reports,106,1
2960,662,2026-08-14,Export Data,118,1
2961,664,2026-07-31,Notifications,39,2
2962,664,2026-06-09,Notifications,47,3
2963,664,2026-04-16,API Access,86,2
2964,664,2026-07-06,API Access,15,3
2965,664,2026-01-27,Dashboard,108,2
2966,664,2025-09-19,Dashboard,61,5
2967,665,2023-01-28,Integrations,98,1
2968,665,2023-06-11,Reports,41,2
2969,666,2026-08-15,Team Collaboration,90,3
2970,666,2025-12-30,Integrations,6,3
2971,666,2025-10-09,Reports,92,3
2972,667,2025-08-31,Dashboard,98,5
2973,667,2025-06-27,API Access,63,3
2974,667,2026-03-28,Dashboard,76,3
2975,667,2026-08-17,Team Collaboration,6,2
2976,667,2025-09-21,Export Data,107,3
2977,668,2024-02-07,Mobile App,107,1
2978,668,2025-04-09,Integrations,52,4
2979,668,2024-01-06,API Access,15,4
2980,668,2025-07-01,API Access,43,1
2981,668,2025-06-22,Reports,99,2
2982,668,2024-11-01,Team Collaboration,51,2
2983,668,2025-10-09,Export Data,81,1
2984,669,2024-01-05,Notifications,55,5
2985,669,2024-01-12,Integrations,35,2
2986,670,2026-05-11,Reports,13,4
2987,670,2026-06-03,Reports,111,2
2988,671,2024-11-26,Notifications,116,3
2989,671,2023-06-14,Dashboard,57,2
2990,671,2023-05-12,Mobile App,117,1
2991,672,2026-09-12,Export Data,8,5
2992,672,2026-06-30,Team Collaboration,49,1
2993,674,2024-12-29,Mobile App,20,5
2994,674,2021-02-19,Mobile App,57,3
2995,674,2023-12-21,Reports,68,4
2996,674,2021-03-05,Dashboard,113,1
2997,674,2021-08-09,Integrations,48,2
2998,674,2025-07-23,Integrations,9,5
2999,675,2021-10-13,Integrations,54,4
3000,675,2021-11-17,Reports,45,3
3001,675,2021-10-31,Reports,35,1
3002,675,2021-11-30,Integrations,34,3
3003,676,2024-11-12,API Access,42,4
3004,676,2023-12-22,Mobile App,21,4
3005,676,2023-12-12,Export Data,35,5
3006,676,2025-10-14,Team Collaboration,33,4
3007,676,2023-11-17,Export Data,89,5
3008,676,2023-07-23,Mobile App,92,4
3009,676,2025-01-13,Export Data,25,1
3010,676,2026-02-11,Reports,26,5
3011,677,2023-08-19,Integrations,60,2
3012,677,2022-10-27,Notifications,115,4
3013,679,2023-02-17,Notifications,120,1
3014,679,2022-08-01,Mobile App,6,4
3015,679,2026-08-13,API Access,90,1
3016,679,2026-04-11,Dashboard,60,4
3017,679,2023-09-12,Mobile App,31,1
3018,679,2026-04-27,Integrations,52,4
3019,679,2024-11-14,Notifications,23,1
3020,679,2026-09-15,Export Data,98,2
3021,679,2023-03-30,Export Data,49,1
3022,679,2025-11-18,Team Collaboration,41,5
3023,680,2023-01-26,API Access,111,4
3024,681,2024-09-30,Dashboard,86,3
3025,681,2024-11-06,Integrations,17,2
3026,681,2024-08-25,Reports,75,5
3027,681,2024-05-18,Export Data,37,1
3028,681,2024-12-27,Team Collaboration,97,5
3029,681,2024-07-21,Team Collaboration,61,3
3030,682,2023-04-25,Team Collaboration,2,4
3031,682,2023-02-08,Dashboard,114,2
3032,683,2022-12-21,Notifications,50,4
3033,683,2022-09-02,Export Data,2,4
3034,683,2022-12-06,Dashboard,104,3
3035,684,2023-11-12,Dashboard,38,2
3036,684,2024-01-06,Dashboard,48,2
3037,684,2024-12-12,Mobile App,89,1
3038,684,2025-01-12,Reports,81,3
3039,685,2024-12-26,Reports,9,2
3040,685,2022-05-18,Dashboard,98,5
3041,686,2024-06-13,Notifications,26,3
3042,686,2026-01-30,Team Collaboration,72,3
3043,687,2021-12-26,Reports,26,4
3044,687,2022-01-04,Reports,48,2
3045,687,2021-12-31,Integrations,101,5
3046,687,2021-12-26,API Access,65,4
3047,688,2022-04-03,Reports,48,4
3048,689,2026-06-23,Notifications,58,4
3049,689,2026-09-12,Reports,22,2
3050,689,2026-07-06,Reports,17,3
3051,690,2023-05-10,Notifications,120,3
3052,690,2023-12-22,Notifications,101,2
3053,690,2023-10-04,Reports,82,3
3054,690,2023-02-23,Mobile App,18,2
3055,691,2025-05-25,Notifications,81,4
3056,692,2023-01-07,API Access,96,3
3057,692,2025-03-19,Mobile App,28,5
3058,692,2023-08-18,Export Data,97,1
3059,692,2026-01-06,Notifications,14,1
3060,692,2021-11-21,Team Collaboration,82,5
3061,693,2026-05-14,Dashboard,71,5
3062,694,2024-08-14,Notifications,63,5
3063,694,2025-01-25,Dashboard,51,2
3064,694,2024-06-16,Notifications,31,4
3065,694,2024-03-29,Export Data,99,1
3066,695,2025-08-02,Export Data,25,4
3067,695,2024-04-18,Export Data,99,3
3068,695,2023-02-02,Reports,37,4
3069,695,2026-06-21,Integrations,45,3
3070,695,2024-06-20,Dashboard,110,5
3071,695,2023-08-21,Team Collaboration,101,4
3072,695,2025-06-03,Export Data,31,2
3073,695,2023-08-13,Mobile App,5,1
3074,695,2024-03-19,Reports,76,2
3075,696,2022-09-22,Notifications,7,5
3076,696,2024-02-29,Notifications,69,5
3077,696,2023-04-21,Mobile App,55,3
3078,697,2024-09-11,Dashboard,62,1
3079,697,2024-08-25,Export Data,80,2
3080,697,2025-03-11,Notifications,114,1
3081,698,2025-10-15,Mobile App,113,5
3082,698,2026-08-20,Export Data,84,5
3083,698,2026-07-21,Reports,68,4
3084,698,2025-11-23,Mobile App,4,1
3085,698,2025-06-01,Integrations,23,4
3086,698,2025-07-24,Mobile App,101,4
3087,698,2025-10-18,Export Data,99,3
3088,698,2026-01-27,Export Data,56,2
3089,699,2025-12-01,Reports,36,3
3090,699,2026-04-23,API Access,22,5
3091,699,2026-06-21,Dashboard,29,5
3092,700,2026-09-11,Team Collaboration,92,5
3093,700,2026-09-10,API Access,33,2
3094,700,2026-09-05,Team Collaboration,111,1
3095,700,2026-08-15,Integrations,65,4
3096,700,2026-09-07,Reports,68,3
3097,700,2026-09-15,Integrations,30,3
3098,701,2022-10-03,Notifications,67,3
3099,701,2022-03-17,Team Collaboration,64,5
3100,701,2022-04-04,Reports,89,5
3101,701,2022-06-15,Reports,26,5
3102,702,2026-02-21,Reports,79,4
3103,702,2024-12-05,Mobile App,36,4
3104,702,2025-05-23,API Access,33,4
3105,703,2026-02-15,Mobile App,83,2
3106,703,2026-08-01,Reports,65,4
3107,703,2026-01-18,API Access,46,1
3108,703,2025-07-17,Reports,58,4
3109,703,2025-10-15,Dashboard,37,5
3110,703,2025-10-31,Team Collaboration,34,1
3111,703,2026-01-16,Team Collaboration,41,4
3112,703,2025-12-06,Mobile App,84,2
3113,703,2025-06-26,Notifications,88,4
3114,704,2026-04-24,Mobile App,40,2
3115,704,2026-08-19,Mobile App,112,3
3116,704,2026-04-19,Dashboard,63,2
3117,704,2026-05-21,API Access,52,3
3118,704,2026-09-05,Notifications,40,5
3119,704,2026-08-13,Team Collaboration,27,4
3120,704,2026-05-05,Dashboard,25,4
3121,704,2026-02-23,Team Collaboration,20,3
3122,704,2026-05-26,Mobile App,118,1
3123,705,2026-02-18,Export Data,100,4
3124,705,2025-12-30,Dashboard,54,4
3125,705,2026-01-15,Team Collaboration,11,5
3126,705,2026-07-31,Integrations,61,3
3127,705,2025-03-20,Mobile App,59,1
3128,705,2025-08-02,API Access,113,5
3129,706,2026-04-24,API Access,73,1
3130,706,2025-04-13,Team Collaboration,64,3
3131,706,2026-06-23,Notifications,85,5
3132,706,2026-07-14,API Access,88,5
3133,706,2025-10-25,Reports,98,5
3134,706,2025-10-02,Team Collaboration,24,5
3135,706,2025-05-08,Dashboard,99,2
3136,707,2025-08-20,Notifications,90,4
3137,707,2024-12-26,API Access,88,2
3138,707,2025-03-02,Dashboard,92,2
3139,707,2025-11-07,Reports,50,2
3140,708,2024-08-06,Export Data,113,1
3141,709,2026-02-12,Reports,92,2
3142,709,2025-09-29,Dashboard,98,4
3143,709,2025-07-23,Team Collaboration,34,2
3144,709,2026-08-29,Team Collaboration,52,4
3145,709,2026-03-31,Mobile App,45,1
3146,710,2022-04-02,API Access,62,5
3147,710,2023-06-28,Notifications,32,1
3148,710,2024-11-28,Mobile App,110,2
3149,710,2022-10-02,Integrations,18,3
3150,710,2026-05-12,Export Data,75,2
3151,711,2025-08-04,Team Collaboration,24,5
3152,711,2026-06-28,Dashboard,30,5
3153,712,2022-01-05,Integrations,13,5
3154,712,2022-03-22,Notifications,80,3
3155,712,2022-05-10,Export Data,77,1
3156,714,2025-06-07,Integrations,51,5
3157,714,2025-01-27,Export Data,3,5
3158,715,2026-08-10,Dashboard,104,1
3159,715,2026-03-19,Mobile App,36,3
3160,715,2025-11-02,Dashboard,59,4
3161,715,2026-02-17,Reports,53,1
3162,715,2026-01-29,Team Collaboration,56,5
3163,715,2025-10-03,Team Collaboration,119,3
3164,716,2025-11-15,Reports,53,2
3165,716,2026-05-16,Reports,120,1
3166,716,2025-09-28,Integrations,67,2
3167,716,2026-01-13,Team Collaboration,58,3
3168,716,2026-03-18,Export Data,113,1
3169,716,2025-10-16,Export Data,97,1
3170,716,2026-08-19,Notifications,119,5
3171,716,2026-02-04,Notifications,54,3
3172,716,2025-12-11,Reports,11,1
3173,716,2026-01-27,Team Collaboration,72,2
3174,717,2023-10-13,Team Collaboration,36,2
3175,718,2026-06-09,Export Data,82,5
3176,718,2026-02-01,Mobile App,54,3
3177,718,2025-09-02,API Access,76,3
3178,718,2026-05-02,API Access,44,1
3179,718,2025-04-12,Notifications,17,1
3180,718,2025-04-19,Export Data,21,5
3181,718,2026-03-24,Export Data,96,5
3182,718,2026-06-14,API Access,110,5
3183,718,2025-06-24,Export Data,52,5
3184,720,2024-09-02,Mobile App,95,5
3185,720,2023-04-26,API Access,49,5
3186,720,2025-03-20,Integrations,118,4
3187,720,2023-04-05,Export Data,46,4
3188,720,2023-11-24,Reports,58,3
3189,720,2023-07-26,Dashboard,103,3
3190,720,2023-09-01,Reports,76,5
3191,720,2023-09-06,Reports,26,5
3192,720,2026-08-29,API Access,63,4
3193,720,2023-08-30,Team Collaboration,20,3
3194,721,2026-06-24,Dashboard,25,5
3195,721,2025-10-29,Notifications,76,2
3196,721,2026-06-28,Mobile App,60,1
3197,722,2025-03-23,Notifications,104,3
3198,722,2025-03-29,Dashboard,102,1
3199,723,2025-01-07,Export Data,111,2
3200,723,2024-12-21,Dashboard,79,5
3201,723,2024-09-08,API Access,115,4
3202,723,2023-07-28,Dashboard,48,2
3203,723,2024-08-21,Export Data,90,3
3204,724,2025-04-19,API Access,16,2
3205,725,2025-08-05,API Access,48,5
3206,725,2025-08-02,Team Collaboration,4,1
3207,725,2025-09-05,Dashboard,115,5
3208,725,2026-07-09,Integrations,94,1
3209,725,2025-08-04,Integrations,62,4
3210,725,2026-06-27,Integrations,103,3
3211,725,2025-06-29,API Access,50,4
3212,725,2025-10-03,Reports,40,3
3213,725,2026-09-10,Reports,33,5
3214,726,2026-02-07,API Access,42,5
3215,726,2026-04-17,Export Data,31,2
3216,726,2026-08-10,API Access,117,1
3217,726,2026-07-28,Reports,56,3
3218,726,2026-04-07,Integrations,7,2
3219,726,2026-08-28,Export Data,15,3
3220,727,2026-04-09,API Access,97,3
3221,727,2026-01-19,Notifications,58,4
3222,727,2025-02-01,Dashboard,42,5
3223,727,2025-05-16,API Access,96,1
3224,727,2024-12-16,Notifications,15,2
3225,728,2026-06-06,Dashboard,78,2
3226,728,2026-07-21,Export Data,13,4
3227,729,2025-02-12,Integrations,114,1
3228,730,2024-06-12,Export Data,120,2
3229,731,2025-09-18,Dashboard,17,4
3230,731,2026-08-19,API Access,80,5
3231,731,2025-07-16,Export Data,101,1
3232,732,2023-06-05,Reports,85,3
3233,732,2023-08-19,Integrations,63,1
3234,732,2023-08-19,Mobile App,104,4
3235,733,2022-01-17,Export Data,44,5
3236,733,2025-08-28,API Access,32,5
3237,733,2025-04-06,Team Collaboration,68,5
3238,733,2022-02-02,Dashboard,119,2
3239,733,2021-07-14,Integrations,49,4
3240,733,2022-10-31,Integrations,118,5
3241,734,2026-03-03,Notifications,100,5
3242,734,2026-06-26,Integrations,24,5
3243,735,2025-09-03,Dashboard,12,2
3244,735,2026-03-16,Notifications,38,5
3245,735,2025-11-22,Dashboard,15,4
3246,735,2025-11-07,Export Data,71,4
3247,735,2025-11-06,Reports,110,5
3248,735,2026-08-04,API Access,113,2
3249,735,2026-08-13,Notifications,41,4
3250,736,2025-04-19,API Access,23,3
3251,736,2025-08-04,Mobile App,108,3
3252,736,2026-01-23,Export Data,79,5
3253,736,2026-05-10,Integrations,46,3
3254,736,2026-01-26,Reports,46,2
3255,736,2024-12-30,Reports,120,5
3256,736,2024-05-28,Dashboard,56,2
3257,736,2026-04-13,Dashboard,118,4
3258,737,2026-07-15,Export Data,40,1
3259,737,2026-06-29,Reports,96,1
3260,737,2026-08-17,Team Collaboration,88,1
3261,737,2026-05-25,Notifications,51,2
3262,737,2026-09-03,Team Collaboration,110,4
3263,738,2026-07-06,Export Data,98,5
3264,738,2026-08-03,Team Collaboration,46,5
3265,738,2026-07-15,Export Data,70,3
3266,738,2026-05-25,Team Collaboration,80,1
3267,738,2026-05-18,Notifications,50,2
3268,738,2026-07-02,Integrations,12,5
3269,739,2026-08-09,Notifications,92,2
3270,739,2026-03-23,Export Data,28,1
3271,739,2026-07-21,Reports,15,1
3272,739,2025-11-19,Mobile App,67,4
3273,739,2026-08-01,Notifications,61,5
3274,739,2026-06-08,Mobile App,110,2
3275,739,2026-01-20,Dashboard,74,4
3276,741,2023-02-08,Notifications,116,4
3277,741,2022-12-18,Export Data,35,2
3278,741,2025-05-08,Integrations,63,2
3279,741,2025-02-11,Reports,100,4
3280,741,2025-05-14,Reports,59,5
3281,741,2024-06-19,Export Data,91,1
3282,741,2025-06-03,Reports,44,1
3283,741,2024-04-18,Dashboard,106,3
3284,741,2024-03-09,Dashboard,116,2
3285,742,2026-02-04,Integrations,34,2
3286,742,2026-04-08,Notifications,80,2
3287,742,2026-02-05,Export Data,53,4
3288,742,2026-09-06,Integrations,18,1
3289,743,2021-08-10,Integrations,66,3
3290,743,2021-11-02,Dashboard,16,2
3291,743,2021-11-27,Team Collaboration,119,5
3292,743,2021-08-22,Team Collaboration,72,5
3293,744,2023-12-21,Mobile App,7,2
3294,744,2025-06-24,Mobile App,52,3
3295,744,2025-12-22,Dashboard,120,2
3296,744,2023-10-12,Mobile App,69,4
3297,744,2025-03-26,Notifications,43,1
3298,744,2023-11-30,Export Data,80,4
3299,744,2025-08-17,Notifications,10,1
3300,745,2026-07-19,Notifications,53,5
3301,746,2022-11-16,Dashboard,53,4
3302,746,2023-05-13,Export Data,68,4
3303,746,2025-03-02,Notifications,45,1
3304,746,2024-02-05,Integrations,114,5
3305,746,2025-07-06,Integrations,85,5
3306,746,2025-05-27,Integrations,62,2
3307,746,2024-11-06,Notifications,111,5
3308,747,2024-02-10,Mobile App,52,5
3309,747,2023-11-27,Reports,3,1
3310,747,2026-02-04,Reports,120,1
3311,747,2023-06-18,Notifications,50,5
3312,748,2026-06-27,Mobile App,59,2
3313,748,2026-07-31,Export Data,80,2
3314,749,2024-09-14,Mobile App,19,1
3315,749,2026-07-24,Team Collaboration,35,1
3316,749,2025-02-24,Export Data,80,2
3317,749,2025-11-21,Team Collaboration,49,5
3318,750,2026-08-24,Export Data,13,5
3319,751,2026-04-06,Team Collaboration,3,3
3320,751,2026-08-10,Export Data,75,2
3321,751,2026-07-02,Mobile App,42,3
3322,751,2025-12-14,Notifications,72,5
3323,751,2026-06-15,Integrations,15,4
3324,751,2026-02-09,Export Data,26,3
3325,751,2026-04-02,Mobile App,49,1
3326,751,2025-12-02,Integrations,17,4
3327,751,2026-05-10,Export Data,104,1
3328,752,2026-02-11,Export Data,44,1
3329,753,2023-06-24,Export Data,17,2
3330,753,2024-07-08,Dashboard,1,4
3331,753,2024-12-20,Integrations,114,4
3332,753,2024-06-09,Integrations,108,4
3333,753,2025-10-05,Notifications,78,4
3334,754,2026-05-26,Dashboard,23,3
3335,754,2024-04-05,Reports,47,4
3336,754,2025-07-12,API Access,28,4
3337,754,2022-11-08,Notifications,2,4
3338,754,2023-11-18,Notifications,7,1
3339,754,2023-10-04,Export Data,38,1
3340,755,2023-02-12,Team Collaboration,108,2
3341,755,2023-01-10,Export Data,38,2
3342,755,2022-12-18,Mobile App,115,2
3343,756,2026-03-01,API Access,59,3
3344,757,2023-11-16,Mobile App,85,3
3345,758,2026-01-13,Export Data,111,3
3346,758,2026-01-23,Reports,74,3
3347,758,2025-09-27,Reports,39,2
3348,759,2025-01-06,Notifications,119,1
3349,759,2026-08-23,Export Data,112,1
3350,759,2023-12-02,Mobile App,95,3
3351,759,2023-09-07,Export Data,67,3
3352,759,2025-02-01,Team Collaboration,25,3
3353,760,2026-02-16,Reports,82,5
3354,761,2024-10-05,Team Collaboration,70,4
3355,761,2023-11-25,Export Data,34,1
3356,761,2025-01-04,Integrations,103,5
3357,761,2024-09-15,Export Data,88,1
3358,761,2026-04-14,Mobile App,51,2
3359,761,2025-03-18,Notifications,115,1
3360,762,2025-09-07,API Access,72,3
3361,762,2022-11-02,Notifications,60,4
3362,762,2024-03-23,Mobile App,94,2
3363,762,2023-06-04,API Access,88,2
3364,762,2024-12-03,Dashboard,104,1
3365,763,2025-07-05,Team Collaboration,6,1
3366,763,2026-01-28,Mobile App,24,5
3367,763,2025-03-05,Mobile App,20,4
3368,764,2025-11-23,API Access,80,3
3369,765,2025-12-17,Dashboard,80,1
3370,766,2025-11-06,Team Collaboration,107,3
3371,766,2025-06-27,Reports,105,5
3372,766,2025-06-06,Team Collaboration,99,2
3373,766,2026-01-05,Notifications,108,4
3374,768,2026-06-12,Reports,65,2
3375,768,2025-09-23,Reports,41,3
3376,768,2025-06-23,Team Collaboration,73,2
3377,768,2026-01-07,Export Data,71,1
3378,768,2026-03-20,Notifications,26,3
3379,769,2023-08-05,Notifications,111,2
3380,769,2025-03-29,Reports,18,1
3381,769,2026-08-01,Reports,20,3
3382,769,2025-06-30,Reports,108,2
3383,769,2025-06-29,Export Data,7,4
3384,770,2025-06-17,API Access,80,1
3385,770,2025-06-08,Integrations,46,3
3386,770,2026-04-19,Dashboard,36,1
3387,770,2026-09-13,Integrations,106,3
3388,770,2025-05-31,Reports,66,1
3389,770,2026-07-07,Export Data,30,4
3390,770,2025-01-28,Reports,31,1
3391,770,2025-07-24,Notifications,89,1
3392,770,2026-03-05,Team Collaboration,76,2
3393,771,2023-01-12,API Access,116,1
3394,772,2022-08-25,Notifications,40,5
3395,773,2024-04-12,Team Collaboration,87,3
3396,773,2024-02-02,Dashboard,48,4
3397,773,2024-06-18,Team Collaboration,33,5
3398,775,2024-08-22,Notifications,61,4
3399,775,2024-11-23,Export Data,63,3
3400,775,2024-09-16,Reports,65,2
3401,775,2024-07-31,API Access,56,2
3402,775,2025-08-29,Reports,65,2
3403,775,2024-12-04,Notifications,54,4
3404,775,2025-02-04,Reports,57,1
3405,776,2026-06-26,Dashboard,13,4
3406,777,2021-02-12,Export Data,76,3
3407,777,2021-02-28,Export Data,81,1
3408,778,2025-08-13,Dashboard,67,1
3409,778,2025-05-01,Mobile App,83,1
3410,779,2026-09-07,Integrations,25,3
3411,779,2026-03-19,API Access,91,5
3412,780,2026-07-01,Export Data,12,3
3413,781,2026-06-12,Reports,67,2
3414,781,2022-04-17,Notifications,22,5
3415,781,2026-02-13,Integrations,100,3
3416,781,2022-05-26,Notifications,33,2
3417,781,2025-09-05,Mobile App,102,2
3418,781,2023-02-16,Notifications,51,4
3419,782,2025-01-21,Mobile App,29,1
3420,782,2025-09-12,API Access,114,4
3421,782,2024-07-04,Dashboard,52,4
3422,783,2024-10-18,Reports,61,2
3423,783,2025-03-07,Team Collaboration,11,5
3424,783,2025-11-29,Notifications,87,4
3425,784,2023-03-18,Mobile App,57,1
3426,785,2025-12-31,Dashboard,45,5
3427,785,2026-01-08,Dashboard,115,5
3428,785,2026-03-05,Mobile App,111,4
3429,786,2024-07-12,Export Data,27,3
3430,786,2025-04-09,Export Data,45,3
3431,787,2024-08-27,Mobile App,96,1
3432,787,2026-07-10,Notifications,29,3
3433,787,2025-09-08,API Access,38,4
3434,787,2026-05-22,Export Data,10,5
3435,788,2025-02-03,Dashboard,43,3
3436,788,2025-02-03,Mobile App,14,2
3437,789,2023-09-06,Mobile App,48,4
3438,790,2025-02-18,Export Data,5,1
3439,790,2025-12-03,Reports,114,1
3440,790,2025-06-24,Mobile App,30,3
3441,790,2024-12-13,Dashboard,22,3
3442,791,2026-04-09,Export Data,61,3
3443,791,2026-05-07,Dashboard,29,4
3444,791,2023-03-02,Mobile App,66,3
3445,791,2023-10-26,API Access,120,1
3446,791,2023-02-22,API Access,29,3
3447,791,2023-10-19,Notifications,48,1
3448,792,2023-06-13,Notifications,102,2
3449,792,2023-05-19,Integrations,72,4
3450,792,2025-07-09,Dashboard,40,4
3451,792,2025-08-07,Export Data,52,4
3452,792,2024-02-23,Mobile App,34,5
3453,792,2026-04-13,API Access,16,4
3454,792,2025-01-15,Integrations,1,5
3455,792,2026-06-08,Dashboard,79,5
3456,792,2023-08-14,Team Collaboration,56,2
3457,792,2026-01-03,Notifications,91,2
3458,793,2026-08-04,Export Data,105,2
3459,793,2025-10-19,Team Collaboration,56,3
3460,793,2025-07-25,Notifications,90,1
3461,793,2024-12-10,API Access,2,3
3462,793,2024-04-08,Integrations,86,2
3463,793,2025-03-28,Integrations,6,4
3464,793,2024-06-30,API Access,111,4
3465,793,2026-01-14,Reports,28,4
3466,793,2025-12-24,Dashboard,30,4
3467,793,2024-04-11,Notifications,33,3
3468,794,2025-03-20,Notifications,50,4
3469,794,2025-04-09,Export Data,103,5
3470,794,2025-07-28,Integrations,8,4
3471,794,2026-06-06,Notifications,25,4
3472,794,2026-03-26,API Access,95,2
3473,794,2024-12-01,Reports,94,2
3474,794,2024-11-15,Dashboard,87,5
3475,795,2026-01-06,API Access,6,3
3476,796,2022-09-20,Notifications,99,4
3477,796,2022-09-23,Notifications,50,1
3478,796,2022-10-13,Integrations,63,1
3479,796,2022-10-31,Team Collaboration,84,3
3480,797,2024-12-08,Integrations,18,2
3481,798,2022-08-26,Reports,14,3
3482,798,2023-02-18,Notifications,85,2
3483,798,2023-08-11,Mobile App,111,1
3484,798,2023-06-23,Export Data,57,4
3485,799,2026-05-27,API Access,91,4
3486,799,2026-08-10,API Access,88,2
3487,799,2025-09-09,Notifications,82,3
3488,799,2026-04-03,Mobile App,102,1
3489,799,2025-12-27,Dashboard,106,1
3490,799,2025-08-21,Dashboard,35,3
3491,799,2025-08-19,Integrations,58,5
3492,799,2026-08-19,Reports,111,5
3493,799,2025-09-02,Team Collaboration,27,4
3494,800,2025-08-31,Mobile App,93,5
3495,800,2024-03-07,Reports,5,5
3496,800,2024-09-01,Team Collaboration,107,3
3497,800,2025-04-28,API Access,56,4
3498,800,2025-03-01,Notifications,92,2
3499,800,2025-03-24,Notifications,93,3
3500,800,2025-04-18,Mobile App,85,5
3501,800,2026-04-15,Team Collaboration,115,5
3502,800,2026-04-09,Dashboard,55,1
3503,800,2026-03-15,Integrations,83,3
3504,801,2026-08-15,Team Collaboration,120,4
3505,801,2026-03-01,Team Collaboration,74,4
3506,801,2026-02-16,Dashboard,49,5
3507,801,2026-06-07,Integrations,91,3
3508,802,2026-08-21,Team Collaboration,21,2
3509,802,2026-03-17,Dashboard,109,1
3510,802,2026-01-02,Mobile App,120,4
3511,802,2026-02-13,Notifications,52,4
3512,803,2025-03-13,Export Data,21,3
3513,803,2025-09-21,Notifications,36,4
3514,804,2021-01-25,Team Collaboration,100,5
3515,804,2021-08-14,Export Data,104,1
3516,804,2025-06-29,Mobile App,32,5
3517,804,2024-08-01,Mobile App,14,1
3518,805,2025-10-09,Team Collaboration,110,2
3519,807,2024-05-27,Team Collaboration,101,5
3520,807,2024-02-19,Notifications,57,1
3521,809,2023-01-03,Export Data,54,4
3522,809,2024-06-27,Integrations,39,4
3523,809,2023-01-31,Export Data,69,5
3524,809,2024-07-19,Reports,19,2
3525,809,2024-07-05,API Access,87,1
3526,809,2022-04-06,Integrations,113,3
3527,810,2022-04-20,Dashboard,70,1
3528,810,2025-09-03,Team Collaboration,109,4
3529,810,2023-11-13,Export Data,82,2
3530,810,2024-07-16,Dashboard,92,3
3531,810,2025-04-05,Integrations,12,3
3532,811,2026-06-08,Notifications,37,1
3533,811,2026-06-28,Mobile App,23,1
3534,811,2026-04-26,Mobile App,109,3
3535,811,2026-06-15,Integrations,89,2
3536,811,2026-07-17,Reports,23,2
3537,812,2025-06-21,Reports,108,5
3538,812,2023-11-10,Dashboard,16,1
3539,812,2024-10-26,Dashboard,10,4
3540,812,2022-10-22,Notifications,48,3
3541,812,2024-07-21,Mobile App,42,4
3542,812,2022-11-08,Dashboard,5,2
3543,812,2025-05-16,Dashboard,31,4
3544,812,2026-04-04,Team Collaboration,53,4
3545,813,2026-04-07,Integrations,36,1
3546,814,2024-11-12,Reports,68,4
3547,814,2025-09-10,API Access,109,3
3548,814,2025-02-01,Mobile App,113,3
3549,815,2021-12-14,Dashboard,1,5
3550,815,2023-01-19,Team Collaboration,6,5
3551,815,2021-08-07,Team Collaboration,34,1
3552,815,2021-09-04,Reports,55,5
3553,815,2024-08-18,Export Data,106,1
3554,815,2026-07-19,Notifications,66,3
3555,815,2024-08-01,Notifications,65,5
3556,816,2025-04-12,Reports,39,1
3557,816,2025-08-30,Team Collaboration,54,2
3558,816,2026-09-09,Export Data,76,5
3559,816,2023-10-25,Team Collaboration,102,2
3560,816,2026-02-21,API Access,55,2
3561,816,2023-09-23,Notifications,13,3
3562,816,2024-07-11,Team Collaboration,33,2
3563,816,2026-01-22,Team Collaboration,103,2
3564,816,2025-06-14,API Access,97,5
3565,816,2024-04-16,Reports,95,3
3566,817,2026-08-20,Team Collaboration,28,1
3567,817,2025-10-21,Dashboard,51,1
3568,817,2022-11-08,Notifications,56,3
3569,817,2025-03-28,Integrations,99,3
3570,817,2026-08-17,Reports,55,3
3571,817,2022-02-09,Reports,39,3
3572,818,2022-07-13,Integrations,18,2
3573,819,2026-02-18,Integrations,79,4
3574,819,2026-05-23,Export Data,84,4
3575,819,2026-08-13,Integrations,72,4
3576,821,2026-06-16,Notifications,111,1
3577,821,2026-08-23,Team Collaboration,30,5
3578,822,2022-01-25,Notifications,17,4
3579,822,2026-04-27,Team Collaboration,83,2
3580,822,2026-01-17,Notifications,55,2
3581,824,2026-06-24,API Access,39,3
3582,824,2025-07-17,Team Collaboration,64,4
3583,824,2026-07-25,Notifications,93,3
3584,824,2026-03-13,Export Data,12,5
3585,824,2026-06-13,Mobile App,117,2
3586,824,2026-09-11,Reports,66,2
3587,824,2026-07-04,Team Collaboration,30,1
3588,824,2025-06-12,Integrations,28,2
3589,825,2025-07-23,Export Data,113,3
3590,825,2022-07-30,Notifications,101,5
3591,825,2022-04-01,Export Data,53,4
3592,825,2023-11-13,API Access,12,2
3593,825,2025-07-17,Team Collaboration,12,1
3594,825,2022-02-23,Dashboard,2,2
3595,825,2021-11-22,API Access,107,4
3596,825,2023-10-01,Export Data,89,1
3597,825,2026-01-29,Mobile App,108,5
3598,825,2024-08-04,Dashboard,61,2
3599,827,2023-01-06,API Access,120,4
3600,827,2022-10-11,Export Data,91,4
3601,828,2024-10-20,Notifications,99,2
3602,828,2025-12-30,Reports,114,2
3603,828,2026-05-02,Dashboard,98,1
3604,828,2024-04-03,Dashboard,57,4
3605,828,2024-03-30,Notifications,29,3
3606,828,2025-11-04,Notifications,4,5
3607,828,2024-02-17,Dashboard,26,4
3608,828,2026-06-17,Dashboard,72,5
3609,828,2024-06-13,Notifications,79,3
3610,828,2024-01-02,Integrations,15,5
3611,829,2023-05-12,Export Data,6,1
3612,829,2023-11-11,Dashboard,3,2
3613,829,2023-02-02,API Access,1,4
3614,829,2023-02-08,Export Data,93,4
3615,830,2024-12-19,Integrations,119,5
3616,831,2023-11-15,Mobile App,49,4
3617,831,2024-08-05,Mobile App,44,3
3618,831,2024-03-12,Export Data,106,5
3619,831,2025-04-30,API Access,25,1
3620,832,2024-07-27,API Access,111,3
3621,833,2025-02-26,Export Data,79,2
3622,833,2025-07-05,Notifications,59,3
3623,833,2026-07-26,Reports,2,5
3624,834,2023-11-15,Team Collaboration,50,1
3625,834,2023-08-17,Team Collaboration,9,2
3626,834,2024-08-11,Team Collaboration,114,2
3627,834,2024-01-17,Notifications,43,3
3628,834,2026-04-11,Export Data,94,2
3629,834,2025-03-16,Reports,115,3
3630,834,2024-04-04,API Access,74,4
3631,834,2024-11-15,Mobile App,94,3
3632,835,2023-05-31,Reports,93,3
3633,835,2023-06-07,Notifications,56,5
3634,836,2022-04-27,Export Data,80,4
3635,836,2024-06-29,Dashboard,42,1
3636,836,2024-01-07,Reports,69,3
3637,837,2023-08-31,Integrations,46,1
3638,837,2025-06-16,Reports,54,2
3639,837,2022-09-07,Dashboard,109,3
3640,837,2025-06-04,Notifications,100,4
3641,837,2023-10-13,Mobile App,16,5
3642,837,2024-03-07,Mobile App,27,3
3643,837,2023-12-06,Dashboard,106,3
3644,837,2022-05-15,Reports,86,1
3645,837,2025-06-14,Mobile App,9,5
3646,838,2021-11-19,API Access,43,5
3647,839,2026-04-03,Integrations,56,5
3648,840,2026-02-14,Mobile App,68,5
3649,840,2026-08-12,Mobile App,76,5
3650,840,2026-03-10,Reports,93,3
3651,840,2025-09-24,Team Collaboration,85,3
3652,840,2026-06-19,Export Data,9,4
3653,841,2026-07-29,Export Data,120,3
3654,841,2026-05-26,Dashboard,15,1
3655,841,2026-09-14,Notifications,45,2
3656,843,2023-09-27,Reports,64,3
3657,843,2023-07-19,Team Collaboration,99,2
3658,843,2022-12-12,API Access,83,4
3659,843,2023-09-05,Team Collaboration,67,1
3660,843,2023-08-04,Dashboard,109,5
3661,843,2025-07-07,Notifications,78,1
3662,844,2024-11-17,Export Data,19,4
3663,844,2025-08-27,Reports,9,1
3664,844,2025-12-22,Integrations,95,5
3665,844,2025-07-23,Notifications,30,1
3666,845,2025-09-04,Export Data,73,2
3667,845,2026-02-25,Mobile App,105,2
3668,847,2023-10-23,Export Data,85,5
3669,847,2023-03-12,Export Data,12,2
3670,847,2022-11-15,Mobile App,1,2
3671,848,2023-10-01,Mobile App,67,2
3672,848,2022-03-13,Reports,63,3
3673,848,2022-03-02,Notifications,90,3
3674,848,2025-01-29,Team Collaboration,101,2
3675,848,2021-12-13,Integrations,120,3
3676,848,2023-06-27,Notifications,47,1
3677,849,2026-04-11,Mobile App,30,1
3678,849,2026-04-29,Export Data,27,4
3679,849,2025-08-06,Team Collaboration,11,5
3680,849,2025-01-14,Notifications,95,5
3681,849,2024-09-28,Mobile App,8,5
3682,849,2025-01-24,Integrations,63,1
3683,849,2026-01-18,Dashboard,92,4
3684,849,2024-12-11,Mobile App,24,3
3685,850,2025-08-17,Reports,55,1
3686,850,2025-06-18,Notifications,64,2
3687,850,2026-01-02,Reports,14,4
3688,851,2022-08-09,Team Collaboration,66,1
3689,851,2024-04-01,Mobile App,102,5
3690,851,2025-09-16,Export Data,70,1
3691,851,2025-04-22,API Access,36,4
3692,851,2023-04-15,Reports,25,1
3693,851,2024-08-12,Notifications,117,1
3694,851,2026-01-27,Export Data,21,1
3695,851,2024-04-06,Integrations,58,2
3696,851,2023-04-21,API Access,4,4
3697,851,2025-12-29,Notifications,36,5
3698,852,2023-01-06,API Access,59,2
3699,852,2026-03-17,Team Collaboration,7,5
3700,853,2025-05-16,Integrations,22,5
3701,854,2024-07-10,Notifications,31,5
3702,854,2023-04-02,Dashboard,62,5
3703,854,2022-08-09,Notifications,112,5
3704,854,2023-02-16,Dashboard,38,1
3705,854,2026-07-25,Reports,28,2
3706,854,2024-08-07,API Access,42,2
3707,854,2025-12-29,Notifications,6,1
3708,854,2022-07-17,Mobile App,33,5
3709,854,2025-04-09,Dashboard,28,3
3710,854,2025-11-04,Dashboard,109,2
3711,855,2025-09-28,Reports,99,4
3712,855,2025-10-04,Mobile App,3,3
3713,855,2026-07-04,API Access,102,1
3714,855,2022-01-19,Integrations,72,4
3715,856,2024-12-15,Notifications,34,3
3716,856,2024-04-20,Notifications,23,3
3717,856,2024-01-24,API Access,29,4
3718,857,2024-10-12,API Access,35,5
3719,857,2025-12-14,Notifications,92,2
3720,857,2026-06-14,Team Collaboration,14,2
3721,857,2026-08-08,Team Collaboration,84,1
3722,857,2026-08-10,Dashboard,93,5
3723,857,2024-04-08,Mobile App,16,5
3724,857,2025-09-22,Team Collaboration,85,2
3725,858,2025-06-01,Export Data,61,3
3726,858,2025-03-20,Integrations,35,4
3727,858,2024-10-05,Reports,59,4
3728,858,2026-02-24,Dashboard,54,4
3729,858,2026-06-28,Mobile App,48,2
3730,858,2025-01-06,Reports,3,1
3731,858,2025-06-16,Integrations,15,2
3732,858,2025-02-21,Export Data,10,1
3733,858,2026-04-17,API Access,38,1
3734,859,2021-09-25,Mobile App,86,2
3735,860,2022-02-04,Integrations,54,1
3736,860,2022-05-09,Dashboard,25,2
3737,860,2022-02-21,Reports,60,2
3738,860,2023-06-24,Integrations,75,1
3739,860,2023-05-14,Team Collaboration,105,3
3740,860,2022-01-16,Notifications,116,2
3741,860,2024-08-11,Export Data,14,4
3742,860,2023-12-01,Reports,55,1
3743,860,2024-08-04,Integrations,54,5
3744,861,2026-03-13,Integrations,10,3
3745,861,2025-09-16,API Access,119,2
3746,862,2023-04-27,Mobile App,101,2
3747,864,2026-02-13,Integrations,38,2
3748,864,2026-03-19,Integrations,103,4
3749,864,2024-03-19,Dashboard,31,3
3750,864,2025-10-16,Export Data,36,4
3751,864,2025-12-20,Reports,30,3
3752,864,2026-08-08,Dashboard,26,4
3753,864,2026-05-08,Notifications,29,2
3754,864,2024-01-15,Mobile App,81,1
3755,864,2024-10-02,Integrations,10,4
3756,864,2026-04-24,Reports,104,4
3757,865,2025-06-17,Integrations,33,4
3758,865,2022-01-28,Notifications,61,1
3759,865,2022-12-11,Export Data,15,2
3760,865,2025-05-10,Notifications,116,5
3761,865,2026-08-17,Reports,22,5
3762,865,2025-03-04,API Access,91,5
3763,865,2022-05-16,Export Data,10,1
3764,867,2025-05-24,Notifications,36,4
3765,867,2026-05-30,Dashboard,19,4
3766,867,2025-05-13,Mobile App,104,5
3767,868,2023-12-06,Mobile App,54,2
3768,869,2025-04-22,Reports,17,2
3769,870,2026-02-22,Mobile App,1,5
3770,870,2025-09-13,Export Data,23,2
3771,870,2026-04-15,Export Data,44,4
3772,870,2025-12-31,Mobile App,94,4
3773,871,2023-07-06,Notifications,78,4
3774,871,2023-07-16,Dashboard,38,4
3775,872,2025-09-26,Mobile App,60,4
3776,872,2026-04-02,Team Collaboration,12,2
3777,872,2025-09-17,Integrations,4,2
3778,873,2025-07-02,API Access,99,4
3779,873,2026-05-12,Integrations,10,1
3780,873,2026-07-28,Dashboard,89,5
3781,873,2025-06-20,Notifications,94,2
3782,873,2024-07-20,Integrations,29,4
3783,873,2024-07-28,Export Data,120,2
3784,874,2026-07-01,Integrations,85,4
3785,874,2026-09-08,Integrations,82,1
3786,874,2026-09-13,Integrations,100,3
3787,874,2026-05-21,Export Data,4,2
3788,874,2026-05-19,Notifications,10,1
3789,874,2026-04-05,Integrations,68,5
3790,875,2024-08-13,Integrations,22,1
3791,875,2024-08-11,API Access,75,2
3792,875,2026-03-31,Notifications,27,1
3793,875,2025-04-20,Mobile App,26,4
3794,875,2026-06-20,Reports,7,5
3795,875,2024-04-15,Reports,78,1
3796,875,2024-04-19,Export Data,116,1
3797,875,2026-01-30,Integrations,79,3
3798,875,2025-01-31,Notifications,119,4
3799,875,2024-06-18,Team Collaboration,6,2
3800,876,2025-10-24,Reports,88,3
3801,876,2024-05-13,Dashboard,106,3
3802,876,2023-11-24,Export Data,88,3
3803,876,2025-11-13,Export Data,65,3
3804,876,2024-11-04,Team Collaboration,85,5
3805,876,2026-05-28,Team Collaboration,88,5
3806,876,2025-05-08,API Access,35,2
3807,876,2026-02-06,Team Collaboration,31,1
3808,876,2023-10-01,API Access,26,4
3809,877,2026-09-02,Integrations,41,3
3810,877,2026-08-01,Mobile App,86,3
3811,878,2025-02-05,Integrations,45,1
3812,878,2024-12-07,Mobile App,16,5
3813,879,2022-03-15,Team Collaboration,19,2
3814,879,2021-08-12,Team Collaboration,71,1
3815,879,2026-02-22,Team Collaboration,57,1
3816,879,2023-09-18,Dashboard,47,5
3817,879,2023-12-17,Export Data,33,5
3818,879,2025-09-27,Mobile App,46,3
3819,880,2022-05-06,Export Data,102,1
3820,880,2026-06-08,Notifications,3,4
3821,882,2024-01-24,Dashboard,78,1
3822,882,2024-12-22,Dashboard,36,2
3823,882,2024-01-23,Mobile App,82,1
3824,883,2022-08-14,Mobile App,47,1
3825,883,2023-03-05,Dashboard,2,3
3826,883,2022-10-05,Mobile App,89,5
3827,884,2023-03-12,Integrations,54,4
3828,885,2026-05-26,API Access,23,1
3829,885,2026-09-10,Team Collaboration,56,3
3830,885,2025-11-02,Dashboard,83,3
3831,885,2026-07-14,Integrations,34,1
3832,885,2026-07-17,Dashboard,9,1
3833,885,2026-09-10,Export Data,110,3
3834,885,2025-05-21,API Access,63,4
3835,885,2025-08-28,Reports,105,4
3836,885,2026-05-28,Integrations,102,3
3837,886,2025-05-01,Reports,99,1
3838,886,2022-02-28,Mobile App,15,2
3839,886,2023-04-07,Export Data,89,1
3840,886,2025-09-15,Team Collaboration,88,2
3841,886,2026-08-09,Dashboard,57,5
3842,886,2024-04-11,Mobile App,78,3
3843,887,2026-03-20,Reports,98,1
3844,887,2026-07-26,API Access,35,2
3845,887,2025-01-31,Reports,113,2
3846,887,2022-06-30,Integrations,86,3
3847,887,2026-02-28,Integrations,21,5
3848,888,2026-04-11,API Access,46,4
3849,888,2026-05-21,API Access,83,5
3850,888,2026-08-31,Integrations,5,1
3851,888,2026-05-08,Team Collaboration,14,4
3852,888,2026-07-01,Dashboard,37,2
3853,888,2025-11-20,Export Data,20,3
3854,888,2026-01-24,Export Data,87,3
3855,888,2026-08-28,Export Data,84,5
3856,890,2026-09-13,Dashboard,116,5
3857,890,2026-02-18,Reports,87,3
3858,890,2025-01-16,Export Data,105,5
3859,890,2025-04-15,Dashboard,80,1
3860,890,2025-01-05,Export Data,100,2
3861,891,2023-09-29,Mobile App,44,3
3862,891,2025-10-03,Export Data,48,1
3863,891,2024-07-01,Notifications,25,5
3864,891,2024-10-31,Export Data,45,2
3865,891,2024-03-12,Reports,114,1
3866,891,2024-01-01,Mobile App,14,3
3867,891,2025-10-10,API Access,50,2
3868,891,2024-08-26,API Access,92,2
3869,891,2026-09-08,Export Data,82,2
3870,892,2024-09-03,Export Data,10,5
3871,892,2026-07-09,Reports,108,3
3872,892,2025-07-11,Mobile App,22,3
3873,892,2024-06-08,API Access,114,3
3874,892,2023-01-12,Team Collaboration,2,4
3875,892,2024-12-23,Export Data,45,5
3876,892,2023-08-21,Mobile App,12,5
3877,892,2023-02-20,API Access,91,4
3878,892,2023-04-07,Integrations,29,1
3879,892,2023-09-16,Reports,91,3
3880,893,2026-09-12,Export Data,69,5
3881,893,2026-05-16,Notifications,79,4
3882,894,2022-12-17,API Access,61,2
3883,894,2022-05-14,Reports,19,3
3884,895,2026-02-28,Reports,56,5
3885,895,2026-07-14,API Access,107,3
3886,895,2026-04-06,Reports,77,2
3887,895,2026-07-02,Reports,60,4
3888,895,2026-04-28,Team Collaboration,39,3
3889,896,2023-02-16,Team Collaboration,99,5
3890,896,2023-02-21,Dashboard,14,4
3891,896,2023-08-22,API Access,104,2
3892,897,2025-08-30,API Access,32,5
3893,897,2021-07-22,Reports,53,2
3894,897,2024-03-19,Notifications,119,5
3895,897,2022-04-23,Team Collaboration,101,1
3896,898,2026-04-16,Mobile App,45,4
3897,898,2023-05-25,Notifications,10,2
3898,898,2026-08-02,Reports,119,1
3899,898,2026-06-21,Team Collaboration,51,4
3900,898,2023-02-27,Team Collaboration,34,3
3901,898,2024-01-07,Dashboard,66,3
3902,898,2025-07-02,Team Collaboration,47,2
3903,898,2022-12-10,Notifications,116,1
3904,898,2024-07-15,Notifications,86,2
3905,899,2025-09-13,Export Data,85,3
3906,899,2025-08-16,API Access,50,1
3907,900,2024-10-19,Dashboard,4,4
3908,900,2024-02-26,Notifications,115,5
3909,900,2024-05-11,Reports,78,1
3910,900,2025-01-17,API Access,118,1
3911,900,2025-12-27,Reports,50,5
3912,901,2026-04-05,Export Data,9,5
3913,901,2026-09-10,API Access,5,3
3914,901,2026-02-18,Notifications,89,5
3915,901,2026-03-18,Reports,72,5
3916,901,2026-07-11,Integrations,13,3
3917,901,2026-04-09,API Access,1,4
3918,901,2026-08-25,Dashboard,54,4
3919,901,2026-07-12,Mobile App,114,5
3920,902,2024-01-22,Mobile App,22,5
3921,902,2024-09-13,Export Data,21,2
3922,902,2026-05-19,Team Collaboration,110,5
3923,902,2023-11-24,Reports,14,2
3924,902,2025-05-12,Mobile App,10,3
3925,902,2025-09-04,Integrations,110,2
3926,902,2023-12-23,Reports,103,3
3927,902,2024-03-01,Integrations,109,4
3928,902,2026-07-18,Export Data,105,1
3929,903,2023-01-06,Reports,13,5
3930,903,2023-05-31,Reports,78,2
3931,903,2024-01-01,Reports,88,5
3932,904,2025-08-24,Dashboard,3,3
3933,904,2025-03-06,Mobile App,91,2
3934,904,2024-01-16,Reports,2,4
3935,904,2024-07-13,Notifications,60,1
3936,905,2025-09-11,Reports,7,3
3937,905,2026-02-03,Export Data,52,2
3938,905,2026-01-19,API Access,38,4
3939,905,2026-09-05,Mobile App,51,3
3940,905,2025-12-15,Notifications,94,2
3941,905,2025-03-25,Mobile App,4,4
3942,905,2025-11-18,Team Collaboration,78,5
3943,906,2024-02-20,Reports,56,1
3944,907,2024-08-30,API Access,54,4
3945,907,2023-04-04,Export Data,6,3
3946,907,2023-08-10,Team Collaboration,79,3
3947,907,2023-03-31,Dashboard,92,5
3948,907,2024-06-27,Reports,64,4
3949,907,2026-01-31,Team Collaboration,51,4
3950,907,2026-08-19,Mobile App,17,4
3951,908,2022-10-10,Dashboard,116,2
3952,908,2023-10-10,API Access,119,3
3953,909,2026-08-14,Export Data,101,4
3954,909,2026-07-23,Mobile App,111,3
3955,909,2026-07-13,Dashboard,45,3
3956,909,2026-05-29,Dashboard,119,2
3957,910,2026-04-14,Export Data,117,3
3958,910,2026-08-21,API Access,46,2
3959,910,2026-01-07,Dashboard,118,3
3960,910,2025-12-23,Dashboard,51,5
3961,910,2026-02-02,Integrations,105,3
3962,910,2026-03-29,Mobile App,93,5
3963,910,2026-07-17,Reports,22,2
3964,911,2021-11-11,Reports,96,5
3965,911,2022-02-17,Notifications,111,5
3966,911,2021-12-02,Reports,76,3
3967,911,2022-05-21,Export Data,98,2
3968,912,2023-03-25,Integrations,46,1
3969,913,2024-12-12,Mobile App,120,1
3970,913,2025-08-26,Mobile App,77,3
3971,913,2024-05-23,Dashboard,98,4
3972,913,2026-09-14,Mobile App,35,4
3973,913,2024-07-26,Reports,4,5
3974,914,2022-10-05,Integrations,101,4
3975,915,2025-09-05,Mobile App,120,5
3976,915,2024-02-14,Notifications,48,4
3977,915,2025-08-23,Mobile App,59,5
3978,915,2024-10-26,Reports,90,1
3979,915,2025-11-18,Dashboard,100,3
3980,917,2024-01-30,Notifications,23,4
3981,917,2025-05-26,API Access,102,3
3982,917,2025-03-01,Dashboard,65,5
3983,917,2026-08-17,Integrations,115,4
3984,917,2026-07-26,Dashboard,7,3
3985,917,2024-06-20,API Access,6,1
3986,917,2023-08-19,Team Collaboration,29,3
3987,917,2024-07-01,Team Collaboration,49,2
3988,919,2023-10-25,Export Data,81,3
3989,919,2024-04-29,Mobile App,34,5
3990,919,2025-12-06,Team Collaboration,51,2
3991,919,2026-03-08,Mobile App,28,2
3992,919,2025-06-01,Notifications,30,3
3993,919,2025-01-22,Export Data,18,4
3994,919,2024-04-16,Integrations,61,1
3995,919,2024-11-02,Reports,98,1
3996,919,2025-02-17,Dashboard,16,1
3997,919,2025-10-23,Reports,111,2
3998,920,2025-09-20,Reports,57,2
3999,921,2026-07-22,Reports,40,5
4000,922,2025-04-13,Export Data,56,4
4001,922,2026-05-22,Team Collaboration,91,5
4002,922,2025-10-18,Reports,4,1
4003,923,2023-09-24,Integrations,6,3
4004,924,2023-09-27,Reports,88,2
4005,925,2026-01-19,Notifications,90,5
4006,925,2025-09-21,Team Collaboration,47,1
4007,925,2026-09-03,Mobile App,102,2
4008,926,2023-03-02,Dashboard,32,5
4009,926,2022-12-29,Export Data,112,3
4010,927,2024-12-18,Notifications,115,5
4011,929,2026-06-09,Mobile App,37,1
4012,929,2025-07-31,Dashboard,54,5
4013,929,2025-05-08,Notifications,110,1
4014,930,2024-09-18,Reports,62,1
4015,931,2021-09-22,Mobile App,111,5
4016,931,2021-08-05,Dashboard,51,3
4017,931,2022-04-03,Team Collaboration,81,3
4018,932,2024-12-09,Dashboard,61,5
4019,932,2023-08-14,Team Collaboration,99,1
4020,932,2023-03-02,Reports,80,5
4021,933,2025-12-08,Team Collaboration,23,5
4022,933,2026-05-18,Notifications,53,1
4023,933,2024-08-25,Mobile App,25,1
4024,933,2026-01-16,API Access,72,2
4025,933,2025-03-18,Dashboard,100,4
4026,933,2024-11-16,Reports,32,2
4027,933,2024-10-03,Dashboard,116,3
4028,933,2024-12-09,Reports,49,2
4029,933,2025-03-20,Dashboard,37,5
4030,934,2024-04-23,Export Data,3,4
4031,934,2023-07-30,Mobile App,58,3
4032,934,2026-08-15,Integrations,102,3
4033,936,2023-01-17,Export Data,67,5
4034,936,2024-03-16,Export Data,49,2
4035,936,2025-11-01,API Access,48,3
4036,936,2023-07-11,Notifications,64,4
4037,936,2023-12-03,Integrations,27,3
4038,936,2024-01-13,Notifications,18,2
4039,936,2026-08-17,Notifications,61,5
4040,937,2025-06-14,Integrations,69,2
4041,937,2024-09-09,API Access,93,5
4042,938,2024-09-24,Integrations,86,1
4043,938,2026-06-10,Mobile App,115,2
4044,938,2026-08-19,Dashboard,117,4
4045,939,2022-11-20,Export Data,119,3
4046,939,2025-03-21,Dashboard,37,4
4047,939,2023-11-13,Team Collaboration,35,1
4048,940,2025-06-02,Export Data,61,3
4049,940,2022-06-30,Export Data,100,1
4050,940,2024-01-25,Team Collaboration,41,4
4051,940,2023-08-03,Team Collaboration,86,5
4052,941,2023-08-30,Team Collaboration,12,4
4053,941,2023-04-15,Reports,46,4
4054,941,2022-08-30,Reports,18,2
4055,941,2023-06-13,Notifications,20,1
4056,942,2023-01-15,Dashboard,37,5
4057,943,2026-06-21,Team Collaboration,18,3
4058,943,2026-08-30,API Access,21,3
4059,943,2026-08-02,Team Collaboration,63,4
4060,943,2026-09-06,Reports,57,3
4061,943,2026-08-28,Team Collaboration,9,2
4062,943,2026-08-20,Team Collaboration,25,2
4063,943,2026-08-28,API Access,29,3
4064,944,2026-07-02,Integrations,14,4
4065,944,2025-10-20,API Access,84,2
4066,944,2026-03-23,Team Collaboration,111,3
4067,944,2026-05-03,API Access,78,5
4068,944,2026-04-20,Mobile App,16,1
4069,944,2025-12-30,Team Collaboration,4,1
4070,944,2025-09-25,Notifications,117,4
4071,944,2025-05-22,Reports,112,4
4072,944,2026-04-05,Team Collaboration,50,2
4073,944,2026-03-12,Integrations,45,2
4074,945,2024-12-28,Notifications,109,1
4075,945,2024-02-04,Reports,26,2
4076,945,2023-09-05,API Access,50,1
4077,946,2023-07-11,API Access,40,5
4078,946,2025-12-04,Team Collaboration,119,5
4079,946,2023-07-06,Integrations,105,2
4080,946,2023-08-04,Notifications,115,5
4081,946,2024-11-26,Dashboard,104,5
4082,947,2026-06-20,Reports,99,4
4083,947,2026-03-14,API Access,42,1
4084,947,2026-01-12,Export Data,106,2
4085,948,2024-09-09,Export Data,65,4
4086,948,2024-12-25,Integrations,82,3
4087,948,2025-06-27,Team Collaboration,39,3
4088,949,2024-12-21,Reports,53,3
4089,949,2023-03-10,Dashboard,53,3
4090,949,2024-01-20,API Access,105,2
4091,949,2025-05-24,Mobile App,117,1
4092,949,2026-08-15,API Access,42,3
4093,949,2023-03-10,Export Data,79,4
4094,949,2025-06-26,Integrations,29,5
4095,950,2025-12-07,Mobile App,113,5
4096,950,2024-11-23,Notifications,50,5
4097,950,2023-05-27,Reports,69,3
4098,950,2026-08-07,Dashboard,104,3
4099,950,2024-06-25,Export Data,92,5
4100,951,2026-01-28,Mobile App,54,1
4101,951,2023-12-15,Dashboard,62,1
4102,951,2025-03-28,Notifications,42,5
4103,951,2023-12-06,Notifications,94,2
4104,952,2026-01-18,Team Collaboration,77,3
4105,952,2026-03-02,Dashboard,38,4
4106,952,2026-01-28,Integrations,37,1
4107,953,2024-10-03,Mobile App,19,1
4108,953,2024-11-08,Dashboard,85,4
4109,953,2024-11-28,Dashboard,77,3
4110,953,2025-02-18,Dashboard,20,5
4111,953,2026-06-18,Reports,112,4
4112,953,2024-12-11,Dashboard,36,2
4113,953,2024-01-25,Export Data,23,5
4114,953,2026-07-07,Team Collaboration,36,3
4115,954,2026-07-28,Dashboard,84,1
4116,954,2025-06-08,Reports,53,3
4117,954,2024-04-24,Notifications,95,4
4118,954,2025-06-03,Mobile App,7,4
4119,954,2026-01-10,Export Data,105,2
4120,954,2025-12-03,Reports,51,4
4121,955,2025-07-26,Integrations,72,2
4122,955,2025-10-30,Dashboard,19,5
4123,955,2023-10-25,Notifications,19,2
4124,955,2023-09-26,Notifications,29,5
4125,955,2022-07-06,Reports,59,3
4126,955,2022-05-26,API Access,16,2
4127,955,2022-06-23,API Access,86,1
4128,955,2024-09-10,Integrations,88,3
4129,956,2024-06-12,Integrations,20,5
4130,957,2025-02-23,Dashboard,16,2
4131,957,2025-03-22,Notifications,120,2
4132,957,2025-05-20,API Access,2,2
4133,957,2025-08-27,Dashboard,85,4
4134,957,2025-03-18,Export Data,74,3
4135,957,2026-06-13,API Access,42,4
4136,958,2026-06-10,Integrations,32,1
4137,958,2026-06-24,Dashboard,44,1
4138,959,2026-03-16,Team Collaboration,63,5
4139,959,2025-05-09,Integrations,116,3
4140,959,2023-10-02,Team Collaboration,75,3
4141,959,2026-04-26,Dashboard,78,5
4142,959,2025-03-25,Export Data,25,2
4143,959,2025-05-31,Dashboard,102,3
4144,959,2025-01-28,Mobile App,69,3
4145,959,2026-05-06,Export Data,83,4
4146,959,2023-11-11,Dashboard,110,5
4147,959,2023-07-21,Notifications,66,1
4148,960,2024-08-23,Notifications,72,2
4149,960,2024-05-13,Team Collaboration,66,3
4150,962,2025-12-15,Mobile App,4,3
4151,962,2025-09-05,Reports,104,4
4152,962,2025-10-03,Integrations,92,2
4153,962,2025-06-19,Reports,2,2
4154,962,2025-10-12,Mobile App,39,4
4155,962,2026-09-07,Integrations,4,2
4156,962,2025-12-19,Reports,51,4
4157,962,2026-09-05,Dashboard,83,3
4158,963,2024-08-12,Mobile App,18,5
4159,963,2022-03-04,Notifications,21,1
4160,963,2025-04-01,Team Collaboration,65,5
4161,964,2026-06-22,Export Data,32,5
4162,964,2026-08-06,Mobile App,113,5
4163,964,2026-07-04,Dashboard,54,4
4164,964,2026-08-16,API Access,69,5
4165,964,2026-08-18,Notifications,40,2
4166,964,2026-06-04,Notifications,42,3
4167,965,2024-07-29,Dashboard,109,4
4168,965,2025-05-25,Notifications,33,4
4169,965,2026-01-31,Integrations,68,2
4170,965,2023-12-25,Reports,68,1
4171,966,2023-04-29,API Access,109,1
4172,966,2025-12-13,Integrations,13,1
4173,967,2025-05-17,Mobile App,7,5
4174,967,2025-04-26,Team Collaboration,38,1
4175,967,2023-08-28,Mobile App,23,5
4176,968,2024-11-02,API Access,21,3
4177,968,2024-10-14,Team Collaboration,17,2
4178,968,2024-12-13,Dashboard,7,5
4179,968,2025-01-25,Team Collaboration,31,3
4180,969,2024-01-17,API Access,29,4
4181,969,2023-09-18,API Access,1,4
4182,969,2023-11-12,API Access,48,4
4183,969,2023-11-30,Integrations,99,4
4184,970,2026-09-07,API Access,57,5
4185,970,2026-07-22,Reports,24,2
4186,970,2026-07-09,Export Data,70,4
4187,970,2026-08-10,Reports,95,3
4188,971,2024-12-02,Dashboard,105,5
4189,971,2023-09-08,Notifications,20,1
4190,971,2021-02-18,Export Data,20,3
4191,971,2024-05-14,Integrations,69,5
4192,971,2021-08-14,Export Data,47,4
4193,971,2022-02-19,Team Collaboration,36,5
4194,971,2023-12-22,Reports,95,5
4195,972,2026-08-22,API Access,76,4
4196,973,2024-01-17,Dashboard,97,3
4197,973,2023-04-30,Notifications,52,2
4198,973,2025-05-11,Integrations,18,1
4199,973,2026-05-21,Export Data,105,4
4200,974,2023-05-17,Mobile App,5,5
4201,974,2022-01-26,Dashboard,34,2
4202,974,2024-11-30,Integrations,22,2
4203,974,2022-03-05,Dashboard,118,4
4204,974,2025-10-15,Notifications,66,1
4205,974,2025-04-30,Mobile App,101,2
4206,974,2026-03-31,Notifications,75,4
4207,974,2025-06-23,Dashboard,113,4
4208,974,2022-09-28,API Access,106,2
4209,974,2024-03-30,Dashboard,98,5
4210,975,2026-04-20,Notifications,22,1
4211,975,2026-06-09,Reports,84,1
4212,975,2026-07-16,Team Collaboration,65,4
4213,976,2025-01-26,Export Data,83,4
4214,976,2024-08-22,Export Data,71,3
4215,976,2026-01-29,Mobile App,74,3
4216,977,2024-12-07,Notifications,72,4
4217,977,2024-03-07,Notifications,53,2
4218,977,2025-01-05,Reports,61,1
4219,977,2025-03-07,Dashboard,16,4
4220,978,2023-11-27,Notifications,112,5
4221,978,2023-11-30,Team Collaboration,8,5
4222,978,2023-10-13,Notifications,63,5
4223,978,2023-02-22,Notifications,12,3
4224,978,2023-02-14,Mobile App,34,5
4225,978,2025-11-24,Integrations,8,5
4226,980,2025-08-02,Team Collaboration,13,3
4227,980,2025-09-20,API Access,35,5
4228,981,2025-07-03,Reports,59,1
4229,981,2025-04-06,API Access,6,1
4230,981,2026-01-20,Mobile App,109,4
4231,981,2024-06-30,Export Data,67,2
4232,981,2026-02-28,Export Data,32,3
4233,981,2022-02-05,Mobile App,113,3
4234,981,2022-03-06,Mobile App,35,5
4235,982,2025-11-03,Export Data,116,1
4236,984,2026-08-19,Team Collaboration,59,5
4237,984,2026-08-05,Dashboard,31,2
4238,984,2026-08-10,API Access,95,5
4239,984,2026-08-08,Dashboard,87,3
4240,984,2026-06-04,Export Data,87,4
4241,984,2026-06-15,Notifications,108,1
4242,984,2026-06-11,Integrations,76,4
4243,985,2026-03-28,Export Data,38,4
4244,985,2026-09-04,Notifications,5,1
4245,985,2025-08-28,Reports,96,1
4246,985,2024-05-15,API Access,90,4
4247,985,2025-07-29,Notifications,74,3
4248,985,2025-10-20,Reports,31,5
4249,985,2026-05-26,Mobile App,61,4
4250,985,2024-11-22,API Access,40,4
4251,985,2024-06-27,Reports,35,3
4252,986,2024-10-22,Reports,75,5
4253,986,2026-06-17,Reports,50,3
4254,986,2023-01-24,API Access,75,3
4255,986,2026-03-13,API Access,115,1
4256,986,2023-01-14,Dashboard,20,3
4257,986,2024-05-14,Notifications,22,2
4258,986,2023-03-29,Reports,105,1
4259,986,2023-07-14,Team Collaboration,92,3
4260,986,2024-01-29,Export Data,67,2
4261,986,2026-01-26,Mobile App,58,5
4262,987,2023-07-17,Reports,44,5
4263,987,2025-03-06,Mobile App,101,1
4264,987,2023-09-25,Reports,92,2
4265,987,2024-04-02,API Access,41,4
4266,987,2023-09-25,Dashboard,78,5
4267,987,2025-04-24,Mobile App,102,1
4268,987,2023-02-20,Mobile App,17,1
4269,987,2024-08-08,Integrations,31,1
4270,987,2026-05-21,Integrations,81,5
4271,987,2023-08-28,Mobile App,22,4
4272,988,2022-04-02,Export Data,37,1
4273,988,2021-12-26,Export Data,29,2
4274,988,2022-07-24,Mobile App,64,2
4275,988,2022-03-19,Reports,41,3
4276,989,2023-06-20,Mobile App,115,2
4277,989,2024-02-20,Export Data,25,5
4278,989,2024-08-12,Dashboard,73,4
4279,989,2023-06-09,Notifications,23,5
4280,990,2024-04-02,Mobile App,114,1
4281,990,2023-11-30,Export Data,49,1
4282,990,2023-12-23,Export Data,107,3
4283,990,2024-01-24,Dashboard,93,3
4284,991,2024-10-16,Team Collaboration,100,1
4285,991,2024-05-20,API Access,8,1
4286,991,2026-04-21,Dashboard,12,3
4287,991,2022-11-06,Team Collaboration,96,3
4288,991,2024-01-03,Export Data,31,3
4289,991,2022-10-12,Team Collaboration,62,3
4290,991,2023-11-28,Integrations,61,3
4291,991,2025-09-11,Team Collaboration,9,4
4292,992,2026-05-21,Dashboard,75,2
4293,992,2025-09-13,Dashboard,3,2
4294,992,2025-07-03,Mobile App,16,3
4295,992,2025-02-24,API Access,26,3
4296,993,2022-04-28,Team Collaboration,75,1
4297,993,2022-05-06,Dashboard,98,4
4298,993,2023-06-17,Reports,79,2
4299,994,2026-05-11,Export Data,112,4
4300,994,2026-01-01,Team Collaboration,14,4
4301,994,2026-07-24,Team Collaboration,42,2
4302,994,2025-12-14,Reports,19,4
4303,994,2026-03-17,Export Data,66,1
4304,994,2026-08-29,Integrations,84,5
4305,994,2025-12-19,Reports,44,1
4306,994,2026-08-27,Notifications,50,2
4307,994,2026-02-06,Notifications,47,3
4308,995,2024-10-13,Dashboard,33,1
4309,995,2025-11-07,Team Collaboration,59,2
4310,995,2026-01-26,Reports,35,1
4311,995,2025-10-04,Mobile App,5,4
4312,995,2025-11-10,Integrations,43,2
4313,995,2022-09-23,Integrations,118,1
4314,995,2025-03-22,Notifications,47,1
4315,996,2025-11-04,Mobile App,110,4
4316,996,2023-04-19,Integrations,108,2
4317,996,2022-07-21,Integrations,23,2
4318,996,2023-08-07,Notifications,77,4
4319,996,2023-04-13,Mobile App,85,5
4320,997,2024-03-26,Integrations,90,4
4321,997,2026-06-22,Integrations,87,4
4322,997,2024-08-30,Notifications,44,1
4323,998,2024-07-07,Reports,11,5
4324,998,2024-01-22,Reports,8,1
4325,998,2023-12-26,Team Collaboration,2,2
4326,998,2024-01-02,Notifications,13,3
4327,999,2026-08-02,Reports,86,5
4328,999,2026-09-15,Dashboard,70,3
4329,999,2026-07-15,Notifications,43,2
4330,999,2026-05-15,Mobile App,65,5
4331,999,2026-05-18,Mobile App,40,3
4332,999,2026-07-18,Export Data,21,3
4333,999,2026-05-09,Mobile App,1,3
4334,1000,2026-08-13,Notifications,6,3
4335,1000,2026-01-24,Export Data,12,5
4336,1000,2025-11-06,Reports,44,1
4337,1000,2025-11-30,Export Data,111,3
4338,1000,2026-01-07,Dashboard,54,3
4339,1000,2025-07-19,API Access,99,3
4340,1000,2026-09-08,API Access,70,3
4341,1000,2025-10-29,Integrations,99,4
4342,1001,2025-07-25,Integrations,37,3
4343,1001,2025-09-05,Dashboard,86,2
4344,1002,2024-02-08,Export Data,16,4
4345,1002,2024-09-07,Dashboard,85,4
4346,1002,2023-12-31,Reports,107,5
4347,1003,2025-12-11,Mobile App,112,5
4348,1003,2026-08-09,Export Data,46,1
4349,1003,2026-04-02,Notifications,112,4
4350,1003,2024-02-05,Dashboard,52,5
4351,1003,2026-05-29,Export Data,42,2
4352,1003,2026-03-31,Export Data,120,2
4353,1003,2024-03-03,Export Data,70,2
4354,1003,2026-05-14,Integrations,91,1
4355,1003,2026-03-20,Integrations,93,1
4356,1003,2026-08-22,API Access,22,3
4357,1004,2024-11-12,Notifications,1,4
4358,1005,2025-12-10,Integrations,59,4
4359,1005,2026-03-29,Export Data,85,5
4360,1005,2026-08-01,Notifications,8,5
4361,1005,2023-07-11,API Access,45,5
4362,1005,2023-07-18,Mobile App,26,3
4363,1005,2022-08-05,Export Data,65,5
4364,1006,2026-09-02,Dashboard,105,1
4365,1006,2026-08-30,Dashboard,51,3
4366,1006,2026-04-08,Mobile App,6,2
4367,1007,2022-02-16,Integrations,46,1
4368,1007,2022-04-06,API Access,39,2
4369,1008,2025-10-04,API Access,6,2
4370,1008,2026-01-03,Reports,23,3
4371,1008,2025-07-28,Reports,48,3
4372,1009,2026-01-09,Team Collaboration,55,4
4373,1009,2025-08-24,Mobile App,31,3
4374,1010,2024-11-12,Team Collaboration,3,2
4375,1011,2025-10-06,Dashboard,48,2
4376,1012,2025-01-26,Notifications,104,3
4377,1012,2023-06-14,Export Data,3,5
4378,1012,2022-09-26,Team Collaboration,109,3
4379,1012,2021-09-18,Reports,34,1
4380,1012,2021-05-19,Integrations,88,1
4381,1012,2024-03-21,Dashboard,17,2
4382,1012,2023-06-10,Integrations,55,3
4383,1012,2023-01-17,Integrations,4,4
4384,1012,2026-09-15,Reports,89,5
4385,1012,2024-02-28,Export Data,83,4
4386,1013,2022-01-04,API Access,91,5
4387,1013,2023-12-24,Integrations,8,4
4388,1013,2022-10-09,Mobile App,105,2
4389,1013,2025-08-13,Mobile App,42,1
4390,1013,2024-12-14,Dashboard,5,2
4391,1013,2025-07-16,Notifications,31,1
4392,1014,2022-05-04,API Access,69,2
4393,1015,2024-03-21,Mobile App,117,4
4394,1015,2026-05-28,Reports,34,3
4395,1016,2025-10-14,API Access,3,3
4396,1016,2025-06-16,Mobile App,94,3
4397,1016,2026-04-16,Dashboard,28,5
4398,1017,2023-10-26,Mobile App,68,3
4399,1017,2024-03-18,Notifications,37,2
4400,1018,2026-05-15,Mobile App,77,3
4401,1018,2026-05-29,Integrations,19,2
4402,1018,2026-06-30,Mobile App,26,5
4403,1018,2026-07-14,API Access,54,2
4404,1019,2025-05-29,Integrations,47,3
4405,1019,2025-11-25,Dashboard,62,1
4406,1019,2025-07-05,Integrations,63,3
4407,1020,2022-02-08,Export Data,119,2
4408,1020,2022-09-14,Notifications,87,3
4409,1020,2023-05-07,Notifications,68,3
4410,1020,2023-01-30,Team Collaboration,99,3
4411,1021,2024-09-25,Mobile App,100,1
4412,1021,2021-12-31,Export Data,51,4
4413,1021,2026-03-16,Notifications,104,2
4414,1021,2023-06-25,Notifications,107,1
4415,1021,2024-08-19,Reports,67,1
4416,1022,2025-02-11,API Access,61,5
4417,1022,2025-01-29,Integrations,88,2
4418,1022,2023-07-21,Team Collaboration,56,2
4419,1022,2026-01-11,API Access,103,4
4420,1022,2026-08-22,Notifications,7,2
4421,1022,2025-12-15,Mobile App,118,1
4422,1023,2024-02-26,API Access,23,5
4423,1023,2026-05-29,Export Data,109,5
4424,1023,2024-04-01,Integrations,44,1
4425,1025,2022-11-12,Team Collaboration,100,1
4426,1025,2024-04-25,Notifications,28,1
4427,1025,2026-04-22,Notifications,81,4
4428,1025,2022-11-10,Team Collaboration,44,5
4429,1026,2025-01-24,Reports,105,1
4430,1026,2025-01-14,Dashboard,11,5
4431,1027,2026-07-21,Dashboard,79,4
4432,1027,2026-01-28,Mobile App,53,3
4433,1027,2026-02-24,Notifications,114,3
4434,1027,2026-08-04,Integrations,77,1
4435,1027,2024-11-21,Export Data,64,1
4436,1027,2026-02-17,API Access,15,5
4437,1027,2026-02-18,API Access,96,4
4438,1027,2026-05-11,Reports,15,3
4439,1027,2024-09-29,Reports,103,5
4440,1028,2026-03-19,Notifications,19,4
4441,1028,2025-12-30,Export Data,30,2
4442,1028,2026-05-08,Mobile App,17,3
4443,1028,2026-02-02,Dashboard,56,1
4444,1028,2025-11-26,Dashboard,8,2
4445,1028,2026-02-09,Mobile App,112,1
4446,1028,2025-10-10,Mobile App,75,4
4447,1028,2025-11-28,Reports,13,2
4448,1028,2026-04-21,Mobile App,98,2
4449,1028,2026-06-18,Export Data,107,4
4450,1030,2025-10-12,Team Collaboration,119,3
4451,1030,2025-07-20,Notifications,75,3
4452,1030,2025-07-10,Reports,9,4
4453,1031,2025-04-08,Integrations,11,1
4454,1031,2025-08-07,Team Collaboration,52,4
4455,1032,2024-12-02,Export Data,100,3
4456,1033,2026-08-10,Mobile App,74,4
4457,1033,2026-06-13,Export Data,108,1
4458,1033,2026-07-07,Dashboard,89,5
4459,1033,2026-08-06,Mobile App,86,2
4460,1033,2026-06-27,Reports,21,1
4461,1033,2026-07-10,Notifications,33,1
4462,1033,2026-07-01,Integrations,89,3
4463,1033,2026-07-04,Export Data,80,4
4464,1033,2026-07-17,Dashboard,85,3
4465,1033,2026-07-05,Integrations,45,3
4466,1034,2025-05-16,Dashboard,56,2
4467,1034,2026-02-07,Mobile App,64,2
4468,1035,2026-03-13,Mobile App,68,3
4469,1035,2025-03-11,Reports,44,5
4470,1035,2026-08-14,Integrations,70,1
4471,1035,2023-06-20,Export Data,103,1
4472,1035,2025-11-29,API Access,112,5
4473,1035,2026-06-06,Notifications,72,2
4474,1035,2024-08-02,API Access,37,3
4475,1036,2023-08-25,Team Collaboration,54,2
4476,1036,2021-09-23,Integrations,58,1
4477,1036,2021-12-06,API Access,3,5
4478,1037,2024-07-15,Integrations,44,5
4479,1037,2023-01-21,Notifications,33,1
4480,1037,2024-07-20,Mobile App,10,4
4481,1038,2024-10-01,Team Collaboration,20,5
4482,1038,2024-08-16,Notifications,36,3
4483,1038,2024-12-16,Reports,55,5
4484,1038,2024-06-16,Export Data,21,5
4485,1038,2025-09-07,Mobile App,25,1
4486,1039,2025-06-07,Reports,103,2
4487,1039,2025-06-29,Integrations,55,4
4488,1040,2023-10-23,Notifications,6,1
4489,1040,2024-02-18,Integrations,87,1
4490,1042,2025-06-04,Integrations,80,5
4491,1042,2024-07-16,Export Data,117,3
4492,1042,2024-09-14,Team Collaboration,36,4
4493,1043,2023-10-05,Notifications,92,2
4494,1043,2024-04-06,Reports,70,4
4495,1043,2023-04-06,Integrations,94,3
4496,1043,2024-03-27,Dashboard,53,4
4497,1044,2024-07-10,API Access,103,5
4498,1044,2024-06-01,Dashboard,42,5
4499,1044,2024-03-30,Mobile App,117,5
4500,1045,2024-01-12,Reports,27,2
4501,1045,2023-01-31,Reports,15,4
4502,1046,2023-08-04,Integrations,67,5
4503,1047,2025-10-03,Dashboard,70,3
4504,1047,2026-05-31,Mobile App,75,4
4505,1049,2024-09-11,Export Data,3,3
4506,1049,2026-02-19,Dashboard,81,4
4507,1049,2024-05-01,Mobile App,39,2
4508,1049,2023-07-20,Dashboard,8,1
4509,1049,2024-12-19,Export Data,8,3
4510,1049,2024-11-28,Dashboard,29,2
4511,1049,2023-02-17,Notifications,101,5
4512,1050,2021-11-03,Mobile App,111,5
4513,1050,2021-11-11,Dashboard,50,5
4514,1051,2024-05-08,Reports,98,5
4515,1051,2024-06-02,Notifications,50,4
4516,1051,2023-12-30,Notifications,63,3
4517,1051,2023-11-26,Team Collaboration,57,1
4518,1051,2024-03-19,Dashboard,103,4
4519,1052,2025-01-05,Export Data,75,5
4520,1052,2025-12-26,Integrations,28,4
4521,1052,2026-06-30,Team Collaboration,72,3
4522,1052,2025-02-08,API Access,14,2
4523,1052,2024-05-19,Integrations,47,4
4524,1052,2024-05-10,Team Collaboration,59,3
4525,1052,2026-04-05,API Access,68,1
4526,1052,2025-03-01,Dashboard,10,2
4527,1052,2024-07-15,Export Data,112,1
4528,1052,2025-01-04,Reports,44,2
4529,1053,2023-09-25,Reports,22,5
4530,1054,2026-06-12,API Access,70,4
4531,1055,2024-03-13,Export Data,36,2
4532,1055,2024-09-16,Notifications,21,2
4533,1055,2025-12-05,Export Data,115,5
4534,1055,2026-02-09,Reports,50,5
4535,1055,2025-05-20,Integrations,110,5
4536,1055,2025-10-24,API Access,115,1
4537,1055,2022-03-14,Team Collaboration,91,2
4538,1056,2025-01-12,Export Data,68,5
4539,1056,2026-06-17,Integrations,55,2
4540,1056,2026-02-16,Reports,99,3
4541,1056,2024-09-26,Dashboard,62,1
4542,1057,2026-08-14,Notifications,90,5
4543,1057,2026-04-08,Team Collaboration,23,1
4544,1057,2026-06-04,Notifications,28,5
4545,1057,2026-04-14,Notifications,84,3
4546,1057,2026-06-10,Dashboard,118,1
4547,1058,2024-05-06,Team Collaboration,4,4
4548,1058,2024-12-11,Team Collaboration,104,1
4549,1058,2023-06-25,Notifications,55,1
4550,1058,2023-02-22,Mobile App,78,5
4551,1058,2025-01-18,Dashboard,114,1
4552,1058,2026-05-27,API Access,68,5
4553,1059,2025-11-30,Team Collaboration,76,2
4554,1059,2026-02-14,Export Data,119,2
4555,1059,2026-03-04,Notifications,46,2
4556,1059,2026-03-25,Reports,84,1
4557,1059,2025-11-23,Dashboard,111,3
4558,1059,2026-04-14,Integrations,35,1
4559,1060,2026-08-03,Mobile App,44,1
4560,1060,2026-01-24,Notifications,68,1
4561,1060,2026-06-22,Notifications,36,3
4562,1061,2021-09-05,Dashboard,89,2
4563,1061,2021-08-16,API Access,107,1
4564,1061,2021-12-23,API Access,83,4
4565,1062,2021-03-16,Notifications,103,1
4566,1062,2021-05-06,Team Collaboration,103,2
4567,1063,2022-06-12,Dashboard,63,4
4568,1063,2024-03-25,Integrations,32,1
4569,1063,2025-10-17,Reports,23,5
4570,1063,2023-01-16,Export Data,65,4
4571,1063,2021-07-08,Integrations,80,5
4572,1063,2025-12-21,Mobile App,24,2
4573,1064,2024-05-27,Notifications,120,4
4574,1064,2024-05-04,Dashboard,89,3
4575,1064,2023-12-02,API Access,5,3
4576,1064,2024-06-28,Mobile App,48,2
4577,1064,2023-08-02,Notifications,11,3
4578,1064,2025-08-23,Dashboard,87,2
4579,1064,2024-03-09,API Access,59,4
4580,1065,2022-09-05,Integrations,72,3
4581,1066,2024-09-07,Dashboard,54,1
4582,1066,2025-07-14,Team Collaboration,99,3
4583,1066,2024-10-12,API Access,49,4
4584,1067,2024-05-13,Reports,25,2
4585,1067,2024-05-30,Mobile App,79,1
4586,1068,2025-02-24,Export Data,69,5
4587,1069,2026-08-29,Team Collaboration,45,4
4588,1069,2026-04-29,Dashboard,15,1
4589,1069,2025-03-02,Team Collaboration,92,2
4590,1069,2025-10-09,Export Data,49,5
4591,1069,2026-04-16,Dashboard,96,4
4592,1069,2025-04-10,Mobile App,71,4
4593,1069,2025-05-10,Dashboard,50,4
4594,1070,2023-02-09,Dashboard,37,3
4595,1070,2023-01-31,Dashboard,56,1
4596,1070,2023-02-13,Reports,48,4
4597,1071,2024-04-01,API Access,24,4
4598,1071,2025-01-18,Team Collaboration,68,1
4599,1072,2021-07-27,API Access,46,1
4600,1072,2021-07-14,Reports,68,1
4601,1072,2021-04-18,API Access,88,5
4602,1073,2023-08-02,Reports,113,1
4603,1073,2022-12-04,Integrations,19,3
4604,1073,2026-05-18,Mobile App,114,5
4605,1073,2026-09-03,Notifications,94,2
4606,1073,2023-12-24,Export Data,109,1
4607,1073,2026-06-15,Team Collaboration,115,2
4608,1073,2022-06-11,Export Data,72,1
4609,1073,2025-06-09,Dashboard,89,3
4610,1073,2026-04-11,Reports,118,2
4611,1074,2026-05-01,Export Data,44,2
4612,1074,2025-11-02,Team Collaboration,23,4
4613,1076,2024-01-02,Reports,31,1
4614,1076,2024-06-15,Integrations,16,5
4615,1076,2025-08-12,Notifications,5,2
4616,1076,2022-06-28,Notifications,37,1
4617,1076,2024-11-21,Reports,96,3
4618,1076,2022-05-20,Integrations,3,4
4619,1076,2022-04-29,Export Data,89,1
4620,1076,2021-04-17,Notifications,54,1
4621,1076,2023-08-10,Integrations,101,2
4622,1077,2025-10-10,Integrations,100,1
4623,1077,2026-07-10,Notifications,3,5
4624,1077,2025-11-09,API Access,5,5
4625,1077,2026-06-05,API Access,110,4
4626,1077,2026-06-25,Export Data,103,3
4627,1077,2025-09-27,Dashboard,60,1
4628,1077,2025-12-28,Mobile App,82,1
4629,1077,2026-01-08,Integrations,99,5
4630,1078,2026-08-20,Dashboard,97,1
4631,1078,2025-02-05,Reports,49,4
4632,1078,2025-04-07,Integrations,6,3
4633,1078,2024-10-27,Export Data,54,1
4634,1078,2024-04-20,API Access,98,4
4635,1078,2025-07-26,Reports,15,5
4636,1078,2025-12-14,Integrations,35,5
4637,1079,2024-12-14,Team Collaboration,26,3
4638,1079,2023-06-16,Team Collaboration,119,1
4639,1080,2024-12-26,Team Collaboration,78,5
4640,1080,2024-06-07,Mobile App,89,3
4641,1080,2026-02-14,Dashboard,21,4
4642,1080,2024-12-22,Team Collaboration,7,5
4643,1080,2025-06-29,Export Data,22,5
4644,1080,2025-01-06,Export Data,41,1
4645,1080,2026-07-23,Team Collaboration,105,5
4646,1080,2026-01-03,Mobile App,103,3
4647,1080,2025-07-05,Team Collaboration,24,1
4648,1081,2024-06-10,Team Collaboration,91,5
4649,1081,2024-05-06,API Access,22,2
4650,1081,2024-03-14,Team Collaboration,82,5
4651,1081,2024-03-12,Mobile App,82,3
4652,1082,2026-01-14,Team Collaboration,25,2
4653,1082,2026-09-02,Integrations,112,1
4654,1082,2025-10-06,Export Data,120,2
4655,1082,2026-08-18,Export Data,95,5
4656,1082,2025-12-14,API Access,25,3
4657,1082,2026-08-13,Export Data,96,3
4658,1083,2022-05-14,Integrations,104,3
4659,1084,2026-08-20,Integrations,64,5
4660,1084,2026-08-06,Team Collaboration,51,5
4661,1084,2026-08-21,Team Collaboration,21,3
4662,1084,2026-08-30,Reports,108,4
4663,1084,2026-08-24,Mobile App,118,2
4664,1084,2026-08-25,Dashboard,8,3
4665,1084,2026-08-27,Export Data,115,1
4666,1085,2024-01-02,Integrations,65,1
4667,1085,2024-06-18,API Access,37,1
4668,1085,2026-08-31,Notifications,120,1
4669,1085,2026-04-02,API Access,1,3
4670,1085,2025-06-01,Mobile App,116,4
4671,1085,2023-12-14,API Access,10,5
4672,1085,2024-05-26,Export Data,82,3
4673,1085,2024-04-17,Export Data,71,2
4674,1086,2026-07-12,Export Data,112,4
4675,1086,2026-01-07,Mobile App,80,1
4676,1086,2026-03-15,API Access,97,3
4677,1086,2026-04-25,API Access,17,2
4678,1086,2026-08-06,Dashboard,68,1
4679,1087,2026-08-30,Integrations,35,5
4680,1087,2026-09-15,Dashboard,6,3
4681,1088,2025-06-11,Dashboard,20,5
4682,1088,2024-12-18,Export Data,40,1
4683,1088,2024-12-30,API Access,111,3
4684,1088,2026-05-31,Integrations,112,5
4685,1088,2025-08-29,Mobile App,66,3
4686,1088,2025-12-13,Reports,11,1
4687,1088,2025-02-12,Notifications,94,5
4688,1088,2025-09-06,Integrations,70,2
4689,1088,2025-11-06,Team Collaboration,37,1
4690,1089,2026-07-13,Export Data,110,2
4691,1091,2022-06-25,Notifications,68,2
4692,1091,2024-12-14,Team Collaboration,44,3
4693,1092,2026-07-06,Mobile App,15,3
4694,1092,2026-04-07,Team Collaboration,101,5
4695,1092,2026-03-05,Mobile App,104,3
4696,1092,2026-08-12,Integrations,105,2
4697,1092,2026-06-16,API Access,64,1
4698,1092,2026-05-13,Team Collaboration,97,5
4699,1092,2026-04-07,Mobile App,48,2
4700,1093,2025-11-22,Export Data,41,4
4701,1093,2024-11-06,Reports,78,4
4702,1093,2022-08-13,Mobile App,33,2
4703,1093,2023-02-26,Reports,35,2
4704,1093,2024-06-14,Team Collaboration,84,5
4705,1093,2024-08-16,Team Collaboration,25,2
4706,1093,2024-07-06,Notifications,81,4
4707,1093,2022-10-11,Team Collaboration,77,4
4708,1093,2022-05-01,Integrations,88,5
4709,1094,2026-09-10,API Access,61,5
4710,1094,2024-07-19,Integrations,60,2
4711,1094,2025-11-24,Dashboard,117,4
4712,1094,2025-05-08,Notifications,5,1
4713,1094,2025-09-14,Team Collaboration,76,4
4714,1094,2025-04-28,Integrations,116,1
4715,1096,2024-12-28,Notifications,26,4
4716,1096,2025-02-07,API Access,25,5
4717,1096,2024-01-21,Dashboard,64,3
4718,1096,2025-02-11,Dashboard,15,4
4719,1096,2024-01-28,Notifications,118,3
4720,1097,2025-04-16,Dashboard,98,5
4721,1097,2026-05-21,Export Data,31,5
4722,1097,2024-10-04,Team Collaboration,118,1
4723,1097,2026-01-09,Mobile App,24,5
4724,1097,2024-09-15,Notifications,54,2
4725,1097,2025-01-07,Export Data,58,2
4726,1098,2024-11-22,Notifications,42,4
4727,1098,2025-11-18,Integrations,35,5
4728,1098,2024-08-05,Notifications,65,3
4729,1098,2025-06-18,Export Data,6,1
4730,1098,2024-10-11,Dashboard,30,4
4731,1098,2024-03-04,Integrations,71,5
4732,1098,2024-04-12,Notifications,114,1
4733,1098,2025-07-09,Mobile App,15,3
4734,1098,2024-09-07,Team Collaboration,106,4
4735,1098,2026-08-18,Mobile App,34,2
4736,1099,2025-06-17,Integrations,21,5
4737,1099,2025-04-01,API Access,64,5
4738,1099,2024-12-12,Dashboard,73,4
4739,1099,2026-03-05,Export Data,111,1
4740,1099,2026-04-14,Integrations,13,3
4741,1099,2025-10-03,API Access,115,5
4742,1099,2026-01-31,Dashboard,30,3
4743,1099,2025-04-19,Notifications,36,4
4744,1100,2025-09-01,Reports,70,5
4745,1100,2026-09-04,Reports,21,4
4746,1101,2026-08-12,Reports,24,5
4747,1103,2023-04-07,API Access,66,1
4748,1103,2022-12-09,API Access,36,5
4749,1103,2024-11-30,Mobile App,100,5
4750,1104,2026-08-07,Integrations,26,1
4751,1104,2026-06-26,API Access,62,4
4752,1105,2023-05-01,Integrations,62,3
4753,1105,2026-02-06,Export Data,24,4
4754,1105,2023-06-19,Team Collaboration,120,3
4755,1105,2023-10-27,Reports,99,5
4756,1105,2026-05-01,Reports,73,4
4757,1105,2024-05-26,Integrations,107,1
4758,1105,2024-05-19,Export Data,52,2
4759,1105,2025-10-23,Integrations,43,4
4760,1105,2023-11-18,Export Data,31,1
4761,1105,2024-08-26,Team Collaboration,65,1
4762,1106,2022-11-01,Team Collaboration,91,5
4763,1107,2026-07-05,Export Data,95,1
4764,1107,2026-06-18,Reports,41,3
4765,1108,2026-04-03,Integrations,73,4
4766,1108,2026-09-03,Reports,108,4
4767,1108,2026-08-18,Notifications,34,5
4768,1109,2026-05-14,Mobile App,12,4
4769,1109,2026-01-26,Reports,111,2
4770,1109,2026-01-06,Export Data,40,4
4771,1110,2025-04-14,Mobile App,41,2
4772,1110,2025-02-01,API Access,109,4
4773,1110,2025-06-05,Integrations,95,2
4774,1110,2025-04-05,Export Data,42,1
4775,1110,2026-08-04,Mobile App,110,3
4776,1110,2025-10-11,Integrations,109,4
4777,1111,2023-03-15,Export Data,25,3
4778,1111,2022-12-25,Notifications,43,5
4779,1111,2024-09-13,Notifications,119,1
4780,1112,2026-09-01,Reports,98,5
4781,1112,2026-08-10,Mobile App,23,3
4782,1112,2026-08-13,Dashboard,109,5
4783,1112,2026-07-08,Integrations,4,2
4784,1113,2022-11-16,Integrations,92,4
4785,1113,2024-02-14,Dashboard,118,1
4786,1113,2023-04-27,Notifications,114,4
4787,1113,2024-07-07,Dashboard,115,3
4788,1113,2023-07-02,API Access,83,3
4789,1113,2026-05-20,Team Collaboration,63,3
4790,1113,2024-04-09,Notifications,21,4
4791,1113,2024-03-31,Integrations,60,3
4792,1113,2022-10-25,Dashboard,33,2
4793,1114,2021-07-20,Team Collaboration,23,5
4794,1114,2023-08-18,Mobile App,101,1
4795,1114,2022-01-19,Team Collaboration,113,1
4796,1114,2026-01-05,Reports,105,3
4797,1114,2025-05-15,Integrations,30,2
4798,1115,2026-04-13,Notifications,12,1
4799,1115,2026-09-10,Dashboard,37,4
4800,1115,2026-04-24,Notifications,56,4
4801,1115,2026-06-02,API Access,65,5
4802,1115,2026-08-14,API Access,69,4
4803,1116,2026-08-02,Team Collaboration,55,1
4804,1116,2026-09-14,API Access,109,5
4805,1116,2026-07-16,Team Collaboration,30,5
4806,1116,2026-08-15,Integrations,4,5
4807,1117,2026-08-01,Notifications,103,5
4808,1117,2025-10-08,Mobile App,107,2
4809,1117,2025-01-05,Dashboard,94,2
4810,1117,2024-04-10,Notifications,5,2
4811,1117,2026-06-21,Notifications,98,2
4812,1117,2025-10-01,Team Collaboration,9,3
4813,1117,2024-06-02,Dashboard,34,4
4814,1117,2025-09-23,Integrations,16,1
4815,1118,2026-04-01,Export Data,76,4
4816,1118,2025-12-26,Reports,41,3
4817,1118,2026-01-17,Notifications,24,1
4818,1119,2026-05-15,Dashboard,4,2
4819,1119,2026-03-24,Dashboard,111,5
4820,1119,2026-07-31,API Access,91,3
4821,1120,2021-12-30,Mobile App,87,4
4822,1120,2022-03-21,API Access,31,3
4823,1120,2022-10-04,Mobile App,34,5
4824,1120,2022-04-05,Integrations,15,3
4825,1121,2022-07-13,API Access,107,2
4826,1121,2022-07-31,Reports,27,3
4827,1122,2025-04-16,Team Collaboration,92,5
4828,1122,2024-04-25,Dashboard,45,3
4829,1122,2024-10-26,API Access,78,1
4830,1123,2021-10-25,Reports,61,5
4831,1123,2026-05-04,Integrations,73,2
4832,1123,2025-10-10,API Access,109,5
4833,1123,2025-03-31,Mobile App,33,1
4834,1123,2025-11-05,Mobile App,9,5
4835,1123,2024-05-08,Integrations,112,2
4836,1123,2025-01-17,API Access,80,2
4837,1124,2025-09-01,API Access,35,2
4838,1124,2024-06-04,Dashboard,54,5
4839,1124,2026-02-20,Reports,104,1
4840,1124,2025-11-06,Export Data,37,3
4841,1124,2026-02-06,Mobile App,65,4
4842,1125,2026-05-20,API Access,19,3
4843,1125,2026-07-25,Integrations,44,4
4844,1125,2026-08-21,Dashboard,68,4
4845,1125,2026-07-28,Dashboard,74,3
4846,1125,2026-08-07,Dashboard,27,4
4847,1125,2026-03-08,Dashboard,43,1
4848,1125,2026-03-30,Integrations,58,2
4849,1125,2026-04-10,Mobile App,70,1
4850,1125,2026-08-09,Dashboard,26,5
4851,1127,2026-08-20,Export Data,27,4
4852,1127,2026-05-22,Export Data,81,3
4853,1127,2026-04-24,Notifications,20,5
4854,1127,2026-06-30,Mobile App,51,3
4855,1127,2026-09-02,Export Data,11,2
4856,1127,2026-04-23,Integrations,50,1
4857,1128,2026-04-25,Dashboard,41,3
4858,1128,2026-05-22,Dashboard,74,4
4859,1128,2026-02-24,Notifications,70,2
4860,1128,2026-04-02,Mobile App,43,2
4861,1128,2026-07-03,Mobile App,1,1
4862,1128,2026-02-11,Dashboard,48,2
4863,1128,2026-03-19,API Access,66,4
4864,1128,2026-05-06,Export Data,16,3
4865,1129,2024-05-14,API Access,94,4
4866,1129,2025-01-27,Reports,37,2
4867,1129,2023-01-18,Dashboard,67,1
4868,1129,2026-04-05,Export Data,79,4
4869,1129,2026-07-22,Integrations,103,5
4870,1129,2024-03-13,Mobile App,64,4
4871,1129,2022-01-25,Dashboard,82,1
4872,1130,2025-11-13,Dashboard,96,4
4873,1131,2023-06-20,API Access,86,3
4874,1131,2025-02-19,Team Collaboration,87,1
4875,1131,2023-12-26,API Access,13,5
4876,1131,2023-11-19,Reports,26,3
4877,1131,2026-02-18,API Access,15,5
4878,1131,2026-06-05,Notifications,32,3
4879,1131,2025-01-16,Team Collaboration,114,4
4880,1131,2025-03-18,Export Data,7,1
4881,1131,2024-07-07,Reports,28,3
4882,1131,2022-12-01,Team Collaboration,61,5
4883,1132,2026-04-30,Dashboard,34,3
4884,1132,2023-11-18,Integrations,41,1
4885,1132,2024-09-20,Integrations,92,1
4886,1132,2025-12-24,Reports,71,5
4887,1132,2024-03-16,Mobile App,14,4
4888,1133,2024-05-09,Export Data,112,4
4889,1133,2025-03-30,Reports,105,3
4890,1133,2024-04-28,Reports,60,5
4891,1134,2026-06-10,Notifications,115,1
4892,1134,2026-03-16,Notifications,10,3
4893,1134,2026-02-19,API Access,76,4
4894,1134,2026-02-28,API Access,96,4
4895,1134,2026-05-22,Notifications,104,3
4896,1134,2026-07-05,Mobile App,27,3
4897,1135,2023-05-03,Reports,75,2
4898,1135,2023-09-18,API Access,90,5
4899,1135,2022-05-22,Notifications,91,5
4900,1136,2025-12-11,Team Collaboration,60,2
4901,1137,2022-08-14,Export Data,76,2
4902,1137,2022-07-13,Mobile App,103,4
4903,1137,2022-09-21,Integrations,72,5
4904,1138,2021-09-23,Notifications,39,4
4905,1138,2023-01-16,Integrations,80,5
4906,1138,2022-10-28,Team Collaboration,32,1
4907,1138,2024-12-19,Mobile App,39,4
4908,1138,2022-12-12,Integrations,49,5
4909,1138,2023-02-16,Team Collaboration,22,1
4910,1138,2021-11-05,Notifications,89,5
4911,1139,2026-07-19,Notifications,37,4
4912,1139,2026-06-11,Mobile App,1,1
4913,1139,2026-09-01,Notifications,6,5
4914,1139,2026-07-07,Dashboard,35,5
4915,1139,2026-07-02,Reports,1,1
4916,1139,2026-06-08,Integrations,20,2
4917,1139,2026-08-17,Notifications,78,3
4918,1139,2026-08-07,Team Collaboration,40,4
4919,1139,2026-09-15,Reports,120,1
4920,1140,2023-04-15,Export Data,63,1
4921,1140,2025-03-23,Export Data,17,4
4922,1140,2025-05-17,Reports,48,1
4923,1140,2025-09-07,Export Data,74,2
4924,1141,2026-02-12,Notifications,34,1
4925,1141,2025-09-02,Notifications,92,4
4926,1141,2026-08-18,Export Data,99,3
4927,1141,2026-04-29,Mobile App,79,2
4928,1141,2025-07-17,Reports,50,3
4929,1141,2025-05-07,Integrations,100,2
4930,1141,2025-06-24,Export Data,5,1
4931,1142,2025-10-07,Export Data,30,2
4932,1142,2025-10-12,Reports,120,1
4933,1142,2026-02-10,Mobile App,48,4
4934,1143,2024-12-01,API Access,90,1
4935,1143,2026-03-13,Reports,55,3
4936,1143,2026-03-22,API Access,55,3
4937,1143,2025-04-20,Integrations,107,3
4938,1143,2026-09-13,Mobile App,110,2
4939,1143,2026-03-31,Dashboard,117,2
4940,1143,2025-12-30,Export Data,100,2
4941,1143,2024-11-13,Export Data,19,5
4942,1144,2026-06-04,Integrations,49,5
4943,1144,2024-06-17,Notifications,54,4
4944,1144,2025-10-07,API Access,116,4
4945,1144,2025-03-27,Dashboard,105,3
4946,1145,2025-09-22,Reports,107,4
4947,1146,2024-08-01,Mobile App,99,5
4948,1146,2024-12-09,Notifications,97,2
4949,1147,2026-02-24,API Access,51,3
4950,1147,2023-12-09,Dashboard,75,4
4951,1147,2026-06-03,Dashboard,32,5
4952,1147,2026-02-01,Notifications,4,1
4953,1147,2024-07-07,API Access,108,4
4954,1147,2025-03-08,Team Collaboration,60,3
4955,1147,2024-08-01,Team Collaboration,108,2
4956,1148,2024-12-01,Team Collaboration,12,4
4957,1148,2024-04-21,API Access,46,1
4958,1148,2026-04-11,Notifications,12,1
4959,1148,2025-04-03,API Access,62,5
4960,1149,2023-11-27,API Access,55,5
4961,1149,2025-04-10,Reports,85,5
4962,1150,2023-12-11,Mobile App,120,1
4963,1150,2025-06-16,API Access,114,2
4964,1150,2025-05-08,API Access,67,3
4965,1150,2025-02-22,Mobile App,105,2
4966,1150,2024-05-06,Notifications,14,3
4967,1150,2024-05-23,Notifications,53,2
4968,1150,2023-03-24,Export Data,79,3
4969,1151,2026-04-19,API Access,83,1
4970,1151,2026-03-18,Mobile App,60,2
4971,1151,2026-08-11,Integrations,109,1
4972,1152,2025-08-15,Reports,35,3
4973,1152,2025-05-07,Dashboard,107,2
4974,1152,2025-10-25,API Access,114,1
4975,1152,2024-04-08,API Access,114,2
4976,1152,2024-05-27,Team Collaboration,6,3
4977,1152,2025-08-26,API Access,3,1
4978,1153,2023-10-10,Team Collaboration,9,2
4979,1153,2023-03-30,Team Collaboration,56,3
4980,1153,2023-03-01,Dashboard,94,5
4981,1153,2026-02-01,Integrations,87,1
4982,1154,2024-04-05,Export Data,89,2
4983,1154,2022-04-29,Notifications,76,2
4984,1154,2024-01-19,Notifications,27,4
4985,1154,2025-04-04,Dashboard,44,4
4986,1154,2025-12-21,Mobile App,75,2
4987,1154,2024-05-24,Integrations,30,2
4988,1154,2021-11-07,Reports,43,3
4989,1155,2025-04-23,Integrations,5,3
4990,1155,2025-08-10,Reports,57,2
4991,1155,2024-07-04,Notifications,38,2
4992,1155,2024-06-10,Dashboard,46,5
4993,1156,2023-08-20,Integrations,113,4
4994,1156,2022-09-27,Dashboard,82,4
4995,1157,2025-05-30,API Access,16,1
4996,1157,2025-07-19,API Access,22,1
4997,1157,2023-12-17,Reports,45,1
4998,1157,2025-02-12,Reports,91,5
4999,1157,2025-11-08,Export Data,22,3
5000,1157,2024-07-08,API Access,112,1
5001,1157,2024-02-10,Notifications,6,1
5002,1157,2023-09-08,Export Data,119,1
5003,1157,2025-12-28,Reports,57,1
5004,1158,2026-02-20,API Access,6,5
5005,1158,2026-07-31,Notifications,103,5
5006,1159,2025-07-21,Notifications,118,4
5007,1159,2024-11-05,Mobile App,78,4
5008,1159,2025-08-08,Reports,54,2
5009,1159,2024-09-04,API Access,38,1
5010,1159,2025-07-29,Integrations,95,1
5011,1159,2023-09-11,Team Collaboration,30,2
5012,1159,2024-02-18,Mobile App,101,3
5013,1159,2024-09-02,Team Collaboration,26,1
5014,1159,2024-04-24,Mobile App,1,1
5015,1160,2025-08-24,Integrations,93,5
5016,1160,2026-02-05,API Access,56,5
5017,1160,2026-08-10,API Access,1,2
5018,1161,2022-06-01,Reports,32,2
5019,1161,2025-05-30,Integrations,58,1
5020,1161,2024-05-10,Integrations,62,2
5021,1161,2023-09-03,Reports,82,5
5022,1161,2021-08-22,Dashboard,78,1
5023,1161,2023-10-22,Team Collaboration,27,5
5024,1161,2024-04-02,Team Collaboration,68,1
5025,1162,2025-03-22,Reports,99,3
5026,1162,2025-01-24,Mobile App,69,3
5027,1162,2024-10-28,Integrations,54,2
5028,1162,2025-06-23,Mobile App,61,2
5029,1163,2026-07-26,Mobile App,99,2
5030,1163,2025-06-22,Team Collaboration,24,4
5031,1163,2024-12-15,Reports,65,2
5032,1163,2024-02-26,API Access,13,2
5033,1164,2026-02-09,Notifications,114,5
5034,1164,2026-07-16,Notifications,30,1
5035,1165,2024-08-26,Export Data,33,5
5036,1165,2023-06-12,Notifications,58,3
5037,1165,2024-05-24,API Access,69,3
5038,1165,2026-08-21,Integrations,11,3
5039,1165,2024-02-23,Reports,99,5
5040,1165,2025-12-13,Mobile App,73,3
5041,1165,2024-11-03,Integrations,77,4
5042,1166,2026-08-31,Reports,74,3
5043,1166,2026-05-10,Dashboard,22,3
5044,1166,2026-05-10,Export Data,52,5
5045,1166,2026-05-02,Notifications,23,4
5046,1167,2024-08-27,Mobile App,39,3
5047,1167,2024-09-29,Team Collaboration,102,1
5048,1168,2026-06-01,API Access,14,3
5049,1168,2025-03-02,Reports,48,5
5050,1168,2022-08-04,Team Collaboration,57,5
5051,1168,2026-08-10,Dashboard,6,4
5052,1168,2026-05-22,Team Collaboration,24,1
5053,1168,2026-05-09,Integrations,29,3
5054,1169,2024-06-25,Integrations,60,4
5055,1169,2024-06-21,Dashboard,76,4
5056,1169,2024-08-23,Integrations,20,5
5057,1169,2024-07-25,Mobile App,49,4
5058,1170,2023-10-24,Notifications,113,1
5059,1170,2026-06-23,Notifications,118,5
5060,1170,2024-10-19,Dashboard,17,5
5061,1170,2023-08-30,API Access,77,5
5062,1170,2026-03-22,Mobile App,31,5
5063,1170,2023-10-13,Team Collaboration,77,3
5064,1170,2025-02-15,API Access,6,5
5065,1171,2025-10-11,Reports,81,3
5066,1171,2025-01-16,API Access,115,5
5067,1171,2025-06-26,Integrations,95,3
5068,1171,2025-08-15,Reports,118,1
5069,1171,2025-08-23,API Access,1,2
5070,1171,2026-02-02,Team Collaboration,120,1
5071,1171,2025-10-20,Integrations,91,4
5072,1172,2023-12-11,Notifications,17,2
5073,1172,2025-02-15,Mobile App,30,2
5074,1172,2023-04-26,API Access,73,3
5075,1172,2024-06-14,Notifications,120,1
5076,1172,2024-08-26,Team Collaboration,4,2
5077,1172,2022-08-09,Mobile App,106,2
5078,1172,2021-09-19,API Access,44,1
5079,1172,2026-06-03,API Access,17,3
5080,1172,2025-03-15,API Access,6,5
5081,1173,2025-08-16,Export Data,21,1
5082,1173,2022-05-15,Reports,107,4
5083,1173,2022-09-09,Mobile App,16,5
5084,1173,2026-01-20,Integrations,87,2
5085,1173,2025-12-30,Integrations,51,1
5086,1173,2024-11-25,Dashboard,47,1
5087,1173,2023-01-14,Integrations,110,4
5088,1173,2023-12-15,Integrations,96,5
5089,1173,2025-11-04,Mobile App,81,5
5090,1173,2026-03-05,Team Collaboration,54,5
5091,1174,2026-07-28,Reports,89,1
5092,1175,2022-06-24,Dashboard,46,1
5093,1175,2022-07-03,Mobile App,86,3
5094,1175,2026-06-01,Notifications,92,5
5095,1176,2023-12-15,Export Data,62,4
5096,1176,2024-06-22,Mobile App,83,4
5097,1176,2024-10-14,Export Data,76,5
5098,1176,2025-08-31,Export Data,83,1
5099,1176,2025-04-28,Mobile App,60,2
5100,1176,2026-09-12,Reports,27,5
5101,1176,2024-10-22,Notifications,36,3
5102,1176,2026-04-14,Reports,107,5
5103,1176,2024-12-12,Team Collaboration,18,5
5104,1176,2025-03-27,Reports,24,1
5105,1177,2026-06-29,Export Data,83,3
5106,1177,2023-03-07,API Access,119,2
5107,1177,2025-07-09,Team Collaboration,53,2
5108,1178,2026-01-19,Dashboard,110,2
5109,1179,2024-02-06,Export Data,68,3
5110,1179,2023-10-25,Reports,83,1
5111,1179,2024-03-10,API Access,41,2
5112,1179,2023-07-05,API Access,91,1
5113,1179,2024-08-30,Notifications,94,3
5114,1179,2026-03-17,API Access,111,3
5115,1179,2025-01-31,Dashboard,111,3
5116,1179,2026-01-25,Reports,94,4
5117,1180,2025-11-24,Reports,104,2
5118,1180,2025-08-15,Reports,112,5
5119,1180,2025-10-16,Notifications,77,2
5120,1180,2025-12-01,Mobile App,93,3
5121,1181,2026-05-07,API Access,101,3
5122,1181,2026-05-06,Team Collaboration,57,1
5123,1181,2026-06-04,Notifications,72,4
5124,1182,2022-09-04,Reports,90,4
5125,1183,2025-07-28,Integrations,86,5
5126,1183,2024-06-02,Dashboard,17,5
5127,1183,2026-06-07,Mobile App,116,4
5128,1183,2025-07-10,Mobile App,94,4
5129,1184,2024-05-06,Mobile App,40,1
5130,1184,2025-09-13,Reports,83,3
5131,1185,2025-10-16,Team Collaboration,91,1
5132,1185,2025-04-17,Reports,104,2
5133,1185,2026-07-07,Reports,52,3
5134,1185,2025-08-18,Reports,41,5
5135,1186,2024-07-25,Reports,94,1
5136,1186,2024-11-12,Reports,113,4
5137,1186,2026-04-01,Mobile App,72,1
5138,1187,2026-02-01,Export Data,81,4
5139,1187,2026-04-24,Dashboard,52,2
5140,1187,2026-02-14,Dashboard,13,5
5141,1187,2026-04-01,Reports,56,1
5142,1188,2023-08-08,Export Data,114,1
5143,1188,2026-04-04,Mobile App,81,4
5144,1188,2025-10-28,Export Data,45,3
5145,1188,2025-01-24,Team Collaboration,64,4
5146,1188,2024-04-05,Export Data,25,5
5147,1188,2026-06-28,Dashboard,96,3
5148,1188,2026-08-07,Mobile App,91,5
5149,1188,2026-07-28,API Access,14,2
5150,1189,2025-02-16,Dashboard,49,4
5151,1189,2022-02-26,Export Data,81,2
5152,1189,2024-10-27,Dashboard,37,1
5153,1189,2024-10-14,Export Data,5,5
5154,1190,2026-05-19,Reports,59,5
5155,1190,2023-10-19,API Access,81,1
5156,1191,2025-05-12,Mobile App,75,1
5157,1192,2025-03-13,API Access,27,4
5158,1192,2026-04-25,Integrations,31,5
5159,1192,2026-08-26,Export Data,64,3
5160,1193,2021-10-25,Mobile App,81,4
5161,1193,2024-07-13,Export Data,24,3
5162,1193,2022-05-20,Dashboard,71,1
5163,1193,2024-05-19,Reports,52,5
5164,1193,2025-05-26,Notifications,28,3
5165,1193,2025-08-03,API Access,88,4
5166,1193,2023-10-27,API Access,103,2
5167,1194,2022-03-17,Export Data,56,2
5168,1194,2021-09-19,Export Data,37,5
5169,1195,2023-10-08,Reports,68,5
5170,1195,2025-02-11,Dashboard,111,2
5171,1195,2024-10-18,Team Collaboration,108,3
5172,1195,2023-07-12,API Access,55,1
5173,1195,2022-10-26,Reports,54,1
5174,1195,2024-12-29,Mobile App,113,2
5175,1196,2023-07-10,Export Data,24,3
5176,1197,2023-10-30,Mobile App,39,2
5177,1197,2023-08-15,Notifications,114,5
5178,1197,2023-10-18,Mobile App,110,2
5179,1199,2025-01-26,Integrations,2,1
5180,1199,2026-04-23,Mobile App,51,4
5181,1199,2024-10-28,Mobile App,19,3
5182,1199,2024-11-14,Notifications,21,2
5183,1199,2026-07-16,Dashboard,93,4
5184,1199,2025-10-21,Mobile App,74,4
5185,1199,2024-11-18,Reports,71,1
5186,1199,2025-12-14,Reports,91,1
5187,1200,2023-08-12,Team Collaboration,3,1
5188,1200,2023-11-09,Export Data,102,3
5189,1200,2025-08-31,Reports,2,3
5190,1200,2021-02-11,Dashboard,15,2
5191,1200,2023-07-27,Team Collaboration,103,4
5192,1200,2025-01-15,Notifications,71,5
5193,1200,2024-12-02,Dashboard,77,3
5194,1200,2025-06-18,API Access,74,3
5195,1200,2021-12-11,Mobile App,14,4
5196,1201,2022-09-08,Reports,78,2
5197,1201,2024-08-08,Reports,32,3
5198,1201,2022-02-24,Integrations,52,1
5199,1201,2023-10-03,Export Data,38,1
5200,1201,2021-10-06,Integrations,10,5
5201,1201,2022-09-28,Reports,95,5
5202,1201,2024-04-14,Mobile App,92,3
5203,1201,2023-01-20,Mobile App,20,3
5204,1201,2022-09-07,Team Collaboration,49,3
5205,1201,2025-06-15,Team Collaboration,88,4
5206,1202,2021-12-26,Dashboard,24,1
5207,1202,2021-12-25,Team Collaboration,46,4
5208,1203,2025-09-24,API Access,77,1
5209,1203,2026-06-26,Export Data,72,2
5210,1203,2025-07-01,Dashboard,66,2
5211,1203,2026-05-28,Integrations,1,4
5212,1204,2022-07-10,API Access,99,5
5213,1204,2025-05-08,Reports,109,4
5214,1204,2026-08-09,Integrations,75,5
5215,1204,2025-03-20,Notifications,37,2
5216,1206,2026-04-30,Reports,81,2
5217,1206,2026-01-31,Reports,109,3
5218,1207,2025-12-01,Reports,98,2
5219,1207,2026-01-06,Team Collaboration,34,3
5220,1207,2025-05-22,Team Collaboration,107,1
5221,1207,2026-06-08,Export Data,78,5
5222,1208,2026-03-06,Reports,41,5
5223,1208,2026-06-11,Dashboard,119,3
5224,1208,2025-08-08,Team Collaboration,102,4
5225,1208,2024-05-05,API Access,43,2
5226,1209,2022-10-22,Export Data,94,4
5227,1209,2025-12-05,API Access,59,2
5228,1210,2026-02-07,Mobile App,69,4
5229,1210,2023-09-15,Dashboard,41,5
5230,1210,2025-02-02,Reports,2,3
5231,1210,2022-10-12,Reports,79,2
5232,1210,2023-06-21,Export Data,103,2
5233,1210,2023-10-02,Reports,66,4
5234,1210,2022-10-23,Mobile App,33,1
5235,1211,2026-01-28,Mobile App,119,2
5236,1211,2025-10-03,Notifications,58,3
5237,1211,2026-07-21,Dashboard,6,2
5238,1211,2025-11-06,Mobile App,93,1
5239,1211,2025-08-21,Mobile App,108,5
5240,1211,2026-01-31,Dashboard,33,3
5241,1211,2026-02-07,Notifications,9,4
5242,1211,2025-10-26,Integrations,57,1
5243,1212,2025-06-19,Export Data,43,1
5244,1212,2025-12-19,Dashboard,7,1
5245,1212,2024-10-25,Integrations,20,2
5246,1213,2024-04-04,Export Data,115,2
5247,1213,2024-04-27,Dashboard,45,1
5248,1213,2024-03-21,Notifications,32,3
5249,1213,2024-11-28,Notifications,115,2
5250,1213,2026-06-17,API Access,30,1
5251,1213,2025-04-09,Dashboard,72,1
5252,1213,2025-12-30,Export Data,106,3
5253,1214,2023-10-28,Team Collaboration,79,2
5254,1215,2026-05-13,Notifications,29,4
5255,1215,2026-08-28,API Access,106,2
5256,1215,2024-12-21,Reports,24,5
5257,1215,2025-11-08,Dashboard,16,5
5258,1215,2025-06-12,Team Collaboration,92,1
5259,1215,2024-10-15,Team Collaboration,64,3
5260,1216,2025-10-26,Export Data,64,3
5261,1216,2025-02-11,Integrations,12,2
5262,1217,2026-04-15,Export Data,18,2
5263,1218,2023-11-14,API Access,107,2
5264,1218,2024-10-17,Integrations,119,3
5265,1219,2026-07-15,Integrations,2,1
5266,1220,2024-02-11,API Access,58,1
5267,1220,2023-12-13,Notifications,93,4
5268,1220,2025-11-14,Integrations,27,5
5269,1220,2024-01-23,API Access,76,3
5270,1220,2024-12-03,Dashboard,101,3
5271,1220,2025-08-03,Mobile App,117,5
5272,1221,2023-06-21,Export Data,5,3
5273,1222,2026-04-24,Notifications,38,2
5274,1222,2026-07-06,Mobile App,49,4
5275,1222,2026-07-25,Mobile App,51,2
5276,1222,2026-06-20,Integrations,90,5
5277,1222,2026-07-09,Integrations,98,1
5278,1223,2026-08-22,API Access,65,4
5279,1223,2023-05-25,Team Collaboration,102,3
5280,1223,2025-08-28,Dashboard,8,4
5281,1223,2023-08-21,Export Data,120,5
5282,1223,2026-08-19,API Access,65,4
5283,1223,2025-02-09,Team Collaboration,53,2
5284,1223,2023-01-27,Team Collaboration,46,5
5285,1224,2024-10-04,Integrations,83,2
5286,1224,2024-09-12,Reports,27,1
5287,1224,2024-11-24,Reports,114,4
5288,1225,2025-04-05,Notifications,45,4
5289,1225,2025-05-31,Team Collaboration,6,2
5290,1225,2026-01-04,Reports,101,4
5291,1225,2025-07-13,Export Data,103,1
5292,1225,2024-08-13,Export Data,31,3
5293,1225,2024-11-12,Integrations,46,3
5294,1226,2024-08-17,Dashboard,35,4
5295,1226,2024-10-09,Reports,20,2
5296,1226,2025-12-23,Mobile App,39,3
5297,1226,2024-07-04,Mobile App,11,4
5298,1226,2026-01-08,Reports,91,2
5299,1226,2024-05-07,Team Collaboration,43,1
5300,1226,2024-09-26,Integrations,15,1
5301,1226,2025-09-03,API Access,85,2
5302,1226,2026-06-04,Team Collaboration,7,3
5303,1226,2024-02-29,Export Data,104,2
5304,1227,2026-07-12,Reports,31,4
5305,1227,2026-07-21,Notifications,59,5
5306,1227,2026-07-08,Mobile App,32,4
5307,1227,2026-08-28,Notifications,35,4
5308,1227,2026-07-20,Reports,118,2
5309,1227,2026-05-29,Export Data,102,5
5310,1227,2026-09-04,Export Data,2,2
5311,1227,2026-08-06,Team Collaboration,27,5
5312,1227,2026-09-03,Export Data,104,2
5313,1228,2026-03-24,Export Data,79,5
5314,1228,2026-08-30,API Access,89,5
5315,1229,2025-09-03,Notifications,6,5
5316,1229,2024-04-07,Mobile App,73,5
5317,1229,2025-12-19,Dashboard,102,4
5318,1229,2024-09-14,Team Collaboration,43,5
5319,1229,2024-11-08,Reports,80,4
5320,1229,2025-05-14,Reports,71,2
5321,1229,2024-10-31,Dashboard,111,4
5322,1229,2023-10-08,Notifications,71,1
5323,1230,2025-12-18,Reports,84,5
5324,1230,2025-10-29,Mobile App,87,2
5325,1230,2026-04-17,Dashboard,104,4
5326,1230,2025-11-04,Team Collaboration,19,5
5327,1230,2024-12-13,Team Collaboration,12,1
5328,1230,2025-02-17,Notifications,52,1
5329,1230,2025-10-20,Reports,89,2
5330,1230,2026-03-08,Dashboard,78,2
5331,1231,2024-03-23,Reports,7,5
5332,1232,2026-08-26,Integrations,22,3
5333,1232,2025-06-13,Reports,117,2
5334,1232,2022-10-25,Notifications,98,5
5335,1232,2025-07-23,Mobile App,101,5
5336,1232,2025-12-18,Export Data,31,2
5337,1232,2022-08-03,Dashboard,81,5
5338,1233,2026-06-04,Reports,62,1
5339,1233,2026-09-09,Team Collaboration,107,4
5340,1233,2026-06-09,Integrations,38,4
5341,1233,2025-12-07,Integrations,18,5
5342,1233,2026-01-26,Mobile App,87,5
5343,1233,2026-05-26,API Access,106,5
5344,1234,2024-12-23,API Access,120,2
5345,1235,2025-11-25,Team Collaboration,20,3
5346,1235,2025-11-09,Export Data,51,2
5347,1235,2023-02-07,API Access,27,4
5348,1235,2026-05-18,Integrations,87,2
5349,1235,2024-08-22,Export Data,119,2
5350,1235,2023-03-20,Dashboard,103,2
5351,1235,2024-08-10,Integrations,91,4
5352,1235,2023-03-10,Integrations,54,3
5353,1235,2025-11-21,Team Collaboration,62,2
5354,1236,2026-06-02,Dashboard,116,1
5355,1237,2022-12-18,Integrations,17,1
5356,1237,2025-07-06,Integrations,9,5
5357,1237,2022-10-26,Dashboard,84,4
5358,1237,2025-04-12,Team Collaboration,38,4
5359,1237,2022-07-31,Dashboard,30,5
5360,1237,2026-01-30,Notifications,47,2
5361,1237,2023-06-20,Dashboard,116,4
5362,1237,2024-01-06,Export Data,28,3
5363,1238,2021-10-10,API Access,61,5
5364,1239,2024-05-30,Dashboard,52,2
5365,1239,2023-09-07,Export Data,63,3
5366,1240,2025-10-07,API Access,110,4
5367,1240,2026-03-29,API Access,106,5
5368,1240,2023-12-14,API Access,104,4
5369,1240,2024-10-10,Export Data,71,3
5370,1241,2022-11-06,Export Data,61,2
5371,1241,2023-10-25,Reports,119,1
5372,1241,2025-02-14,API Access,41,4
5373,1242,2025-02-03,Dashboard,105,2
5374,1242,2025-05-08,Team Collaboration,72,1
5375,1243,2024-02-24,Team Collaboration,95,4
5376,1243,2023-09-20,API Access,98,2
5377,1244,2025-04-17,Mobile App,65,2
5378,1244,2025-12-12,API Access,28,5
5379,1244,2024-08-14,Notifications,95,1
5380,1244,2023-10-27,API Access,108,3
5381,1244,2024-10-23,Export Data,9,2
5382,1245,2025-05-08,Integrations,13,1
5383,1245,2026-05-20,Mobile App,19,1
5384,1245,2025-11-27,Reports,84,4
5385,1245,2025-03-19,Notifications,98,1
5386,1246,2023-02-07,API Access,59,5
5387,1246,2024-10-05,Notifications,52,5
5388,1246,2025-05-28,API Access,41,4
5389,1246,2026-02-26,Notifications,83,2
5390,1246,2022-04-15,Export Data,65,4
5391,1246,2023-04-21,Integrations,97,5
5392,1246,2024-08-20,Export Data,55,3
5393,1246,2026-07-12,Export Data,116,2
5394,1246,2025-10-08,Export Data,4,4
5395,1247,2023-04-30,API Access,91,5
5396,1248,2024-06-12,Integrations,41,4
5397,1248,2024-04-19,Notifications,97,5
5398,1248,2026-01-20,API Access,79,1
5399,1249,2025-08-31,Mobile App,100,1
5400,1250,2026-04-30,Export Data,23,2
5401,1250,2025-02-08,Dashboard,4,2
5402,1250,2026-08-23,Integrations,93,4
5403,1251,2025-04-17,Reports,29,2
5404,1251,2024-08-12,Reports,25,1
5405,1251,2026-08-21,Reports,111,2
5406,1251,2024-05-08,Export Data,62,2
5407,1251,2025-05-24,Notifications,77,3
5408,1251,2024-08-09,Notifications,14,5
5409,1253,2026-07-03,Reports,8,4
5410,1253,2026-08-16,Integrations,106,5
5411,1253,2026-06-17,Integrations,87,3
5412,1253,2026-07-18,Mobile App,31,2
5413,1253,2026-08-31,API Access,7,5
5414,1254,2023-02-18,API Access,119,5
5415,1254,2023-04-23,Mobile App,88,3
5416,1254,2023-08-31,API Access,99,5
5417,1254,2026-01-30,Team Collaboration,8,5
5418,1254,2024-07-24,Dashboard,120,3
5419,1254,2025-11-09,Integrations,1,1
5420,1255,2024-06-07,Dashboard,80,2
5421,1255,2023-07-26,Mobile App,106,5
5422,1255,2026-05-04,Reports,119,1
5423,1255,2022-09-25,Notifications,64,5
5424,1256,2024-11-08,API Access,25,5
5425,1256,2023-06-07,API Access,38,3
5426,1256,2026-02-02,API Access,62,4
5427,1256,2026-08-12,Dashboard,66,2
5428,1256,2025-11-08,Export Data,113,3
5429,1256,2024-05-12,API Access,78,5
5430,1256,2025-02-19,Team Collaboration,55,1
5431,1256,2024-11-11,Team Collaboration,18,1
5432,1256,2025-05-11,Reports,97,2
5433,1257,2026-08-11,Dashboard,79,4
5434,1258,2024-04-15,API Access,23,2
5435,1258,2024-01-25,Notifications,35,1
5436,1259,2026-08-26,Dashboard,98,1
5437,1259,2026-07-03,Dashboard,89,1
5438,1259,2026-09-12,Reports,16,3
5439,1259,2026-08-30,API Access,119,2
5440,1259,2026-08-05,Integrations,15,2
5441,1259,2026-08-25,Team Collaboration,21,4
5442,1259,2026-09-07,Dashboard,49,4
5443,1259,2026-08-17,Reports,35,5
5444,1260,2024-06-04,Dashboard,63,3
5445,1261,2025-04-30,Integrations,87,1
5446,1261,2024-08-22,Team Collaboration,118,1
5447,1262,2026-03-19,Mobile App,72,3
5448,1262,2024-11-15,Integrations,105,4
5449,1262,2023-05-08,Team Collaboration,41,1
5450,1262,2025-03-22,Integrations,28,1
5451,1262,2022-11-04,Notifications,35,5
5452,1262,2023-10-31,Reports,41,3
5453,1262,2024-12-03,API Access,39,2
5454,1262,2025-01-10,Mobile App,108,3
5455,1263,2025-06-03,Integrations,99,4
5456,1263,2023-02-22,Reports,56,1
5457,1263,2022-08-30,Reports,103,1
5458,1263,2023-01-08,Mobile App,117,5
5459,1263,2026-04-21,Export Data,111,3
5460,1263,2025-06-04,Team Collaboration,45,5
5461,1263,2026-01-06,Reports,71,3
5462,1263,2026-03-03,API Access,70,3
5463,1263,2021-11-26,Mobile App,10,5
5464,1263,2023-05-19,API Access,51,2
5465,1264,2023-09-08,Team Collaboration,109,2
5466,1265,2026-02-28,Integrations,10,4
5467,1265,2025-09-05,Notifications,8,1
5468,1265,2026-05-11,Team Collaboration,13,3
5469,1265,2026-07-14,Reports,43,2
5470,1265,2025-11-11,Notifications,117,1
5471,1265,2026-03-05,Dashboard,107,5
5472,1265,2026-05-27,Mobile App,6,3
5473,1265,2026-03-16,Export Data,76,1
5474,1265,2025-10-08,Notifications,1,2
5475,1266,2024-09-16,API Access,90,1
5476,1266,2025-07-28,Dashboard,64,3
5477,1266,2026-06-27,Dashboard,45,1
5478,1266,2025-04-22,Export Data,86,2
5479,1266,2025-04-13,Export Data,41,3
5480,1269,2025-08-29,Reports,99,3
5481,1269,2023-02-12,Dashboard,43,4
5482,1269,2024-09-17,Team Collaboration,99,3
5483,1269,2023-09-25,Integrations,3,2
5484,1269,2025-08-12,Mobile App,95,2
5485,1270,2025-06-05,Integrations,65,2
5486,1270,2024-03-21,Integrations,1,3
5487,1270,2024-12-05,Reports,79,1
5488,1271,2026-02-11,Team Collaboration,116,5
5489,1271,2026-08-19,API Access,3,1
5490,1271,2026-06-06,Dashboard,55,2
5491,1271,2026-04-11,Team Collaboration,117,2
5492,1272,2023-08-18,Mobile App,115,2
5493,1272,2023-09-19,Reports,67,3
5494,1273,2022-05-01,Team Collaboration,50,2
5495,1273,2022-04-17,Team Collaboration,103,3
5496,1273,2022-04-12,Mobile App,68,4
5497,1273,2022-03-30,Export Data,109,3
5498,1274,2026-07-12,Mobile App,55,2
5499,1274,2025-09-24,Team Collaboration,55,4
5500,1275,2025-03-21,Integrations,91,1
5501,1276,2021-07-19,Mobile App,116,2
5502,1276,2022-04-04,Reports,27,5
5503,1276,2022-06-10,API Access,43,3
5504,1276,2024-11-03,Dashboard,56,1
5505,1276,2026-08-09,Integrations,39,1
5506,1276,2026-04-13,Team Collaboration,48,3
5507,1276,2026-06-10,Team Collaboration,74,5
5508,1276,2023-11-11,Reports,12,5
5509,1276,2023-03-02,Team Collaboration,59,1
5510,1276,2021-09-18,API Access,109,5
5511,1277,2025-03-26,Integrations,73,5
5512,1277,2024-02-11,API Access,24,5
5513,1277,2025-02-17,API Access,9,4
5514,1277,2026-08-24,API Access,106,2
5515,1277,2023-08-18,Integrations,112,2
5516,1277,2023-08-21,Notifications,52,5
5517,1277,2024-07-05,Notifications,50,4
5518,1277,2022-11-16,Export Data,19,1
5519,1277,2024-01-17,Mobile App,20,2
5520,1278,2022-06-17,API Access,88,4
5521,1278,2023-03-18,Mobile App,51,2
5522,1278,2025-09-01,Mobile App,104,1
5523,1278,2022-01-09,Dashboard,17,1
5524,1278,2023-06-23,Reports,94,1
5525,1278,2022-11-15,Notifications,100,1
5526,1278,2023-11-09,Dashboard,24,2
5527,1278,2026-08-21,Notifications,78,3
5528,1279,2026-01-01,Integrations,55,3
5529,1279,2025-12-27,Export Data,100,4
5530,1279,2026-05-22,API Access,45,5
5531,1279,2026-08-20,Notifications,68,1
5532,1280,2026-06-12,API Access,64,4
5533,1280,2026-01-09,Mobile App,14,1
5534,1280,2026-05-15,Dashboard,41,4
5535,1280,2025-12-31,Notifications,41,3
5536,1281,2025-11-30,Mobile App,102,2
5537,1282,2022-03-29,Reports,20,1
5538,1282,2022-05-24,Reports,40,2
5539,1283,2026-05-29,Mobile App,30,2
5540,1283,2026-06-23,Team Collaboration,42,1
5541,1283,2026-07-06,API Access,50,3
5542,1284,2025-11-19,Dashboard,75,3
5543,1284,2025-10-03,Reports,34,2
5544,1284,2025-08-26,Team Collaboration,65,1
5545,1284,2025-09-03,Notifications,15,2
5546,1285,2026-07-02,Notifications,43,1
5547,1285,2023-01-28,Integrations,31,1
5548,1285,2023-05-30,Export Data,102,4
5549,1285,2023-12-26,Notifications,104,2
5550,1285,2023-12-15,Notifications,95,2
5551,1285,2025-03-02,Mobile App,10,4
5552,1286,2021-05-10,Reports,76,5
5553,1286,2022-08-23,Dashboard,118,1
5554,1286,2024-02-05,Notifications,59,1
5555,1286,2022-04-03,Integrations,38,4
5556,1286,2021-07-26,Dashboard,24,4
5557,1286,2023-08-18,Reports,33,2
5558,1286,2021-03-26,Export Data,101,2
5559,1286,2022-10-21,Team Collaboration,25,1
5560,1287,2025-02-08,Notifications,34,1
5561,1287,2025-08-18,Mobile App,24,1
5562,1287,2025-09-15,Export Data,54,3
5563,1288,2023-08-03,Export Data,21,1
5564,1288,2024-10-16,Reports,108,4
5565,1288,2025-02-14,Export Data,100,4
5566,1288,2025-08-23,Dashboard,41,4
5567,1288,2025-04-09,Notifications,47,4
5568,1288,2026-04-08,Team Collaboration,70,2
5569,1288,2025-05-11,Team Collaboration,1,3
5570,1288,2025-09-09,Team Collaboration,78,1
5571,1288,2024-05-06,API Access,117,2
5572,1288,2025-12-22,Dashboard,109,2
5573,1289,2024-05-05,Notifications,81,5
5574,1289,2023-12-27,Mobile App,43,2
5575,1289,2023-12-14,Mobile App,52,4
5576,1289,2024-03-29,Dashboard,76,5
5577,1290,2025-11-22,Reports,88,2
5578,1290,2025-06-24,Reports,13,2
5579,1290,2026-02-13,API Access,14,1
5580,1290,2026-03-15,Team Collaboration,31,1
5581,1291,2023-09-05,Mobile App,72,4
5582,1291,2025-06-29,Notifications,99,1
5583,1291,2023-08-07,Integrations,2,4
5584,1291,2026-02-12,Team Collaboration,91,3
5585,1291,2023-11-26,Mobile App,112,1
5586,1291,2024-10-02,Mobile App,58,1
5587,1291,2025-02-10,Notifications,73,4
5588,1291,2026-05-31,Dashboard,107,5
5589,1292,2026-07-25,Team Collaboration,39,5
5590,1292,2026-09-14,Integrations,96,4
5591,1293,2026-09-15,Mobile App,87,1
5592,1293,2026-08-16,Notifications,41,5
5593,1293,2026-08-14,Mobile App,78,1
5594,1293,2026-08-02,Dashboard,40,4
5595,1293,2026-08-10,Integrations,54,5
5596,1293,2026-07-24,API Access,32,4
5597,1293,2026-07-16,API Access,99,4
5598,1293,2026-08-26,Export Data,86,1
5599,1293,2026-06-17,Dashboard,77,1
5600,1293,2026-08-04,Reports,101,4
5601,1294,2025-01-12,Reports,45,1
5602,1294,2024-11-23,Integrations,42,4
5603,1294,2025-01-26,Team Collaboration,108,5
5604,1295,2023-10-21,Export Data,99,5
5605,1295,2025-04-28,Reports,104,4
5606,1295,2024-08-05,API Access,91,2
5607,1296,2023-02-17,Notifications,86,4
5608,1296,2023-03-15,Reports,104,4
5609,1296,2022-11-28,Export Data,60,5
5610,1297,2026-07-16,Team Collaboration,116,5
5611,1297,2025-07-08,Mobile App,41,1
5612,1297,2025-09-12,Export Data,21,5
5613,1298,2022-10-24,Export Data,39,5
5614,1298,2022-02-26,Export Data,111,3
5615,1299,2023-12-14,Notifications,12,1
5616,1299,2023-02-12,Notifications,42,1
5617,1299,2023-12-22,Reports,111,2
5618,1299,2024-12-02,Dashboard,117,4
5619,1299,2025-09-20,Integrations,14,1
5620,1299,2025-01-20,Notifications,101,1
5621,1299,2022-08-13,Reports,91,2
5622,1299,2023-02-11,API Access,73,3
5623,1299,2022-08-06,Integrations,44,4
5624,1300,2025-12-30,Notifications,2,2
5625,1301,2023-08-12,Notifications,23,3
5626,1302,2023-01-18,API Access,83,1
5627,1302,2025-10-18,Team Collaboration,7,4
5628,1303,2025-01-16,Dashboard,52,1
5629,1303,2024-11-06,Dashboard,38,1
5630,1303,2024-05-06,Reports,48,5
5631,1304,2023-06-09,Reports,45,1
5632,1304,2024-11-10,API Access,112,3
5633,1305,2025-06-20,Mobile App,47,4
5634,1305,2023-01-04,Team Collaboration,81,3
5635,1305,2021-12-26,Reports,29,4
5636,1305,2026-02-07,Mobile App,111,2
5637,1305,2023-08-12,Notifications,119,5
5638,1305,2021-03-19,Export Data,20,1
5639,1305,2022-05-14,Integrations,75,1
5640,1305,2023-02-22,Reports,16,4
5641,1305,2024-08-14,Dashboard,117,2
5642,1306,2024-06-12,Dashboard,94,1
5643,1306,2024-05-26,Dashboard,16,2
5644,1307,2025-07-04,Mobile App,116,3
5645,1307,2023-12-09,Dashboard,55,4
5646,1307,2024-11-03,Notifications,40,2
5647,1307,2024-01-15,Integrations,4,1
5648,1307,2026-03-08,Mobile App,100,4
5649,1307,2024-10-30,Mobile App,45,2
5650,1307,2023-10-09,API Access,53,2
5651,1307,2026-01-20,Export Data,115,1
5652,1307,2025-12-22,Notifications,50,4
5653,1308,2025-03-13,Dashboard,36,4
5654,1309,2023-10-06,Reports,58,2
5655,1309,2024-02-15,Export Data,113,4
5656,1309,2023-07-04,Export Data,46,3
5657,1310,2026-03-11,Reports,21,5
5658,1310,2025-01-29,Reports,12,4
5659,1310,2026-06-10,Team Collaboration,34,1
5660,1310,2025-10-21,Mobile App,59,4
5661,1310,2024-12-31,Notifications,108,4
5662,1310,2025-03-06,API Access,79,5
5663,1310,2024-12-31,Integrations,114,4
5664,1310,2026-04-10,Export Data,34,4
5665,1310,2026-08-26,Dashboard,55,2
5666,1310,2026-06-17,Mobile App,43,5
5667,1311,2025-08-01,Team Collaboration,64,4
5668,1311,2025-02-12,Notifications,4,3
5669,1311,2026-05-25,Mobile App,9,2
5670,1312,2026-03-24,Reports,70,5
5671,1312,2022-06-20,Notifications,24,3
5672,1312,2026-01-17,Mobile App,12,3
5673,1312,2024-04-19,API Access,56,3
5674,1313,2026-07-25,Export Data,61,3
5675,1313,2025-01-14,Reports,43,4
5676,1313,2025-02-18,Reports,17,4
5677,1313,2026-01-26,Team Collaboration,25,4
5678,1314,2023-06-08,API Access,17,1
5679,1314,2023-04-02,Export Data,75,2
5680,1314,2023-07-06,Export Data,96,1
5681,1315,2021-06-23,Notifications,14,4
5682,1315,2021-01-28,Notifications,66,5
5683,1315,2021-02-21,Dashboard,106,2
5684,1316,2022-06-05,Reports,1,2
5685,1316,2022-04-03,Integrations,116,2
5686,1316,2022-07-18,Notifications,41,5
5687,1316,2022-04-29,Team Collaboration,10,5
5688,1317,2026-02-18,Reports,13,3
5689,1317,2025-08-07,API Access,113,3
5690,1317,2025-09-25,Dashboard,13,1
5691,1317,2026-05-08,Team Collaboration,34,5
5692,1317,2026-04-19,Export Data,77,2
5693,1317,2025-08-05,Reports,21,2
5694,1317,2024-11-20,Team Collaboration,97,5
5695,1318,2024-01-18,Integrations,72,2
5696,1318,2025-06-15,Integrations,48,3
5697,1318,2024-05-10,Integrations,1,1
5698,1319,2026-06-24,Export Data,44,3
5699,1319,2026-07-20,Notifications,101,5
5700,1320,2024-11-06,Reports,17,3
5701,1320,2025-09-29,Team Collaboration,30,4
5702,1320,2024-04-18,API Access,7,1
5703,1320,2025-08-18,Team Collaboration,35,3
5704,1321,2022-11-25,Team Collaboration,34,4
5705,1321,2021-10-03,Integrations,80,2
5706,1321,2022-06-21,Team Collaboration,53,4
5707,1321,2023-12-19,Mobile App,3,3
5708,1322,2026-07-08,API Access,51,5
5709,1322,2026-03-17,Team Collaboration,70,5
5710,1322,2023-12-22,API Access,61,2
5711,1322,2025-07-02,Export Data,71,1
5712,1322,2023-09-25,Export Data,58,3
5713,1322,2024-10-04,Mobile App,12,2
5714,1322,2022-02-12,API Access,24,2
5715,1322,2022-08-12,Export Data,93,2
5716,1322,2025-03-16,Integrations,30,3
5717,1323,2024-08-08,API Access,119,4
5718,1324,2026-09-06,Mobile App,15,3
5719,1324,2025-01-14,Integrations,84,3
5720,1324,2024-11-27,Mobile App,2,2
5721,1324,2023-09-27,Integrations,62,3
5722,1324,2026-01-02,Reports,18,3
5723,1324,2025-06-13,Reports,4,2
5724,1325,2026-03-01,Integrations,36,1
5725,1325,2026-04-01,Dashboard,77,1
5726,1326,2025-01-31,Integrations,91,2
5727,1328,2024-11-22,Export Data,77,1
5728,1328,2026-06-27,Integrations,32,4
5729,1328,2024-08-02,Dashboard,106,4
5730,1328,2025-03-05,Team Collaboration,106,1
5731,1328,2025-01-26,Integrations,117,4
5732,1328,2024-12-01,Export Data,53,5
5733,1328,2024-09-09,Mobile App,2,1
5734,1328,2024-03-16,Export Data,48,5
5735,1328,2026-01-18,Export Data,57,4
5736,1328,2026-07-04,Reports,50,2
5737,1329,2026-08-23,Dashboard,117,4
5738,1329,2026-09-12,Export Data,95,4
5739,1329,2026-08-23,Integrations,48,4
5740,1330,2025-01-24,Integrations,41,3
5741,1330,2023-10-18,Team Collaboration,7,2
5742,1330,2024-04-13,Integrations,104,1
5743,1330,2024-02-05,Export Data,5,5
5744,1330,2026-02-14,Reports,72,2
5745,1330,2024-05-30,Reports,8,5
5746,1330,2025-08-10,Reports,32,5
5747,1330,2026-06-06,Integrations,93,4
5748,1330,2025-12-24,Notifications,20,4
5749,1333,2026-07-19,Mobile App,100,4
5750,1333,2026-08-16,API Access,6,3
5751,1333,2026-08-17,Dashboard,100,2
5752,1333,2026-07-12,Notifications,73,4
5753,1334,2021-07-21,Notifications,65,1
5754,1335,2025-12-27,Notifications,52,2
5755,1335,2025-12-25,Notifications,69,3
5756,1336,2026-08-20,Dashboard,63,1
5757,1336,2026-09-13,Mobile App,21,5
5758,1336,2026-08-09,Integrations,2,2
5759,1336,2026-08-17,Export Data,64,4
5760,1336,2026-07-22,Team Collaboration,78,1
5761,1336,2026-07-18,Dashboard,8,1
5762,1336,2026-09-12,Team Collaboration,111,3
5763,1336,2026-07-05,Notifications,108,5
5764,1336,2026-07-17,Mobile App,22,1
5765,1337,2025-07-14,Integrations,35,5
5766,1337,2026-05-08,Dashboard,58,3
5767,1337,2025-09-02,Team Collaboration,100,5
5768,1337,2026-08-09,Dashboard,5,1
5769,1338,2023-05-03,Integrations,113,5
5770,1338,2026-04-14,API Access,39,1
5771,1338,2025-07-29,Team Collaboration,1,3
5772,1338,2023-03-10,Export Data,112,1
5773,1339,2021-10-03,Mobile App,34,2
5774,1339,2021-10-03,Export Data,20,5
5775,1340,2023-11-02,Notifications,91,2
5776,1340,2023-01-08,API Access,12,5
5777,1340,2023-03-20,Export Data,19,2
5778,1341,2026-06-06,Team Collaboration,17,4
5779,1341,2026-08-25,Export Data,33,2
5780,1341,2026-04-01,Notifications,35,1
5781,1342,2023-02-13,Reports,5,5
5782,1342,2022-02-03,Mobile App,41,3
5783,1342,2023-05-13,Export Data,87,4
5784,1342,2026-04-16,Integrations,33,1
5785,1342,2022-01-21,Integrations,3,5
5786,1343,2024-05-18,API Access,2,2
5787,1343,2023-01-16,Reports,107,5
5788,1343,2024-04-07,Notifications,41,5
5789,1343,2023-12-22,Export Data,84,4
5790,1343,2023-03-03,Export Data,31,2
5791,1343,2026-01-02,Mobile App,30,3
5792,1343,2022-05-04,Dashboard,90,3
5793,1343,2024-04-27,Notifications,22,1
5794,1343,2022-11-25,Notifications,118,3
5795,1344,2025-03-29,Reports,116,3
5796,1344,2024-03-31,API Access,78,5
5797,1345,2025-01-11,Reports,105,2
5798,1346,2024-12-06,Mobile App,83,2
5799,1346,2026-09-01,Dashboard,53,2
5800,1349,2026-08-27,Integrations,40,4
5801,1349,2023-09-01,Notifications,120,5
5802,1349,2026-03-27,Export Data,63,4
5803,1349,2024-04-14,Notifications,114,3
5804,1349,2025-07-11,Reports,118,5
5805,1350,2023-12-18,Export Data,23,1
5806,1350,2024-02-16,Dashboard,47,3
5807,1350,2024-02-08,Dashboard,86,5
5808,1350,2023-09-21,Team Collaboration,96,3
5809,1350,2024-10-22,Integrations,8,3
5810,1350,2023-09-07,Notifications,100,2
5811,1350,2025-07-21,API Access,68,5
5812,1350,2025-08-05,Notifications,88,4
5813,1350,2026-08-23,Dashboard,19,2
5814,1351,2024-03-21,Integrations,25,3
5815,1351,2023-10-05,Notifications,2,5
5816,1351,2024-11-03,Reports,120,2
5817,1351,2024-07-18,Export Data,29,1
5818,1351,2025-04-20,Integrations,48,4
5819,1351,2024-07-12,API Access,120,1
5820,1351,2026-04-16,Team Collaboration,7,3
5821,1351,2024-06-29,API Access,41,3
5822,1351,2023-10-08,Reports,63,2
5823,1351,2024-06-10,API Access,77,1
5824,1352,2025-09-05,API Access,79,3
5825,1352,2024-08-13,Integrations,51,2
5826,1352,2024-02-18,API Access,73,4
5827,1352,2026-05-24,Reports,48,5
5828,1352,2026-04-03,Reports,20,3
5829,1352,2023-07-20,Reports,41,5
5830,1352,2024-02-02,Reports,107,2
5831,1352,2024-04-09,Dashboard,85,4
5832,1352,2024-10-21,Export Data,112,4
5833,1353,2026-09-15,Mobile App,20,5
5834,1353,2026-08-04,Integrations,81,1
5835,1353,2026-09-15,API Access,42,2
5836,1353,2026-07-19,Notifications,46,2
5837,1354,2026-09-10,Notifications,76,5
5838,1354,2026-09-15,Team Collaboration,9,5
5839,1354,2026-09-06,Export Data,25,4
5840,1354,2026-08-30,Dashboard,91,2
5841,1355,2025-06-30,Mobile App,30,5
5842,1356,2021-09-25,Integrations,120,5
5843,1356,2023-04-21,API Access,21,4
5844,1356,2024-06-06,Team Collaboration,32,4
5845,1356,2022-02-03,Notifications,100,3
5846,1356,2022-10-13,Integrations,67,3
5847,1356,2022-09-15,Team Collaboration,73,3
5848,1357,2022-09-28,API Access,97,3
5849,1357,2021-09-15,Dashboard,78,1
5850,1358,2026-05-23,Integrations,3,3
5851,1358,2025-03-14,Dashboard,69,5
5852,1358,2025-07-06,Reports,48,5
5853,1358,2024-01-31,Export Data,43,1
5854,1358,2023-05-07,Reports,90,4
5855,1358,2025-05-26,Team Collaboration,54,2
5856,1358,2025-05-16,Dashboard,114,2
5857,1358,2022-03-19,API Access,110,5
5858,1358,2023-07-14,Reports,94,1
5859,1359,2024-02-10,Integrations,28,4
5860,1360,2024-08-18,Mobile App,72,5
5861,1360,2024-07-07,Reports,42,1
5862,1360,2024-07-09,Reports,107,5
5863,1360,2026-01-08,Integrations,73,3
5864,1360,2026-06-17,Mobile App,1,2
5865,1360,2025-01-26,Mobile App,103,5
5866,1360,2024-05-11,Export Data,36,1
5867,1360,2024-05-06,API Access,32,4
5868,1360,2024-02-09,Notifications,2,3
5869,1361,2023-04-01,Notifications,24,4
5870,1361,2023-02-20,Reports,107,4
5871,1361,2022-11-25,Dashboard,66,3
5872,1361,2023-05-24,API Access,56,2
5873,1362,2023-08-29,Team Collaboration,58,5
5874,1362,2023-04-25,Notifications,7,2
5875,1362,2024-09-03,Integrations,79,3
5876,1362,2025-08-07,Notifications,91,1
5877,1362,2024-12-18,Dashboard,24,1
5878,1362,2026-05-03,Notifications,70,4
5879,1362,2025-10-30,Dashboard,90,3
5880,1362,2023-04-22,API Access,77,1
5881,1363,2024-09-05,Integrations,86,2
5882,1363,2024-03-20,Dashboard,13,1
5883,1363,2023-04-28,Team Collaboration,62,2
5884,1363,2024-06-08,Dashboard,68,2
5885,1364,2026-07-23,Mobile App,101,4
5886,1364,2026-07-28,Notifications,40,3
5887,1364,2026-07-05,Dashboard,58,4
5888,1364,2026-07-23,Dashboard,91,3
5889,1366,2025-12-20,Integrations,21,5
5890,1366,2026-05-12,Reports,41,5
5891,1367,2026-02-07,Team Collaboration,97,5
5892,1367,2026-07-11,Mobile App,26,2
5893,1367,2026-05-05,API Access,7,4
5894,1367,2025-10-31,Team Collaboration,62,4
5895,1367,2026-01-25,Team Collaboration,35,5
5896,1367,2026-02-21,Notifications,32,3
5897,1367,2026-08-27,Export Data,104,4
5898,1367,2025-10-04,Team Collaboration,26,1
5899,1368,2025-12-04,Integrations,99,4
5900,1368,2026-05-31,Mobile App,57,4
5901,1368,2025-07-19,Export Data,113,2
5902,1369,2025-08-19,Team Collaboration,47,1
5903,1369,2026-03-12,Notifications,87,1
5904,1369,2026-01-28,Export Data,76,3
5905,1370,2024-09-07,API Access,43,3
5906,1370,2025-02-08,Integrations,37,1
5907,1370,2025-03-24,Notifications,106,3
5908,1371,2026-06-25,Export Data,84,2
5909,1371,2025-07-26,Dashboard,76,5
5910,1371,2026-09-15,Mobile App,37,5
5911,1371,2026-09-12,Team Collaboration,69,3
5912,1371,2025-12-25,Integrations,5,4
5913,1371,2025-09-15,Integrations,97,2
5914,1371,2025-06-24,Notifications,87,4
5915,1372,2026-04-10,Team Collaboration,86,3
5916,1373,2021-05-07,Team Collaboration,98,5
5917,1373,2021-12-24,Mobile App,44,5
5918,1374,2024-04-06,Reports,42,5
5919,1374,2024-05-26,Integrations,73,4
5920,1374,2024-10-21,Export Data,22,1
5921,1374,2024-07-02,Notifications,86,3
5922,1374,2026-09-11,Integrations,7,3
5923,1374,2026-08-13,Notifications,71,5
5924,1374,2024-05-28,Dashboard,75,2
5925,1374,2023-11-14,Notifications,109,1
5926,1374,2025-03-18,Export Data,97,2
5927,1375,2023-08-20,Team Collaboration,94,5
5928,1375,2024-11-21,Export Data,84,1
5929,1375,2026-08-02,Mobile App,109,2
5930,1375,2026-05-05,Notifications,100,1
5931,1376,2023-10-22,Reports,42,3
5932,1377,2025-06-13,Reports,100,2
5933,1377,2024-11-04,Dashboard,44,2
5934,1377,2026-01-31,Mobile App,37,1
5935,1377,2026-01-30,Integrations,108,2
5936,1377,2025-11-14,Integrations,66,3
5937,1377,2025-03-01,Integrations,98,4
5938,1378,2024-07-14,Export Data,97,5
5939,1379,2026-05-23,Reports,27,5
5940,1379,2023-04-19,Dashboard,88,5
5941,1379,2025-02-16,Integrations,24,5
5942,1379,2024-11-27,Reports,57,5
5943,1379,2023-03-23,Notifications,5,3
5944,1379,2026-08-24,Team Collaboration,39,5
5945,1379,2024-08-02,Reports,24,4
5946,1379,2023-07-20,Reports,36,5
5947,1379,2026-03-22,Export Data,59,5
5948,1380,2026-09-08,Export Data,97,1
5949,1381,2026-04-30,API Access,21,5
5950,1381,2026-04-12,API Access,55,5
5951,1381,2025-12-25,Reports,59,3
5952,1381,2026-04-25,Mobile App,118,1
5953,1382,2025-01-17,Reports,60,1
5954,1382,2023-11-15,Notifications,106,4
5955,1383,2026-05-03,Integrations,6,3
5956,1384,2026-04-21,Integrations,94,5
5957,1384,2024-04-06,Integrations,108,4
5958,1384,2025-09-02,Notifications,93,5
5959,1384,2026-05-22,API Access,98,5
5960,1384,2025-03-11,Export Data,21,2
5961,1384,2025-09-09,Integrations,4,2
5962,1386,2026-01-21,Team Collaboration,48,3
5963,1386,2026-04-30,Mobile App,5,3
5964,1386,2026-05-07,Integrations,94,1
5965,1386,2026-04-15,Team Collaboration,84,4
5966,1386,2026-03-21,Reports,57,1
5967,1386,2026-07-03,API Access,5,3
5968,1386,2026-04-15,Team Collaboration,15,3
5969,1386,2026-04-27,Notifications,10,5
5970,1387,2026-02-11,Dashboard,67,5
5971,1387,2025-09-15,Dashboard,14,2
5972,1387,2025-12-08,Team Collaboration,59,4
5973,1387,2025-09-18,Reports,99,4
5974,1387,2025-11-30,API Access,115,4
5975,1387,2026-06-21,Team Collaboration,10,1
5976,1387,2026-05-25,Export Data,45,1
5977,1387,2025-01-28,Dashboard,82,5
5978,1387,2026-06-28,API Access,45,1
5979,1388,2026-02-18,Reports,15,1
5980,1389,2025-11-04,Export Data,114,5
5981,1390,2026-08-13,API Access,104,1
5982,1391,2022-07-28,Team Collaboration,24,2
5983,1393,2024-11-13,Mobile App,43,4
5984,1394,2025-06-28,API Access,40,3
5985,1395,2023-03-24,API Access,10,3
5986,1395,2024-03-12,API Access,84,2
5987,1395,2023-08-03,Dashboard,34,2
5988,1395,2024-10-13,Integrations,17,1
5989,1395,2024-01-16,Notifications,78,5
5990,1396,2026-05-15,Export Data,6,1
5991,1397,2026-05-25,Export Data,90,4
5992,1397,2026-07-31,Export Data,21,3
5993,1397,2026-01-30,Mobile App,55,4
5994,1397,2025-08-15,Notifications,32,4
5995,1397,2025-08-05,Reports,22,1
5996,1397,2025-06-20,API Access,2,5
5997,1397,2026-06-17,Team Collaboration,110,5
5998,1397,2025-12-10,Export Data,56,2
5999,1397,2026-08-08,API Access,4,5
6000,1397,2026-04-04,Dashboard,48,4
6001,1398,2025-10-08,Team Collaboration,38,4
6002,1398,2026-02-10,Export Data,62,4
6003,1399,2025-12-31,Integrations,54,4
6004,1400,2025-04-08,API Access,76,3
6005,1400,2026-05-25,Integrations,31,5
6006,1400,2025-07-12,Notifications,18,2
6007,1400,2025-09-03,Integrations,118,3
6008,1400,2024-04-05,Mobile App,38,1
6009,1400,2025-11-27,Team Collaboration,34,1
6010,1400,2026-05-13,Mobile App,72,2
6011,1400,2026-04-09,Dashboard,108,5
6012,1400,2024-01-13,Reports,113,5
6013,1400,2026-02-17,Integrations,66,1
6014,1401,2023-02-20,Team Collaboration,91,4
6015,1402,2026-05-02,Export Data,100,3
6016,1402,2026-09-05,Export Data,79,4
6017,1403,2026-08-03,Dashboard,108,2
6018,1403,2026-09-03,API Access,51,5
6019,1403,2026-09-15,Export Data,53,1
6020,1405,2023-03-21,Mobile App,10,3
6021,1405,2023-08-28,Integrations,1,2
6022,1406,2023-12-16,Dashboard,4,4
6023,1406,2024-02-06,Team Collaboration,12,1
6024,1406,2025-04-11,Mobile App,66,2
6025,1406,2022-07-28,Mobile App,83,1
6026,1406,2025-07-03,Dashboard,45,1
6027,1406,2026-06-27,API Access,83,2
6028,1406,2023-09-19,Dashboard,33,3
6029,1406,2024-01-11,Export Data,39,5
6030,1407,2024-06-25,Mobile App,48,2
6031,1408,2026-08-06,Team Collaboration,99,5
6032,1408,2026-09-10,Notifications,101,3
6033,1408,2026-09-05,Dashboard,108,4
6034,1408,2026-07-30,Team Collaboration,39,1
6035,1408,2026-08-28,API Access,68,2
6036,1408,2026-08-06,Integrations,56,2
6037,1408,2026-08-03,Integrations,99,1
6038,1408,2026-07-26,Team Collaboration,15,4
6039,1408,2026-08-31,Mobile App,117,4
6040,1408,2026-09-14,Integrations,24,2
6041,1409,2025-06-17,Integrations,106,3
6042,1409,2024-11-04,API Access,55,5
6043,1409,2025-10-01,Integrations,21,3
6044,1409,2025-05-08,Dashboard,58,2
6045,1409,2026-06-23,API Access,42,1
6046,1410,2022-05-15,Reports,62,2
6047,1411,2021-10-23,Export Data,57,2
6048,1411,2022-01-17,Team Collaboration,18,3
6049,1411,2022-04-29,Team Collaboration,42,2
6050,1411,2026-01-17,Integrations,73,2
6051,1411,2025-02-28,Mobile App,99,5
6052,1411,2022-03-17,Integrations,91,1
6053,1411,2022-06-18,Integrations,96,4
6054,1412,2026-06-25,Mobile App,80,1
6055,1412,2026-08-30,Team Collaboration,119,4
6056,1412,2026-05-31,Dashboard,20,3
6057,1412,2026-08-24,Integrations,8,1
6058,1413,2026-04-08,API Access,4,3
6059,1414,2025-12-27,Dashboard,23,4
6060,1414,2026-03-13,Export Data,10,2
6061,1415,2023-08-02,Reports,117,2
6062,1415,2023-10-01,Export Data,103,5
6063,1415,2023-07-04,Reports,44,5
6064,1416,2025-07-31,Mobile App,42,3
6065,1416,2026-02-27,API Access,84,3
6066,1416,2023-09-23,API Access,93,2
6067,1416,2023-07-11,Notifications,62,1
6068,1416,2024-12-26,Dashboard,97,5
6069,1416,2023-05-23,Mobile App,112,2
6070,1416,2024-01-01,Team Collaboration,69,5
6071,1416,2025-08-01,Mobile App,86,2
6072,1416,2026-06-12,Mobile App,92,5
6073,1416,2023-05-26,Reports,19,5
6074,1417,2025-06-19,Export Data,107,5
6075,1417,2024-09-09,Integrations,19,4
6076,1417,2026-03-05,Team Collaboration,69,5
6077,1417,2024-09-03,Notifications,10,2
6078,1418,2025-10-27,Dashboard,69,2
6079,1419,2026-07-31,Mobile App,11,2
6080,1419,2023-05-23,Integrations,97,4
6081,1419,2025-05-02,Team Collaboration,59,3
6082,1419,2025-06-11,Export Data,88,3
6083,1419,2024-01-09,Mobile App,88,4
6084,1419,2025-11-21,Export Data,16,4
6085,1419,2025-10-21,Notifications,82,5
6086,1419,2025-11-02,Integrations,117,4
6087,1419,2025-09-04,Mobile App,117,3
6088,1419,2023-04-23,Dashboard,117,4
6089,1420,2026-04-07,Export Data,84,2
6090,1421,2025-06-03,Export Data,107,1
6091,1421,2026-05-13,API Access,109,1
6092,1421,2026-03-03,Export Data,56,3
6093,1421,2025-04-21,Integrations,18,1
6094,1421,2026-05-03,Dashboard,108,5
6095,1421,2026-05-09,Team Collaboration,27,4
6096,1421,2026-03-02,Dashboard,19,5
6097,1421,2024-09-25,Dashboard,41,1
6098,1421,2026-09-15,Reports,99,5
6099,1422,2024-11-24,Integrations,93,1
6100,1422,2025-06-11,Mobile App,37,2
6101,1422,2025-05-30,Dashboard,112,1
6102,1422,2026-03-21,Dashboard,11,3
6103,1422,2024-01-01,Reports,50,4
6104,1422,2023-06-13,Notifications,43,3
6105,1422,2025-03-20,Notifications,63,1
6106,1422,2024-08-22,Export Data,16,5
6107,1422,2025-10-24,API Access,39,2
6108,1423,2024-07-10,Notifications,13,3
6109,1423,2025-08-15,Export Data,62,2
6110,1423,2022-12-30,Integrations,71,2
6111,1423,2024-07-11,Reports,107,1
6112,1424,2025-12-30,Export Data,78,1
6113,1424,2025-02-05,Mobile App,78,3
6114,1424,2023-11-25,API Access,94,5
6115,1425,2026-02-19,Reports,114,4
6116,1425,2022-11-23,API Access,98,3
6117,1425,2024-04-10,Reports,18,2
6118,1425,2022-10-31,Notifications,107,3
6119,1425,2024-01-16,Reports,60,4
6120,1426,2024-12-18,Integrations,14,2
6121,1427,2025-11-29,Integrations,32,5
6122,1427,2025-02-19,Export Data,73,4
6123,1427,2026-08-28,Reports,73,3
6124,1427,2025-07-11,Notifications,16,4
6125,1427,2025-03-15,API Access,81,1
6126,1427,2025-12-11,Notifications,38,1
6127,1427,2025-06-13,API Access,87,1
6128,1427,2026-02-17,Integrations,77,2
6129,1427,2026-02-17,API Access,33,2
6130,1427,2025-06-02,Integrations,90,4
6131,1428,2025-01-10,API Access,22,1
6132,1428,2025-09-19,API Access,115,2
6133,1428,2024-06-21,Reports,5,4
6134,1428,2023-01-22,Notifications,60,2
6135,1428,2025-06-15,Export Data,83,4
6136,1428,2025-08-20,Notifications,71,5
6137,1428,2022-11-03,Export Data,33,3
6138,1429,2025-04-13,Team Collaboration,61,3
6139,1429,2024-11-20,Export Data,57,1
6140,1429,2025-03-17,Export Data,108,4
6141,1429,2024-12-04,Notifications,75,3
6142,1429,2025-03-17,Mobile App,120,4
6143,1429,2025-02-08,Reports,111,5
6144,1429,2026-06-07,Dashboard,22,2
6145,1429,2026-02-14,Dashboard,50,4
6146,1429,2026-07-23,Integrations,46,1
6147,1431,2025-10-26,Team Collaboration,89,2
6148,1431,2025-05-21,Mobile App,77,4
6149,1432,2024-04-24,Export Data,33,5
6150,1432,2025-09-03,Team Collaboration,57,5
6151,1432,2026-02-12,Export Data,9,3
6152,1432,2025-01-12,Notifications,118,3
6153,1432,2025-02-01,Mobile App,50,3
6154,1432,2025-09-10,Notifications,104,3
6155,1432,2026-06-18,Integrations,32,2
6156,1432,2024-10-06,Mobile App,41,3
6157,1432,2026-03-22,Export Data,11,3
6158,1433,2026-09-03,API Access,32,3
6159,1433,2026-06-16,Integrations,106,3
6160,1433,2025-10-03,Reports,15,3
6161,1433,2024-07-28,API Access,113,5
6162,1433,2026-08-21,Mobile App,90,2
6163,1433,2025-03-09,Team Collaboration,31,1
6164,1433,2024-05-30,Dashboard,54,3
6165,1433,2025-05-30,API Access,11,2
6166,1433,2026-03-16,Dashboard,30,3
6167,1434,2026-08-15,Integrations,54,1
6168,1435,2026-01-28,Mobile App,5,5
6169,1435,2025-07-06,Export Data,70,5
6170,1435,2025-09-24,Mobile App,64,5
6171,1435,2025-07-21,Reports,30,1
6172,1435,2026-07-16,Mobile App,64,1
6173,1435,2025-08-21,Export Data,109,4
6174,1435,2024-12-06,Integrations,98,2
6175,1436,2025-12-15,Notifications,30,2
6176,1436,2024-09-02,Export Data,16,5
6177,1436,2025-04-04,Mobile App,50,4
6178,1436,2026-07-31,Dashboard,18,5
6179,1436,2024-06-27,Export Data,49,5
6180,1436,2025-04-25,Team Collaboration,117,1
6181,1436,2026-08-13,Dashboard,12,5
6182,1436,2025-01-27,Dashboard,49,4
6183,1436,2024-03-14,Integrations,4,3
6184,1436,2026-05-03,Notifications,23,2
6185,1437,2022-07-02,Team Collaboration,16,3
6186,1437,2023-11-20,Integrations,103,5
6187,1438,2024-06-25,API Access,78,2
6188,1438,2024-08-29,Dashboard,19,2
6189,1439,2026-05-05,Export Data,119,4
6190,1439,2026-06-19,Export Data,68,2
6191,1440,2025-09-22,API Access,96,1
6192,1440,2026-04-27,Notifications,100,4
6193,1440,2026-04-12,Notifications,63,4
6194,1440,2026-07-08,Team Collaboration,8,3
6195,1440,2025-11-23,Mobile App,21,1
6196,1440,2026-08-10,Integrations,72,1
6197,1440,2025-11-20,Reports,75,1
6198,1440,2025-11-03,Export Data,1,3
6199,1440,2026-04-30,API Access,118,2
6200,1441,2026-04-04,Export Data,114,1
6201,1441,2026-03-05,API Access,97,3
6202,1441,2026-03-17,Export Data,14,5
6203,1441,2026-06-16,Notifications,113,1
6204,1441,2025-03-24,Export Data,43,5
6205,1441,2026-08-31,Team Collaboration,92,3
6206,1441,2025-06-04,Mobile App,105,3
6207,1441,2026-06-29,Reports,23,5
6208,1441,2026-09-04,Team Collaboration,24,5
6209,1441,2025-06-12,Team Collaboration,14,4
6210,1442,2025-06-04,API Access,30,1
6211,1442,2025-02-26,Team Collaboration,99,2
6212,1442,2025-05-01,Integrations,95,1
6213,1442,2026-07-25,Export Data,110,3
6214,1442,2024-05-13,Integrations,26,3
6215,1442,2025-02-17,Notifications,16,5
6216,1442,2024-03-08,Mobile App,71,3
6217,1442,2023-02-18,Team Collaboration,112,1
6218,1442,2022-09-20,Reports,44,5
6219,1443,2023-04-26,Mobile App,70,3
6220,1443,2023-04-20,API Access,46,3
6221,1443,2023-04-03,Team Collaboration,49,1
6222,1444,2023-06-03,Export Data,25,2
6223,1445,2026-06-09,Team Collaboration,110,1
6224,1445,2025-10-29,Reports,41,2
6225,1446,2024-03-28,Integrations,18,4
6226,1447,2021-11-02,Team Collaboration,45,4
6227,1447,2026-05-28,API Access,92,3
6228,1447,2026-02-16,Team Collaboration,119,2
6229,1447,2024-10-24,Export Data,114,3
6230,1447,2023-09-11,Reports,89,4
6231,1447,2023-06-12,Export Data,40,1
6232,1447,2026-06-27,Notifications,112,1
6233,1448,2026-02-02,Mobile App,110,2
6234,1449,2024-07-19,Integrations,75,3
6235,1449,2022-07-15,API Access,57,2
6236,1449,2024-12-04,Team Collaboration,67,4
6237,1449,2022-07-04,Mobile App,114,1
6238,1451,2024-10-07,Reports,49,3
6239,1451,2023-11-23,Integrations,34,5
6240,1451,2023-11-19,Integrations,55,1
6241,1452,2022-04-06,Export Data,18,1
6242,1452,2021-12-20,Mobile App,48,2
6243,1452,2022-11-18,Dashboard,26,1
6244,1452,2022-11-04,Export Data,79,3
6245,1453,2022-03-29,Team Collaboration,72,2
6246,1453,2025-07-12,Integrations,78,2
6247,1453,2024-04-22,Export Data,59,1
6248,1454,2025-02-21,Dashboard,61,3
6249,1455,2025-04-10,Dashboard,14,2
6250,1455,2025-04-14,Notifications,59,1
6251,1455,2025-03-29,Mobile App,3,3
6252,1456,2024-03-26,Reports,50,2
6253,1457,2024-07-17,Reports,100,2
6254,1458,2025-08-06,Reports,71,1
6255,1458,2023-11-11,API Access,65,1
6256,1459,2025-07-08,Reports,77,3
6257,1459,2025-05-05,Team Collaboration,64,3
6258,1459,2026-01-02,API Access,19,4
6259,1459,2026-06-04,Reports,54,4
6260,1459,2026-09-06,Reports,31,4
6261,1461,2026-02-26,Integrations,9,3
6262,1461,2026-06-12,Team Collaboration,27,4
6263,1461,2025-08-31,Export Data,18,2
6264,1462,2026-01-23,Integrations,40,2
6265,1462,2026-03-26,Team Collaboration,97,5
6266,1462,2026-09-02,Reports,106,1
6267,1462,2026-06-12,Mobile App,13,5
6268,1463,2025-02-26,Dashboard,47,3
6269,1463,2022-10-12,API Access,84,2
6270,1463,2022-12-19,Reports,35,2
6271,1463,2023-06-18,Mobile App,111,1
6272,1463,2022-06-25,Team Collaboration,91,1
6273,1463,2024-12-14,Dashboard,3,1
6274,1463,2024-05-21,Dashboard,52,1
6275,1463,2025-03-11,Dashboard,57,1
6276,1463,2026-09-14,Notifications,104,1
6277,1464,2025-07-23,Integrations,60,1
6278,1465,2026-06-05,Notifications,9,5
6279,1465,2026-03-09,API Access,7,4
6280,1465,2026-08-24,Dashboard,61,5
6281,1465,2026-08-19,Dashboard,7,1
6282,1465,2026-02-02,Dashboard,102,5
6283,1465,2026-06-02,Integrations,111,3
6284,1466,2025-01-05,Notifications,19,1
6285,1466,2024-08-29,Integrations,46,4
6286,1466,2025-01-22,Dashboard,97,5
6287,1466,2024-12-05,Team Collaboration,83,1
6288,1467,2025-02-10,Mobile App,73,1
6289,1467,2025-06-19,API Access,15,3
6290,1467,2026-03-14,Notifications,93,2
6291,1468,2025-01-10,Team Collaboration,20,5
6292,1468,2026-02-24,Notifications,8,5
6293,1468,2026-05-25,Integrations,66,2
6294,1468,2024-12-09,API Access,35,4
6295,1468,2023-12-14,Export Data,42,2
6296,1469,2025-09-01,Integrations,70,4
6297,1469,2025-01-27,API Access,71,2
6298,1469,2025-01-16,Integrations,98,4
6299,1469,2026-04-23,Reports,98,2
6300,1469,2026-03-07,Reports,103,4
6301,1470,2023-05-20,Export Data,79,5
6302,1471,2022-02-12,Reports,27,2
6303,1471,2021-12-22,Team Collaboration,2,1
6304,1471,2021-06-28,API Access,39,2
6305,1471,2021-03-18,Team Collaboration,17,3
6306,1472,2025-02-01,Team Collaboration,1,2
6307,1473,2026-03-29,Dashboard,1,3
6308,1473,2026-09-09,Export Data,13,2
6309,1473,2025-07-14,Integrations,105,4
6310,1473,2025-01-13,Reports,45,5
6311,1473,2026-07-12,Team Collaboration,62,2
6312,1473,2025-05-14,API Access,63,3
6313,1473,2026-01-06,Export Data,66,2
6314,1473,2025-05-01,Notifications,52,2
6315,1473,2025-02-03,Dashboard,61,2
6316,1473,2025-07-01,Reports,50,1
6317,1474,2025-09-08,Notifications,89,5
6318,1474,2024-03-12,Integrations,90,4
6319,1474,2026-03-11,Dashboard,13,4
6320,1475,2026-05-22,Integrations,113,5
6321,1475,2025-11-12,Mobile App,53,5
6322,1475,2025-05-22,API Access,83,3
6323,1475,2025-08-18,Mobile App,35,4
6324,1475,2025-07-15,Reports,27,1
6325,1475,2025-03-14,Export Data,108,2
6326,1475,2025-04-08,Team Collaboration,105,5
6327,1475,2026-08-12,API Access,105,4
6328,1475,2025-06-30,Export Data,109,5
6329,1475,2025-09-06,Mobile App,15,5
6330,1476,2026-07-09,API Access,72,5
6331,1477,2024-09-16,Export Data,46,5
6332,1478,2026-06-10,Dashboard,112,5
6333,1478,2025-07-13,Export Data,106,5
6334,1478,2026-02-13,Reports,18,3
6335,1479,2026-08-26,Notifications,35,2
6336,1479,2024-11-02,Integrations,12,2
6337,1479,2024-11-18,Mobile App,98,3
6338,1480,2024-12-15,Dashboard,114,3
6339,1480,2023-03-20,Export Data,99,2
6340,1480,2023-10-15,Integrations,65,1
6341,1480,2023-10-07,Dashboard,71,1
6342,1480,2023-03-16,Integrations,42,3
6343,1480,2025-06-19,Dashboard,105,4
6344,1480,2023-09-11,Team Collaboration,5,3
6345,1481,2023-01-01,Export Data,106,3
6346,1481,2022-10-13,Integrations,19,4
6347,1481,2023-08-13,Reports,7,1
6348,1481,2023-07-05,Export Data,62,2
6349,1481,2026-06-04,Mobile App,63,3
6350,1481,2025-05-05,Mobile App,8,5
6351,1481,2022-07-15,Export Data,12,5
6352,1481,2026-05-24,Export Data,87,1
6353,1481,2021-11-29,Dashboard,51,5
6354,1482,2022-07-19,Reports,40,1
6355,1483,2026-06-01,Dashboard,41,3
6356,1483,2026-05-13,Notifications,43,3
6357,1483,2026-03-23,Export Data,72,2
6358,1483,2026-07-29,Team Collaboration,8,5
6359,1484,2022-12-08,Dashboard,99,4
6360,1484,2021-06-23,Team Collaboration,14,1
6361,1484,2023-12-09,Export Data,35,5
6362,1484,2024-03-13,Integrations,111,5
6363,1485,2021-12-29,Dashboard,51,5
6364,1485,2024-07-24,Notifications,17,4
6365,1485,2024-06-08,Mobile App,61,1
6366,1486,2025-09-15,Reports,118,2
6367,1487,2026-02-04,Integrations,91,2
6368,1487,2025-01-09,Team Collaboration,91,1
6369,1487,2026-01-06,Export Data,60,5
6370,1487,2025-07-16,Dashboard,28,2
6371,1487,2026-08-30,Team Collaboration,23,1
6372,1487,2025-05-18,Team Collaboration,27,4
6373,1487,2025-08-26,Export Data,28,3
6374,1487,2026-05-22,Integrations,104,5
6375,1487,2025-05-15,API Access,75,2
6376,1487,2026-02-02,Export Data,63,3
6377,1488,2024-07-16,Integrations,33,2
6378,1488,2024-11-08,Reports,34,3
6379,1488,2026-05-22,Integrations,71,2
6380,1488,2025-02-19,API Access,13,2
6381,1488,2024-06-15,Notifications,80,4
6382,1488,2023-01-02,Team Collaboration,17,3
6383,1488,2023-07-16,Team Collaboration,42,4
6384,1489,2026-07-03,Notifications,120,4
6385,1490,2022-03-05,Reports,101,3
6386,1490,2023-05-30,API Access,6,5
6387,1490,2022-07-10,Export Data,35,4
6388,1490,2022-12-16,Team Collaboration,9,2
6389,1491,2025-09-15,Integrations,69,3
6390,1491,2026-09-14,Team Collaboration,24,5
6391,1491,2026-02-17,API Access,105,3
6392,1491,2026-05-11,API Access,30,5
6393,1491,2026-06-22,Notifications,43,5
6394,1492,2024-06-24,API Access,98,1
6395,1492,2024-04-06,Team Collaboration,4,2
6396,1492,2025-10-07,Team Collaboration,108,3
6397,1492,2026-06-15,Dashboard,36,2
6398,1492,2025-07-29,Integrations,94,3
6399,1492,2023-03-20,Mobile App,2,2
6400,1492,2025-03-27,Integrations,38,4
6401,1492,2023-05-05,API Access,77,5
6402,1493,2026-03-25,Reports,120,4
6403,1493,2026-05-19,Export Data,85,2
6404,1493,2025-09-16,Export Data,39,1
6405,1494,2026-02-13,Reports,62,3
6406,1494,2026-05-10,Mobile App,6,3
6407,1494,2026-03-02,Reports,4,3
6408,1494,2026-08-02,Integrations,41,3
6409,1494,2026-01-12,Integrations,28,2
6410,1494,2026-03-17,Integrations,26,3
6411,1494,2026-02-09,Integrations,31,4
6412,1495,2026-07-28,Integrations,34,3
6413,1495,2026-07-29,Reports,100,5
6414,1495,2026-07-11,Integrations,114,2
6415,1496,2026-07-31,Notifications,98,1
6416,1496,2025-12-23,Integrations,37,2
6417,1496,2025-10-24,API Access,115,5
6418,1496,2026-07-25,Dashboard,103,5
6419,1496,2025-12-28,Export Data,77,3
6420,1496,2025-10-23,Export Data,112,1
6421,1497,2023-11-11,Notifications,80,4
6422,1497,2025-11-18,API Access,35,2
6423,1497,2026-08-01,Reports,55,3
6424,1498,2026-07-29,Mobile App,21,5
6425,1499,2022-08-14,Dashboard,66,1
6426,1499,2022-06-22,Integrations,81,2
6427,1499,2022-07-24,Reports,86,1
6428,1499,2022-04-13,Notifications,35,5
6429,1501,2026-05-30,Export Data,56,3
6430,1501,2024-12-25,API Access,31,3
6431,1501,2025-02-25,Notifications,81,5
6432,1502,2026-03-29,Export Data,25,1
6433,1502,2025-06-10,Mobile App,78,3
6434,1502,2024-09-02,Integrations,4,2
6435,1502,2024-06-29,Mobile App,103,4
6436,1503,2026-02-21,Export Data,119,4
6437,1503,2026-04-15,Export Data,73,5
6438,1503,2026-01-31,Dashboard,48,3
6439,1503,2026-03-14,Team Collaboration,102,5
6440,1503,2026-02-28,Dashboard,111,5
6441,1503,2026-01-15,Dashboard,41,4
6442,1503,2026-09-13,Team Collaboration,24,1
6443,1503,2026-09-14,Notifications,61,4
6444,1503,2026-06-03,Dashboard,64,4
6445,1504,2021-10-13,Integrations,2,4
6446,1504,2026-03-11,Export Data,71,4
6447,1504,2024-12-17,Integrations,41,3
6448,1504,2026-01-16,Notifications,40,1
6449,1504,2021-09-18,Reports,36,5
6450,1505,2023-06-30,Reports,106,3
6451,1505,2023-07-05,Reports,99,1
6452,1505,2025-12-14,Dashboard,119,5
6453,1505,2023-08-27,Notifications,96,4
6454,1505,2023-02-05,Reports,73,2
6455,1505,2024-09-26,Team Collaboration,18,4
6456,1505,2025-04-07,Dashboard,92,5
6457,1505,2024-08-22,Dashboard,39,2
6458,1506,2022-02-04,Dashboard,99,4
6459,1506,2023-11-20,Team Collaboration,54,1
6460,1506,2026-08-26,Notifications,67,4
6461,1506,2024-02-08,API Access,75,3
6462,1506,2022-03-21,Notifications,33,1
6463,1506,2026-06-22,Mobile App,118,4
6464,1506,2025-01-02,Team Collaboration,60,5
6465,1507,2024-05-14,Reports,16,5
6466,1507,2024-05-05,API Access,67,3
6467,1507,2024-03-28,Notifications,32,3
6468,1508,2024-12-23,Reports,49,5
6469,1508,2025-05-20,Team Collaboration,41,5
6470,1508,2025-01-06,Notifications,6,1
6471,1508,2024-06-27,Reports,27,3
6472,1508,2025-04-04,API Access,120,3
6473,1508,2025-11-10,API Access,105,1
6474,1508,2025-08-12,API Access,5,2
6475,1508,2025-06-18,API Access,23,2
6476,1509,2026-07-08,Notifications,80,1
6477,1509,2026-04-19,API Access,12,1
6478,1509,2026-06-27,Export Data,60,1
6479,1509,2025-02-06,Mobile App,112,3
6480,1509,2025-11-22,Mobile App,29,1
6481,1509,2025-08-29,Notifications,68,4
6482,1509,2025-12-11,Team Collaboration,119,3
6483,1509,2024-12-14,Export Data,62,5
6484,1510,2025-10-31,Export Data,111,3
6485,1510,2024-06-22,Dashboard,11,3
6486,1510,2023-12-18,API Access,57,3
6487,1510,2024-10-01,Dashboard,103,2
6488,1510,2024-05-23,Reports,44,1
6489,1510,2023-06-30,Mobile App,115,4
6490,1510,2024-04-08,Reports,11,4
6491,1510,2024-04-12,Export Data,89,5
6492,1511,2024-04-27,Export Data,116,4
6493,1511,2024-02-22,Export Data,91,4
6494,1511,2023-12-02,API Access,74,5
6495,1511,2024-03-18,Mobile App,101,4
6496,1512,2022-09-13,API Access,47,4
6497,1512,2024-08-22,Reports,86,5
6498,1512,2023-08-23,Mobile App,90,1
6499,1512,2023-01-17,Dashboard,75,1
6500,1513,2026-04-26,Export Data,3,3
6501,1513,2025-04-08,Mobile App,4,3
6502,1513,2025-08-15,Team Collaboration,115,1
6503,1513,2025-04-25,API Access,63,5
6504,1513,2026-03-19,Notifications,25,2
6505,1513,2026-07-05,API Access,73,2
6506,1513,2026-05-05,API Access,103,4
6507,1514,2022-11-02,API Access,53,4
6508,1514,2023-03-02,Mobile App,26,4
6509,1514,2022-08-02,Export Data,111,1
6510,1515,2025-04-10,Reports,79,5
6511,1516,2024-02-08,Mobile App,52,2
6512,1516,2025-05-24,Team Collaboration,102,1
6513,1516,2024-08-12,Notifications,89,4
6514,1516,2025-09-28,Reports,26,2
6515,1516,2026-08-06,Dashboard,36,2
6516,1516,2024-04-23,Export Data,86,1
6517,1516,2026-03-25,Export Data,43,4
6518,1516,2024-01-28,Dashboard,107,4
6519,1516,2024-09-14,API Access,6,3
6520,1516,2025-09-13,Reports,82,1
6521,1517,2022-06-21,Team Collaboration,39,2
6522,1517,2022-10-29,Dashboard,91,5
6523,1517,2023-11-30,Team Collaboration,114,4
6524,1517,2026-05-27,Notifications,106,3
6525,1517,2024-05-02,Dashboard,85,5
6526,1517,2022-07-09,Integrations,38,2
6527,1518,2025-04-28,Mobile App,15,2
6528,1518,2025-04-14,Team Collaboration,38,4
6529,1519,2025-08-02,Export Data,114,1
6530,1519,2025-07-26,Integrations,60,5
6531,1519,2026-07-09,Team Collaboration,55,4
6532,1520,2024-04-01,Integrations,66,2
6533,1520,2022-03-05,Mobile App,87,4
6534,1520,2026-01-02,Notifications,97,3
6535,1520,2024-05-09,Notifications,96,4
6536,1520,2023-11-12,Integrations,115,3
6537,1521,2023-05-19,Notifications,86,5
6538,1521,2025-12-10,Team Collaboration,95,5
6539,1521,2023-05-09,Integrations,78,5
6540,1521,2025-04-09,Team Collaboration,109,4
6541,1521,2023-05-17,Mobile App,95,4
6542,1521,2024-05-12,Integrations,114,1
6543,1522,2026-07-21,Integrations,2,2
6544,1522,2026-05-05,Integrations,112,2
6545,1523,2023-12-07,Export Data,3,3
6546,1523,2023-04-17,Reports,93,4
6547,1523,2024-12-12,Export Data,68,3
6548,1523,2022-07-30,Mobile App,11,5
6549,1523,2024-08-05,Mobile App,46,1
6550,1523,2025-04-26,Export Data,78,2
6551,1523,2026-01-02,Notifications,87,3
6552,1524,2025-05-17,Notifications,13,1
6553,1524,2025-08-27,Mobile App,103,2
6554,1524,2026-03-17,Integrations,79,3
6555,1524,2025-03-26,Integrations,114,5
6556,1524,2025-09-23,Reports,100,4
6557,1524,2026-03-30,Dashboard,105,2
6558,1524,2024-11-02,Mobile App,87,4
6559,1524,2025-03-23,Notifications,66,1
6560,1524,2026-05-26,Export Data,32,4
6561,1524,2024-12-22,Reports,76,3
6562,1525,2021-05-28,Dashboard,79,5
6563,1525,2021-11-27,Export Data,120,3
6564,1526,2026-02-04,Export Data,40,5
6565,1526,2025-05-23,Integrations,43,1
6566,1526,2026-03-19,Integrations,29,4
6567,1526,2026-03-17,Team Collaboration,73,3
6568,1526,2025-02-14,Reports,76,2
6569,1526,2025-11-07,Team Collaboration,33,4
6570,1526,2026-05-07,Export Data,41,5
6571,1526,2026-08-16,Export Data,58,5
6572,1526,2025-06-22,API Access,54,4
6573,1526,2025-01-14,Team Collaboration,109,4
6574,1527,2026-08-22,Notifications,21,2
6575,1527,2026-09-04,Notifications,101,1
6576,1527,2026-08-27,Notifications,96,2
6577,1527,2026-09-07,Export Data,75,2
6578,1527,2026-08-21,Notifications,32,1
6579,1527,2026-08-24,Notifications,29,4
6580,1527,2026-08-26,Integrations,87,1
6581,1527,2026-09-13,Dashboard,103,1
6582,1528,2026-01-27,Export Data,24,4
6583,1528,2025-07-03,API Access,46,4
6584,1528,2026-01-08,API Access,111,3
6585,1528,2025-11-25,Reports,70,3
6586,1528,2025-08-14,Reports,92,1
6587,1528,2026-01-31,Export Data,85,2
6588,1528,2026-01-10,Team Collaboration,101,3
6589,1528,2026-08-20,Notifications,25,5
6590,1529,2025-12-23,Team Collaboration,114,1
6591,1529,2024-09-06,Reports,118,1
6592,1530,2022-12-27,Mobile App,83,1
6593,1530,2022-09-16,Mobile App,34,5
6594,1530,2022-09-04,Reports,72,3
6595,1531,2023-11-28,API Access,69,5
6596,1531,2023-11-27,Integrations,84,1
6597,1531,2024-10-27,Export Data,46,5
6598,1531,2024-10-04,Reports,98,5
6599,1531,2025-02-26,Mobile App,21,1
6600,1531,2024-05-12,Reports,85,5
6601,1532,2026-02-08,Reports,76,1
6602,1532,2024-01-12,Dashboard,28,1
6603,1532,2023-12-19,API Access,23,3
6604,1532,2025-05-29,Notifications,78,3
6605,1532,2024-04-03,Integrations,82,4
6606,1532,2026-03-13,Dashboard,60,2
6607,1533,2025-08-24,Mobile App,81,3
6608,1533,2026-05-25,API Access,112,4
6609,1533,2025-02-21,Mobile App,42,1
6610,1533,2025-05-23,Export Data,95,4
6611,1533,2025-04-12,Export Data,47,5
6612,1533,2026-05-21,Dashboard,37,3
6613,1533,2026-07-10,Team Collaboration,106,5
6614,1533,2025-11-16,Export Data,8,2
6615,1534,2023-07-18,Integrations,35,4
6616,1534,2024-04-30,Notifications,64,4
6617,1534,2025-11-23,Export Data,80,1
6618,1534,2026-01-18,Mobile App,82,3
6619,1534,2026-02-22,Notifications,53,5
6620,1534,2023-09-06,Reports,78,4
6621,1534,2025-05-11,Reports,50,4
6622,1534,2024-02-05,Team Collaboration,45,4
6623,1535,2025-07-16,Integrations,48,4
6624,1535,2024-09-02,Notifications,46,5
6625,1537,2023-01-01,Mobile App,77,5
6626,1537,2022-12-10,Dashboard,79,1
6627,1538,2026-07-03,Dashboard,29,2
6628,1538,2025-10-12,Mobile App,94,1
6629,1538,2025-02-04,Team Collaboration,11,4
6630,1539,2026-03-08,Integrations,80,4
6631,1539,2025-07-11,Export Data,19,2
6632,1539,2026-06-25,Team Collaboration,11,5
6633,1539,2022-07-03,Notifications,102,5
6634,1539,2023-01-09,API Access,31,1
6635,1539,2022-11-26,API Access,74,1
6636,1540,2026-09-05,Integrations,35,5
6637,1540,2024-09-28,Export Data,9,1
6638,1540,2026-06-23,Notifications,82,5
6639,1540,2024-11-05,Mobile App,30,1
6640,1540,2024-09-03,Integrations,50,5
6641,1540,2024-09-22,Notifications,73,3
6642,1541,2023-10-23,Export Data,5,4
6643,1541,2025-04-20,API Access,90,4
6644,1542,2024-08-31,Dashboard,78,3
6645,1542,2023-12-02,Mobile App,43,2
6646,1542,2024-11-22,Dashboard,42,2
6647,1542,2024-08-22,Notifications,62,4
6648,1543,2024-06-20,API Access,40,1
6649,1543,2024-02-18,API Access,82,4
6650,1543,2024-12-13,Integrations,72,2
6651,1544,2025-03-27,Integrations,59,4
6652,1544,2024-06-10,Dashboard,63,1
6653,1545,2022-02-26,Notifications,105,4
6654,1546,2023-11-26,Integrations,96,2
6655,1546,2024-02-19,Notifications,38,5
6656,1546,2023-04-13,Integrations,39,2
6657,1547,2026-04-12,API Access,109,5
6658,1547,2026-01-07,Team Collaboration,119,4
6659,1548,2026-05-31,Integrations,101,2
6660,1548,2026-07-16,Reports,59,4
6661,1548,2026-07-31,Integrations,60,3
6662,1548,2026-05-24,API Access,29,4
6663,1549,2024-05-25,API Access,76,1
6664,1549,2023-09-15,Mobile App,30,1
6665,1549,2024-09-03,Export Data,63,4
6666,1550,2024-05-19,Reports,78,2
6667,1550,2024-11-28,Notifications,53,3
6668,1550,2024-06-29,Notifications,16,3
6669,1550,2024-08-18,Mobile App,103,5
6670,1551,2024-05-04,Dashboard,40,5
6671,1551,2024-06-04,Dashboard,94,5
6672,1552,2026-08-25,Team Collaboration,2,1
6673,1552,2026-09-15,Export Data,6,2
6674,1553,2025-09-13,Reports,113,3
6675,1553,2026-03-14,Notifications,71,2
6676,1554,2025-12-03,Dashboard,11,1
6677,1554,2025-04-16,Integrations,47,3
6678,1554,2025-11-14,Export Data,8,1
6679,1554,2025-08-10,Team Collaboration,53,2
6680,1554,2026-04-02,Dashboard,66,3
6681,1554,2025-09-26,Export Data,36,4
6682,1555,2025-01-05,Notifications,60,3
6683,1555,2021-08-15,Mobile App,97,3
6684,1556,2026-08-17,API Access,84,3
6685,1557,2025-06-23,Notifications,1,4
6686,1557,2025-07-02,Dashboard,73,2
6687,1558,2025-07-31,Dashboard,89,4
6688,1558,2025-05-15,Mobile App,48,4
6689,1558,2026-01-30,Mobile App,61,3
6690,1559,2024-03-05,Reports,46,3
6691,1559,2024-01-08,Team Collaboration,22,4
6692,1559,2024-11-17,Team Collaboration,39,3
6693,1559,2023-08-05,Export Data,88,5
6694,1559,2026-05-30,Notifications,88,3
6695,1559,2023-07-28,Notifications,81,4
6696,1559,2025-08-16,Export Data,12,3
6697,1560,2025-12-26,Integrations,1,3
6698,1560,2025-04-12,Notifications,82,3
6699,1560,2024-08-10,Mobile App,5,2
6700,1561,2025-10-20,Mobile App,24,5
6701,1561,2025-11-21,Dashboard,71,5
6702,1562,2024-06-10,Export Data,75,2
6703,1562,2023-05-31,Export Data,47,2
6704,1562,2026-05-15,Reports,117,3
6705,1562,2024-02-13,API Access,81,3
6706,1562,2023-07-29,Reports,4,1
6707,1563,2022-10-30,Integrations,9,5
6708,1564,2024-10-19,Integrations,110,5
6709,1564,2026-01-04,Dashboard,35,3
6710,1564,2024-01-09,Export Data,44,1
6711,1564,2024-08-11,API Access,116,5
6712,1564,2026-02-05,Mobile App,3,3
6713,1564,2025-07-14,Export Data,33,4
6714,1564,2025-01-17,Team Collaboration,58,3
6715,1564,2026-03-07,API Access,18,5
6716,1564,2023-07-03,Export Data,40,1
6717,1564,2023-10-20,API Access,32,1
6718,1566,2026-07-01,API Access,96,4
6719,1566,2026-01-24,Integrations,114,4
6720,1567,2024-08-18,API Access,76,1
6721,1567,2024-06-19,API Access,18,3
6722,1567,2023-08-17,Export Data,117,4
6723,1567,2023-08-22,Dashboard,114,2
6724,1567,2023-10-18,Team Collaboration,51,1
6725,1567,2024-06-29,API Access,72,5
6726,1568,2025-08-06,API Access,81,1
6727,1569,2024-09-04,Export Data,76,5
6728,1569,2025-06-24,Mobile App,20,2
6729,1570,2026-05-19,Team Collaboration,65,4
6730,1570,2025-04-01,Export Data,117,1
6731,1571,2023-02-14,Integrations,93,1
6732,1571,2023-08-14,API Access,4,1
6733,1572,2021-07-03,Reports,76,2
6734,1572,2021-07-24,Dashboard,64,3
6735,1573,2024-01-12,Dashboard,86,3
6736,1573,2024-01-27,Mobile App,115,5
6737,1573,2023-07-28,Integrations,1,1
6738,1573,2023-06-24,Export Data,4,5
6739,1574,2024-08-27,Integrations,13,1
6740,1574,2022-11-19,Dashboard,84,4
6741,1574,2021-09-11,Notifications,41,5
6742,1574,2024-01-29,Team Collaboration,76,5
6743,1574,2025-12-04,Reports,65,5
6744,1574,2022-12-06,Dashboard,57,1
6745,1574,2023-01-16,Reports,9,5
6746,1574,2026-09-13,Notifications,21,1
6747,1575,2026-05-17,Team Collaboration,46,5
6748,1575,2026-09-09,Dashboard,95,1
6749,1575,2026-09-03,API Access,86,4
6750,1575,2026-01-19,Notifications,104,2
6751,1575,2026-01-02,Reports,80,1
6752,1575,2026-04-25,Reports,117,2
6753,1575,2026-08-31,API Access,33,1
6754,1576,2023-08-29,Integrations,109,1
6755,1577,2024-11-16,API Access,83,1
6756,1577,2024-10-24,Integrations,53,3
6757,1577,2024-03-15,Dashboard,109,5
6758,1579,2026-07-24,Reports,119,4
6759,1579,2026-08-15,API Access,54,5
6760,1579,2026-07-21,Notifications,99,1
6761,1579,2026-07-27,Notifications,112,5
6762,1579,2026-08-10,API Access,33,3
6763,1579,2026-08-18,Integrations,89,5
6764,1579,2026-08-11,Notifications,116,5
6765,1579,2026-08-02,Export Data,2,3
6766,1579,2026-09-15,Integrations,20,4
6767,1579,2026-09-13,API Access,87,4
6768,1580,2026-07-02,Mobile App,23,4
6769,1581,2022-05-30,Dashboard,37,5
6770,1581,2021-12-14,Dashboard,15,3
6771,1582,2025-10-25,Integrations,6,3
6772,1583,2024-05-29,Notifications,84,1
6773,1583,2025-02-03,Mobile App,65,4
6774,1583,2024-07-21,Export Data,14,3
6775,1584,2024-04-26,Mobile App,39,2
6776,1584,2024-07-26,Integrations,42,5
6777,1584,2025-05-23,Reports,20,5
6778,1584,2024-08-03,Export Data,106,5
6779,1584,2022-01-28,Team Collaboration,52,5
6780,1584,2025-02-12,Export Data,55,3
6781,1584,2025-07-18,Reports,41,5
6782,1584,2025-07-08,Integrations,16,5
6783,1584,2022-02-20,Integrations,23,4
6784,1585,2024-10-18,Reports,32,2
6785,1585,2025-02-26,Dashboard,113,1
6786,1585,2026-06-24,API Access,33,3
6787,1585,2025-06-07,Export Data,45,5
6788,1586,2024-10-03,Mobile App,88,1
6789,1586,2025-11-17,Export Data,19,4
6790,1586,2025-10-16,Notifications,53,3
6791,1586,2025-01-09,Dashboard,13,2
6792,1586,2025-09-06,Integrations,20,5
6793,1586,2025-11-04,Notifications,39,5
6794,1587,2024-08-19,Export Data,104,1
6795,1587,2022-12-22,API Access,101,5
6796,1587,2024-05-09,Notifications,54,3
6797,1587,2022-11-03,Mobile App,33,5
6798,1587,2023-10-14,Notifications,77,3
6799,1587,2024-01-06,Team Collaboration,68,5
6800,1587,2024-01-30,Integrations,66,4
6801,1587,2025-07-28,Team Collaboration,48,3
6802,1587,2026-01-30,Export Data,69,1
6803,1588,2024-09-24,API Access,5,4
6804,1588,2025-05-12,API Access,7,2
6805,1589,2023-03-18,Integrations,112,1
6806,1589,2023-09-29,Integrations,46,1
6807,1589,2023-11-24,Mobile App,34,4
6808,1589,2023-05-21,API Access,24,5
6809,1590,2026-06-13,Integrations,50,3
6810,1590,2026-03-24,Reports,57,3
6811,1590,2025-11-04,Export Data,93,5
6812,1590,2026-02-28,Export Data,25,2
6813,1590,2026-04-30,Reports,33,1
6814,1591,2026-06-28,Notifications,30,4
6815,1591,2026-07-21,Team Collaboration,94,3
6816,1591,2025-02-13,Notifications,45,1
6817,1591,2025-03-15,Integrations,106,3
6818,1592,2026-05-24,Notifications,37,4
6819,1593,2026-06-22,Export Data,28,3
6820,1593,2026-06-28,Export Data,104,2
6821,1594,2025-06-09,Export Data,40,1
6822,1594,2026-02-23,Integrations,29,3
6823,1595,2024-03-04,Notifications,88,1
6824,1595,2024-11-07,Export Data,92,4
6825,1596,2025-09-21,Team Collaboration,1,2
6826,1596,2024-01-31,Export Data,39,3
6827,1596,2024-03-08,Dashboard,25,5
6828,1596,2026-01-06,Integrations,56,5
6829,1596,2023-12-23,Team Collaboration,80,3
6830,1597,2025-01-14,Team Collaboration,74,1
6831,1597,2025-02-04,API Access,20,4
6832,1597,2025-11-21,API Access,100,5
6833,1597,2026-06-21,Mobile App,36,1
6834,1597,2025-11-28,Team Collaboration,7,1
6835,1597,2025-12-13,Dashboard,107,4
6836,1597,2024-03-04,Integrations,25,4
6837,1597,2026-04-14,Integrations,77,1
6838,1599,2025-05-13,Integrations,54,1
6839,1599,2024-06-15,API Access,78,3
6840,1599,2026-09-08,Export Data,74,3
6841,1599,2025-03-14,Notifications,62,3
6842,1599,2025-12-22,Dashboard,101,5
6843,1599,2025-08-27,Reports,34,2
6844,1600,2026-05-15,Notifications,42,5
6845,1600,2025-02-04,Mobile App,44,2
6846,1600,2026-05-14,Notifications,81,4
6847,1600,2026-07-27,Team Collaboration,114,4
6848,1602,2026-08-10,Notifications,34,2
6849,1602,2026-08-23,API Access,117,1
6850,1602,2026-08-28,Team Collaboration,34,5
6851,1602,2026-08-04,Reports,8,4
6852,1602,2026-08-15,API Access,119,4
6853,1602,2026-08-21,Reports,40,3
6854,1602,2026-08-29,Team Collaboration,73,1
6855,1603,2024-04-22,Notifications,2,1
6856,1603,2024-05-10,Export Data,37,1
6857,1603,2024-04-26,Dashboard,58,2
6858,1603,2024-04-09,Dashboard,88,5
6859,1604,2021-07-01,Notifications,20,5
6860,1604,2021-06-20,Export Data,47,5
6861,1604,2021-06-10,Team Collaboration,33,3
6862,1604,2021-04-27,Mobile App,27,1
6863,1605,2025-07-03,Notifications,35,4
6864,1605,2024-06-08,API Access,114,2
6865,1605,2024-03-27,Reports,30,1
6866,1606,2024-11-18,Dashboard,61,5
6867,1607,2023-07-31,Notifications,82,4
6868,1607,2023-09-12,Integrations,38,4
6869,1607,2024-01-27,Mobile App,54,2
6870,1608,2024-07-29,Notifications,15,3
6871,1609,2025-01-17,Dashboard,87,1
6872,1609,2025-11-10,Reports,90,3
6873,1609,2025-04-09,Integrations,30,4
6874,1609,2025-07-01,Integrations,108,1
6875,1609,2024-07-16,Reports,15,2
6876,1609,2025-02-23,Integrations,115,4
6877,1609,2025-12-24,Reports,114,4
6878,1609,2024-08-24,Export Data,23,5
6879,1610,2023-07-02,Integrations,88,2
6880,1611,2026-01-13,Dashboard,55,4
6881,1611,2026-09-05,Team Collaboration,8,4
6882,1611,2024-12-16,Integrations,6,2
6883,1611,2025-04-26,Mobile App,55,1
6884,1611,2024-12-28,Notifications,6,3
6885,1612,2025-08-30,Team Collaboration,21,2
6886,1612,2025-07-31,Export Data,76,5
6887,1612,2025-05-03,Export Data,107,3
6888,1613,2025-07-26,Dashboard,73,1
6889,1613,2025-08-02,Dashboard,68,4
6890,1613,2025-07-24,Team Collaboration,107,2
6891,1613,2026-06-29,Notifications,97,3
6892,1614,2026-07-13,Notifications,31,2
6893,1614,2026-08-14,API Access,95,3
6894,1614,2023-05-17,Mobile App,108,5
6895,1614,2022-11-20,Dashboard,57,1
6896,1614,2026-03-18,Team Collaboration,103,5
6897,1615,2023-08-29,Dashboard,79,4
6898,1615,2026-05-27,Integrations,116,3
6899,1616,2026-08-26,Team Collaboration,118,4
6900,1616,2024-12-14,Notifications,11,2
6901,1616,2025-02-19,Integrations,17,1
6902,1616,2026-03-25,Reports,7,2
6903,1616,2026-05-25,Dashboard,8,3
6904,1616,2026-08-01,Dashboard,99,1
6905,1616,2025-08-30,Mobile App,83,2
6906,1616,2026-01-11,Notifications,111,3
6907,1616,2025-11-15,Integrations,65,3
6908,1617,2025-01-09,Mobile App,38,3
6909,1617,2024-07-29,Dashboard,85,5
6910,1617,2024-08-23,Integrations,64,5
6911,1617,2025-06-05,Mobile App,63,1
6912,1617,2024-12-15,Mobile App,11,1
6913,1617,2026-06-04,Reports,18,3
6914,1617,2025-07-04,Integrations,70,5
6915,1617,2025-07-07,Integrations,49,3
6916,1618,2023-04-18,Integrations,98,2
6917,1618,2023-08-27,Mobile App,59,1
6918,1618,2021-06-28,API Access,102,3
6919,1618,2026-04-01,Reports,63,2
6920,1618,2023-09-01,Reports,36,1
6921,1618,2021-05-24,Export Data,103,3
6922,1618,2024-05-09,Export Data,106,2
6923,1618,2021-04-30,Mobile App,103,2
6924,1619,2026-07-10,Integrations,57,1
6925,1620,2022-10-08,Reports,29,2
6926,1620,2023-01-27,API Access,85,2
6927,1620,2025-03-20,Mobile App,102,2
6928,1620,2022-10-11,Integrations,28,3
6929,1620,2024-03-13,Mobile App,19,1
6930,1621,2026-08-11,Dashboard,94,4
6931,1621,2023-11-27,Export Data,90,3
6932,1621,2023-03-27,Mobile App,51,3
6933,1621,2025-02-03,Mobile App,76,4
6934,1621,2022-12-10,Dashboard,98,1
6935,1622,2024-11-25,Reports,64,4
6936,1623,2024-10-06,Mobile App,86,3
6937,1625,2025-03-17,Integrations,5,4
6938,1625,2025-04-27,Integrations,69,5
6939,1626,2024-07-01,Mobile App,92,2
6940,1627,2022-01-24,API Access,13,2
6941,1627,2026-05-30,Reports,117,4
6942,1627,2026-05-16,Dashboard,91,4
6943,1627,2026-07-11,Export Data,17,4
6944,1627,2026-08-31,API Access,87,1
6945,1627,2021-12-19,Mobile App,6,3
6946,1628,2021-07-19,Team Collaboration,5,2
6947,1628,2022-04-17,Dashboard,116,3
6948,1628,2023-06-23,API Access,87,1
6949,1628,2023-01-24,Reports,114,1
6950,1628,2023-07-02,Integrations,96,5
6951,1628,2022-09-10,Export Data,41,3
6952,1628,2023-05-10,API Access,42,5
6953,1628,2025-10-04,Team Collaboration,45,4
6954,1628,2026-09-09,Export Data,46,5
6955,1628,2024-09-27,Notifications,30,2
6956,1629,2024-11-30,Reports,101,2
6957,1629,2026-03-23,Integrations,48,2
6958,1629,2023-11-20,Team Collaboration,77,2
6959,1629,2025-04-28,Dashboard,91,3
6960,1629,2025-07-19,Integrations,115,4
6961,1629,2024-01-10,Team Collaboration,15,1
6962,1629,2026-04-20,Export Data,28,1
6963,1630,2024-11-17,Reports,51,1
6964,1631,2025-11-18,API Access,58,1
6965,1631,2024-06-19,Export Data,45,3
6966,1631,2023-02-09,Dashboard,66,3
6967,1631,2024-07-06,Notifications,90,4
6968,1631,2023-10-31,Integrations,8,3
6969,1632,2026-05-22,Mobile App,72,1
6970,1632,2026-05-01,Mobile App,86,4
6971,1632,2026-04-19,Dashboard,39,3
6972,1633,2023-09-18,Reports,39,3
6973,1633,2025-05-29,Mobile App,68,3
6974,1633,2024-11-24,Team Collaboration,29,5
6975,1634,2024-01-10,Mobile App,17,3
6976,1634,2022-10-30,Mobile App,48,2
6977,1634,2021-12-25,Integrations,69,3
6978,1634,2022-03-20,Notifications,118,1
6979,1634,2022-03-04,Dashboard,36,2
6980,1634,2026-01-07,Mobile App,99,3
6981,1634,2026-05-03,Mobile App,118,3
6982,1634,2025-02-10,Integrations,16,1
6983,1636,2021-07-18,API Access,9,3
6984,1636,2023-08-28,Integrations,108,1
6985,1637,2025-01-26,Dashboard,45,4
6986,1637,2025-02-21,Team Collaboration,116,4
6987,1637,2024-10-10,Mobile App,22,1
6988,1637,2025-03-12,Team Collaboration,87,3
6989,1637,2026-07-19,Integrations,28,3
6990,1637,2025-06-17,Integrations,91,5
6991,1637,2025-10-16,Integrations,3,4
6992,1637,2024-12-26,Dashboard,78,5
6993,1637,2026-06-29,Integrations,80,3
6994,1638,2024-04-06,Mobile App,35,5
6995,1638,2025-07-04,Reports,62,5
6996,1638,2026-01-22,Reports,38,4
6997,1638,2024-10-11,Integrations,18,4
6998,1639,2024-10-16,Team Collaboration,9,3
6999,1639,2022-11-27,Export Data,4,5
7000,1639,2022-08-13,Team Collaboration,40,3
7001,1639,2022-06-20,API Access,118,5
7002,1639,2026-09-10,Dashboard,106,4
7003,1639,2022-05-24,Notifications,13,4
7004,1639,2023-12-13,Dashboard,103,1
7005,1639,2023-12-11,Dashboard,35,2
7006,1640,2024-02-27,Notifications,12,2
7007,1640,2025-02-22,Dashboard,4,2
7008,1640,2024-08-13,Notifications,48,4
7009,1641,2023-03-05,Notifications,106,4
7010,1641,2024-05-31,Mobile App,16,5
7011,1641,2025-01-02,Export Data,33,3
7012,1641,2023-08-02,Reports,56,2
7013,1642,2025-05-14,Reports,68,1
7014,1643,2026-03-13,Mobile App,44,5
7015,1643,2026-05-07,Dashboard,36,4
7016,1643,2025-06-15,Mobile App,32,4
7017,1643,2025-02-13,Mobile App,92,4
7018,1643,2026-02-14,Export Data,79,3
7019,1643,2024-05-08,API Access,74,3
7020,1643,2024-07-19,Dashboard,69,2
7021,1643,2025-07-17,Dashboard,56,5
7022,1643,2024-12-02,Export Data,104,3
7023,1645,2022-08-20,Mobile App,41,4
7024,1645,2022-06-25,Reports,10,1
7025,1646,2023-08-21,Mobile App,39,1
7026,1646,2025-08-22,Notifications,111,3
7027,1646,2022-07-07,Notifications,74,1
7028,1646,2024-01-02,Mobile App,72,1
7029,1646,2022-03-14,Team Collaboration,80,1
7030,1646,2022-12-12,Dashboard,75,4
7031,1646,2023-10-30,Export Data,42,3
7032,1646,2025-01-09,Reports,57,2
7033,1646,2025-10-21,Notifications,5,4
7034,1646,2024-07-22,Mobile App,33,1
7035,1647,2025-12-01,Reports,15,5
7036,1647,2025-11-15,API Access,50,2
7037,1647,2025-10-14,Integrations,68,5
7038,1648,2026-04-10,Team Collaboration,7,2
7039,1648,2026-08-24,Mobile App,26,5
7040,1648,2026-07-19,Reports,6,3
7041,1648,2026-06-21,Export Data,104,5
7042,1649,2025-02-18,Dashboard,68,3
7043,1651,2024-08-23,Reports,21,4
7044,1651,2023-01-04,Notifications,79,3
7045,1651,2022-04-11,Integrations,67,5
7046,1651,2024-11-25,Dashboard,113,5
7047,1652,2026-03-29,Dashboard,118,2
7048,1653,2026-09-11,API Access,114,1
7049,1653,2026-07-30,Dashboard,79,1
7050,1653,2026-05-04,Export Data,109,5
7051,1653,2026-08-24,Notifications,69,4
7052,1653,2026-05-23,Export Data,69,1
7053,1654,2026-03-29,Team Collaboration,32,1
7054,1654,2023-12-12,Mobile App,81,2
7055,1654,2024-10-30,Reports,46,2
7056,1654,2026-06-26,Export Data,91,3
7057,1654,2024-12-20,Reports,44,2
7058,1655,2026-07-31,Team Collaboration,87,4
7059,1655,2024-09-27,Integrations,75,4
7060,1655,2026-08-30,Reports,41,3
7061,1655,2025-10-25,Reports,19,3
7062,1655,2024-12-23,Dashboard,86,2
7063,1655,2025-06-28,Mobile App,112,2
7064,1655,2026-02-22,Dashboard,86,5
7065,1655,2026-05-11,Dashboard,21,1
7066,1655,2026-01-01,Export Data,61,1
7067,1655,2026-08-28,API Access,107,5
7068,1656,2024-09-11,Export Data,59,1
7069,1656,2023-11-26,Integrations,25,5
7070,1656,2022-05-26,Export Data,30,4
7071,1656,2025-06-27,Export Data,75,3
7072,1656,2022-03-16,Reports,68,1
7073,1657,2025-01-12,Team Collaboration,74,5
7074,1657,2025-03-04,API Access,109,3
7075,1657,2025-02-25,Notifications,94,4
7076,1658,2026-05-20,Dashboard,45,2
7077,1658,2024-11-15,Team Collaboration,95,5
7078,1658,2025-08-07,Team Collaboration,5,1
7079,1658,2025-05-24,Team Collaboration,3,4
7080,1658,2025-12-14,Export Data,30,5
7081,1659,2023-08-31,Reports,1,1
7082,1659,2023-08-09,Dashboard,40,1
7083,1659,2023-07-24,Export Data,20,1
7084,1660,2024-10-24,API Access,37,2
7085,1660,2025-05-12,API Access,60,5
7086,1660,2024-02-17,Dashboard,63,1
7087,1660,2024-11-12,Integrations,78,4
7088,1660,2025-05-03,Notifications,11,3
7089,1660,2022-07-08,Mobile App,77,3
7090,1661,2024-07-24,Dashboard,38,3
7091,1661,2025-08-04,Export Data,37,1
7092,1661,2024-06-17,Integrations,48,3
7093,1661,2024-10-21,Export Data,50,4
7094,1662,2026-04-23,Mobile App,1,1
7095,1662,2026-03-01,Reports,57,1
7096,1662,2026-06-19,Export Data,100,5
7097,1662,2025-12-21,Team Collaboration,47,1
7098,1662,2026-07-17,Notifications,4,2
7099,1662,2026-08-08,Notifications,1,5
7100,1662,2026-05-30,Integrations,18,2
7101,1662,2026-04-12,Notifications,86,4
7102,1663,2025-03-14,Mobile App,34,2
7103,1663,2024-09-18,Team Collaboration,70,1
7104,1663,2023-11-07,Dashboard,86,3
7105,1663,2026-07-06,Reports,55,2
7106,1663,2024-09-04,Team Collaboration,61,3
7107,1664,2025-07-22,API Access,76,2
7108,1664,2026-01-16,Dashboard,24,4
7109,1664,2025-02-25,Mobile App,93,4
7110,1664,2026-04-12,Team Collaboration,99,2
7111,1664,2025-08-24,Integrations,40,1
7112,1664,2025-05-31,Team Collaboration,59,4
7113,1665,2025-12-16,Notifications,14,4
7114,1665,2025-11-06,Integrations,32,5
7115,1665,2025-11-03,Export Data,106,5
7116,1665,2026-04-27,Dashboard,20,5
7117,1665,2026-03-18,API Access,103,1
7118,1665,2026-09-04,Integrations,87,5
7119,1666,2023-12-27,Mobile App,84,1
7120,1666,2024-07-24,Mobile App,114,1
7121,1666,2023-09-27,Integrations,38,4
7122,1667,2026-07-26,Reports,85,2
7123,1667,2026-07-24,Team Collaboration,117,3
7124,1668,2026-08-01,Dashboard,70,2
7125,1668,2026-07-27,Dashboard,98,3
7126,1668,2026-07-12,Export Data,36,1
7127,1668,2026-03-25,Export Data,104,3
7128,1668,2026-05-13,Export Data,24,1
7129,1668,2026-03-21,Dashboard,71,1
7130,1668,2026-05-24,Notifications,20,4
7131,1669,2026-08-09,API Access,19,5
7132,1669,2026-06-26,API Access,99,3
7133,1669,2026-03-03,Team Collaboration,101,5
7134,1669,2025-12-30,Team Collaboration,62,5
7135,1670,2022-07-11,Reports,33,5
7136,1670,2023-04-20,Notifications,32,5
7137,1670,2023-08-20,API Access,23,3
7138,1670,2024-05-04,Dashboard,88,3
7139,1670,2024-11-05,Reports,109,5
7140,1670,2025-10-13,Dashboard,44,1
7141,1670,2024-04-10,Integrations,79,3
7142,1670,2024-08-23,Mobile App,62,5
7143,1671,2026-09-06,Export Data,77,5
7144,1671,2026-02-09,Team Collaboration,73,5
7145,1671,2026-01-19,Reports,34,3
7146,1671,2025-12-24,API Access,117,3
7147,1671,2025-06-20,Mobile App,117,5
7148,1671,2026-01-06,API Access,110,1
7149,1671,2026-06-04,Integrations,15,5
7150,1671,2026-07-26,Reports,92,3
7151,1671,2025-11-28,Reports,4,3
7152,1672,2022-02-22,API Access,38,5
7153,1672,2022-01-29,Dashboard,94,5
7154,1672,2022-02-05,Integrations,111,2
7155,1673,2023-01-09,Reports,105,1
7156,1673,2021-04-07,API Access,64,5
7157,1673,2024-09-25,Mobile App,30,4
7158,1673,2026-06-23,Mobile App,13,4
7159,1673,2024-03-31,Reports,43,4
7160,1673,2021-11-01,Notifications,57,5
7161,1673,2025-09-05,Integrations,79,5
7162,1673,2025-02-03,Integrations,73,4
7163,1673,2022-09-23,Dashboard,105,4
7164,1675,2026-05-28,Dashboard,69,3
7165,1675,2026-04-10,Reports,100,3
7166,1676,2024-10-17,API Access,119,5
7167,1676,2025-07-08,Notifications,30,1
7168,1676,2024-06-24,Integrations,48,4
7169,1676,2024-09-10,Reports,50,5
7170,1676,2026-08-09,Export Data,18,2
7171,1676,2026-03-07,Reports,55,3
7172,1676,2026-09-02,Notifications,82,5
7173,1676,2025-08-19,Notifications,120,5
7174,1677,2026-02-23,Mobile App,118,1
7175,1677,2026-08-15,API Access,56,1
7176,1678,2022-12-02,Notifications,61,1
7177,1678,2021-10-14,Notifications,77,3
7178,1678,2021-07-13,Reports,95,1
7179,1678,2021-09-18,Integrations,14,5
7180,1678,2021-06-30,Notifications,9,3
7181,1678,2023-09-15,Mobile App,23,2
7182,1678,2022-04-26,Mobile App,24,5
7183,1678,2025-12-23,Integrations,15,1
7184,1678,2026-06-19,Reports,59,5
7185,1678,2021-10-06,Mobile App,66,2
7186,1679,2026-06-14,API Access,57,1
7187,1680,2023-03-22,Team Collaboration,114,4
7188,1680,2023-05-28,Dashboard,56,2
7189,1680,2021-10-13,API Access,49,3
7190,1680,2021-10-04,Team Collaboration,16,1
7191,1680,2023-06-01,Reports,78,1
7192,1680,2024-05-19,Notifications,110,4
7193,1681,2025-04-20,Dashboard,63,1
7194,1681,2026-02-03,Team Collaboration,18,5
7195,1682,2024-08-24,Integrations,100,4
7196,1683,2026-08-31,Team Collaboration,44,4
7197,1683,2025-06-15,Team Collaboration,95,1
7198,1683,2026-03-15,Mobile App,118,1
7199,1683,2026-02-25,Reports,13,5
7200,1683,2025-10-05,Dashboard,84,5
7201,1683,2025-06-27,Integrations,97,5
7202,1683,2026-02-23,API Access,70,3
7203,1684,2025-09-02,Team Collaboration,111,1
7204,1684,2025-09-03,Reports,25,1
7205,1684,2025-09-03,Dashboard,78,4
7206,1685,2024-09-03,Integrations,66,1
7207,1685,2024-06-28,Mobile App,49,3
7208,1685,2023-08-14,Integrations,98,1
7209,1685,2024-04-16,Notifications,112,2
7210,1687,2025-11-22,Export Data,35,3
7211,1687,2026-06-21,API Access,24,3
7212,1687,2026-04-21,Mobile App,23,5
7213,1687,2026-03-23,Mobile App,34,2
7214,1687,2026-08-06,Team Collaboration,92,2
7215,1687,2026-06-09,Mobile App,13,1
7216,1688,2024-04-04,API Access,113,4
7217,1688,2023-10-20,Dashboard,67,3
7218,1688,2024-12-15,Team Collaboration,46,3
7219,1688,2023-02-22,API Access,52,1
7220,1688,2026-01-17,Export Data,81,1
7221,1688,2025-04-18,Export Data,75,2
7222,1688,2026-04-30,Mobile App,22,2
7223,1689,2022-09-16,Integrations,19,1
7224,1689,2023-01-02,Export Data,70,3
7225,1689,2022-11-23,Integrations,57,1
7226,1690,2026-01-09,API Access,106,1
7227,1690,2025-12-22,API Access,21,5
7228,1690,2025-12-03,Reports,94,1
7229,1690,2025-12-18,Mobile App,107,4
7230,1691,2026-03-14,Notifications,40,1
7231,1691,2026-04-20,API Access,77,2
7232,1692,2025-11-08,Integrations,2,5
7233,1692,2025-11-23,Notifications,59,4
7234,1692,2026-01-04,Notifications,101,2
7235,1692,2025-11-22,Team Collaboration,120,4
7236,1692,2025-10-12,Notifications,75,5
7237,1692,2026-06-01,Mobile App,62,3
7238,1692,2026-01-22,Export Data,91,5
7239,1692,2026-09-08,API Access,82,5
7240,1693,2026-06-18,API Access,93,1
7241,1693,2026-01-11,Integrations,87,4
7242,1693,2026-02-15,API Access,94,4
7243,1693,2026-05-08,Dashboard,53,2
7244,1693,2026-08-16,Dashboard,91,2
7245,1693,2026-03-18,API Access,105,3
7246,1694,2026-09-11,Reports,109,4
7247,1694,2025-05-23,Team Collaboration,65,3
7248,1695,2021-10-09,Team Collaboration,87,4
7249,1695,2023-09-05,Dashboard,112,1
7250,1695,2021-04-25,Mobile App,17,1
7251,1695,2025-09-13,Dashboard,109,1
7252,1695,2025-11-07,Dashboard,118,1
7253,1695,2023-10-29,Team Collaboration,46,4
7254,1695,2021-08-18,Integrations,17,5
7255,1695,2024-02-15,Integrations,81,4
7256,1695,2025-08-02,Team Collaboration,44,2
7257,1695,2024-10-14,Mobile App,17,3
7258,1696,2024-02-26,Dashboard,108,1
7259,1697,2026-02-13,Team Collaboration,76,5
7260,1697,2026-08-29,Reports,81,1
7261,1697,2025-06-16,Notifications,70,5
7262,1697,2026-03-19,Integrations,20,2
7263,1697,2025-11-06,Export Data,13,5
7264,1697,2026-06-13,Reports,88,5
7265,1697,2026-07-08,Dashboard,98,1
7266,1697,2025-11-29,API Access,70,1
7267,1697,2025-11-22,Mobile App,119,3
7268,1698,2026-09-10,Export Data,35,5
7269,1698,2026-06-28,Export Data,105,2
7270,1698,2026-06-13,Dashboard,37,1
7271,1698,2026-07-31,Notifications,63,3
7272,1698,2026-08-17,Mobile App,112,1
7273,1698,2026-07-20,API Access,115,3
7274,1698,2026-07-26,API Access,89,4
7275,1698,2026-06-25,Mobile App,10,5
7276,1698,2026-07-24,Export Data,31,2
7277,1698,2026-08-10,Reports,76,1
7278,1699,2026-06-21,Export Data,22,3
7279,1699,2026-05-30,Reports,83,3
7280,1699,2026-08-03,Dashboard,53,4
7281,1699,2026-06-30,Dashboard,114,4
7282,1699,2026-07-02,Notifications,72,3
7283,1699,2026-06-13,Export Data,39,1
7284,1700,2025-05-18,Dashboard,110,3
7285,1700,2026-08-14,Notifications,118,1
7286,1700,2024-03-13,Integrations,88,5
7287,1700,2026-06-17,Team Collaboration,119,5
7288,1700,2025-10-01,Team Collaboration,53,4
7289,1700,2024-07-10,Team Collaboration,61,1
7290,1700,2025-01-05,Reports,73,1
7291,1700,2024-08-15,Reports,56,3
7292,1701,2023-08-27,API Access,103,3
7293,1701,2025-10-24,Mobile App,114,1
7294,1701,2023-09-27,Dashboard,67,1
7295,1701,2024-08-14,API Access,34,2
7296,1701,2022-03-25,Integrations,5,2
7297,1701,2022-12-04,Integrations,57,2
7298,1701,2023-01-20,Mobile App,120,1
7299,1702,2025-03-30,Reports,45,1
7300,1702,2024-12-14,Integrations,29,3
7301,1702,2025-02-10,API Access,85,3
7302,1702,2026-04-25,API Access,37,2
7303,1702,2026-05-08,Notifications,78,2
7304,1702,2026-04-26,Mobile App,84,4
7305,1702,2025-07-10,Dashboard,73,2
7306,1703,2021-05-15,Dashboard,103,4
7307,1703,2021-02-27,Integrations,3,2
7308,1703,2021-02-25,Notifications,71,1
7309,1703,2021-03-16,Export Data,27,4
7310,1704,2026-08-11,Dashboard,84,4
7311,1704,2026-05-24,Export Data,116,3
7312,1704,2026-05-03,Integrations,117,2
7313,1704,2026-08-25,Notifications,88,4
7314,1705,2025-11-11,Mobile App,99,4
7315,1705,2025-11-10,Team Collaboration,69,1
7316,1706,2023-11-29,Team Collaboration,84,2
7317,1706,2024-05-12,Export Data,13,3
7318,1707,2025-04-01,Mobile App,23,5
7319,1707,2025-02-25,Reports,7,2
7320,1708,2022-01-24,Notifications,44,3
7321,1708,2025-08-03,Team Collaboration,80,1
7322,1708,2023-10-14,API Access,71,1
7323,1708,2025-12-24,Export Data,63,2
7324,1708,2025-02-04,Team Collaboration,50,5
7325,1708,2026-08-07,Reports,111,1
7326,1709,2024-09-06,Export Data,41,3
7327,1709,2026-01-04,Reports,14,5
7328,1709,2026-02-02,API Access,103,5
7329,1709,2025-12-18,API Access,72,2
7330,1709,2023-08-09,Reports,21,5
7331,1709,2023-09-05,Integrations,25,2
7332,1709,2024-02-05,Integrations,105,3
7333,1710,2021-09-20,Dashboard,40,1
7334,1710,2022-02-17,Export Data,61,1
7335,1711,2026-09-13,Team Collaboration,88,4
7336,1711,2026-04-20,Team Collaboration,82,3
7337,1711,2022-08-15,API Access,8,2
7338,1711,2026-05-18,Notifications,13,2
7339,1711,2024-05-28,Reports,29,1
7340,1711,2024-08-31,Integrations,63,4
7341,1711,2023-07-22,Reports,1,5
7342,1711,2023-10-11,Mobile App,67,4
7343,1711,2025-05-17,Team Collaboration,16,5
7344,1712,2024-06-20,Dashboard,86,3
7345,1712,2024-02-14,Export Data,116,1
7346,1712,2024-04-13,API Access,45,1
7347,1712,2024-04-20,Integrations,27,3
7348,1713,2024-02-19,Reports,2,5
7349,1713,2024-12-28,API Access,1,1
7350,1713,2024-11-05,API Access,89,5
7351,1713,2024-12-08,Mobile App,67,5
7352,1713,2025-08-29,Integrations,7,1
7353,1713,2025-03-17,Mobile App,62,3
7354,1714,2023-07-13,Team Collaboration,58,5
7355,1714,2023-01-30,Mobile App,66,2
7356,1714,2023-07-07,API Access,99,1
7357,1714,2023-07-19,Mobile App,48,5
7358,1715,2026-04-29,API Access,62,4
7359,1716,2025-06-10,Integrations,115,1
7360,1716,2026-03-07,Dashboard,13,1
7361,1716,2024-08-30,Reports,106,4
7362,1716,2026-01-12,Reports,111,4
7363,1716,2026-04-12,Notifications,34,5
7364,1716,2026-03-23,Notifications,86,1
7365,1717,2022-03-12,Team Collaboration,30,1
7366,1717,2024-06-12,Dashboard,85,2
7367,1717,2025-06-04,Reports,111,5
7368,1717,2025-05-31,Reports,67,3
7369,1717,2023-12-11,Mobile App,119,5
7370,1717,2022-11-13,Dashboard,111,2
7371,1717,2021-05-30,Integrations,25,3
7372,1717,2022-06-22,Team Collaboration,63,4
7373,1718,2024-05-17,Export Data,72,4
7374,1718,2023-06-10,Integrations,11,2
7375,1718,2024-07-22,Integrations,54,2
7376,1718,2023-04-02,Integrations,33,5
7377,1718,2024-03-19,Dashboard,108,1
7378,1718,2022-10-10,Dashboard,66,2
7379,1718,2024-08-12,Notifications,45,2
7380,1719,2026-04-05,Team Collaboration,113,1
7381,1719,2025-01-21,API Access,70,2
7382,1719,2024-12-18,Export Data,31,4
7383,1719,2023-09-17,Mobile App,65,2
7384,1720,2023-07-24,API Access,7,1
7385,1720,2023-06-14,Mobile App,112,3
7386,1720,2025-04-05,Mobile App,17,3
7387,1720,2024-07-06,Mobile App,40,4
7388,1720,2026-03-21,Reports,79,5
7389,1721,2023-05-29,Team Collaboration,60,2
7390,1722,2021-09-18,Export Data,12,4
7391,1723,2026-08-01,Reports,55,1
7392,1723,2026-09-06,Notifications,32,5
7393,1723,2026-05-17,Export Data,32,2
7394,1723,2026-07-06,Reports,112,4
7395,1723,2026-05-18,API Access,10,2
7396,1723,2026-05-16,Export Data,27,3
7397,1723,2026-07-23,Notifications,79,4
7398,1724,2025-10-01,Reports,3,5
7399,1724,2026-05-01,Dashboard,12,1
7400,1724,2024-10-11,Dashboard,73,1
7401,1724,2025-09-23,Export Data,36,1
7402,1724,2024-11-29,API Access,104,4
7403,1724,2026-04-25,Mobile App,111,3
7404,1724,2026-05-28,Team Collaboration,50,5
7405,1724,2026-05-15,API Access,43,3
7406,1724,2024-06-04,API Access,3,1
7407,1724,2024-10-25,Team Collaboration,5,5
7408,1725,2026-07-11,Team Collaboration,115,4
7409,1725,2026-08-25,API Access,61,5
7410,1725,2026-06-28,Notifications,3,1
7411,1725,2026-08-29,Dashboard,74,5
7412,1726,2026-04-30,Export Data,1,1
7413,1726,2026-09-07,Notifications,82,4
7414,1727,2025-11-21,Export Data,53,4
7415,1727,2025-07-03,Integrations,24,4
7416,1727,2026-03-15,API Access,56,5
7417,1727,2026-08-14,Export Data,14,1
7418,1727,2026-03-08,Notifications,79,3
7419,1727,2025-12-29,Reports,78,5
7420,1728,2021-09-16,API Access,4,3
7421,1728,2026-01-16,Notifications,113,2
7422,1728,2021-08-27,Mobile App,10,3
7423,1728,2025-08-18,Mobile App,91,5
7424,1728,2022-02-11,Notifications,89,3
7425,1728,2022-10-12,Notifications,72,5
7426,1728,2025-04-01,Integrations,109,2
7427,1728,2022-06-20,Integrations,22,4
7428,1728,2024-09-28,Dashboard,57,2
7429,1729,2025-12-25,Team Collaboration,60,5
7430,1729,2026-03-30,API Access,41,4
7431,1729,2026-03-27,Mobile App,91,3
7432,1729,2026-08-06,Dashboard,32,2
7433,1729,2026-04-30,Team Collaboration,67,5
7434,1730,2026-05-04,Reports,46,5
7435,1730,2024-10-10,Reports,14,4
7436,1730,2025-03-12,Reports,72,4
7437,1730,2026-03-24,Reports,57,3
7438,1730,2024-12-09,API Access,97,5
7439,1730,2026-08-28,Notifications,64,2
7440,1731,2024-08-23,Mobile App,63,5
7441,1731,2023-12-29,Reports,52,5
7442,1731,2024-02-05,Export Data,91,5
7443,1732,2026-09-06,Integrations,77,3
7444,1733,2024-10-28,Team Collaboration,18,1
7445,1733,2024-11-19,Notifications,24,1
7446,1733,2023-12-21,Integrations,55,1
7447,1734,2026-01-18,Integrations,90,3
7448,1734,2025-01-01,API Access,79,2
7449,1734,2025-02-15,API Access,89,5
7450,1734,2025-02-02,Reports,28,3
7451,1734,2024-07-20,Export Data,4,3
7452,1734,2026-02-19,Reports,68,3
7453,1734,2025-06-03,Team Collaboration,33,5
7454,1734,2025-05-08,API Access,30,3
7455,1735,2024-09-15,Reports,94,1
7456,1735,2025-04-14,Reports,71,4
7457,1735,2023-10-13,Mobile App,38,2
7458,1735,2025-04-03,API Access,32,5
7459,1736,2023-03-31,Export Data,89,5
7460,1736,2023-03-13,Export Data,103,4
7461,1736,2022-05-10,Export Data,17,3
7462,1736,2025-02-26,Export Data,52,2
7463,1736,2026-09-01,API Access,49,4
7464,1736,2022-07-06,Export Data,29,1
7465,1736,2025-04-10,Mobile App,69,1
7466,1736,2026-07-28,Reports,57,3
7467,1736,2025-12-09,Mobile App,47,2
7468,1736,2024-07-07,Mobile App,48,3
7469,1737,2024-11-23,Integrations,15,3
7470,1737,2024-08-24,Notifications,9,5
7471,1737,2026-01-22,Dashboard,87,2
7472,1737,2026-05-08,Dashboard,112,3
7473,1737,2023-10-29,Integrations,63,3
7474,1737,2025-05-27,Integrations,7,4
7475,1738,2023-05-07,Reports,8,2
7476,1739,2025-11-12,Notifications,65,3
7477,1739,2026-08-16,Notifications,119,5
7478,1739,2022-02-15,Integrations,43,1
7479,1740,2022-05-18,Team Collaboration,48,4
7480,1740,2025-03-18,Integrations,76,2
7481,1740,2026-09-09,Reports,113,5
7482,1740,2023-08-21,API Access,116,2
7483,1740,2023-10-28,Mobile App,6,1
7484,1740,2022-12-01,Integrations,40,3
7485,1740,2023-03-17,Notifications,112,5
7486,1740,2023-06-25,Notifications,92,3
7487,1740,2024-01-16,API Access,29,1
7488,1740,2023-10-20,Mobile App,95,3
7489,1741,2023-03-09,Export Data,105,1
7490,1741,2026-07-02,Reports,112,3
7491,1741,2024-09-18,Integrations,43,1
7492,1741,2026-02-28,Notifications,58,1
7493,1741,2026-01-31,Export Data,42,1
7494,1741,2022-08-07,Integrations,15,5
7495,1741,2026-03-10,Mobile App,2,1
7496,1741,2023-11-30,Reports,24,5
7497,1742,2023-02-02,Integrations,116,2
7498,1742,2024-02-26,Mobile App,105,1
7499,1742,2024-10-24,Notifications,3,4
7500,1742,2024-06-27,Export Data,44,4
7501,1743,2025-08-31,Team Collaboration,58,2
7502,1743,2024-07-27,Notifications,64,5
7503,1743,2024-07-03,Reports,13,3
7504,1743,2025-05-11,Integrations,88,2
7505,1743,2025-02-20,Dashboard,73,5
7506,1743,2026-04-24,Reports,58,2
7507,1743,2025-12-25,Notifications,98,4
7508,1743,2025-11-10,Integrations,21,4
7509,1743,2023-12-29,API Access,64,1
7510,1743,2024-01-23,Integrations,28,2
7511,1744,2026-06-07,Reports,66,1
7512,1745,2024-02-01,Export Data,111,3
7513,1745,2024-01-14,Integrations,6,4
7514,1746,2024-03-27,Dashboard,39,5
7515,1746,2023-11-23,Reports,87,3
7516,1746,2022-07-31,Dashboard,5,3
7517,1746,2026-02-13,Dashboard,78,3
7518,1747,2023-04-20,Export Data,71,1
7519,1747,2024-11-01,Mobile App,27,1
7520,1748,2026-06-14,Reports,65,4
7521,1748,2026-04-10,Mobile App,50,2
7522,1748,2026-01-30,Notifications,77,4
7523,1748,2025-12-27,Team Collaboration,92,5
7524,1748,2026-03-04,API Access,20,3
7525,1750,2024-07-29,Team Collaboration,8,2
7526,1750,2023-11-03,Export Data,111,4
7527,1750,2022-04-23,Mobile App,68,5
7528,1750,2025-10-22,Mobile App,24,1
7529,1750,2025-10-04,Export Data,43,3
7530,1751,2024-11-16,Integrations,103,5
7531,1753,2026-09-06,Dashboard,22,3
7532,1753,2026-06-11,Export Data,2,2
7533,1753,2024-10-28,Team Collaboration,99,1
7534,1753,2022-05-09,Notifications,41,2
7535,1753,2026-02-22,Dashboard,107,3
7536,1753,2022-09-25,Dashboard,52,5
7537,1755,2026-06-20,Dashboard,91,4
7538,1755,2025-12-11,API Access,5,3
7539,1755,2025-09-25,Dashboard,87,5
7540,1755,2025-08-01,Mobile App,80,4
7541,1755,2025-08-14,Export Data,40,2
7542,1755,2026-01-23,Integrations,3,3
7543,1755,2026-02-09,Reports,25,5
7544,1755,2025-05-21,Export Data,99,2
7545,1755,2024-01-27,Export Data,61,1
7546,1755,2024-06-13,API Access,119,5
7547,1756,2021-10-08,Team Collaboration,111,2
7548,1756,2021-08-15,Dashboard,59,3
7549,1757,2023-02-28,API Access,34,1
7550,1757,2023-02-21,Reports,74,4
7551,1757,2023-02-22,Dashboard,53,3
7552,1757,2022-11-06,Notifications,104,1
7553,1758,2021-02-23,Mobile App,37,3
7554,1759,2026-09-13,API Access,111,1
7555,1759,2026-07-20,API Access,41,3
7556,1759,2026-06-16,Reports,113,1
7557,1759,2026-08-24,Team Collaboration,21,2
7558,1759,2026-06-20,Mobile App,113,1
7559,1759,2026-06-15,Team Collaboration,8,2
7560,1760,2024-09-17,Export Data,5,5
7561,1760,2024-06-14,Export Data,86,5
7562,1760,2025-07-21,Mobile App,77,4
7563,1760,2025-07-17,Mobile App,62,4
7564,1760,2025-05-31,Notifications,76,5
7565,1760,2024-06-29,Export Data,87,1
7566,1761,2024-01-19,Notifications,65,3
7567,1761,2023-02-26,Notifications,113,4
7568,1761,2024-01-13,Team Collaboration,86,4
7569,1762,2024-09-30,Reports,116,4
7570,1762,2025-03-03,Export Data,26,4
7571,1762,2025-07-24,Dashboard,28,4
7572,1762,2025-06-12,Dashboard,101,3
7573,1763,2023-07-04,Reports,41,5
7574,1763,2022-10-09,Reports,30,5
7575,1763,2023-11-08,Team Collaboration,18,2
7576,1764,2026-09-01,Team Collaboration,79,5
7577,1764,2026-04-08,Dashboard,115,2
7578,1764,2026-08-20,Mobile App,47,1
7579,1765,2026-07-09,API Access,57,2
7580,1765,2026-08-05,Export Data,23,5
7581,1765,2026-06-03,API Access,44,2
7582,1765,2026-07-04,Notifications,70,5
7583,1765,2026-05-08,Reports,28,1
7584,1765,2026-08-19,Mobile App,61,5
7585,1765,2026-05-08,Export Data,59,1
7586,1765,2026-03-19,Export Data,98,3
7587,1765,2026-09-10,Team Collaboration,94,5
7588,1765,2026-04-17,Export Data,114,3
7589,1766,2026-02-01,Team Collaboration,22,2
7590,1766,2025-08-13,Notifications,2,1
7591,1767,2023-07-30,Mobile App,66,2
7592,1767,2023-11-14,Notifications,34,4
7593,1767,2023-08-31,Team Collaboration,72,2
7594,1768,2024-07-19,API Access,101,5
7595,1768,2022-03-25,Team Collaboration,65,1
7596,1768,2022-06-07,API Access,29,5
7597,1768,2024-03-28,Notifications,50,5
7598,1769,2026-07-24,API Access,97,2
7599,1769,2026-09-04,Notifications,75,5
7600,1769,2026-07-10,Mobile App,65,3
7601,1769,2026-08-12,API Access,79,5
7602,1769,2026-08-19,Notifications,31,4
7603,1769,2026-07-20,Dashboard,76,3
7604,1769,2026-08-16,Integrations,37,3
7605,1769,2026-07-17,Mobile App,38,2
7606,1769,2026-09-04,Dashboard,53,1
7607,1770,2023-12-19,API Access,81,3
7608,1770,2025-10-31,Integrations,21,4
7609,1771,2021-08-25,Reports,88,4
7610,1772,2026-09-03,Notifications,102,5
7611,1772,2026-06-28,Team Collaboration,3,2
7612,1772,2026-07-06,Export Data,21,5
7613,1772,2026-07-20,API Access,23,1
7614,1772,2026-06-27,Dashboard,60,4
7615,1772,2026-07-26,API Access,94,3
7616,1772,2026-08-01,Team Collaboration,87,5
7617,1772,2026-08-21,Notifications,80,3
7618,1773,2025-11-12,Integrations,98,4
7619,1773,2025-06-17,Mobile App,88,1
7620,1773,2024-08-29,Notifications,106,1
7621,1773,2024-12-09,Team Collaboration,114,4
7622,1773,2024-10-01,Mobile App,30,3
7623,1774,2023-02-03,Mobile App,99,2
7624,1774,2023-05-22,Export Data,89,3
7625,1774,2023-03-05,Export Data,52,1
7626,1774,2023-04-10,Notifications,16,3
7627,1774,2024-11-11,Integrations,65,1
7628,1774,2026-06-20,Dashboard,94,2
7629,1774,2026-01-31,Export Data,92,5
7630,1774,2021-05-03,API Access,117,2
7631,1775,2025-04-28,Team Collaboration,93,1
7632,1775,2026-05-10,Notifications,43,5
7633,1775,2025-09-23,Team Collaboration,75,3
7634,1775,2026-06-21,Dashboard,117,4
7635,1775,2026-08-28,Dashboard,37,3
7636,1775,2025-03-11,Reports,36,5
7637,1775,2025-01-25,Export Data,45,4
7638,1775,2025-12-09,Integrations,87,1
7639,1775,2025-06-15,Team Collaboration,103,4
7640,1776,2024-04-19,Integrations,31,3
7641,1776,2022-12-12,Dashboard,34,1
7642,1776,2024-10-23,Reports,18,1
7643,1776,2022-12-04,Team Collaboration,13,1
7644,1776,2024-06-29,Export Data,53,3
7645,1776,2023-06-23,Dashboard,75,2
7646,1776,2025-06-30,Notifications,37,5
7647,1776,2023-08-19,Team Collaboration,104,1
7648,1777,2026-03-09,Export Data,69,3
7649,1777,2026-04-02,Team Collaboration,91,3
7650,1777,2026-07-22,Export Data,21,5
7651,1777,2026-07-10,Team Collaboration,30,3
7652,1777,2026-04-13,API Access,120,3
7653,1778,2025-12-19,Export Data,14,1
7654,1778,2023-11-16,Export Data,5,3
7655,1778,2026-02-24,Dashboard,63,4
7656,1778,2026-02-26,Team Collaboration,70,3
7657,1778,2026-01-10,Team Collaboration,73,5
7658,1779,2026-09-01,Dashboard,23,5
7659,1779,2026-08-08,Integrations,21,2
7660,1779,2026-09-03,Notifications,8,3
7661,1779,2026-07-13,Reports,100,4
7662,1779,2026-08-23,API Access,81,4
7663,1779,2026-08-22,Reports,23,5
7664,1779,2026-06-26,API Access,91,3
7665,1781,2021-04-03,Reports,75,1
7666,1781,2021-05-12,Notifications,112,4
7667,1781,2021-04-30,Export Data,49,1
7668,1781,2022-01-08,API Access,11,3
7669,1782,2025-12-18,Team Collaboration,106,3
7670,1782,2024-09-15,Notifications,26,5
7671,1782,2025-12-07,Mobile App,107,5
7672,1782,2025-10-01,Team Collaboration,71,4
7673,1782,2026-05-26,Export Data,43,3
7674,1782,2026-01-12,Integrations,21,5
7675,1782,2024-07-03,Mobile App,65,4
7676,1783,2025-03-12,Mobile App,24,4
7677,1783,2025-04-16,Mobile App,96,4
7678,1783,2023-08-04,Team Collaboration,48,2
7679,1783,2023-06-24,Integrations,59,2
7680,1783,2026-07-29,Export Data,1,5
7681,1783,2025-01-25,Reports,2,1
7682,1783,2023-12-02,Dashboard,80,3
7683,1784,2025-12-22,Team Collaboration,70,4
7684,1785,2024-06-06,Integrations,64,3
7685,1785,2024-02-13,Dashboard,41,4
7686,1785,2024-09-14,Notifications,44,1
7687,1785,2023-11-30,Reports,25,2
7688,1787,2026-05-27,API Access,10,4
7689,1787,2025-03-22,Export Data,51,1
7690,1787,2025-08-10,Dashboard,29,1
7691,1787,2025-10-20,Dashboard,76,5
7692,1787,2025-12-11,Mobile App,21,2
7693,1787,2024-09-25,Team Collaboration,81,3
7694,1787,2025-02-24,Notifications,8,3
7695,1787,2024-09-06,Export Data,37,2
7696,1787,2025-04-16,Dashboard,107,3
7697,1788,2024-05-13,API Access,33,3
7698,1788,2024-07-01,Notifications,66,1
7699,1788,2024-04-18,Dashboard,47,2
7700,1788,2024-02-02,Reports,13,5
7701,1788,2023-03-14,Integrations,5,2
7702,1788,2023-03-02,Notifications,8,4
7703,1788,2024-06-17,Dashboard,61,1
7704,1788,2022-09-27,Integrations,31,5
7705,1788,2026-02-09,Dashboard,19,1
7706,1788,2024-06-27,API Access,78,1
7707,1789,2024-09-10,Team Collaboration,71,3
7708,1789,2025-05-25,Mobile App,43,2
7709,1789,2024-12-07,Notifications,83,3
7710,1789,2023-03-21,Dashboard,21,2
7711,1789,2025-10-06,Reports,101,2
7712,1789,2025-02-19,API Access,66,3
7713,1789,2022-12-19,Team Collaboration,80,1
7714,1789,2025-05-30,Mobile App,50,3
7715,1789,2023-01-07,Export Data,49,2
7716,1789,2025-06-27,Integrations,112,1
7717,1790,2025-03-23,Export Data,50,5
7718,1790,2025-05-14,Notifications,64,4
7719,1791,2026-04-14,API Access,61,5
7720,1791,2025-04-16,API Access,106,4
7721,1791,2026-05-30,Mobile App,114,2
7722,1792,2023-12-26,API Access,61,5
7723,1792,2023-11-29,Team Collaboration,96,4
7724,1792,2024-08-26,Notifications,72,2
7725,1793,2022-06-09,Export Data,18,2
7726,1793,2023-07-17,Notifications,6,2
7727,1793,2026-04-12,Notifications,86,3
7728,1794,2024-09-14,Integrations,55,2
7729,1794,2024-11-19,API Access,12,3
7730,1794,2023-04-29,Mobile App,119,4
7731,1794,2023-09-30,Export Data,79,1
7732,1794,2025-04-28,Mobile App,110,1
7733,1795,2024-12-31,Team Collaboration,108,4
7734,1795,2024-10-23,Mobile App,30,4
7735,1795,2025-03-03,Mobile App,16,4
7736,1795,2022-12-17,Team Collaboration,108,1
7737,1795,2022-12-01,API Access,53,1
7738,1795,2024-01-09,Dashboard,33,1
7739,1796,2026-08-05,Team Collaboration,115,4
7740,1796,2026-07-29,Dashboard,73,3
7741,1796,2025-09-23,Notifications,24,2
7742,1796,2025-03-15,Integrations,14,1
7743,1796,2026-05-29,Team Collaboration,44,2
7744,1796,2026-02-18,Export Data,119,2
7745,1796,2026-04-30,Notifications,9,4
7746,1796,2025-10-21,API Access,68,5
7747,1796,2024-12-11,API Access,108,5
7748,1797,2022-09-07,Notifications,70,3
7749,1797,2024-05-25,Mobile App,115,4
7750,1797,2024-02-17,API Access,73,4
7751,1798,2026-02-03,Dashboard,117,5
7752,1798,2026-07-27,API Access,67,2
7753,1799,2023-12-14,Export Data,88,4
7754,1800,2024-10-21,Team Collaboration,120,4
7755,1800,2022-02-20,Mobile App,107,2
7756,1801,2026-03-18,Export Data,110,1
7757,1802,2024-03-10,Reports,86,3
7758,1802,2024-08-30,Team Collaboration,68,3
7759,1802,2024-06-13,Dashboard,94,3
7760,1803,2025-07-23,Dashboard,29,3
7761,1803,2025-08-11,Notifications,58,5
7762,1803,2025-02-05,Dashboard,79,1
7763,1803,2025-11-22,Reports,96,3
7764,1804,2026-04-30,Team Collaboration,47,3
7765,1804,2026-08-08,Reports,26,5
7766,1804,2026-03-25,Integrations,59,2
7767,1804,2026-08-06,Export Data,90,3
7768,1804,2026-08-07,Mobile App,110,4
7769,1805,2024-03-20,Reports,26,5
7770,1805,2026-04-30,Notifications,85,2
7771,1805,2024-06-25,Dashboard,114,5
7772,1805,2025-08-28,Reports,83,5
7773,1805,2025-02-04,Mobile App,73,5
7774,1805,2025-07-19,Dashboard,26,4
7775,1805,2024-03-28,Integrations,5,5
7776,1805,2025-04-23,Team Collaboration,47,3
7777,1805,2025-12-11,Integrations,24,5
7778,1806,2025-10-06,Export Data,119,4
7779,1806,2026-05-16,Export Data,76,4
7780,1806,2026-07-21,Integrations,54,4
7781,1807,2025-06-21,Reports,30,5
7782,1807,2023-07-28,Notifications,71,2
7783,1807,2025-01-29,Integrations,80,2
7784,1808,2026-03-02,Team Collaboration,97,1
7785,1808,2024-11-24,Notifications,111,2
7786,1808,2025-03-02,Mobile App,34,3
7787,1808,2023-08-18,Mobile App,22,5
7788,1808,2025-09-21,Team Collaboration,13,3
7789,1808,2022-05-02,Dashboard,66,2
7790,1808,2025-09-25,Mobile App,83,3
7791,1808,2024-11-12,API Access,58,3
7792,1808,2026-09-04,Integrations,38,4
7793,1809,2025-03-29,Notifications,27,1
7794,1809,2023-06-08,API Access,48,2
7795,1809,2026-07-06,Mobile App,13,5
7796,1809,2024-04-28,Notifications,78,3
7797,1809,2025-08-17,Team Collaboration,100,3
7798,1809,2024-06-30,Reports,94,2
7799,1810,2026-06-12,Export Data,5,4
7800,1810,2026-04-21,Mobile App,70,1
7801,1810,2026-07-19,Reports,38,1
7802,1810,2026-08-17,Dashboard,52,1
7803,1811,2024-12-16,API Access,115,4
7804,1811,2024-11-17,Dashboard,42,3
7805,1811,2023-02-17,Dashboard,96,2
7806,1811,2026-08-12,Team Collaboration,35,3
7807,1811,2025-11-06,Mobile App,70,5
7808,1811,2023-10-17,Team Collaboration,64,5
7809,1811,2024-01-26,Notifications,55,5
7810,1812,2024-03-05,Notifications,13,4
7811,1812,2023-11-19,Reports,99,4
7812,1812,2024-10-07,Mobile App,64,2
7813,1813,2024-09-21,Mobile App,39,3
7814,1813,2026-08-27,Notifications,56,2
7815,1813,2025-10-23,Export Data,116,3
7816,1813,2026-06-07,Reports,55,1
7817,1813,2026-04-15,Reports,82,1
7818,1813,2026-06-15,Mobile App,115,4
7819,1813,2026-01-05,API Access,52,4
7820,1814,2025-01-04,Mobile App,91,2
7821,1814,2025-07-03,API Access,50,2
7822,1814,2026-05-03,Mobile App,59,5
7823,1814,2026-03-25,Notifications,34,2
7824,1814,2025-07-24,Dashboard,51,5
7825,1815,2023-03-26,Dashboard,108,1
7826,1815,2024-05-19,Team Collaboration,74,5
7827,1816,2024-11-24,Notifications,71,4
7828,1816,2024-01-05,Team Collaboration,7,4
7829,1816,2024-03-16,Dashboard,46,2
7830,1816,2024-10-24,Dashboard,34,2
7831,1816,2025-02-17,API Access,54,1
7832,1816,2025-11-27,Team Collaboration,56,5
7833,1816,2024-04-29,Export Data,39,4
7834,1816,2023-05-03,Integrations,45,2
7835,1817,2026-05-16,Team Collaboration,53,3
7836,1817,2026-06-03,Notifications,57,3
7837,1817,2026-06-06,Export Data,72,1
7838,1817,2026-05-31,Mobile App,71,3
7839,1818,2026-03-27,Integrations,82,2
7840,1819,2026-04-18,Integrations,35,3
7841,1819,2026-05-18,Reports,102,2
7842,1819,2026-06-20,Team Collaboration,41,4
7843,1819,2026-06-05,Export Data,105,3
7844,1820,2023-12-01,Team Collaboration,6,3
7845,1820,2026-08-09,Mobile App,49,2
7846,1820,2022-08-06,Team Collaboration,49,2
7847,1820,2025-04-09,Dashboard,113,3
7848,1820,2024-09-15,Dashboard,108,3
7849,1820,2023-12-19,Notifications,82,1
7850,1821,2025-04-03,API Access,42,1
7851,1821,2025-04-16,Mobile App,92,5
7852,1821,2025-01-26,API Access,38,3
7853,1822,2025-07-27,Team Collaboration,21,2
7854,1822,2024-04-09,Integrations,70,1
7855,1822,2024-07-05,Notifications,45,1
7856,1822,2023-08-30,Team Collaboration,25,2
7857,1822,2025-11-28,Export Data,93,1
7858,1822,2023-09-18,Team Collaboration,66,1
7859,1822,2025-08-23,Mobile App,59,5
7860,1822,2026-02-11,Team Collaboration,87,1
7861,1822,2024-06-23,Notifications,42,2
7862,1823,2021-11-25,Notifications,44,1
7863,1823,2022-04-28,Notifications,39,2
7864,1823,2022-03-15,Export Data,118,2
7865,1823,2022-04-01,Team Collaboration,120,3
7866,1824,2026-08-27,Integrations,64,4
7867,1824,2026-06-08,Dashboard,104,3
7868,1825,2024-12-13,Reports,89,4
7869,1825,2025-08-03,Integrations,113,1
7870,1825,2025-06-13,Mobile App,71,5
7871,1826,2024-03-21,API Access,25,3
7872,1827,2025-12-24,Mobile App,34,5
7873,1827,2025-08-05,Dashboard,118,1
7874,1827,2025-02-22,Dashboard,91,4
7875,1827,2023-09-04,Dashboard,3,1
7876,1827,2026-03-21,Integrations,65,4
7877,1827,2025-08-16,Export Data,85,2
7878,1828,2026-09-08,Mobile App,45,1
7879,1828,2026-07-26,API Access,117,2
7880,1828,2026-08-02,Export Data,23,4
7881,1828,2026-08-25,Export Data,16,3
7882,1828,2026-08-25,API Access,104,5
7883,1828,2026-07-16,Team Collaboration,13,2
7884,1829,2026-04-07,API Access,42,3
7885,1829,2026-05-26,Export Data,39,2
7886,1829,2026-08-23,Dashboard,69,1
7887,1829,2026-03-18,Reports,70,3
7888,1829,2026-04-30,Team Collaboration,45,1
7889,1829,2026-05-11,API Access,60,3
7890,1829,2026-06-04,Export Data,93,2
7891,1829,2026-07-29,Export Data,28,5
7892,1829,2026-08-06,Export Data,35,2
7893,1829,2026-08-08,Integrations,95,1
7894,1830,2025-12-04,Reports,2,4
7895,1830,2023-11-01,Dashboard,78,1
7896,1830,2025-12-31,Dashboard,88,1
7897,1830,2025-09-26,Team Collaboration,83,3
7898,1830,2026-01-11,Mobile App,19,4
7899,1830,2026-03-13,Mobile App,88,5
7900,1830,2024-12-16,Integrations,68,3
7901,1830,2023-11-14,Notifications,17,1
7902,1830,2025-03-25,API Access,102,3
7903,1830,2025-10-23,API Access,70,1
7904,1831,2023-11-28,Team Collaboration,59,5
7905,1831,2023-09-22,Team Collaboration,55,5
7906,1831,2025-01-23,Dashboard,64,4
7907,1831,2024-06-19,Reports,77,1
7908,1831,2026-07-23,Notifications,98,5
7909,1831,2025-12-10,Team Collaboration,53,2
7910,1831,2024-10-17,Notifications,5,1
7911,1831,2026-04-16,Team Collaboration,59,5
7912,1832,2022-05-21,Integrations,34,1
7913,1832,2023-12-12,Notifications,11,2
7914,1832,2024-03-21,API Access,31,2
7915,1832,2022-05-25,Mobile App,108,5
7916,1832,2021-02-14,Dashboard,18,1
7917,1832,2022-07-11,Notifications,42,3
7918,1832,2023-04-09,Mobile App,88,1
7919,1832,2025-02-14,API Access,9,4
7920,1832,2026-05-24,API Access,120,1
7921,1832,2021-06-29,Export Data,44,2
7922,1833,2026-09-01,Reports,83,5
7923,1833,2026-09-13,Integrations,57,2
7924,1833,2026-06-09,Notifications,97,3
7925,1834,2026-01-09,Notifications,3,1
7926,1835,2023-06-14,Mobile App,54,5
7927,1835,2022-06-24,Dashboard,24,3
7928,1835,2022-06-25,Export Data,64,3
7929,1836,2026-04-10,Reports,106,1
7930,1836,2025-02-16,Dashboard,33,1
7931,1836,2026-07-27,Export Data,35,2
7932,1836,2023-04-20,Mobile App,10,3
7933,1836,2022-08-21,Mobile App,27,2
7934,1837,2023-09-24,API Access,100,4
7935,1838,2024-05-07,Export Data,75,5
7936,1838,2025-09-03,API Access,4,1
7937,1838,2023-11-06,Notifications,77,5
7938,1840,2026-07-02,Team Collaboration,60,5
7939,1840,2026-06-07,API Access,33,2
7940,1840,2026-03-06,Export Data,3,1
7941,1840,2026-06-26,Team Collaboration,103,5
7942,1840,2026-07-16,API Access,106,3
7943,1840,2026-07-16,Reports,4,5
7944,1840,2026-07-12,API Access,77,3
7945,1841,2021-04-18,Reports,33,2
7946,1841,2022-03-31,API Access,68,2
7947,1841,2021-08-24,Team Collaboration,85,5
7948,1841,2021-10-29,Notifications,21,4
7949,1842,2025-09-28,Mobile App,21,2
7950,1842,2025-07-28,Integrations,95,4
7951,1842,2026-01-22,Notifications,68,4
7952,1843,2023-12-21,Team Collaboration,75,5
7953,1843,2022-01-23,Integrations,9,5
7954,1843,2024-04-05,Dashboard,13,2
7955,1843,2025-08-10,API Access,88,5
7956,1843,2023-05-11,Integrations,109,2
7957,1843,2026-07-25,Reports,76,4
7958,1843,2021-08-01,Mobile App,98,4
7959,1843,2025-07-17,Notifications,120,1
7960,1843,2024-10-07,Reports,56,3
7961,1844,2026-05-06,Mobile App,85,3
7962,1845,2026-04-05,Export Data,82,3
7963,1845,2026-05-28,Export Data,39,3
7964,1845,2026-05-04,Reports,16,5
7965,1847,2025-07-26,Notifications,10,5
7966,1847,2025-03-17,Mobile App,96,3
7967,1847,2026-01-07,API Access,28,2
7968,1847,2025-02-21,Reports,69,5
7969,1847,2025-06-28,Team Collaboration,24,2
7970,1847,2025-04-18,Export Data,42,3
7971,1847,2025-07-06,Export Data,19,3
7972,1847,2025-06-06,Dashboard,9,3
7973,1848,2025-05-12,Mobile App,104,1
7974,1848,2026-08-28,Reports,88,2
7975,1848,2026-03-23,API Access,4,3
7976,1848,2026-02-11,API Access,61,3
7977,1848,2025-07-14,Integrations,71,3
7978,1849,2025-03-11,Integrations,4,5
7979,1849,2025-02-12,API Access,8,1
7980,1850,2026-03-09,Mobile App,110,5
7981,1850,2026-04-08,Reports,111,5
7982,1850,2026-06-24,Notifications,23,3
7983,1850,2025-11-27,Dashboard,63,2
7984,1850,2025-07-23,Notifications,91,3
7985,1850,2025-10-30,Export Data,10,4
7986,1850,2025-03-20,Mobile App,88,2
7987,1850,2026-09-05,Mobile App,20,1
7988,1850,2025-05-17,Team Collaboration,36,5
7989,1850,2026-05-02,Mobile App,94,1
7990,1851,2023-07-18,Dashboard,52,3
7991,1851,2022-02-11,API Access,103,1
7992,1851,2022-12-13,Dashboard,55,4
7993,1851,2025-10-20,Dashboard,60,4
7994,1851,2025-11-27,Export Data,23,5
7995,1851,2022-11-08,Integrations,8,5
7996,1852,2023-05-11,Export Data,3,4
7997,1852,2023-05-30,Dashboard,85,5
7998,1853,2022-10-10,Team Collaboration,44,5
7999,1853,2022-05-19,API Access,46,3
8000,1853,2022-11-09,Notifications,8,1
8001,1853,2024-04-22,Integrations,56,1
8002,1853,2026-01-30,Export Data,73,4
8003,1854,2026-05-09,API Access,18,3
8004,1854,2023-12-10,Integrations,80,5
8005,1854,2025-06-27,Reports,111,3
8006,1854,2024-11-22,Export Data,119,2
8007,1854,2023-09-24,Integrations,34,3
8008,1855,2025-04-15,API Access,23,3
8009,1855,2026-04-18,Notifications,52,2
8010,1855,2025-06-23,Mobile App,50,1
8011,1855,2026-02-07,Dashboard,120,3
8012,1855,2026-09-02,Mobile App,78,5
8013,1855,2026-05-07,Team Collaboration,57,1
8014,1855,2025-05-19,Dashboard,85,1
8015,1855,2026-04-04,Dashboard,74,2
8016,1857,2025-03-11,Notifications,5,1
8017,1859,2025-07-07,Team Collaboration,28,3
8018,1859,2024-07-17,API Access,5,3
8019,1859,2025-06-22,Mobile App,28,3
8020,1859,2025-04-07,Export Data,50,4
8021,1860,2023-06-12,API Access,46,3
8022,1860,2024-01-15,Reports,77,4
8023,1860,2024-02-09,Mobile App,108,2
8024,1861,2022-10-06,Notifications,78,4
8025,1861,2023-01-16,Reports,117,2
8026,1861,2022-07-15,Export Data,88,3
8027,1861,2022-11-09,Mobile App,99,3
8028,1862,2025-11-14,Team Collaboration,91,5
8029,1862,2026-09-06,Notifications,49,3
8030,1862,2025-06-23,Reports,15,3
8031,1862,2026-01-02,Team Collaboration,53,3
8032,1862,2024-02-16,Integrations,24,5
8033,1862,2022-06-22,Team Collaboration,83,4
8034,1863,2022-12-30,Dashboard,99,5
8035,1863,2023-06-18,Export Data,61,5
8036,1863,2023-07-08,Mobile App,64,1
8037,1863,2022-12-29,Reports,117,1
8038,1864,2026-02-04,Integrations,10,5
8039,1864,2023-03-19,Reports,92,3
8040,1864,2026-01-29,Dashboard,44,5
8041,1864,2026-03-09,Team Collaboration,58,4
8042,1864,2024-03-15,Notifications,9,4
8043,1865,2024-10-13,Reports,57,2
8044,1865,2024-08-20,Reports,14,4
8045,1865,2024-04-18,API Access,2,2
8046,1865,2024-09-18,Team Collaboration,2,1
8047,1866,2025-07-31,Export Data,19,2
8048,1866,2022-08-26,API Access,12,3
8049,1866,2025-03-15,Export Data,49,1
8050,1866,2025-08-14,Export Data,100,3
8051,1866,2023-11-09,Dashboard,27,5
8052,1866,2025-01-08,Mobile App,71,3
8053,1866,2025-02-22,Mobile App,22,4
8054,1867,2026-01-19,Team Collaboration,20,3
8055,1868,2026-05-01,Export Data,73,1
8056,1868,2024-10-16,Reports,43,4
8057,1868,2026-08-22,Dashboard,14,3
8058,1868,2025-08-13,Reports,27,2
8059,1868,2026-03-04,Integrations,18,4
8060,1868,2026-01-19,Export Data,1,1
8061,1868,2024-05-08,Team Collaboration,97,2
8062,1868,2025-01-04,Notifications,15,3
8063,1868,2024-04-09,Export Data,65,5
8064,1869,2026-07-21,API Access,22,1
8065,1869,2023-09-12,Team Collaboration,64,2
8066,1869,2026-03-14,Mobile App,96,4
8067,1869,2025-10-31,API Access,26,1
8068,1869,2023-12-20,Integrations,109,5
8069,1869,2023-11-05,API Access,12,4
8070,1869,2025-10-31,Notifications,55,2
8071,1869,2026-08-19,Mobile App,103,1
8072,1869,2024-07-14,Team Collaboration,78,5
8073,1870,2026-02-17,API Access,111,1
8074,1870,2026-03-22,Mobile App,37,1
8075,1870,2026-06-02,Mobile App,67,2
8076,1870,2025-10-16,API Access,35,4
8077,1870,2026-02-08,Export Data,48,4
8078,1870,2025-10-15,Dashboard,38,2
8079,1870,2026-08-09,Dashboard,10,5
8080,1870,2026-05-06,Mobile App,58,3
8081,1870,2026-08-21,Notifications,18,1
8082,1871,2026-09-05,Reports,45,4
8083,1871,2026-07-09,Export Data,73,5
8084,1871,2026-07-20,Export Data,96,1
8085,1872,2026-05-04,Notifications,69,5
8086,1873,2026-05-08,Team Collaboration,89,1
8087,1873,2024-02-05,Dashboard,62,3
8088,1874,2024-02-27,Notifications,11,3
8089,1874,2023-07-26,Team Collaboration,8,3
8090,1874,2023-12-09,Dashboard,22,5
8091,1874,2024-02-20,Dashboard,12,4
8092,1875,2023-01-22,Team Collaboration,79,2
8093,1875,2024-12-01,Export Data,72,4
8094,1877,2025-10-13,Integrations,97,2
8095,1877,2025-09-14,Integrations,5,3
8096,1877,2026-07-31,Notifications,15,1
8097,1877,2025-07-20,Dashboard,3,1
8098,1877,2025-07-01,Reports,93,3
8099,1877,2024-08-25,Mobile App,56,5
8100,1877,2025-10-01,API Access,51,4
8101,1878,2022-11-05,Mobile App,24,5
8102,1878,2022-10-26,Mobile App,81,1
8103,1878,2022-10-28,Dashboard,117,1
8104,1878,2022-12-09,Mobile App,89,5
8105,1879,2024-08-16,Export Data,76,2
8106,1879,2025-05-31,Reports,41,3
8107,1879,2025-08-02,Mobile App,67,2
8108,1880,2024-01-18,Reports,109,4
8109,1880,2024-01-26,Reports,12,2
8110,1880,2024-03-06,Reports,19,3
8111,1880,2024-05-20,Dashboard,24,3
8112,1881,2023-11-27,Team Collaboration,65,1
8113,1881,2026-04-17,Notifications,115,5
8114,1881,2024-04-18,API Access,93,3
8115,1882,2026-03-10,Reports,80,1
8116,1882,2025-07-11,Reports,39,1
8117,1882,2022-12-12,Reports,76,4
8118,1883,2025-02-28,API Access,79,2
8119,1883,2025-10-31,API Access,86,2
8120,1883,2025-10-21,Mobile App,8,2
8121,1883,2026-05-06,Reports,108,5
8122,1883,2024-01-02,API Access,24,3
8123,1884,2021-09-25,Export Data,93,2
8124,1884,2021-06-25,Integrations,40,4
8125,1884,2021-07-25,Dashboard,108,4
8126,1886,2025-10-21,API Access,14,1
8127,1886,2024-09-21,Mobile App,64,2
8128,1886,2025-06-27,Mobile App,67,5
8129,1886,2026-02-01,Notifications,45,3
8130,1886,2025-12-17,Notifications,31,3
8131,1886,2026-01-26,Mobile App,3,3
8132,1886,2026-02-18,Reports,108,4
8133,1887,2026-06-05,Reports,56,1
8134,1887,2026-08-30,Integrations,1,5
8135,1888,2026-01-15,Team Collaboration,86,2
8136,1888,2026-08-13,Reports,1,4
8137,1888,2026-05-12,API Access,65,3
8138,1888,2026-06-25,Dashboard,40,5
8139,1888,2026-04-10,Notifications,5,2
8140,1889,2026-08-02,Mobile App,119,3
8141,1889,2026-09-02,Export Data,92,3
8142,1889,2026-08-15,Mobile App,92,2
8143,1889,2026-09-01,API Access,65,2
8144,1889,2026-05-25,Reports,19,1
8145,1889,2026-08-08,Mobile App,40,3
8146,1889,2026-08-14,Dashboard,24,4
8147,1889,2026-05-31,Dashboard,95,3
8148,1891,2023-10-18,Export Data,72,4
8149,1891,2023-09-17,Notifications,40,5
8150,1891,2023-09-23,Notifications,73,4
8151,1892,2026-09-03,API Access,88,5
8152,1892,2024-11-23,API Access,13,5
8153,1893,2025-07-31,Export Data,86,3
8154,1893,2024-02-16,Export Data,21,4
8155,1893,2023-12-29,Export Data,72,3
8156,1893,2025-04-11,Notifications,104,5
8157,1893,2024-03-30,Dashboard,45,1
8158,1893,2025-03-08,Dashboard,115,4
8159,1893,2025-12-20,Team Collaboration,112,1
8160,1893,2025-11-23,Integrations,87,1
8161,1894,2022-06-21,Mobile App,117,3
8162,1895,2025-06-12,Reports,98,1
8163,1895,2025-10-13,Mobile App,100,2
8164,1896,2023-01-07,Integrations,91,4
8165,1896,2024-06-01,Integrations,94,3
8166,1896,2026-02-02,API Access,12,3
8167,1896,2021-11-07,Export Data,117,2
8168,1896,2021-12-03,Team Collaboration,112,4
8169,1896,2022-11-25,API Access,66,1
8170,1896,2026-05-17,Export Data,51,2
8171,1897,2023-07-13,Team Collaboration,63,5
8172,1898,2026-02-05,Export Data,62,5
8173,1898,2026-03-13,Export Data,75,1
8174,1898,2025-12-07,Reports,5,5
8175,1898,2025-09-23,Dashboard,17,2
8176,1898,2026-08-01,Notifications,109,2
8177,1898,2025-12-17,API Access,73,5
8178,1899,2025-01-22,Mobile App,113,4
8179,1899,2025-08-23,Mobile App,106,4
8180,1899,2026-07-16,Notifications,52,1
8181,1899,2025-09-29,Reports,120,4
8182,1899,2026-01-18,Reports,49,1
8183,1899,2024-12-12,Notifications,51,1
8184,1899,2026-01-02,Team Collaboration,21,1
8185,1899,2026-08-29,Reports,56,2
8186,1900,2023-07-19,Reports,93,1
8187,1900,2022-08-14,Team Collaboration,21,5
8188,1900,2025-09-24,Mobile App,68,2
8189,1900,2024-11-27,Notifications,110,2
8190,1900,2024-09-08,Team Collaboration,28,4
8191,1901,2025-10-19,Dashboard,2,1
8192,1901,2026-02-20,Notifications,58,1
8193,1901,2025-10-22,Dashboard,61,2
8194,1901,2025-11-18,Reports,79,4
8195,1902,2026-01-25,Export Data,91,3
8196,1902,2026-03-30,API Access,73,3
8197,1902,2026-05-09,API Access,111,4
8198,1902,2026-01-30,Dashboard,92,4
8199,1902,2026-04-06,Dashboard,84,5
8200,1903,2022-07-04,API Access,25,4
8201,1903,2024-09-02,Dashboard,60,1
8202,1903,2025-08-01,Notifications,109,3
8203,1903,2022-07-18,Mobile App,94,4
8204,1903,2026-03-29,Mobile App,20,4
8205,1903,2022-09-23,Integrations,26,1
8206,1904,2026-08-14,Integrations,10,5
8207,1904,2026-07-07,Mobile App,69,3
8208,1904,2026-05-20,Team Collaboration,54,5
8209,1904,2026-07-08,Mobile App,31,2
8210,1904,2026-08-21,API Access,119,5
8211,1904,2026-05-10,Reports,108,5
8212,1904,2026-06-02,Notifications,10,1
8213,1904,2026-08-27,API Access,8,4
8214,1904,2026-05-20,Mobile App,117,3
8215,1904,2026-08-30,Notifications,47,1
8216,1905,2025-06-17,Reports,78,1
8217,1905,2026-01-17,Integrations,42,1
8218,1905,2025-06-03,API Access,55,2
8219,1905,2025-10-29,Export Data,83,3
8220,1905,2026-08-07,Integrations,56,3
8221,1905,2026-08-24,Dashboard,62,4
8222,1906,2026-03-11,Team Collaboration,114,3
8223,1906,2025-07-20,Team Collaboration,38,2
8224,1906,2026-07-23,Notifications,3,5
8225,1907,2026-06-03,Notifications,2,5
8226,1907,2026-05-19,Reports,98,5
8227,1907,2026-03-25,Notifications,117,1
8228,1908,2024-02-04,Mobile App,43,5
8229,1908,2023-07-06,Notifications,31,3
8230,1908,2025-11-22,Dashboard,33,3
8231,1908,2023-06-18,API Access,71,1
8232,1908,2024-08-29,Team Collaboration,78,5
8233,1908,2025-06-23,Dashboard,97,3
8234,1908,2024-01-21,Export Data,116,2
8235,1908,2025-11-05,API Access,5,2
8236,1908,2025-11-26,Export Data,29,1
8237,1908,2026-06-25,Dashboard,65,5
8238,1909,2026-07-25,Mobile App,92,3
8239,1909,2026-07-18,API Access,74,5
8240,1909,2026-07-27,Integrations,118,4
8241,1909,2026-08-19,API Access,5,3
8242,1910,2026-02-16,API Access,34,2
8243,1910,2026-05-15,Export Data,31,5
8244,1910,2026-06-12,Dashboard,81,1
8245,1910,2025-04-16,API Access,118,1
8246,1910,2025-07-27,Dashboard,12,1
8247,1910,2024-06-01,Team Collaboration,103,3
8248,1910,2025-01-14,Mobile App,106,3
8249,1910,2026-08-10,API Access,78,3
8250,1910,2024-10-23,Mobile App,107,3
8251,1910,2025-10-27,Notifications,10,2
8252,1911,2026-04-06,API Access,95,1
8253,1911,2023-12-26,Dashboard,38,3
8254,1911,2023-09-10,Team Collaboration,23,3
8255,1911,2024-06-27,Integrations,98,2
8256,1911,2023-10-27,Integrations,105,4
8257,1912,2024-10-13,Team Collaboration,6,5
8258,1912,2024-09-19,Dashboard,77,2
8259,1912,2024-07-18,Team Collaboration,76,1
8260,1912,2024-09-21,Export Data,60,2
8261,1913,2025-06-07,Team Collaboration,68,4
8262,1913,2026-07-29,Team Collaboration,119,4
8263,1913,2023-09-06,Notifications,41,4
8264,1913,2024-04-06,Notifications,16,4
8265,1913,2022-06-23,Export Data,23,3
8266,1913,2025-08-02,Integrations,55,1
8267,1914,2026-02-07,Notifications,80,5
8268,1914,2026-09-10,Mobile App,70,4
8269,1914,2026-05-07,Reports,47,4
8270,1914,2026-02-08,API Access,83,1
8271,1915,2024-05-24,API Access,93,2
8272,1915,2025-04-15,Reports,62,2
8273,1915,2021-07-28,Mobile App,15,3
8274,1915,2022-04-01,Dashboard,19,5
8275,1915,2025-07-25,Reports,102,1
8276,1915,2026-01-24,Mobile App,85,4
8277,1915,2022-03-24,Mobile App,21,5
8278,1915,2023-08-26,Mobile App,115,2
8279,1916,2025-02-17,Team Collaboration,28,5
8280,1916,2024-09-12,Mobile App,25,5
8281,1916,2023-01-02,Integrations,90,2
8282,1916,2021-11-15,Team Collaboration,68,3
8283,1917,2026-07-13,Export Data,104,2
8284,1917,2026-09-05,Notifications,61,5
8285,1917,2026-06-17,Dashboard,10,4
8286,1917,2026-09-11,Integrations,39,2
8287,1917,2026-09-09,Notifications,87,1
8288,1917,2026-09-04,Mobile App,16,5
8289,1917,2026-06-13,Integrations,119,4
8290,1917,2026-06-03,Team Collaboration,3,2
8291,1918,2026-09-01,Dashboard,68,4
8292,1918,2026-07-05,Reports,41,5
8293,1918,2026-07-11,API Access,36,5
8294,1918,2026-05-20,Mobile App,39,2
8295,1918,2026-08-09,Notifications,77,2
8296,1918,2026-09-13,API Access,24,5
8297,1918,2026-09-13,Dashboard,84,2
8298,1918,2026-08-08,Dashboard,69,4
8299,1918,2026-05-24,Dashboard,103,4
8300,1919,2022-10-07,API Access,51,2
8301,1919,2022-01-09,Reports,33,5
8302,1919,2025-02-04,Team Collaboration,2,2
8303,1919,2021-11-21,Mobile App,43,4
8304,1919,2025-10-22,Export Data,47,2
8305,1919,2023-07-14,Integrations,4,5
8306,1919,2026-04-06,Export Data,24,3
8307,1919,2025-10-15,Integrations,57,2
8308,1919,2024-03-09,Notifications,64,5
8309,1920,2021-09-23,API Access,84,2
8310,1920,2022-11-15,Mobile App,75,4
8311,1920,2022-07-28,Mobile App,36,5
8312,1920,2022-06-30,Notifications,25,5
8313,1920,2025-04-19,Integrations,59,3
8314,1921,2025-05-05,Mobile App,93,4
8315,1921,2023-10-11,Integrations,106,5
8316,1921,2025-04-01,Reports,113,3
8317,1921,2025-11-01,Mobile App,89,2
8318,1921,2024-10-24,Mobile App,31,5
8319,1921,2025-09-12,Integrations,89,5
8320,1921,2023-09-03,Reports,104,5
8321,1921,2023-10-03,Mobile App,108,5
8322,1921,2023-04-10,Integrations,81,2
8323,1921,2026-06-28,Mobile App,48,1
8324,1922,2024-03-14,Dashboard,73,2
8325,1922,2025-09-13,Dashboard,38,1
8326,1922,2025-03-25,Notifications,35,4
8327,1922,2026-06-30,Export Data,11,2
8328,1922,2025-02-02,Mobile App,114,5
8329,1922,2024-10-29,Team Collaboration,89,2
8330,1922,2025-07-04,Mobile App,29,2
8331,1922,2025-06-24,Export Data,17,2
8332,1922,2026-04-29,Team Collaboration,27,2
8333,1923,2026-07-11,Integrations,114,5
8334,1924,2022-01-21,Dashboard,45,2
8335,1924,2022-01-06,Integrations,57,2
8336,1924,2022-02-04,Dashboard,65,1
8337,1924,2021-11-19,Notifications,74,2
8338,1925,2022-05-01,API Access,2,1
8339,1925,2022-12-05,Export Data,95,5
8340,1925,2022-02-23,Mobile App,120,4
8341,1925,2022-01-29,Integrations,114,1
8342,1926,2025-10-11,Notifications,19,3
8343,1926,2024-08-27,API Access,7,4
8344,1926,2026-01-28,Reports,57,3
8345,1926,2026-08-03,Notifications,17,5
8346,1927,2024-02-04,Reports,101,4
8347,1927,2024-05-14,Notifications,56,4
8348,1927,2025-08-12,Mobile App,105,3
8349,1927,2026-01-20,Mobile App,58,2
8350,1927,2025-02-18,Team Collaboration,20,1
8351,1928,2024-07-25,Mobile App,87,3
8352,1928,2026-03-23,Integrations,120,5
8353,1928,2023-02-05,Export Data,64,2
8354,1928,2025-07-21,Team Collaboration,38,4
8355,1928,2026-03-24,Reports,100,2
8356,1928,2023-07-25,Export Data,120,5
8357,1928,2023-09-05,Reports,41,1
8358,1929,2022-08-25,Integrations,24,5
8359,1929,2026-03-15,Integrations,44,4
8360,1929,2025-07-07,API Access,100,3
8361,1929,2022-09-24,Export Data,96,5
8362,1929,2026-05-31,Reports,25,5
8363,1929,2023-10-08,Team Collaboration,115,1
8364,1929,2024-07-07,Team Collaboration,44,5
8365,1929,2025-09-15,Team Collaboration,79,5
8366,1931,2025-04-17,Export Data,42,2
8367,1931,2025-01-01,Team Collaboration,104,2
8368,1931,2025-02-05,Export Data,106,4
8369,1931,2026-08-15,Dashboard,115,3
8370,1931,2026-06-06,Dashboard,90,3
8371,1931,2026-03-18,Team Collaboration,69,3
8372,1931,2026-06-23,Reports,8,5
8373,1932,2026-01-27,Notifications,84,5
8374,1932,2024-06-12,Reports,68,5
8375,1932,2025-08-07,API Access,32,3
8376,1932,2024-09-25,Team Collaboration,80,4
8377,1932,2023-11-21,Export Data,24,4
8378,1933,2023-10-18,Export Data,119,4
8379,1933,2023-07-06,Notifications,86,3
8380,1934,2025-02-19,Mobile App,49,1
8381,1934,2024-05-09,Dashboard,113,4
8382,1934,2023-11-15,Mobile App,105,3
8383,1934,2024-10-07,Export Data,41,4
8384,1934,2023-02-05,Mobile App,82,1
8385,1934,2022-11-02,API Access,10,5
8386,1934,2025-01-11,API Access,28,4
8387,1934,2022-07-19,API Access,96,1
8388,1935,2026-06-06,API Access,100,4
8389,1935,2026-07-01,Mobile App,108,2
8390,1935,2026-02-17,Team Collaboration,77,1
8391,1935,2025-08-20,Team Collaboration,56,5
8392,1936,2023-01-31,Mobile App,39,4
8393,1936,2023-11-16,Notifications,106,2
8394,1936,2023-01-09,Reports,98,3
8395,1937,2025-03-02,Integrations,7,5
8396,1937,2025-07-30,Notifications,19,2
8397,1937,2024-11-04,API Access,78,4
8398,1937,2025-03-06,API Access,31,4
8399,1937,2026-07-17,API Access,113,2
8400,1937,2025-12-30,Dashboard,85,2
8401,1937,2026-01-07,Mobile App,60,1
8402,1937,2024-11-17,Dashboard,108,1
8403,1938,2025-06-09,Notifications,44,3
8404,1939,2023-04-30,Mobile App,26,1
8405,1939,2023-02-06,Team Collaboration,97,4
8406,1941,2025-10-07,Integrations,66,1
8407,1941,2026-08-04,Dashboard,19,1
8408,1941,2024-07-30,Dashboard,59,4
8409,1941,2023-05-31,Integrations,75,2
8410,1941,2024-06-03,API Access,91,2
8411,1941,2023-02-14,Dashboard,7,2
8412,1941,2022-04-22,Reports,64,5
8413,1941,2024-01-29,Mobile App,30,2
8414,1942,2026-08-03,API Access,7,1
8415,1942,2024-07-06,Notifications,59,1
8416,1942,2023-10-10,Reports,103,3
8417,1942,2024-04-17,Mobile App,16,3
8418,1943,2025-03-23,Reports,105,4
8419,1943,2022-04-16,Export Data,26,1
8420,1943,2024-03-06,API Access,38,4
8421,1944,2022-12-10,API Access,4,2
8422,1944,2022-08-11,Dashboard,118,3
8423,1944,2024-07-28,Team Collaboration,56,3
8424,1944,2025-10-23,Dashboard,84,5
8425,1945,2021-08-28,Dashboard,58,1
8426,1945,2022-04-19,Reports,68,2
8427,1946,2026-04-07,Reports,23,4
8428,1946,2022-09-21,API Access,27,2
8429,1946,2025-11-16,Integrations,90,5
8430,1946,2023-01-24,Reports,24,2
8431,1946,2025-05-01,Team Collaboration,101,1
8432,1946,2026-02-15,API Access,58,1
8433,1947,2023-08-27,Dashboard,8,5
8434,1949,2026-05-25,API Access,13,5
8435,1949,2025-06-14,Mobile App,55,2
8436,1949,2025-08-04,Reports,44,3
8437,1949,2026-02-11,Notifications,68,5
8438,1949,2026-05-12,Team Collaboration,60,4
8439,1949,2025-08-14,Integrations,66,5
8440,1949,2025-04-20,Integrations,63,5
8441,1950,2023-11-26,Reports,31,5
8442,1950,2026-05-03,Notifications,2,2
8443,1950,2025-01-20,Integrations,51,1
8444,1950,2025-11-16,Dashboard,30,2
8445,1950,2026-03-12,Reports,3,2
8446,1950,2024-05-17,Notifications,53,5
8447,1950,2024-09-29,Notifications,99,3
8448,1950,2026-02-26,Team Collaboration,96,4
8449,1950,2026-03-03,Export Data,115,5
8450,1950,2024-06-13,Team Collaboration,31,3
8451,1951,2025-10-22,Team Collaboration,110,5
8452,1951,2026-07-12,Export Data,6,5
8453,1951,2026-02-05,API Access,83,3
8454,1951,2023-01-28,Mobile App,104,5
8455,1951,2025-01-16,Export Data,83,1
8456,1951,2023-02-08,Export Data,38,5
8457,1951,2026-09-04,Mobile App,50,5
8458,1952,2026-08-04,Reports,38,1
8459,1952,2023-08-23,API Access,16,5
8460,1952,2024-07-15,Reports,117,5
8461,1952,2025-07-05,Team Collaboration,11,3
8462,1952,2025-09-02,Team Collaboration,52,5
8463,1952,2025-11-14,Export Data,109,3
8464,1953,2022-12-10,API Access,44,5
8465,1953,2025-12-31,Reports,104,4
8466,1953,2026-06-06,API Access,29,4
8467,1953,2025-08-24,API Access,37,1
8468,1953,2023-07-19,Team Collaboration,110,2
8469,1953,2026-04-09,Reports,77,2
8470,1953,2022-12-21,API Access,108,2
8471,1953,2025-07-20,Export Data,44,3
8472,1953,2025-12-01,Integrations,43,5
8473,1953,2026-03-10,Team Collaboration,118,2
8474,1954,2026-06-13,Integrations,113,5
8475,1954,2024-08-12,Notifications,104,5
8476,1954,2024-05-31,API Access,8,1
8477,1954,2024-12-23,Export Data,67,2
8478,1955,2025-09-30,Export Data,105,1
8479,1955,2025-08-20,Integrations,12,5
8480,1956,2026-02-10,Export Data,78,5
8481,1956,2026-01-05,Dashboard,107,5
8482,1957,2026-03-09,Integrations,30,1
8483,1957,2026-07-21,Integrations,90,2
8484,1957,2025-07-25,API Access,35,5
8485,1958,2024-04-19,Integrations,18,5
8486,1958,2026-07-09,API Access,92,4
8487,1958,2026-08-16,Notifications,56,4
8488,1958,2025-10-09,Team Collaboration,64,5
8489,1958,2024-04-26,Export Data,61,5
8490,1958,2025-12-29,Reports,22,2
8491,1959,2023-07-24,Team Collaboration,77,2
8492,1959,2023-09-22,Notifications,61,4
8493,1960,2023-09-21,Reports,23,3
8494,1960,2026-07-17,Export Data,87,2
8495,1960,2026-05-28,API Access,114,5
8496,1960,2022-12-07,Notifications,4,4
8497,1960,2023-09-28,Team Collaboration,115,3
8498,1960,2026-06-21,Reports,31,2
8499,1960,2024-01-10,Reports,115,3
8500,1961,2022-05-20,Dashboard,90,2
8501,1962,2024-03-21,API Access,57,3
8502,1962,2025-11-26,Dashboard,10,4
8503,1962,2024-12-12,Reports,22,1
8504,1962,2024-02-02,Reports,67,4
8505,1962,2025-06-14,API Access,27,5
8506,1962,2024-05-26,Dashboard,16,4
8507,1962,2026-07-27,Dashboard,50,1
8508,1962,2023-08-10,Notifications,50,3
8509,1963,2025-07-31,Reports,112,4
8510,1963,2024-10-25,Notifications,1,5
8511,1963,2024-11-15,Reports,9,3
8512,1963,2025-09-11,Export Data,14,5
8513,1963,2025-11-10,API Access,9,5
8514,1964,2026-04-11,Notifications,41,3
8515,1964,2025-11-08,Notifications,48,2
8516,1964,2025-11-21,Export Data,60,4
8517,1964,2025-11-18,Notifications,97,1
8518,1965,2022-02-27,Reports,87,3
8519,1965,2022-05-27,Reports,57,3
8520,1965,2025-11-01,API Access,17,5
8521,1965,2024-05-09,Dashboard,86,2
8522,1965,2024-10-21,API Access,38,3
8523,1965,2025-01-30,Reports,105,2
8524,1965,2023-06-17,Integrations,42,1
8525,1965,2025-04-25,Team Collaboration,79,2
8526,1966,2026-04-15,Reports,55,4
8527,1967,2023-02-07,Reports,22,5
8528,1967,2022-05-13,API Access,114,1
8529,1968,2026-06-12,Notifications,82,5
8530,1968,2024-10-01,Export Data,84,2
8531,1968,2025-12-05,Integrations,90,4
8532,1968,2024-06-19,Integrations,37,3
8533,1968,2026-01-20,Export Data,110,4
8534,1968,2026-08-11,Reports,93,4
8535,1968,2024-05-13,Mobile App,107,4
8536,1968,2023-01-31,Team Collaboration,98,3
8537,1968,2022-08-11,Team Collaboration,54,3
8538,1968,2022-08-07,Team Collaboration,56,2
8539,1969,2025-10-16,Export Data,102,4
8540,1969,2025-09-23,Team Collaboration,48,2
8541,1969,2026-06-18,Export Data,117,2
8542,1969,2026-07-06,API Access,49,2
8543,1970,2023-10-01,Reports,100,1
8544,1970,2023-05-01,Reports,8,4
8545,1971,2025-11-23,Team Collaboration,63,4
8546,1971,2025-07-24,Notifications,65,2
8547,1971,2025-06-13,Integrations,56,5
8548,1971,2026-03-16,API Access,16,5
8549,1972,2025-02-01,Reports,50,3
8550,1972,2024-03-16,API Access,93,2
8551,1972,2024-08-06,Dashboard,87,1
8552,1972,2026-03-27,Notifications,79,3
8553,1972,2024-08-29,Export Data,7,1
8554,1973,2026-08-12,Mobile App,40,4
8555,1973,2026-02-15,Reports,111,3
8556,1973,2024-07-20,Reports,30,4
8557,1973,2025-12-24,Integrations,26,5
8558,1973,2024-12-15,Mobile App,11,4
8559,1973,2025-01-22,Export Data,100,5
8560,1973,2024-06-26,Export Data,89,3
8561,1973,2026-05-29,API Access,98,3
8562,1974,2026-06-27,Integrations,18,3
8563,1975,2026-06-27,Export Data,81,4
8564,1975,2026-06-03,Team Collaboration,28,3
8565,1976,2026-07-11,Reports,51,5
8566,1976,2026-07-08,Dashboard,69,3
8567,1977,2026-02-19,Team Collaboration,76,5
8568,1977,2026-06-02,Team Collaboration,80,5
8569,1977,2026-07-14,Team Collaboration,73,2
8570,1977,2026-03-24,Export Data,13,2
8571,1977,2026-07-10,Mobile App,29,3
8572,1977,2026-03-10,Reports,55,4
8573,1977,2026-08-01,Integrations,63,4
8574,1977,2026-08-16,Export Data,18,5
8575,1978,2026-08-12,Dashboard,69,4
8576,1978,2026-08-09,Reports,25,2
8577,1978,2026-09-08,API Access,14,4
8578,1978,2026-09-01,Notifications,56,2
8579,1978,2026-07-22,Mobile App,89,3
8580,1978,2026-09-12,Export Data,2,4
8581,1978,2026-08-30,Export Data,21,3
8582,1979,2024-12-09,Team Collaboration,96,2
8583,1979,2021-09-29,Integrations,84,5
8584,1979,2022-08-06,Export Data,64,1
8585,1979,2026-08-27,API Access,101,4
8586,1979,2021-05-15,Integrations,4,2
8587,1979,2022-10-31,Notifications,63,4
8588,1979,2025-05-02,Team Collaboration,15,2
8589,1979,2023-03-16,Export Data,63,2
8590,1979,2026-03-15,Integrations,9,1
8591,1980,2021-11-26,Mobile App,24,4
8592,1980,2021-10-17,Dashboard,33,2
8593,1981,2023-09-08,API Access,92,3
8594,1981,2023-08-31,API Access,76,1
8595,1982,2025-10-15,API Access,81,3
8596,1982,2025-10-07,Team Collaboration,31,4
8597,1982,2025-06-24,Mobile App,94,4
8598,1982,2023-11-21,Dashboard,78,4
8599,1982,2026-01-15,API Access,66,4
8600,1982,2023-01-28,Team Collaboration,6,2
8601,1982,2024-06-28,API Access,77,3
8602,1982,2025-06-25,Reports,51,2
8603,1983,2025-05-01,Mobile App,21,1
8604,1983,2025-12-19,Reports,71,5
8605,1983,2024-01-04,Notifications,59,5
8606,1983,2022-10-27,Team Collaboration,45,1
8607,1983,2024-06-19,Dashboard,73,1
8608,1983,2024-09-01,Notifications,1,2
8609,1984,2026-09-04,Notifications,113,4
8610,1985,2026-08-26,Team Collaboration,52,3
8611,1985,2026-08-19,Integrations,45,2
8612,1985,2026-09-03,Team Collaboration,111,2
8613,1985,2026-08-29,Integrations,7,5
8614,1985,2026-08-02,Mobile App,71,2
8615,1985,2026-08-29,Integrations,23,2
8616,1986,2025-03-21,API Access,82,2
8617,1986,2025-02-07,Integrations,116,3
8618,1986,2026-01-17,Dashboard,42,5
8619,1986,2026-09-08,Notifications,107,1
8620,1986,2025-06-19,Dashboard,73,3
8621,1986,2025-02-12,Team Collaboration,88,4
8622,1987,2021-06-21,Export Data,79,5
8623,1987,2022-04-16,Team Collaboration,61,4
8624,1987,2022-01-07,Dashboard,92,3
8625,1987,2021-10-04,Notifications,46,2
8626,1988,2026-08-31,Notifications,92,2
8627,1988,2026-05-08,Team Collaboration,88,5
8628,1988,2026-03-09,Export Data,104,2
8629,1988,2026-06-09,Dashboard,32,1
8630,1988,2026-03-09,Team Collaboration,31,5
8631,1988,2026-01-23,Notifications,25,3
8632,1988,2026-02-11,Dashboard,98,4
8633,1988,2026-08-18,Reports,78,3
8634,1989,2026-06-21,Notifications,25,5
8635,1989,2026-05-29,Integrations,10,3
8636,1989,2026-05-31,API Access,118,5
8637,1989,2026-07-17,API Access,93,4
8638,1989,2026-08-01,Team Collaboration,61,1
8639,1989,2026-05-07,Mobile App,110,5
8640,1989,2026-05-13,Team Collaboration,117,3
8641,1991,2026-04-10,Export Data,23,1
8642,1991,2026-06-25,Export Data,67,4
8643,1991,2025-11-10,Team Collaboration,94,2
8644,1991,2026-02-17,Team Collaboration,100,3
8645,1992,2026-07-12,Integrations,79,5
8646,1992,2026-07-14,API Access,41,2
8647,1993,2026-05-15,Export Data,96,5
8648,1993,2026-07-03,Mobile App,107,3
8649,1993,2026-07-20,Export Data,42,4
8650,1993,2026-09-09,Dashboard,17,3
8651,1993,2026-05-21,Export Data,62,3
8652,1993,2026-08-02,Dashboard,75,1
8653,1996,2026-08-11,Team Collaboration,35,5
8654,1996,2024-09-20,Notifications,9,3
8655,1996,2026-06-23,Team Collaboration,63,2
8656,1996,2024-09-14,Mobile App,21,2
8657,1996,2024-08-06,Mobile App,68,1
8658,1996,2025-02-14,Integrations,79,4
8659,1996,2024-05-06,Notifications,113,5
8660,1997,2022-02-28,Notifications,102,5
8661,1997,2022-05-21,Mobile App,45,1
8662,1998,2024-11-18,Export Data,4,3
8663,1998,2022-12-12,Dashboard,32,3
8664,1998,2025-06-30,Notifications,81,4
8665,1998,2024-06-04,Dashboard,15,1
8666,1998,2025-12-24,Reports,16,4
8667,1999,2026-04-11,Export Data,54,4
8668,1999,2023-11-21,Dashboard,49,4
8669,1999,2024-07-27,Integrations,13,5
8670,1999,2022-06-21,API Access,63,4
8671,1999,2026-08-21,API Access,2,4
8672,1999,2022-02-13,Team Collaboration,76,4
8673,2000,2026-02-14,Mobile App,4,1
8674,2000,2025-11-26,Notifications,74,3
8675,2000,2026-05-04,API Access,45,5
8676,2000,2025-11-27,Reports,106,3
8677,2001,2024-01-12,Reports,47,2
8678,2002,2022-04-05,Mobile App,94,5
8679,2002,2025-07-03,Notifications,116,3
8680,2002,2026-02-10,Export Data,41,1
8681,2002,2023-03-12,Reports,63,4
8682,2002,2026-03-06,Reports,1,4
8683,2003,2022-04-21,Integrations,112,1
8684,2004,2026-02-06,Notifications,64,3
8685,2004,2025-11-29,Team Collaboration,55,3
8686,2004,2025-11-07,Export Data,33,2
8687,2004,2026-02-11,Integrations,76,4
8688,2004,2024-10-19,Export Data,52,3
8689,2004,2025-05-25,Reports,28,4
8690,2004,2026-08-15,Export Data,47,4
8691,2005,2025-11-20,Notifications,17,3
8692,2005,2026-09-06,Dashboard,28,2
8693,2007,2026-06-02,Notifications,68,3
8694,2007,2025-12-29,Mobile App,67,4
8695,2007,2025-08-31,Reports,75,1
8696,2007,2025-06-24,Dashboard,82,4
8697,2008,2026-08-06,Reports,107,1
8698,2008,2026-08-18,Mobile App,61,2
8699,2008,2026-08-21,Dashboard,21,3
8700,2008,2026-06-27,Integrations,23,3
8701,2008,2026-08-13,Export Data,19,1
8702,2009,2025-12-27,API Access,1,1
8703,2010,2023-01-08,Dashboard,61,4
8704,2010,2023-01-21,Dashboard,59,4
8705,2011,2026-07-31,Dashboard,15,5
8706,2011,2026-04-21,Notifications,88,3
8707,2012,2024-09-19,API Access,84,5
8708,2013,2026-04-08,Mobile App,75,1
8709,2013,2024-09-10,Integrations,4,1
8710,2013,2025-03-23,Mobile App,119,2
8711,2013,2025-06-30,Mobile App,67,3
8712,2013,2025-09-01,API Access,79,2
8713,2013,2026-02-04,Reports,100,4
8714,2014,2023-03-18,API Access,83,4
8715,2014,2023-06-02,API Access,84,2
8716,2014,2022-10-16,Team Collaboration,78,2
8717,2014,2023-02-19,Reports,101,5
8718,2015,2024-11-26,Export Data,54,4
8719,2015,2025-11-21,Reports,32,4
8720,2015,2026-07-23,Mobile App,97,2
8721,2016,2026-08-09,Notifications,42,1
8722,2016,2026-09-15,Notifications,76,3
8723,2016,2026-07-17,Notifications,71,1
8724,2017,2026-03-09,Notifications,89,3
8725,2017,2026-05-03,Reports,20,5
8726,2017,2024-05-06,Team Collaboration,3,1
8727,2017,2024-07-05,Reports,59,2
8728,2017,2025-11-07,Notifications,63,4
8729,2017,2022-10-19,API Access,72,5
8730,2017,2025-05-20,Dashboard,84,1
8731,2018,2024-10-04,API Access,15,4
8732,2019,2025-12-25,API Access,92,4
8733,2019,2025-09-25,Team Collaboration,35,5
8734,2020,2025-08-15,Mobile App,86,1
8735,2020,2024-09-26,Export Data,102,3
8736,2021,2023-01-20,Integrations,38,2
8737,2021,2023-03-25,Mobile App,50,3
8738,2021,2023-04-09,Team Collaboration,13,2
8739,2022,2023-07-03,API Access,99,5
8740,2022,2023-05-25,Notifications,115,1
8741,2023,2026-07-30,API Access,12,5
8742,2023,2026-04-09,Notifications,112,4
8743,2023,2026-08-04,Notifications,50,3
8744,2023,2026-08-22,Reports,72,1
8745,2023,2026-06-14,Team Collaboration,68,5
8746,2023,2026-05-03,Mobile App,45,5
8747,2023,2026-06-20,Integrations,40,1
8748,2023,2026-06-04,Integrations,44,2
8749,2024,2026-06-19,Team Collaboration,108,4
8750,2024,2026-03-11,API Access,111,5
8751,2025,2026-03-11,Export Data,84,5
8752,2025,2024-05-26,Export Data,83,3
8753,2025,2026-03-24,Team Collaboration,55,2
8754,2025,2026-06-20,Reports,76,2
8755,2026,2024-09-16,Integrations,26,3
8756,2026,2025-05-24,Team Collaboration,88,1
8757,2027,2026-04-09,Mobile App,117,2
8758,2027,2026-06-14,Dashboard,116,4
8759,2027,2026-01-29,Dashboard,39,4
8760,2027,2026-02-20,API Access,11,4
8761,2028,2023-12-13,Reports,23,4
8762,2030,2025-09-08,Dashboard,8,3
8763,2030,2026-04-22,API Access,90,4
8764,2030,2023-11-07,Team Collaboration,112,2
8765,2030,2025-01-23,Dashboard,26,5
8766,2030,2026-04-26,Mobile App,47,2
8767,2031,2024-04-30,Export Data,30,2
8768,2031,2024-07-18,Notifications,33,3
8769,2031,2025-03-17,Export Data,57,5
8770,2031,2023-02-22,API Access,83,1
8771,2031,2022-10-06,Mobile App,38,3
8772,2031,2022-09-13,Reports,115,2
8773,2032,2024-10-26,Mobile App,95,5
8774,2032,2024-10-17,Export Data,56,3
8775,2033,2025-11-29,Team Collaboration,2,1
8776,2033,2026-04-01,Integrations,45,5
8777,2034,2026-04-12,Mobile App,85,3
8778,2034,2025-07-24,Team Collaboration,88,4
8779,2034,2026-01-26,Integrations,44,2
8780,2034,2024-03-24,Reports,41,4
8781,2034,2026-08-31,Dashboard,84,1
8782,2034,2023-04-12,Reports,57,2
8783,2034,2023-10-07,Export Data,10,2
8784,2034,2025-11-05,Reports,107,1
8785,2034,2025-07-12,Reports,64,2
8786,2034,2023-09-17,Reports,75,3
8787,2035,2021-10-07,Reports,116,1
8788,2035,2025-04-07,Mobile App,91,1
8789,2035,2023-01-04,Integrations,73,4
8790,2036,2023-06-18,Team Collaboration,107,1
8791,2036,2023-10-24,API Access,102,4
8792,2036,2023-07-15,Mobile App,27,1
8793,2037,2024-08-02,Mobile App,79,2
8794,2037,2023-12-18,Notifications,24,1
8795,2037,2022-06-02,API Access,116,2
8796,2038,2026-04-12,Export Data,92,3
8797,2038,2024-07-21,API Access,38,2
8798,2039,2022-10-06,API Access,119,4
8799,2039,2024-10-14,Reports,37,2
8800,2039,2026-02-04,Dashboard,82,2
8801,2039,2024-08-25,API Access,45,2
8802,2039,2025-07-05,Reports,107,2
8803,2039,2023-05-25,Mobile App,75,4
8804,2039,2025-08-12,Integrations,1,3
8805,2040,2025-01-25,Team Collaboration,102,4
8806,2040,2023-08-30,Mobile App,21,1
8807,2040,2026-03-10,Notifications,39,4
8808,2040,2026-01-22,Dashboard,108,2
8809,2040,2025-02-19,Mobile App,13,3
8810,2040,2024-04-22,Notifications,104,3
8811,2040,2026-06-13,API Access,40,4
8812,2040,2023-11-09,Notifications,116,2
8813,2041,2025-04-04,Mobile App,32,4
8814,2041,2025-09-13,API Access,120,5
8815,2041,2025-01-17,Dashboard,40,4
8816,2041,2023-08-08,Notifications,79,5
8817,2041,2022-09-11,Team Collaboration,80,4
8818,2041,2022-07-08,Reports,105,5
8819,2041,2025-02-18,Export Data,104,5
8820,2041,2025-12-02,Dashboard,66,2
8821,2041,2022-08-11,Notifications,72,2
8822,2042,2025-07-18,Reports,24,5
8823,2042,2024-10-19,Team Collaboration,118,2
8824,2043,2023-07-30,Dashboard,1,1
8825,2043,2025-04-20,Team Collaboration,6,2
8826,2043,2023-09-05,Export Data,78,1
8827,2043,2022-06-18,Reports,98,2
8828,2043,2026-08-28,Export Data,49,5
8829,2043,2024-11-15,Dashboard,100,4
8830,2043,2022-09-20,Integrations,7,4
8831,2044,2026-04-12,Mobile App,64,4
8832,2044,2025-12-18,Notifications,118,5
8833,2044,2026-06-23,Reports,6,5
8834,2044,2026-07-09,Team Collaboration,95,3
8835,2045,2026-06-04,Reports,66,1
8836,2045,2026-07-11,Integrations,96,4
8837,2045,2026-02-04,Notifications,25,1
8838,2045,2026-09-09,Notifications,50,1
8839,2046,2022-12-19,Dashboard,47,2
8840,2046,2024-06-21,Export Data,44,4
8841,2046,2024-08-15,Dashboard,104,2
8842,2046,2024-03-24,Team Collaboration,52,5
8843,2046,2026-04-10,Team Collaboration,46,2
8844,2046,2025-06-15,Notifications,80,2
8845,2047,2026-03-09,Mobile App,20,1
8846,2047,2026-01-05,Integrations,85,2
8847,2047,2025-12-23,Dashboard,94,1
8848,2047,2026-02-22,Mobile App,89,1
8849,2047,2025-10-02,Reports,97,5
8850,2047,2026-02-19,Team Collaboration,110,3
8851,2047,2026-07-17,Mobile App,27,1
8852,2047,2026-03-18,Export Data,39,1
8853,2048,2026-07-04,Integrations,29,2
8854,2048,2026-08-29,Notifications,79,2
8855,2048,2026-08-02,Team Collaboration,94,4
8856,2049,2026-07-12,Export Data,20,4
8857,2049,2026-02-19,Team Collaboration,109,1
8858,2049,2025-01-12,Notifications,33,2
8859,2049,2025-12-17,Reports,97,2
8860,2049,2025-06-08,Mobile App,71,5
8861,2049,2026-02-19,API Access,2,2
8862,2049,2025-01-30,Reports,31,4
8863,2049,2026-09-14,Integrations,104,2
8864,2049,2026-07-01,Export Data,24,3
8865,2050,2024-01-03,API Access,32,5
8866,2051,2026-08-25,Dashboard,38,4
8867,2051,2026-06-17,Notifications,19,1
8868,2051,2026-06-03,Integrations,56,3
8869,2052,2026-07-24,API Access,8,2
8870,2052,2026-06-03,Team Collaboration,61,5
8871,2052,2023-05-20,Export Data,97,4
8872,2052,2025-12-29,API Access,109,2
8873,2052,2026-03-14,Team Collaboration,22,3
8874,2054,2024-03-14,Reports,38,3
8875,2054,2025-01-07,Export Data,99,5
8876,2055,2025-02-03,Mobile App,82,5
8877,2055,2025-06-21,Export Data,105,4
8878,2056,2025-01-21,Dashboard,24,2
8879,2056,2024-07-26,Dashboard,113,4
8880,2056,2023-12-12,Dashboard,28,4
8881,2056,2026-01-16,Export Data,61,5
8882,2057,2025-12-17,Team Collaboration,42,5
8883,2057,2026-07-16,Notifications,108,4
8884,2057,2026-02-16,Export Data,30,3
8885,2057,2025-11-22,Dashboard,11,2
8886,2057,2025-06-07,Export Data,16,5
8887,2057,2026-07-15,Dashboard,59,4
8888,2057,2026-05-03,Notifications,85,4
8889,2057,2025-09-03,Team Collaboration,26,5
8890,2057,2025-12-20,Mobile App,73,4
8891,2057,2026-06-08,API Access,80,1
8892,2058,2023-12-12,Export Data,110,3
8893,2058,2024-07-13,Mobile App,60,5
8894,2058,2025-10-05,Reports,55,2
8895,2058,2025-03-02,Reports,12,4
8896,2058,2025-10-21,API Access,92,2
8897,2058,2024-03-08,Integrations,53,1
8898,2058,2026-05-24,Dashboard,108,2
8899,2058,2026-04-11,Reports,22,3
8900,2058,2026-01-24,Team Collaboration,89,5
8901,2058,2026-06-10,Mobile App,45,5
8902,2059,2026-07-18,Export Data,27,3
8903,2059,2026-01-05,Export Data,75,4
8904,2059,2026-03-22,Reports,56,4
8905,2059,2026-03-09,Mobile App,25,5
8906,2060,2022-05-14,Mobile App,111,3
8907,2060,2022-05-20,Team Collaboration,102,2
8908,2061,2026-06-19,Mobile App,58,3
8909,2061,2026-09-02,Mobile App,68,3
8910,2061,2026-09-09,API Access,44,1
8911,2061,2026-07-03,Reports,86,4
8912,2061,2026-07-01,Notifications,94,4
8913,2061,2026-05-14,Dashboard,62,5
8914,2061,2026-08-16,API Access,60,3
8915,2061,2026-08-22,Integrations,40,4
8916,2062,2026-07-07,Team Collaboration,17,1
8917,2062,2026-08-27,Notifications,36,1
8918,2063,2022-02-13,Notifications,60,4
8919,2063,2021-10-17,Team Collaboration,35,4
8920,2063,2026-05-26,Dashboard,69,1
8921,2063,2024-11-25,API Access,116,4
8922,2063,2026-09-06,Mobile App,10,2
8923,2064,2025-12-17,Dashboard,21,5
8924,2064,2025-05-30,Export Data,101,2
8925,2064,2025-03-03,Reports,11,2
8926,2064,2026-01-09,Reports,109,3
8927,2065,2023-04-27,Dashboard,47,5
8928,2065,2026-05-29,Reports,104,4
8929,2065,2023-04-23,Team Collaboration,21,3
8930,2065,2023-04-10,Team Collaboration,78,2
8931,2065,2025-08-08,API Access,81,3
8932,2065,2024-08-12,Notifications,80,2
8933,2066,2026-09-13,Dashboard,54,1
8934,2066,2026-05-08,Integrations,83,2
8935,2066,2026-02-19,Reports,14,1
8936,2066,2026-03-09,Integrations,48,5
8937,2067,2025-08-15,Reports,8,1
8938,2067,2025-09-21,Notifications,3,1
8939,2067,2025-10-29,API Access,91,5
8940,2067,2026-06-21,Mobile App,74,4
8941,2067,2026-02-27,Dashboard,14,5
8942,2067,2026-08-25,Team Collaboration,22,3
8943,2067,2025-11-07,Mobile App,30,3
8944,2067,2026-08-08,Dashboard,92,3
8945,2068,2026-02-07,Notifications,88,5
8946,2068,2025-01-29,Team Collaboration,16,3
8947,2069,2024-04-30,API Access,13,1
8948,2069,2022-10-19,Dashboard,74,1
8949,2069,2024-09-06,Notifications,39,2
8950,2069,2025-09-14,Mobile App,14,4
8951,2069,2024-08-17,Reports,106,3
8952,2069,2023-05-17,Reports,17,2
8953,2069,2026-04-30,Notifications,13,2
8954,2069,2025-04-14,Team Collaboration,24,5
8955,2069,2022-10-28,Reports,115,4
8956,2070,2025-11-10,Dashboard,1,4
8957,2070,2026-02-06,Notifications,12,4
8958,2070,2026-03-18,Notifications,89,2
8959,2070,2025-11-16,Export Data,101,3
8960,2070,2025-12-16,Dashboard,89,2
8961,2070,2026-07-10,Integrations,119,2
8962,2070,2026-06-04,Notifications,109,4
8963,2070,2026-01-10,Export Data,64,3
8964,2070,2026-02-25,Integrations,75,4
8965,2070,2026-01-19,Reports,106,1
8966,2071,2024-07-02,Team Collaboration,39,3
8967,2071,2024-08-04,Mobile App,29,3
8968,2071,2025-10-03,Team Collaboration,94,4
8969,2071,2023-11-19,Notifications,9,4
8970,2071,2025-10-08,Integrations,115,2
8971,2071,2023-01-07,Notifications,3,2
8972,2071,2023-09-17,Reports,68,3
8973,2071,2025-12-07,Dashboard,118,2
8974,2071,2026-06-23,Integrations,61,3
8975,2072,2025-02-13,Team Collaboration,16,1
8976,2072,2025-02-19,Mobile App,59,5
8977,2072,2024-11-14,Integrations,73,1
8978,2072,2026-09-13,Mobile App,63,1
8979,2072,2025-07-10,Mobile App,8,4
8980,2072,2025-06-23,Export Data,89,3
8981,2074,2025-05-15,Export Data,104,5
8982,2074,2025-12-23,API Access,3,1
8983,2074,2026-05-10,Reports,49,2
8984,2075,2026-03-30,Mobile App,116,2
8985,2075,2024-10-25,Dashboard,119,4
8986,2076,2024-05-06,Mobile App,48,4
8987,2076,2024-10-01,Mobile App,83,4
8988,2076,2026-05-23,Dashboard,102,2
8989,2077,2024-10-16,API Access,120,4
8990,2077,2024-07-21,Export Data,10,1
8991,2077,2024-03-05,Notifications,84,5
8992,2077,2024-07-18,Export Data,100,5
8993,2078,2025-07-08,Export Data,34,1
8994,2078,2025-07-17,Notifications,44,4
8995,2079,2025-04-05,Notifications,60,5
8996,2081,2026-09-03,Export Data,10,1
8997,2081,2026-04-05,Dashboard,120,2
8998,2081,2026-06-14,Dashboard,7,3
8999,2081,2026-05-31,Export Data,20,1
9000,2081,2026-08-11,Reports,58,5
9001,2081,2026-01-31,Notifications,3,3
9002,2081,2026-08-14,API Access,11,4
9003,2081,2025-12-15,Integrations,10,3
9004,2081,2026-05-28,Integrations,104,5
9005,2081,2026-08-19,Reports,46,2
9006,2082,2023-05-21,Dashboard,110,4
9007,2082,2023-01-31,Notifications,1,2
9008,2082,2025-01-14,Mobile App,107,2
9009,2082,2024-03-07,Mobile App,70,4
9010,2082,2026-04-24,Notifications,56,1
9011,2082,2026-02-05,API Access,113,5
9012,2082,2026-02-23,Notifications,84,2
9013,2082,2025-01-25,Integrations,54,5
9014,2082,2025-03-21,Notifications,97,5
9015,2082,2022-11-02,Notifications,97,4
9016,2084,2026-07-13,Reports,16,5
9017,2084,2025-06-11,API Access,77,3
9018,2084,2025-07-26,API Access,89,5
9019,2085,2023-12-10,Reports,53,1
9020,2085,2023-06-03,API Access,117,1
9021,2085,2023-07-02,Reports,77,3
9022,2086,2026-02-07,Reports,41,2
9023,2086,2026-08-14,Mobile App,83,1
9024,2086,2026-07-22,Export Data,119,1
9025,2086,2025-10-10,Dashboard,23,5
9026,2086,2026-03-12,Dashboard,83,2
9027,2086,2026-02-08,Team Collaboration,20,3
9028,2087,2025-02-24,Integrations,39,2
9029,2087,2024-05-18,Dashboard,39,3
9030,2087,2022-05-07,Team Collaboration,55,3
9031,2087,2024-07-26,Reports,19,1
9032,2087,2023-04-12,Integrations,82,4
9033,2087,2021-08-29,Team Collaboration,31,4
9034,2087,2023-09-19,Team Collaboration,85,1
9035,2088,2026-08-23,Integrations,104,5
9036,2088,2026-03-21,Export Data,65,1
9037,2089,2026-06-24,Reports,70,5
9038,2089,2026-04-15,Team Collaboration,42,3
9039,2089,2026-05-02,Dashboard,73,5
9040,2089,2026-06-04,Team Collaboration,79,1
9041,2089,2026-02-26,Export Data,76,3
9042,2089,2026-03-12,Notifications,78,2
9043,2089,2026-05-23,Team Collaboration,114,1
9044,2089,2026-02-21,Dashboard,94,4
9045,2089,2026-07-18,Notifications,82,5
9046,2089,2026-04-12,Mobile App,78,4
9047,2090,2025-09-20,Dashboard,90,4
9048,2090,2024-03-07,Export Data,80,2
9049,2090,2023-09-19,API Access,45,2
9050,2091,2024-07-03,Notifications,119,2
9051,2091,2023-11-02,Reports,30,4
9052,2092,2026-05-09,Dashboard,100,2
9053,2092,2026-01-28,Export Data,9,1
9054,2093,2024-07-15,Reports,43,1
9055,2093,2023-01-25,Integrations,114,1
9056,2093,2025-06-09,Notifications,32,5
9057,2093,2024-04-12,Integrations,60,2
9058,2093,2024-07-30,Team Collaboration,93,5
9059,2093,2022-10-20,Team Collaboration,28,3
9060,2093,2024-09-16,Mobile App,30,1
9061,2093,2024-04-30,Team Collaboration,60,2
9062,2094,2026-06-13,Export Data,30,4
9063,2094,2026-07-20,Team Collaboration,80,4
9064,2095,2024-05-23,API Access,67,5
9065,2095,2021-10-01,Export Data,83,2
9066,2095,2025-03-06,Notifications,83,4
9067,2095,2023-08-14,Mobile App,105,5
9068,2095,2024-03-19,Integrations,96,5
9069,2096,2026-04-05,Dashboard,31,1
9070,2096,2025-10-10,API Access,37,5
9071,2096,2025-11-16,Reports,97,3
9072,2096,2026-09-04,Notifications,5,5
9073,2096,2025-12-18,Team Collaboration,90,4
9074,2096,2025-09-02,API Access,89,1
9075,2096,2026-02-14,Reports,120,4
9076,2096,2026-08-11,Team Collaboration,35,5
9077,2097,2023-06-19,Reports,42,3
9078,2098,2024-02-03,Mobile App,97,4
9079,2099,2026-08-03,Integrations,74,4
9080,2099,2026-07-23,Reports,93,1
9081,2099,2026-08-02,Dashboard,100,1
9082,2099,2026-09-05,Dashboard,69,5
9083,2100,2023-03-09,Reports,30,4
9084,2101,2025-11-26,API Access,56,3
9085,2101,2025-12-17,Mobile App,100,1
9086,2101,2026-06-03,Dashboard,21,1
9087,2101,2025-11-13,Mobile App,62,3
9088,2101,2026-01-09,Team Collaboration,82,4
9089,2101,2026-05-12,Export Data,101,2
9090,2101,2026-02-14,Integrations,101,1
9091,2101,2026-03-16,API Access,87,4
9092,2102,2025-11-02,Notifications,63,5
9093,2103,2025-11-03,API Access,103,1
9094,2103,2024-09-15,Team Collaboration,28,3
9095,2103,2025-09-10,Reports,82,1
9096,2103,2024-11-10,API Access,106,3
9097,2104,2025-02-04,Integrations,13,3
9098,2104,2026-01-25,Export Data,11,3
9099,2104,2025-06-22,Integrations,116,5
9100,2104,2025-01-15,Reports,25,2
9101,2104,2024-04-26,Integrations,91,2
9102,2104,2024-12-18,Export Data,70,4
9103,2104,2024-12-05,Integrations,119,1
9104,2104,2024-07-27,Export Data,57,3
9105,2104,2024-12-27,API Access,115,5
9106,2105,2026-07-27,Team Collaboration,12,4
9107,2106,2026-08-22,Mobile App,6,3
9108,2106,2026-08-18,Team Collaboration,48,3
9109,2106,2026-08-26,Integrations,57,3
9110,2106,2026-09-12,Integrations,105,2
9111,2106,2026-07-14,Export Data,72,2
9112,2106,2026-08-18,Dashboard,62,1
9113,2106,2026-07-23,Export Data,11,2
9114,2106,2026-07-16,Dashboard,87,2
9115,2106,2026-08-19,Integrations,8,3
9116,2106,2026-09-14,Integrations,30,5
9117,2107,2025-01-03,API Access,8,1
9118,2107,2023-11-11,Export Data,104,5
9119,2107,2024-07-19,Reports,59,3
9120,2107,2022-06-24,Notifications,38,3
9121,2107,2024-02-26,API Access,67,3
9122,2108,2025-08-26,API Access,13,4
9123,2108,2025-10-09,Export Data,41,5
9124,2108,2026-02-11,Dashboard,83,2
9125,2108,2025-09-01,Mobile App,118,5
9126,2108,2023-11-05,Notifications,29,5
9127,2108,2025-11-24,API Access,2,3
9128,2108,2025-01-25,API Access,69,5
9129,2108,2025-01-27,Reports,119,2
9130,2108,2026-01-23,Mobile App,8,2
9131,2108,2025-09-15,Integrations,13,1
9132,2109,2025-06-25,Dashboard,98,4
9133,2109,2025-02-10,Reports,95,2
9134,2109,2025-02-25,API Access,68,1
9135,2110,2026-06-28,Dashboard,65,5
9136,2110,2026-06-19,Reports,29,5
9137,2110,2026-03-03,Export Data,108,4
9138,2111,2026-04-05,Notifications,17,1
9139,2111,2026-02-13,Dashboard,28,2
9140,2111,2026-08-25,Reports,66,2
9141,2111,2026-07-22,Integrations,108,2
9142,2112,2026-08-10,Reports,56,3
9143,2112,2026-09-02,Dashboard,41,5
9144,2112,2026-08-25,Reports,18,1
9145,2112,2026-08-16,Dashboard,53,5
9146,2112,2026-07-26,Integrations,49,1
9147,2113,2023-11-02,Dashboard,85,5
9148,2113,2024-08-24,Dashboard,96,5
9149,2113,2025-03-07,Integrations,109,5
9150,2113,2022-11-24,Reports,51,3
9151,2113,2024-09-19,Export Data,90,4
9152,2114,2023-09-17,Dashboard,89,2
9153,2114,2024-08-22,Export Data,30,4
9154,2114,2024-02-14,Export Data,58,5
9155,2114,2023-07-22,API Access,49,1
9156,2114,2026-08-07,API Access,103,2
9157,2115,2025-08-01,Reports,46,3
9158,2115,2025-07-30,Mobile App,86,3
9159,2116,2026-08-18,Dashboard,95,2
9160,2116,2025-11-26,Team Collaboration,19,4
9161,2116,2023-12-08,Integrations,8,1
9162,2116,2025-04-01,API Access,95,5
9163,2117,2023-03-04,Reports,106,2
9164,2117,2023-01-31,Notifications,118,2
9165,2118,2026-09-04,Notifications,40,5
9166,2118,2026-09-03,Dashboard,36,2
9167,2119,2022-08-17,Notifications,38,3
9168,2119,2023-06-05,Notifications,9,5
9169,2119,2023-07-28,Mobile App,20,2
9170,2119,2023-07-09,Integrations,110,4
9171,2119,2022-11-13,Notifications,62,4
9172,2119,2022-01-22,Dashboard,23,3
9173,2120,2025-11-23,API Access,49,4
9174,2120,2026-05-26,Team Collaboration,1,2
9175,2121,2025-05-30,Reports,1,5
9176,2121,2025-10-02,Reports,37,2
9177,2121,2025-10-28,Team Collaboration,50,3
9178,2121,2025-09-19,API Access,12,3
9179,2121,2025-10-10,Reports,118,4
9180,2121,2025-11-08,Reports,96,2
9181,2121,2025-06-13,Team Collaboration,61,2
9182,2122,2026-05-15,Reports,25,4
9183,2122,2026-03-13,Team Collaboration,36,3
9184,2122,2026-05-19,Integrations,119,4
9185,2122,2026-09-02,Notifications,43,5
9186,2122,2026-06-10,API Access,104,2
9187,2122,2026-06-02,Dashboard,2,1
9188,2122,2026-04-30,Team Collaboration,109,3
9189,2123,2026-04-16,Team Collaboration,15,1
9190,2123,2026-05-06,Team Collaboration,98,4
9191,2123,2026-05-28,Export Data,20,5
9192,2123,2026-08-01,Dashboard,22,2
9193,2123,2026-02-17,Team Collaboration,76,2
9194,2124,2023-04-22,Mobile App,92,1
9195,2124,2026-03-23,Dashboard,30,5
9196,2124,2021-11-26,Export Data,113,4
9197,2124,2021-02-24,Dashboard,30,3
9198,2124,2024-05-20,Team Collaboration,44,3
9199,2124,2023-01-07,Dashboard,19,3
9200,2124,2022-06-23,Mobile App,21,2
9201,2124,2024-04-03,Dashboard,5,3
9202,2125,2026-06-08,Integrations,69,3
9203,2125,2026-02-08,Dashboard,20,4
9204,2125,2026-05-09,Team Collaboration,53,5
9205,2125,2026-06-22,Reports,47,5
9206,2126,2025-07-22,Mobile App,72,5
9207,2126,2023-11-12,Reports,24,5
9208,2126,2023-08-29,Team Collaboration,25,1
9209,2126,2026-06-13,Mobile App,17,4
9210,2126,2024-08-25,Notifications,52,2
9211,2126,2022-11-29,Mobile App,78,4
9212,2126,2022-07-04,Dashboard,31,1
9213,2126,2023-02-24,Reports,39,1
9214,2126,2022-10-26,Mobile App,70,5
9215,2127,2024-11-07,Mobile App,55,5
9216,2127,2024-09-14,Dashboard,5,4
9217,2128,2026-07-08,Integrations,93,3
9218,2129,2023-08-10,API Access,58,2
9219,2129,2024-06-25,Notifications,116,2
9220,2129,2026-02-26,Notifications,114,5
9221,2130,2021-07-17,Reports,34,4
9222,2131,2026-08-28,Reports,19,5
9223,2131,2025-10-31,API Access,25,1
9224,2131,2025-11-20,Notifications,23,5
9225,2131,2026-05-02,Mobile App,65,5
9226,2132,2026-01-19,Notifications,25,5
9227,2132,2025-03-07,Reports,112,3
9228,2132,2025-06-09,Reports,119,4
9229,2132,2023-10-29,Mobile App,106,3
9230,2132,2026-05-28,Team Collaboration,63,3
9231,2132,2023-04-17,Notifications,12,4
9232,2132,2023-11-01,Mobile App,116,4
9233,2132,2023-07-30,Notifications,77,2
9234,2132,2023-10-07,Team Collaboration,59,5
9235,2133,2026-01-10,Dashboard,33,3
9236,2133,2024-06-25,Export Data,50,3
9237,2133,2024-12-28,Team Collaboration,17,2
9238,2133,2025-06-03,Reports,94,4
9239,2133,2024-11-01,Notifications,64,4
9240,2133,2025-04-30,Team Collaboration,55,4
9241,2133,2025-07-09,Team Collaboration,25,4
9242,2134,2026-08-26,API Access,10,5
9243,2134,2025-09-23,Dashboard,114,3
9244,2134,2026-09-08,Reports,2,4
9245,2134,2026-01-19,Integrations,34,1
9246,2134,2026-02-16,Notifications,63,3
9247,2135,2023-05-06,Reports,4,2
9248,2135,2023-04-07,Dashboard,30,2
9249,2135,2023-04-30,Export Data,101,5
9250,2136,2026-05-11,Dashboard,94,3
9251,2137,2025-10-20,Export Data,102,2
9252,2137,2026-03-17,Reports,11,2
9253,2137,2026-03-22,Reports,42,3
9254,2137,2025-10-13,Team Collaboration,96,4
9255,2137,2026-05-15,Team Collaboration,51,5
9256,2138,2024-01-25,Notifications,88,1
9257,2138,2023-07-11,Dashboard,15,1
9258,2138,2023-10-16,Dashboard,44,5
9259,2138,2024-07-09,Team Collaboration,61,3
9260,2138,2024-06-27,Integrations,5,5
9261,2138,2023-07-10,Notifications,34,1
9262,2138,2025-12-12,Mobile App,51,2
9263,2139,2023-10-03,Mobile App,83,3
9264,2139,2023-05-26,Dashboard,93,3
9265,2140,2026-05-01,API Access,4,1
9266,2141,2026-07-26,Team Collaboration,22,1
9267,2142,2021-12-18,API Access,22,3
9268,2142,2022-06-10,Export Data,16,5
9269,2142,2022-09-07,Reports,62,2
9270,2142,2022-09-12,Export Data,59,4
9271,2143,2024-02-23,Dashboard,96,3
9272,2143,2026-05-08,API Access,117,1
9273,2144,2024-10-08,Mobile App,29,2
9274,2144,2023-07-04,API Access,13,4
9275,2144,2025-06-25,Team Collaboration,31,1
9276,2144,2022-08-02,Reports,10,4
9277,2144,2024-02-13,Integrations,77,3
9278,2144,2024-09-13,Mobile App,6,5
9279,2144,2022-11-21,Notifications,5,4
9280,2144,2023-03-01,Dashboard,71,1
9281,2144,2025-11-20,Reports,120,3
9282,2145,2025-10-21,Integrations,2,3
9283,2145,2025-12-07,Export Data,56,1
9284,2145,2026-01-06,Notifications,54,5
9285,2146,2026-02-27,Mobile App,22,4
9286,2146,2025-07-24,Integrations,118,2
9287,2146,2026-04-08,Dashboard,25,1
9288,2146,2023-01-15,Team Collaboration,112,2
9289,2146,2026-03-06,Integrations,87,2
9290,2146,2026-02-15,Dashboard,35,3
9291,2146,2024-09-01,Reports,7,4
9292,2147,2026-05-20,Team Collaboration,111,3
9293,2147,2025-10-10,Reports,45,2
9294,2147,2026-05-04,Dashboard,87,1
9295,2147,2025-10-28,API Access,94,4
9296,2148,2025-12-31,Dashboard,110,3
9297,2148,2026-04-20,Dashboard,35,4
9298,2148,2024-05-06,Mobile App,14,3
9299,2148,2024-12-13,Export Data,20,1
9300,2148,2024-08-24,Dashboard,39,3
9301,2148,2025-11-24,Team Collaboration,117,4
9302,2148,2024-10-30,Integrations,52,2
9303,2149,2021-12-30,Integrations,75,2
9304,2149,2026-09-10,Team Collaboration,21,3
9305,2149,2025-07-06,Team Collaboration,107,5
9306,2149,2024-09-30,Dashboard,27,3
9307,2151,2025-05-16,API Access,23,2
9308,2151,2023-12-23,Export Data,63,2
9309,2151,2026-04-02,Dashboard,22,1
9310,2152,2026-04-26,API Access,63,4
9311,2152,2024-07-29,Mobile App,29,4
9312,2152,2024-08-03,Notifications,43,4
9313,2152,2025-09-28,Team Collaboration,19,1
9314,2153,2026-08-11,Dashboard,80,2
9315,2153,2026-02-12,Mobile App,45,5
9316,2153,2026-04-23,Dashboard,24,3
9317,2153,2026-07-17,API Access,114,3
9318,2153,2026-04-20,Integrations,6,4
9319,2153,2026-01-27,Team Collaboration,83,4
9320,2153,2026-02-28,Export Data,77,4
9321,2153,2026-07-25,Reports,112,3
9322,2154,2023-11-09,Reports,77,4
9323,2154,2023-03-21,Reports,97,1
9324,2154,2023-08-15,API Access,45,5
9325,2154,2023-12-12,Team Collaboration,10,2
9326,2155,2025-07-22,API Access,101,5
9327,2155,2026-03-25,Reports,47,4
9328,2155,2024-04-17,Notifications,61,3
9329,2155,2024-11-17,Team Collaboration,22,3
9330,2156,2021-09-11,Export Data,29,5
9331,2156,2025-04-14,Integrations,39,2
9332,2156,2024-12-16,Integrations,43,4
9333,2156,2026-04-24,Team Collaboration,68,3
9334,2156,2023-04-02,API Access,45,5
9335,2156,2021-10-14,API Access,85,5
9336,2156,2021-12-03,API Access,34,1
9337,2156,2021-11-13,Integrations,39,2
9338,2156,2022-09-26,Mobile App,61,2
9339,2157,2021-05-06,Integrations,98,3
9340,2157,2023-09-22,Export Data,81,4
9341,2157,2024-03-01,API Access,101,1
9342,2157,2022-05-28,Mobile App,26,4
9343,2157,2021-03-01,API Access,59,2
9344,2157,2025-09-01,Reports,53,1
9345,2159,2026-08-03,API Access,45,3
9346,2159,2026-08-09,Notifications,7,3
9347,2159,2026-09-11,Export Data,87,1
9348,2160,2025-04-19,API Access,51,1
9349,2160,2026-03-07,Export Data,65,2
9350,2160,2026-09-15,Export Data,118,5
9351,2160,2025-04-09,Integrations,17,1
9352,2160,2025-09-17,Team Collaboration,90,2
9353,2160,2026-07-19,Dashboard,15,5
9354,2160,2026-04-15,Notifications,25,2
9355,2161,2024-08-06,Notifications,12,5
9356,2161,2024-09-15,API Access,110,3
9357,2161,2024-12-22,Notifications,85,4
9358,2161,2024-12-25,Reports,88,1
9359,2162,2023-10-20,Mobile App,103,2
9360,2162,2022-06-22,Mobile App,25,3
9361,2162,2022-11-01,Team Collaboration,120,1
9362,2162,2022-05-13,Notifications,20,2
9363,2162,2025-04-22,Notifications,39,3
9364,2163,2023-12-18,Export Data,98,3
9365,2163,2025-03-27,API Access,74,2
9366,2163,2025-03-07,Export Data,8,5
9367,2163,2023-12-09,Dashboard,106,5
9368,2163,2024-01-29,Export Data,10,1
9369,2163,2024-11-09,Notifications,2,5
9370,2163,2026-04-02,API Access,100,5
9371,2164,2024-11-25,API Access,91,1
9372,2164,2023-10-12,Mobile App,112,1
9373,2164,2025-10-20,Dashboard,50,5
9374,2164,2026-09-08,API Access,54,3
9375,2164,2024-12-29,Reports,52,2
9376,2164,2025-01-20,Export Data,61,5
9377,2165,2025-02-21,Mobile App,80,2
9378,2165,2026-05-27,Dashboard,79,1
9379,2165,2023-03-28,Integrations,60,5
9380,2166,2022-10-13,Integrations,54,2
9381,2166,2023-11-19,Export Data,92,3
9382,2166,2023-08-03,Reports,38,4
9383,2166,2022-09-22,Export Data,115,4
9384,2167,2023-04-20,Mobile App,68,4
9385,2167,2025-08-31,Team Collaboration,62,3
9386,2167,2025-10-16,Dashboard,102,4
9387,2167,2024-04-17,Mobile App,65,2
9388,2167,2024-05-28,Dashboard,40,3
9389,2167,2025-08-05,Notifications,6,3
9390,2167,2025-09-02,Team Collaboration,71,5
9391,2167,2025-01-10,API Access,39,1
9392,2167,2023-02-10,Reports,112,2
9393,2167,2025-01-26,API Access,84,1
9394,2168,2026-07-30,Reports,65,4
9395,2168,2026-07-28,Team Collaboration,32,3
9396,2168,2026-07-19,Integrations,11,3
9397,2169,2025-10-24,Integrations,41,3
9398,2169,2025-12-09,Notifications,11,4
9399,2169,2025-06-05,Export Data,51,4
9400,2169,2023-11-09,Export Data,62,1
9401,2170,2025-09-04,Team Collaboration,54,2
9402,2170,2025-06-09,Team Collaboration,49,3
9403,2171,2025-07-15,Notifications,71,2
9404,2171,2024-03-24,Team Collaboration,19,1
9405,2171,2023-05-20,Reports,87,2
9406,2172,2025-09-09,API Access,13,3
9407,2172,2026-07-15,Dashboard,33,1
9408,2172,2025-09-18,Integrations,55,4
9409,2172,2025-10-24,Mobile App,31,5
9410,2172,2026-08-20,Notifications,25,4
9411,2173,2025-05-30,Dashboard,33,3
9412,2173,2025-10-13,API Access,58,4
9413,2173,2025-02-25,Team Collaboration,9,5
9414,2173,2024-08-29,Mobile App,5,1
9415,2173,2025-05-27,Integrations,41,3
9416,2173,2025-09-29,Export Data,72,2
9417,2173,2026-04-20,Mobile App,74,2
9418,2174,2026-08-23,Mobile App,44,4
9419,2174,2026-09-12,Team Collaboration,35,4
9420,2174,2026-07-30,Dashboard,67,5
9421,2174,2026-06-21,Mobile App,14,3
9422,2175,2026-09-03,Mobile App,44,2
9423,2176,2022-08-01,Mobile App,104,3
9424,2176,2021-09-06,Export Data,15,5
9425,2177,2022-02-24,Notifications,49,4
9426,2177,2022-01-08,Team Collaboration,82,1
9427,2179,2026-08-10,Mobile App,8,2
9428,2179,2026-02-28,Reports,63,4
9429,2179,2025-09-30,Notifications,114,4
9430,2180,2022-01-01,Dashboard,25,3
9431,2180,2024-12-27,Integrations,95,3
9432,2180,2023-10-28,Dashboard,89,4
9433,2180,2021-08-25,API Access,78,3
9434,2180,2021-04-24,Export Data,39,4
9435,2180,2022-11-28,Reports,10,4
9436,2181,2026-05-17,Reports,71,4
9437,2181,2026-07-31,Reports,40,3
9438,2181,2026-07-03,Integrations,26,2
9439,2181,2026-07-31,Team Collaboration,53,2
9440,2181,2026-06-19,Mobile App,6,2
9441,2181,2026-05-28,Team Collaboration,62,3
9442,2181,2026-06-05,Export Data,23,1
9443,2181,2026-04-24,API Access,104,2
9444,2182,2025-01-29,Team Collaboration,46,4
9445,2182,2023-12-08,Notifications,109,3
9446,2182,2023-07-29,Integrations,99,5
9447,2182,2023-07-24,Notifications,77,3
9448,2182,2025-01-14,Export Data,108,3
9449,2183,2026-09-08,API Access,98,1
9450,2183,2026-07-21,Reports,66,3
9451,2183,2026-04-15,API Access,15,1
9452,2184,2026-03-13,Notifications,97,2
9453,2184,2026-03-03,Mobile App,45,3
9454,2184,2026-09-10,Reports,78,4
9455,2184,2026-04-19,Reports,1,1
9456,2184,2026-02-07,Notifications,34,1
9457,2184,2026-08-07,Mobile App,59,2
9458,2185,2026-05-04,Dashboard,58,3
9459,2185,2026-06-22,API Access,63,1
9460,2186,2025-05-07,Dashboard,83,3
9461,2186,2024-04-13,Notifications,111,5
9462,2186,2026-04-14,Export Data,82,4
9463,2186,2025-07-26,Team Collaboration,50,5
9464,2186,2024-08-08,Reports,112,2
9465,2186,2025-12-02,API Access,116,4
9466,2186,2024-06-14,Integrations,73,1
9467,2187,2026-08-23,Export Data,60,5
9468,2187,2026-08-23,Notifications,80,5
9469,2187,2026-06-20,Export Data,39,4
9470,2187,2026-07-11,Mobile App,77,4
9471,2188,2023-03-09,Notifications,91,2
9472,2188,2025-08-04,Export Data,83,2
9473,2188,2023-09-05,Notifications,117,4
9474,2188,2023-12-21,Team Collaboration,39,1
9475,2188,2026-01-15,Reports,94,1
9476,2188,2024-10-05,Mobile App,111,3
9477,2189,2026-03-22,Dashboard,73,4
9478,2190,2026-09-13,Integrations,3,1
9479,2190,2025-12-01,Mobile App,20,2
9480,2190,2025-03-02,Team Collaboration,4,4
9481,2191,2026-07-09,Integrations,93,4
9482,2191,2025-11-20,Team Collaboration,120,4
9483,2191,2026-01-19,Export Data,65,5
9484,2191,2025-12-21,Team Collaboration,7,3
9485,2191,2026-07-16,Reports,3,4
9486,2191,2025-02-18,Mobile App,26,4
9487,2191,2026-09-05,Team Collaboration,27,4
9488,2192,2024-03-25,Team Collaboration,108,2
9489,2192,2026-06-12,Mobile App,97,3
9490,2192,2024-06-12,API Access,43,2
9491,2193,2024-11-23,Export Data,36,3
9492,2194,2026-04-28,Dashboard,18,2
9493,2194,2025-06-13,Reports,20,3
9494,2194,2025-02-03,Notifications,13,2
9495,2194,2025-03-09,Dashboard,38,5
9496,2194,2025-09-14,Reports,16,4
9497,2194,2025-08-04,Reports,91,1
9498,2194,2024-11-08,Dashboard,7,1
9499,2195,2026-08-06,Integrations,57,1
9500,2196,2024-10-27,Reports,54,1
9501,2196,2024-07-19,Team Collaboration,51,2
9502,2196,2026-06-26,Export Data,17,3
9503,2196,2023-08-26,Team Collaboration,35,5
9504,2197,2023-07-30,Integrations,56,2
9505,2197,2022-11-05,Reports,7,3
9506,2197,2025-10-08,Notifications,50,4
9507,2197,2026-03-14,Mobile App,24,1
9508,2197,2022-04-01,Mobile App,85,1
9509,2197,2024-08-10,Integrations,100,5
9510,2197,2024-02-02,Notifications,83,1
9511,2197,2022-03-27,Team Collaboration,12,3
9512,2198,2026-09-05,API Access,10,3
9513,2198,2026-08-19,Mobile App,34,3
9514,2198,2026-08-29,Dashboard,113,1
9515,2198,2026-06-07,Export Data,24,1
9516,2198,2026-05-10,Dashboard,110,5
9517,2198,2026-08-26,Team Collaboration,63,4
9518,2199,2022-09-29,Integrations,29,2
9519,2200,2022-04-03,API Access,96,4
9520,2200,2024-08-07,API Access,25,2
9521,2200,2024-12-13,Integrations,83,5
9522,2200,2022-06-02,Export Data,78,1
9523,2200,2024-10-26,Integrations,14,4
9524,2200,2022-04-02,API Access,120,5
9525,2201,2023-08-18,Team Collaboration,91,4
9526,2201,2025-04-12,Integrations,87,2
9527,2201,2025-04-28,Mobile App,36,2
9528,2201,2025-08-21,Mobile App,70,1
9529,2202,2026-08-28,Export Data,58,2
9530,2202,2026-02-22,API Access,112,1
9531,2202,2026-06-01,Mobile App,83,4
9532,2202,2026-07-15,Integrations,91,1
9533,2202,2026-05-06,Dashboard,80,1
9534,2202,2026-08-18,Dashboard,67,1
9535,2202,2026-05-05,Export Data,43,3
9536,2202,2026-04-18,Mobile App,11,3
9537,2203,2023-06-24,Team Collaboration,46,1
9538,2203,2025-05-12,Export Data,11,4
9539,2203,2025-09-16,Dashboard,57,3
9540,2203,2025-11-06,API Access,72,3
9541,2203,2023-01-05,Reports,107,4
9542,2203,2025-10-09,Notifications,33,3
9543,2203,2025-06-16,Integrations,113,2
9544,2204,2025-12-25,Mobile App,29,1
9545,2204,2026-09-08,Integrations,75,5
9546,2204,2023-06-05,Export Data,99,4
9547,2205,2026-08-29,Reports,12,1
9548,2206,2025-03-06,Mobile App,3,2
9549,2206,2025-05-28,Team Collaboration,118,5
9550,2206,2026-01-02,API Access,52,1
9551,2206,2026-04-13,Dashboard,43,3
9552,2206,2025-10-01,Team Collaboration,105,4
9553,2206,2026-04-02,Mobile App,67,4
9554,2206,2025-06-05,Reports,53,5
9555,2207,2023-12-14,Dashboard,10,3
9556,2208,2025-08-11,Export Data,63,1
9557,2208,2025-11-20,Notifications,93,2
9558,2208,2026-02-22,Mobile App,109,5
9559,2208,2026-01-28,Dashboard,2,3
9560,2208,2025-06-25,Mobile App,27,3
9561,2208,2025-10-25,Dashboard,19,3
9562,2208,2025-12-31,Team Collaboration,76,1
9563,2209,2024-04-19,Export Data,42,2
9564,2209,2024-12-01,Dashboard,92,1
9565,2209,2026-06-18,API Access,106,1
9566,2209,2025-11-24,Mobile App,98,2
9567,2209,2023-12-15,Reports,41,2
9568,2209,2024-09-14,Dashboard,67,2
9569,2210,2022-11-05,Integrations,27,2
9570,2210,2024-06-29,Dashboard,64,5
9571,2210,2025-11-13,Integrations,96,2
9572,2210,2024-03-10,Export Data,84,1
9573,2210,2024-08-05,Export Data,63,4
9574,2210,2024-03-09,Reports,40,5
9575,2211,2026-07-12,Mobile App,119,2
9576,2211,2026-07-31,Export Data,29,1
9577,2211,2026-08-24,Team Collaboration,29,1
9578,2211,2026-05-29,Integrations,38,1
9579,2211,2026-07-07,Integrations,110,1
9580,2211,2026-08-10,Mobile App,98,5
9581,2211,2026-09-04,API Access,86,2
9582,2212,2022-02-06,Reports,17,5
9583,2212,2025-12-06,Team Collaboration,46,2
9584,2212,2026-04-05,Integrations,110,4
9585,2212,2021-07-17,Notifications,105,3
9586,2212,2026-01-05,Reports,9,1
9587,2212,2025-11-16,API Access,109,1
9588,2212,2021-06-13,Dashboard,84,1
9589,2212,2023-06-06,Export Data,12,3
9590,2212,2026-08-20,Mobile App,115,2
9591,2212,2022-12-12,Reports,93,1
9592,2213,2024-06-19,API Access,103,2
9593,2213,2024-02-25,Export Data,1,5
9594,2213,2024-05-29,Mobile App,5,1
9595,2213,2023-02-26,API Access,107,5
9596,2213,2025-03-03,Reports,97,4
9597,2213,2022-05-14,Team Collaboration,115,5
9598,2213,2023-02-25,Dashboard,27,3
9599,2213,2025-11-11,Integrations,14,4
9600,2213,2023-09-01,Notifications,118,5
9601,2214,2026-02-14,Reports,114,5
9602,2214,2026-02-19,Mobile App,89,2
9603,2214,2026-04-27,Mobile App,38,4
9604,2214,2026-03-01,Reports,76,2
9605,2214,2025-07-16,Team Collaboration,116,5
9606,2214,2026-01-31,Notifications,70,2
9607,2214,2025-08-12,Export Data,116,1
9608,2214,2025-08-15,Notifications,83,2
9609,2214,2025-11-20,Export Data,111,5
9610,2215,2025-10-30,Integrations,9,5
9611,2215,2026-03-21,Export Data,9,4
9612,2215,2025-07-18,Integrations,87,2
9613,2215,2025-05-30,Mobile App,109,5
9614,2215,2025-12-12,Integrations,87,4
9615,2216,2021-12-24,Reports,11,1
9616,2217,2024-07-08,API Access,4,3
9617,2217,2025-10-16,Export Data,21,4
9618,2217,2026-07-13,Reports,58,5
9619,2217,2026-01-17,Export Data,8,3
9620,2217,2026-03-27,API Access,47,5
9621,2217,2024-08-19,Export Data,74,4
9622,2217,2026-05-13,Reports,7,3
9623,2217,2024-07-30,Dashboard,86,2
9624,2218,2025-06-11,Notifications,52,2
9625,2218,2024-09-04,Dashboard,54,4
9626,2218,2025-02-26,Mobile App,93,5
9627,2218,2025-01-23,Export Data,101,2
9628,2218,2024-10-29,Notifications,5,4
9629,2218,2026-05-29,Dashboard,58,2
9630,2218,2026-04-25,Integrations,55,2
9631,2218,2025-01-22,Dashboard,95,4
9632,2219,2026-06-26,Notifications,86,5
9633,2220,2023-02-28,Notifications,111,4
9634,2220,2022-11-07,Export Data,6,5
9635,2220,2022-10-02,API Access,18,3
9636,2220,2022-12-31,Notifications,61,5
9637,2221,2024-08-23,Notifications,120,1
9638,2222,2025-12-24,Mobile App,7,2
9639,2222,2026-03-07,Mobile App,78,3
9640,2223,2024-01-14,Export Data,13,1
9641,2223,2024-08-03,Notifications,91,3
9642,2223,2026-05-18,Dashboard,94,5
9643,2223,2026-02-12,Reports,103,1
9644,2223,2024-03-27,Reports,15,3
9645,2223,2023-12-07,Dashboard,21,2
9646,2224,2025-06-19,Export Data,67,4
9647,2224,2025-02-16,Integrations,85,3
9648,2224,2025-03-22,Export Data,50,5
9649,2224,2025-01-18,Export Data,90,1
9650,2224,2025-11-25,Export Data,87,5
9651,2224,2025-02-12,Dashboard,7,1
9652,2224,2025-11-22,API Access,18,1
9653,2224,2025-06-07,Notifications,58,1
9654,2224,2026-08-17,Reports,17,4
9655,2226,2026-01-14,Team Collaboration,68,4
9656,2227,2026-07-16,Export Data,120,3
9657,2227,2022-05-19,API Access,105,4
9658,2228,2025-03-06,Reports,42,3
9659,2228,2025-04-16,API Access,96,2
9660,2228,2025-02-07,Notifications,101,5
9661,2230,2024-08-02,Dashboard,15,4
9662,2230,2025-02-03,Notifications,35,3
9663,2231,2026-01-09,Notifications,18,5
9664,2231,2024-05-29,Reports,112,2
9665,2231,2024-05-07,Dashboard,26,2
9666,2231,2025-07-22,API Access,57,1
9667,2231,2024-02-06,Dashboard,24,4
9668,2232,2026-03-03,Integrations,24,4
9669,2232,2026-05-27,API Access,73,1
9670,2232,2026-05-02,API Access,66,3
9671,2232,2026-01-22,Mobile App,82,5
9672,2232,2026-01-18,Team Collaboration,81,5
9673,2232,2026-05-25,Reports,67,2
9674,2232,2026-04-17,Notifications,58,5
9675,2232,2026-02-17,Dashboard,18,2
9676,2232,2026-03-05,Dashboard,64,1
9677,2233,2026-04-09,Reports,101,2
9678,2233,2026-02-02,Dashboard,53,1
9679,2233,2026-06-09,Integrations,30,5
9680,2233,2026-08-01,Dashboard,70,5
9681,2233,2026-06-16,Notifications,43,2
9682,2233,2026-03-19,Team Collaboration,9,2
9683,2233,2026-05-03,Mobile App,6,1
9684,2233,2026-04-03,Export Data,1,1
9685,2233,2026-03-24,API Access,37,5
9686,2233,2026-05-02,Mobile App,1,2
9687,2234,2025-10-31,API Access,63,2
9688,2234,2024-06-18,Mobile App,110,2
9689,2234,2026-06-20,Mobile App,38,1
9690,2234,2024-05-31,Export Data,7,2
9691,2234,2025-05-08,Reports,77,1
9692,2234,2026-06-19,Export Data,30,2
9693,2234,2026-06-02,Integrations,112,2
9694,2236,2024-03-20,Reports,37,3
9695,2236,2025-07-04,Dashboard,21,2
9696,2236,2024-02-17,Team Collaboration,106,4
9697,2236,2025-11-13,Team Collaboration,40,4
9698,2236,2024-02-27,Mobile App,117,4
9699,2236,2026-04-06,Mobile App,102,2
9700,2236,2025-02-05,Reports,117,3
9701,2236,2024-08-25,Integrations,94,2
9702,2237,2023-08-16,Notifications,110,1
9703,2238,2023-05-02,Notifications,17,3
9704,2238,2026-02-15,Integrations,90,1
9705,2238,2025-01-07,Mobile App,21,2
9706,2238,2023-04-15,Mobile App,97,3
9707,2238,2023-03-17,Mobile App,32,4
9708,2238,2026-04-10,API Access,61,1
9709,2238,2026-01-09,Notifications,78,1
9710,2239,2024-10-30,Export Data,58,4
9711,2239,2022-07-11,API Access,63,5
9712,2240,2023-07-01,Reports,4,2
9713,2240,2022-10-30,Notifications,38,4
9714,2240,2025-12-09,Notifications,14,1
9715,2240,2024-10-05,API Access,39,1
9716,2240,2025-12-27,Reports,71,2
9717,2241,2023-11-22,Reports,19,5
9718,2241,2023-05-29,API Access,16,5
9719,2241,2022-06-25,API Access,73,3
9720,2241,2023-02-18,Export Data,108,1
9721,2241,2025-02-14,Mobile App,4,5
9722,2241,2023-06-08,Reports,98,1
9723,2242,2026-06-25,Integrations,66,4
9724,2242,2026-08-02,Reports,65,1
9725,2242,2026-01-05,API Access,44,1
9726,2242,2025-10-09,Integrations,101,3
9727,2242,2026-07-07,Dashboard,29,3
9728,2242,2026-02-14,Team Collaboration,79,1
9729,2242,2025-08-26,Reports,115,5
9730,2243,2025-12-09,Reports,39,2
9731,2243,2025-07-01,Mobile App,120,1
9732,2243,2025-08-04,Export Data,44,3
9733,2244,2026-06-02,API Access,14,5
9734,2244,2026-01-08,Mobile App,75,3
9735,2244,2026-06-30,Notifications,96,4
9736,2244,2026-02-24,Reports,58,1
9737,2244,2025-12-01,Export Data,39,5
9738,2244,2026-08-10,Dashboard,86,4
9739,2244,2026-04-29,Export Data,101,2
9740,2245,2025-12-22,API Access,17,1
9741,2245,2026-06-27,Export Data,25,5
9742,2245,2025-09-24,Dashboard,85,1
9743,2245,2026-01-15,Notifications,100,1
9744,2245,2025-09-18,Export Data,98,2
9745,2245,2026-02-04,Dashboard,74,2
9746,2245,2026-09-06,Mobile App,14,3
9747,2245,2025-11-13,Export Data,64,3
9748,2245,2025-12-17,Export Data,13,1
9749,2246,2026-03-09,Integrations,101,2
9750,2246,2023-06-02,Reports,93,1
9751,2246,2025-11-15,Export Data,89,2
9752,2246,2025-11-21,Dashboard,64,3
9753,2246,2025-01-25,Mobile App,34,3
9754,2246,2026-02-23,Mobile App,54,3
9755,2247,2024-02-11,Export Data,116,5
9756,2247,2023-04-05,Team Collaboration,50,5
9757,2247,2024-05-18,Notifications,77,2
9758,2247,2023-09-18,Integrations,46,4
9759,2248,2026-04-11,Mobile App,11,2
9760,2248,2026-05-29,API Access,27,4
9761,2248,2022-09-23,Mobile App,38,1
9762,2248,2025-09-12,API Access,110,3
9763,2248,2025-06-06,Integrations,104,3
9764,2248,2022-06-26,Team Collaboration,65,1
9765,2248,2024-11-15,Notifications,104,2
9766,2248,2026-05-21,API Access,7,4
9767,2248,2022-08-30,API Access,52,3
9768,2248,2025-08-16,Integrations,37,4
9769,2249,2026-08-26,Notifications,11,3
9770,2249,2026-05-06,Integrations,12,5
9771,2249,2026-08-06,Export Data,74,5
9772,2249,2026-06-24,Notifications,107,4
9773,2249,2026-05-20,Dashboard,4,2
9774,2249,2026-08-02,Notifications,28,3
9775,2249,2026-07-23,Dashboard,22,1
9776,2249,2026-07-19,Dashboard,3,3
9777,2250,2025-07-21,API Access,120,2
9778,2250,2025-05-12,Notifications,89,3
9779,2250,2026-01-29,Mobile App,77,3
9780,2250,2026-03-15,Export Data,23,5
9781,2250,2026-05-15,Dashboard,111,5
9782,2250,2025-06-10,Dashboard,14,5
9783,2251,2022-07-13,Reports,29,5
9784,2251,2022-07-29,Dashboard,81,3
9785,2251,2022-11-01,Team Collaboration,58,1
9786,2251,2023-02-04,API Access,87,2
9787,2252,2024-10-27,API Access,60,1
9788,2253,2023-01-19,Integrations,63,4
9789,2253,2025-05-05,Team Collaboration,21,2
9790,2253,2024-02-05,Mobile App,107,2
9791,2253,2026-08-03,Export Data,15,5
9792,2253,2026-08-14,Team Collaboration,55,5
9793,2253,2026-04-21,Integrations,42,3
9794,2253,2024-12-15,Reports,30,3
9795,2254,2025-09-03,API Access,22,2
9796,2254,2025-03-19,Export Data,5,2
9797,2254,2025-01-19,Integrations,32,5
9798,2254,2026-04-12,Export Data,44,5
9799,2254,2024-09-22,Export Data,89,2
9800,2254,2024-10-12,Export Data,109,4
9801,2254,2025-08-02,Notifications,45,4
9802,2255,2025-08-06,Reports,101,4
9803,2255,2022-10-29,Team Collaboration,119,3
9804,2255,2023-03-05,Mobile App,12,4
9805,2255,2024-04-11,Integrations,107,1
9806,2255,2026-07-15,Export Data,109,1
9807,2255,2024-02-21,Notifications,1,2
9808,2255,2025-09-12,Export Data,74,5
9809,2255,2026-03-22,Export Data,26,5
9810,2256,2022-02-13,Export Data,18,2
9811,2256,2022-03-18,Integrations,24,3
9812,2257,2023-05-18,Notifications,75,5
9813,2257,2023-12-04,Dashboard,31,5
9814,2257,2024-05-22,Team Collaboration,115,5
9815,2257,2025-08-14,API Access,51,3
9816,2257,2025-03-17,Dashboard,81,5
9817,2257,2026-04-05,Notifications,68,1
9818,2257,2025-11-20,Mobile App,74,2
9819,2260,2025-05-31,Notifications,117,4
9820,2260,2025-03-07,Dashboard,19,1
9821,2260,2024-06-27,Integrations,81,4
9822,2260,2025-07-10,Notifications,26,3
9823,2260,2025-08-13,Export Data,60,1
9824,2260,2025-07-14,Team Collaboration,116,1
9825,2260,2026-05-20,Export Data,28,1
9826,2260,2026-01-03,Notifications,47,3
9827,2261,2025-05-24,Notifications,43,5
9828,2261,2025-03-27,Export Data,108,4
9829,2261,2025-05-05,Team Collaboration,78,5
9830,2261,2026-01-03,Team Collaboration,1,5
9831,2261,2026-03-23,Export Data,49,3
9832,2261,2025-07-27,Dashboard,99,1
9833,2261,2025-11-27,Mobile App,100,5
9834,2263,2026-06-16,Export Data,63,4
9835,2263,2026-06-14,Mobile App,17,1
9836,2263,2026-04-10,Team Collaboration,70,1
9837,2264,2026-06-01,Integrations,39,3
9838,2264,2025-08-17,Notifications,75,2
9839,2265,2026-05-01,Dashboard,76,4
9840,2265,2026-02-20,Integrations,21,3
9841,2265,2025-08-21,Dashboard,33,5
9842,2265,2025-10-17,Dashboard,70,3
9843,2266,2025-05-20,API Access,38,3
9844,2266,2025-06-15,Dashboard,46,2
9845,2266,2025-03-10,Reports,26,3
9846,2266,2024-12-06,Integrations,3,2
9847,2267,2024-12-21,Notifications,101,4
9848,2268,2024-11-04,Mobile App,43,2
9849,2268,2026-01-26,Team Collaboration,55,3
9850,2268,2021-05-22,Mobile App,101,5
9851,2268,2022-10-01,Export Data,82,3
9852,2268,2026-08-03,Notifications,88,1
9853,2269,2023-08-26,Team Collaboration,22,4
9854,2269,2025-05-12,Team Collaboration,69,5
9855,2269,2026-04-27,Notifications,20,4
9856,2269,2023-07-09,Mobile App,36,1
9857,2269,2026-08-22,Integrations,46,2
9858,2269,2024-11-14,Integrations,12,4
9859,2269,2022-12-22,API Access,61,1
9860,2269,2024-10-25,Mobile App,16,5
9861,2269,2025-11-17,Integrations,1,3
9862,2269,2025-10-14,API Access,77,4
9863,2270,2023-09-30,Reports,43,5
9864,2270,2023-11-20,Reports,72,3
9865,2270,2023-08-10,Mobile App,38,4
9866,2271,2025-01-20,Mobile App,26,5
9867,2271,2025-11-17,Reports,53,2
9868,2272,2026-07-25,Integrations,66,3
9869,2272,2026-07-27,Notifications,60,5
9870,2273,2026-09-09,Notifications,3,5
9871,2273,2023-05-28,Team Collaboration,10,2
9872,2273,2024-12-18,Notifications,79,4
9873,2273,2024-08-29,Integrations,71,3
9874,2273,2026-03-27,Reports,99,1
9875,2273,2026-07-25,Export Data,43,2
9876,2273,2024-12-20,Team Collaboration,15,5
9877,2273,2023-09-06,Dashboard,94,3
9878,2273,2025-12-22,Team Collaboration,117,3
9879,2274,2026-03-03,Dashboard,4,2
9880,2274,2026-05-15,Integrations,63,5
9881,2274,2024-01-31,Reports,16,1
9882,2274,2025-09-22,API Access,74,5
9883,2274,2024-09-16,Team Collaboration,111,1
9884,2274,2025-06-26,Notifications,25,3
9885,2275,2023-02-08,Mobile App,36,3
9886,2275,2023-05-10,API Access,53,2
9887,2275,2024-09-28,Reports,68,5
9888,2275,2024-09-20,Integrations,80,3
9889,2275,2024-12-31,Dashboard,51,1
9890,2275,2022-03-23,Reports,104,5
9891,2275,2025-11-07,Reports,23,5
9892,2275,2022-01-02,Team Collaboration,37,2
9893,2275,2022-09-02,Reports,65,4
9894,2275,2025-08-27,Team Collaboration,52,4
9895,2276,2026-01-20,Dashboard,31,5
9896,2276,2026-05-30,Reports,36,1
9897,2276,2025-11-04,Reports,27,4
9898,2276,2026-05-12,Team Collaboration,27,3
9899,2276,2025-08-25,Team Collaboration,103,1
9900,2278,2026-08-17,Reports,21,1
9901,2278,2026-01-12,API Access,75,4
9902,2278,2025-09-26,Mobile App,4,2
9903,2278,2026-09-13,Mobile App,58,3
9904,2278,2026-02-13,Integrations,10,4
9905,2278,2026-02-19,Team Collaboration,81,3
9906,2278,2025-09-19,API Access,66,1
9907,2278,2025-09-05,Dashboard,116,2
9908,2278,2026-02-28,API Access,108,1
9909,2278,2025-11-28,Team Collaboration,66,4
9910,2279,2026-08-31,Export Data,107,3
9911,2279,2025-07-22,Mobile App,41,1
9912,2279,2025-10-08,Export Data,102,4
9913,2279,2025-05-07,API Access,24,3
9914,2279,2026-05-16,Export Data,106,3
9915,2279,2026-02-18,Reports,51,4
9916,2279,2025-06-08,Team Collaboration,89,1
9917,2279,2025-12-06,Dashboard,80,4
9918,2280,2023-05-24,Notifications,37,5
9919,2280,2022-11-11,Mobile App,101,5
9920,2280,2022-03-01,Integrations,78,3
9921,2281,2023-11-07,Mobile App,76,5
9922,2281,2022-12-25,API Access,81,2
9923,2282,2023-02-13,Integrations,86,3
9924,2283,2022-10-06,Export Data,14,2
9925,2283,2021-10-06,Mobile App,12,1
9926,2283,2024-07-05,Notifications,106,3
9927,2283,2022-01-19,Export Data,76,1
9928,2283,2025-06-28,Mobile App,24,1
9929,2283,2026-07-16,Mobile App,68,5
9930,2283,2022-07-30,Notifications,41,5
9931,2283,2022-02-19,Team Collaboration,100,5
9932,2283,2022-08-28,Team Collaboration,102,5
9933,2284,2021-09-11,Dashboard,11,1
9934,2284,2021-07-22,Team Collaboration,117,1
9935,2285,2026-08-18,Dashboard,39,2
9936,2285,2025-06-30,Integrations,11,1
9937,2285,2026-02-02,Reports,117,4
9938,2285,2026-05-13,API Access,7,3
9939,2285,2026-02-12,Integrations,106,3
9940,2285,2026-08-03,Integrations,18,3
9941,2286,2025-11-07,Reports,15,4
9942,2286,2026-08-04,Reports,72,4
9943,2286,2026-07-27,Dashboard,38,4
9944,2286,2025-12-18,Dashboard,48,3
9945,2286,2026-08-06,Team Collaboration,64,3
9946,2286,2026-04-20,Integrations,34,1
9947,2286,2026-02-09,Reports,25,3
9948,2286,2026-08-03,Export Data,118,4
9949,2286,2026-09-12,Export Data,86,3
9950,2286,2026-01-03,Team Collaboration,84,1
9951,2287,2022-11-27,Dashboard,110,4
9952,2288,2026-03-15,Mobile App,43,2
9953,2289,2025-09-19,Integrations,15,2
9954,2289,2025-12-02,Export Data,80,2
9955,2289,2025-08-20,Team Collaboration,46,4
9956,2289,2025-04-29,API Access,28,4
9957,2289,2026-08-18,Dashboard,116,2
9958,2290,2024-09-27,Export Data,8,3
9959,2290,2025-05-21,Integrations,85,3
9960,2290,2026-07-16,Reports,45,3
9961,2290,2024-10-02,Dashboard,116,1
9962,2290,2026-03-30,Notifications,94,2
9963,2290,2026-06-14,API Access,105,3
9964,2290,2026-02-24,Team Collaboration,50,3
9965,2290,2024-10-12,Mobile App,61,5
9966,2290,2024-11-13,Dashboard,57,5
9967,2291,2021-11-11,Notifications,21,3
9968,2291,2023-09-15,Export Data,105,3
9969,2291,2023-06-08,Integrations,65,1
9970,2291,2022-04-24,Integrations,57,4
9971,2292,2026-03-05,Integrations,109,3
9972,2292,2025-05-06,Integrations,21,5
9973,2292,2026-09-07,Reports,60,5
9974,2292,2025-07-25,Notifications,119,2
9975,2292,2024-10-17,Mobile App,47,2
9976,2292,2024-12-03,Export Data,25,5
9977,2292,2025-05-13,Team Collaboration,43,2
9978,2292,2023-12-02,API Access,64,3
9979,2293,2024-04-30,Team Collaboration,114,3
9980,2293,2026-04-03,Reports,44,1
9981,2293,2025-08-04,Export Data,108,4
9982,2293,2024-09-11,Integrations,21,4
9983,2293,2023-03-17,Export Data,15,1
9984,2293,2023-01-19,Team Collaboration,79,1
9985,2293,2025-02-18,Integrations,32,4
9986,2293,2026-02-18,Export Data,97,5
9987,2293,2024-02-19,Team Collaboration,68,2
9988,2293,2023-05-22,Notifications,19,4
9989,2294,2025-02-04,Notifications,43,2
9990,2294,2026-02-02,Export Data,24,4
9991,2295,2026-07-09,API Access,57,3
9992,2295,2026-03-20,Export Data,43,2
9993,2295,2024-08-04,Export Data,94,1
9994,2295,2026-03-08,Export Data,92,1
9995,2295,2024-10-11,Mobile App,116,4
9996,2295,2026-02-21,Notifications,92,1
9997,2295,2022-04-14,Integrations,119,4
9998,2295,2023-06-29,Team Collaboration,57,4
9999,2295,2024-06-20,Dashboard,50,3
10000,2295,2024-07-23,Reports,52,1
10001,2296,2026-04-28,Notifications,105,4
10002,2296,2024-02-08,Reports,35,3
10003,2296,2022-10-20,Reports,64,1
10004,2296,2025-10-11,Reports,30,5
10005,2296,2024-11-22,API Access,108,5
10006,2296,2024-11-29,Team Collaboration,76,5
10007,2296,2025-04-20,Reports,34,1
10008,2296,2023-09-13,Export Data,106,2
10009,2296,2025-06-08,Mobile App,96,4
10010,2296,2022-08-09,API Access,79,5
10011,2297,2024-08-21,Export Data,105,5
10012,2297,2026-05-01,API Access,37,2
10013,2297,2025-06-12,Export Data,23,3
10014,2298,2026-03-12,API Access,20,5
10015,2299,2024-08-14,Team Collaboration,68,1
10016,2299,2024-07-20,Mobile App,95,3
10017,2299,2025-06-11,Team Collaboration,1,1
10018,2299,2024-09-21,Export Data,15,5
10019,2299,2024-06-11,API Access,76,1
10020,2299,2024-04-15,Dashboard,53,3
10021,2299,2026-03-26,Notifications,10,3
10022,2299,2024-09-04,Team Collaboration,55,1
10023,2299,2025-08-02,Reports,42,1
10024,2299,2026-01-05,Notifications,104,4
10025,2300,2025-02-21,Notifications,14,1
10026,2301,2025-07-30,Notifications,96,2
10027,2301,2025-04-13,API Access,70,1
10028,2301,2024-05-20,Export Data,71,1
10029,2301,2025-01-15,Reports,91,5
10030,2301,2025-03-31,Integrations,62,3
10031,2301,2025-03-04,Dashboard,43,3
10032,2301,2026-07-06,Export Data,28,2
10033,2301,2026-08-15,API Access,93,1
10034,2301,2024-06-04,Team Collaboration,68,3
10035,2301,2024-02-14,Integrations,103,5
10036,2302,2023-12-20,Team Collaboration,17,4
10037,2302,2026-05-12,Notifications,42,4
10038,2302,2023-11-09,Reports,14,3
10039,2302,2026-07-18,Export Data,8,5
10040,2302,2024-07-28,Integrations,61,1
10041,2302,2025-01-16,Mobile App,79,4
10042,2302,2023-06-05,Reports,61,5
10043,2302,2025-11-03,API Access,103,4
10044,2303,2024-10-09,Notifications,8,4
10045,2303,2022-10-11,Notifications,120,2
10046,2303,2026-08-08,API Access,84,3
10047,2303,2025-04-30,Reports,22,3
10048,2304,2022-02-09,Team Collaboration,61,2
10049,2304,2025-10-09,Reports,86,3
10050,2304,2024-09-01,API Access,69,2
10051,2304,2024-01-16,Mobile App,34,1
10052,2304,2022-02-10,API Access,83,5
10053,2304,2024-07-18,API Access,97,2
10054,2304,2024-10-12,Export Data,46,4
10055,2304,2023-01-19,API Access,60,3
10056,2305,2025-03-08,Team Collaboration,38,2
10057,2305,2023-06-27,Reports,55,2
10058,2305,2023-01-16,API Access,115,1
10059,2305,2023-10-26,Dashboard,48,4
10060,2305,2023-03-03,Mobile App,43,1
10061,2306,2024-06-24,Reports,88,1
10062,2307,2025-05-22,API Access,113,3
10063,2307,2026-07-26,Integrations,62,4
10064,2307,2025-04-21,Integrations,1,3
10065,2307,2025-04-28,Mobile App,62,3
10066,2307,2026-05-20,Team Collaboration,37,5
10067,2307,2025-06-26,Dashboard,42,1
10068,2309,2026-02-22,Reports,38,3
10069,2309,2025-03-10,Export Data,57,4
10070,2309,2025-09-27,Dashboard,35,1
10071,2310,2026-05-12,Mobile App,57,1
10072,2311,2021-12-29,Dashboard,17,5
10073,2311,2024-03-11,Integrations,52,5
10074,2311,2024-12-07,Team Collaboration,68,1
10075,2311,2023-10-17,Mobile App,88,5
10076,2311,2021-08-25,Reports,58,5
10077,2311,2021-03-05,Notifications,74,3
10078,2311,2024-11-04,Reports,15,4
10079,2312,2025-10-30,Mobile App,83,2
10080,2312,2025-04-23,Integrations,50,1
10081,2312,2023-04-01,Dashboard,35,1
10082,2312,2021-02-15,Dashboard,100,5
10083,2313,2026-07-08,Reports,19,5
10084,2313,2026-08-19,Notifications,51,3
10085,2314,2026-03-11,Dashboard,110,2
10086,2314,2024-10-07,API Access,114,3
10087,2314,2023-06-11,Export Data,4,5
10088,2314,2025-04-08,Reports,22,2
10089,2314,2023-04-30,Notifications,114,1
10090,2314,2026-05-13,Export Data,113,2
10091,2314,2025-02-24,API Access,69,1
10092,2314,2024-04-21,Integrations,8,1
10093,2314,2025-10-17,Export Data,94,1
10094,2314,2025-05-21,Export Data,4,2
10095,2315,2024-05-17,Team Collaboration,29,2
10096,2315,2022-06-20,Mobile App,78,1
10097,2315,2024-01-25,Notifications,47,2
10098,2315,2024-04-26,Mobile App,24,4
10099,2315,2023-08-05,Integrations,99,4
10100,2315,2024-10-28,Notifications,10,1
10101,2315,2026-08-10,API Access,14,3
10102,2315,2025-05-09,Dashboard,97,5
10103,2315,2025-12-06,Dashboard,108,1
10104,2315,2023-09-05,Integrations,74,1
10105,2316,2026-05-17,Mobile App,118,3
10106,2316,2026-05-01,Export Data,57,1
10107,2317,2024-12-14,API Access,15,2
10108,2317,2023-03-20,API Access,76,4
10109,2317,2026-05-26,API Access,112,1
10110,2317,2025-09-24,Export Data,10,4
10111,2318,2026-02-25,Mobile App,66,4
10112,2318,2026-06-29,Team Collaboration,21,4
10113,2319,2024-11-16,Dashboard,116,4
10114,2319,2024-11-19,Team Collaboration,113,5
10115,2319,2026-01-08,API Access,54,3
10116,2319,2026-05-29,Notifications,26,3
10117,2319,2025-12-21,Dashboard,41,4
10118,2319,2026-03-19,Team Collaboration,102,1
10119,2320,2024-08-28,Export Data,57,1
10120,2322,2021-10-19,Integrations,66,5
10121,2323,2026-06-19,Team Collaboration,90,1
10122,2323,2024-11-11,Integrations,88,4
10123,2323,2023-12-24,Export Data,120,1
10124,2323,2026-09-05,Dashboard,105,1
10125,2323,2025-04-17,Dashboard,53,1
10126,2323,2026-06-16,Export Data,120,4
10127,2324,2025-04-25,Export Data,70,4
10128,2324,2026-05-25,Team Collaboration,43,5
10129,2324,2025-09-20,Team Collaboration,64,1
10130,2324,2025-07-19,Export Data,86,3
10131,2324,2023-08-28,Dashboard,79,2
10132,2324,2026-07-16,Reports,111,4
10133,2324,2026-02-06,API Access,116,5
10134,2324,2026-02-11,Mobile App,41,3
10135,2325,2026-08-11,Reports,68,4
10136,2326,2026-04-11,Export Data,36,2
10137,2326,2026-02-13,API Access,70,5
10138,2326,2025-09-16,API Access,50,5
10139,2326,2023-06-13,Reports,7,3
10140,2326,2026-06-01,Integrations,34,4
10141,2326,2025-10-12,API Access,116,5
10142,2327,2023-05-18,Reports,32,1
10143,2327,2023-11-28,Export Data,65,5
10144,2327,2022-09-10,Dashboard,19,1
10145,2327,2025-12-16,Dashboard,4,4
10146,2327,2021-11-26,API Access,55,4
10147,2327,2026-03-24,Notifications,58,4
10148,2327,2024-03-11,API Access,55,5
10149,2328,2023-12-15,Integrations,21,3
10150,2328,2025-01-17,Team Collaboration,102,2
10151,2329,2024-03-22,API Access,113,3
10152,2329,2023-04-12,Integrations,34,5
10153,2329,2023-09-08,Reports,30,3
10154,2330,2026-05-04,Team Collaboration,5,1
10155,2330,2025-02-04,Mobile App,93,3
10156,2330,2026-05-17,Reports,103,4
10157,2330,2024-09-06,Team Collaboration,14,3
10158,2330,2024-02-25,Mobile App,98,3
10159,2331,2021-11-22,API Access,83,3
10160,2331,2026-08-19,Mobile App,26,3
10161,2331,2021-11-08,Dashboard,63,1
10162,2331,2025-06-10,Mobile App,29,1
10163,2332,2026-08-11,Mobile App,40,1
10164,2332,2026-04-29,Integrations,58,5
10165,2333,2026-03-24,Reports,72,5
10166,2333,2023-11-02,Notifications,107,4
10167,2333,2025-06-28,API Access,95,5
10168,2333,2023-09-25,API Access,37,4
10169,2333,2023-11-25,Integrations,109,1
10170,2335,2026-07-09,Integrations,1,5
10171,2335,2025-12-05,Team Collaboration,1,4
10172,2335,2025-02-28,Dashboard,112,1
10173,2335,2025-05-24,Export Data,69,2
10174,2336,2026-03-15,Team Collaboration,13,3
10175,2336,2026-06-16,Team Collaboration,14,3
10176,2336,2026-08-27,API Access,83,3
10177,2336,2026-04-26,Team Collaboration,98,3
10178,2336,2026-02-20,API Access,81,1
10179,2336,2026-05-16,Reports,52,2
10180,2336,2026-04-10,Notifications,88,4
10181,2337,2025-01-26,Mobile App,33,3
10182,2337,2023-10-03,Mobile App,114,2
10183,2337,2024-07-20,Notifications,38,4
10184,2338,2022-10-23,Team Collaboration,30,4
10185,2340,2026-05-21,Team Collaboration,116,4
10186,2340,2026-07-31,Export Data,27,2
10187,2340,2026-05-27,Team Collaboration,3,1
10188,2340,2025-07-08,Dashboard,75,4
10189,2341,2026-05-26,Reports,13,2
10190,2341,2022-10-22,Dashboard,112,1
10191,2341,2024-11-17,API Access,111,4
10192,2341,2021-09-20,Notifications,73,1
10193,2341,2024-07-18,Team Collaboration,117,4
10194,2341,2024-01-13,API Access,2,2
10195,2341,2023-02-25,Export Data,105,2
10196,2341,2026-08-08,Export Data,94,2
10197,2341,2022-06-21,Integrations,71,5
10198,2341,2026-02-28,Dashboard,9,3
10199,2342,2024-11-23,Integrations,9,4
10200,2342,2025-11-06,Reports,2,3
10201,2342,2025-08-31,Notifications,58,4
10202,2342,2025-12-01,Integrations,89,3
10203,2342,2025-04-06,Reports,90,1
10204,2342,2026-02-25,Export Data,118,2
10205,2342,2024-11-18,API Access,108,3
10206,2342,2025-12-06,API Access,7,5
10207,2343,2026-07-29,Dashboard,44,1
10208,2343,2026-06-02,Integrations,52,4
10209,2343,2026-08-09,Team Collaboration,112,5
10210,2344,2025-01-03,Export Data,69,3
10211,2344,2024-12-12,Notifications,44,5
10212,2345,2026-09-02,Integrations,54,4
10213,2345,2026-04-08,API Access,28,5
10214,2345,2026-05-01,Mobile App,18,2
10215,2346,2023-07-19,Integrations,104,1
10216,2346,2023-03-05,Mobile App,44,2
10217,2346,2025-11-03,Mobile App,111,1
10218,2346,2023-07-05,Export Data,18,3
10219,2346,2026-04-24,Integrations,55,1
10220,2347,2025-12-08,Mobile App,43,4
10221,2348,2026-08-13,API Access,9,2
10222,2348,2022-11-15,Integrations,9,5
10223,2348,2025-11-19,Notifications,18,4
10224,2348,2023-01-15,Dashboard,94,2
10225,2348,2025-03-13,Notifications,77,1
10226,2348,2025-08-22,Export Data,31,4
10227,2348,2026-05-28,Export Data,35,2
10228,2348,2023-12-15,Team Collaboration,48,2
10229,2348,2025-05-20,Reports,97,1
10230,2348,2024-12-17,Dashboard,107,1
10231,2349,2026-06-02,Export Data,80,3
10232,2349,2024-08-17,Export Data,11,1
10233,2349,2025-07-12,Notifications,115,1
10234,2349,2025-11-20,Dashboard,105,4
10235,2349,2025-10-30,Notifications,86,2
10236,2349,2026-02-18,Team Collaboration,39,5
10237,2349,2025-10-12,Dashboard,16,2
10238,2350,2021-10-25,Reports,106,3
10239,2350,2022-07-04,Export Data,86,5
10240,2350,2025-03-27,Reports,13,5
10241,2350,2024-01-21,Integrations,33,5
10242,2350,2025-06-05,Team Collaboration,103,3
10243,2350,2024-05-26,Dashboard,29,2
10244,2350,2026-07-01,Mobile App,10,5
10245,2350,2024-12-01,Notifications,41,2
10246,2350,2022-02-20,API Access,80,5
10247,2351,2022-03-23,Export Data,54,4
10248,2352,2022-02-14,Mobile App,52,3
10249,2352,2025-07-26,Export Data,95,5
10250,2352,2022-10-12,API Access,109,4
10251,2352,2023-02-28,API Access,20,3
10252,2352,2022-07-15,API Access,60,2
10253,2352,2024-07-09,Dashboard,47,2
10254,2352,2024-11-18,Mobile App,90,3
10255,2352,2025-04-07,Mobile App,62,5
10256,2353,2022-04-19,Integrations,93,3
10257,2353,2021-11-07,Export Data,39,5
10258,2353,2021-11-30,Mobile App,82,2
10259,2353,2021-04-05,API Access,52,4
10260,2354,2025-11-11,API Access,81,1
10261,2355,2025-12-24,Notifications,107,2
10262,2355,2025-02-02,Dashboard,101,2
10263,2355,2024-12-30,Mobile App,22,4
10264,2355,2025-07-03,Notifications,24,3
10265,2356,2026-02-28,Integrations,72,5
10266,2356,2026-05-01,Team Collaboration,52,1
10267,2357,2026-08-20,API Access,1,1
10268,2357,2023-03-30,Integrations,29,1
10269,2358,2024-09-19,Notifications,27,5
10270,2358,2023-09-27,Team Collaboration,14,1
10271,2358,2022-12-21,Notifications,64,1
10272,2358,2024-09-27,Reports,9,4
10273,2358,2025-07-20,Export Data,44,2
10274,2358,2023-01-07,Mobile App,118,2
10275,2358,2024-06-07,Reports,21,5
10276,2358,2024-05-05,Export Data,111,1
10277,2359,2022-08-14,Mobile App,25,3
10278,2359,2025-02-16,Export Data,111,1
10279,2359,2024-01-15,Integrations,118,3
10280,2360,2025-01-06,Team Collaboration,103,1
10281,2360,2026-07-29,Export Data,114,5
10282,2360,2026-04-30,Integrations,7,5
10283,2360,2024-12-28,Reports,56,4
10284,2360,2025-11-12,Dashboard,39,3
10285,2360,2025-09-04,Export Data,98,2
10286,2360,2025-08-07,Dashboard,80,5
10287,2360,2026-08-21,Dashboard,57,3
10288,2360,2026-02-01,Integrations,70,4
10289,2360,2025-01-31,API Access,83,4
10290,2361,2025-12-28,Export Data,40,4
10291,2362,2022-12-03,Notifications,77,2
10292,2362,2024-11-06,Reports,53,4
10293,2362,2022-08-26,Reports,5,1
10294,2362,2026-05-05,Integrations,89,4
10295,2362,2021-12-17,Mobile App,114,2
10296,2362,2025-10-29,Reports,15,5
10297,2363,2025-12-02,Dashboard,58,2
10298,2363,2025-11-28,Dashboard,120,3
10299,2363,2026-08-11,Notifications,74,5
10300,2363,2026-08-20,Notifications,71,3
10301,2363,2025-12-20,Notifications,79,2
10302,2363,2026-07-27,Reports,66,1
10303,2363,2025-12-20,Notifications,67,1
10304,2363,2026-04-19,Reports,81,1
10305,2363,2025-12-10,Dashboard,68,5
10306,2364,2026-05-21,Team Collaboration,90,5
10307,2364,2024-08-14,Team Collaboration,65,5
10308,2364,2024-11-02,Team Collaboration,68,5
10309,2364,2026-03-21,Team Collaboration,35,4
10310,2364,2025-01-06,Integrations,97,2
10311,2365,2026-08-25,Notifications,66,5
10312,2365,2022-09-22,Export Data,105,5
10313,2365,2025-03-09,Integrations,55,1
10314,2365,2024-01-12,API Access,89,5
10315,2365,2023-01-15,Notifications,23,3
10316,2365,2026-07-12,Mobile App,107,3
10317,2365,2023-05-22,Mobile App,93,5
10318,2365,2025-04-16,Mobile App,115,5
10319,2365,2024-09-15,Dashboard,119,3
10320,2365,2025-01-24,Dashboard,120,2
10321,2366,2025-11-13,Export Data,28,2
10322,2366,2025-11-14,Integrations,58,1
10323,2367,2025-12-31,Notifications,45,2
10324,2367,2022-12-15,Export Data,67,4
10325,2367,2024-12-11,Notifications,70,3
10326,2367,2024-03-08,Mobile App,62,2
10327,2367,2026-06-12,Mobile App,58,5
10328,2367,2023-04-01,Mobile App,16,2
10329,2367,2025-06-05,Integrations,89,1
10330,2367,2026-05-27,Export Data,117,1
10331,2367,2024-07-21,API Access,53,5
10332,2368,2022-12-12,Team Collaboration,79,4
10333,2368,2022-07-18,Notifications,120,3
10334,2368,2021-09-21,Team Collaboration,90,3
10335,2368,2025-01-18,Team Collaboration,14,1
10336,2368,2026-06-16,Mobile App,2,3
10337,2368,2025-07-08,Dashboard,103,4
10338,2369,2024-07-31,Dashboard,13,4
10339,2369,2025-02-23,API Access,57,4
10340,2369,2024-06-18,Mobile App,90,5
10341,2369,2024-10-05,Mobile App,59,5
10342,2369,2025-01-20,Mobile App,10,5
10343,2370,2025-07-11,API Access,108,3
10344,2372,2026-08-26,Dashboard,63,4
10345,2373,2025-05-15,Export Data,97,4
10346,2373,2025-05-22,Notifications,92,4
10347,2373,2024-10-16,Mobile App,11,4
10348,2373,2025-05-20,Export Data,87,1
10349,2373,2025-03-03,Reports,109,4
10350,2374,2024-08-09,Notifications,41,3
10351,2374,2023-07-28,API Access,26,4
10352,2375,2025-11-23,API Access,102,4
10353,2375,2026-03-08,Reports,88,2
10354,2375,2023-08-02,Notifications,21,4
10355,2375,2023-11-20,Reports,39,1
10356,2375,2023-08-06,Dashboard,70,3
10357,2375,2025-03-06,Dashboard,36,5
10358,2375,2023-08-09,Integrations,3,5
10359,2375,2024-04-10,Reports,14,2
10360,2375,2025-07-19,Export Data,72,5
10361,2376,2025-10-29,Dashboard,1,5
10362,2376,2025-07-23,API Access,104,1
10363,2376,2023-09-16,Team Collaboration,55,1
10364,2376,2025-10-17,Dashboard,71,1
10365,2377,2025-10-26,API Access,50,2
10366,2377,2025-04-20,Integrations,117,5
10367,2377,2025-10-22,Mobile App,9,3
10368,2377,2026-02-19,Notifications,71,3
10369,2377,2026-08-21,Reports,112,2
10370,2377,2026-02-05,Integrations,5,2
10371,2377,2025-04-14,Notifications,2,5
10372,2377,2025-10-21,Dashboard,83,5
10373,2377,2025-06-09,Dashboard,27,2
10374,2377,2026-03-22,Integrations,28,4
10375,2378,2021-09-14,Team Collaboration,107,4
10376,2378,2022-09-04,Reports,104,2
10377,2378,2024-05-05,API Access,77,2
10378,2378,2021-02-01,Team Collaboration,51,3
10379,2378,2023-05-14,Notifications,91,3
10380,2378,2024-11-04,Reports,63,2
10381,2378,2024-03-21,API Access,2,4
10382,2378,2023-02-01,API Access,2,4
10383,2378,2022-11-25,Export Data,61,5
10384,2379,2025-07-08,Notifications,48,2
10385,2379,2025-04-01,Reports,103,2
10386,2379,2026-02-03,Export Data,115,2
10387,2379,2025-02-18,API Access,45,3
10388,2379,2026-03-15,Dashboard,23,4
10389,2379,2026-05-23,Notifications,42,4
10390,2379,2026-07-20,Export Data,47,4
10391,2379,2025-03-09,Dashboard,114,1
10392,2380,2022-10-04,Team Collaboration,84,5
10393,2380,2024-02-24,Mobile App,41,5
10394,2380,2022-10-13,Mobile App,51,4
10395,2380,2023-09-09,Notifications,63,5
10396,2381,2026-09-13,Team Collaboration,118,2
10397,2381,2025-11-26,API Access,4,3
10398,2381,2025-08-03,Team Collaboration,66,3
10399,2381,2025-08-05,Mobile App,26,2
10400,2381,2026-07-13,Export Data,55,2
10401,2381,2025-12-03,Integrations,7,1
10402,2381,2025-11-17,API Access,52,1
10403,2381,2025-09-26,Dashboard,1,1
10404,2381,2026-04-14,Reports,57,5
10405,2381,2026-03-07,Team Collaboration,71,2
10406,2383,2025-08-03,Notifications,10,2
10407,2383,2025-06-22,Reports,90,1
10408,2384,2025-10-07,API Access,50,2
10409,2384,2026-03-19,Integrations,86,3
10410,2384,2024-09-25,Mobile App,13,4
10411,2384,2025-05-02,Mobile App,70,3
10412,2384,2024-11-14,Reports,40,5
10413,2384,2025-08-28,Integrations,11,2
10414,2385,2023-07-08,Team Collaboration,8,5
10415,2385,2023-11-30,Reports,46,3
10416,2385,2024-02-27,Reports,56,3
10417,2387,2025-07-24,Integrations,92,4
10418,2387,2026-09-07,Notifications,16,4
10419,2387,2026-06-29,Team Collaboration,99,5
10420,2388,2025-06-12,Reports,4,1
10421,2388,2025-07-30,Reports,118,1
10422,2388,2024-08-10,Notifications,66,1
10423,2389,2026-07-11,Integrations,76,2
10424,2389,2026-07-20,Team Collaboration,1,4
10425,2389,2026-04-10,API Access,31,5
10426,2389,2026-07-24,Team Collaboration,58,4
10427,2389,2026-07-12,API Access,69,4
10428,2389,2026-06-21,Notifications,27,2
10429,2389,2026-01-31,Mobile App,49,1
10430,2389,2026-09-08,Notifications,8,5
10431,2390,2024-07-21,Integrations,55,1
10432,2391,2026-05-28,Mobile App,85,4
10433,2391,2025-08-22,Integrations,94,5
10434,2391,2025-10-05,Notifications,90,2
10435,2391,2025-10-02,Mobile App,101,1
10436,2391,2026-03-02,Export Data,95,3
10437,2391,2026-02-12,Integrations,65,4
10438,2391,2025-09-08,Mobile App,82,1
10439,2392,2026-06-24,Dashboard,58,1
10440,2392,2025-11-12,Dashboard,102,2
10441,2392,2026-03-05,API Access,14,4
10442,2392,2026-04-14,Export Data,31,4
10443,2393,2024-08-28,Notifications,104,2
10444,2393,2024-09-23,API Access,120,2
10445,2394,2024-11-28,Integrations,49,5
10446,2394,2025-05-10,API Access,5,5
10447,2394,2024-09-19,Mobile App,75,4
10448,2395,2024-02-24,Export Data,60,1
10449,2395,2023-08-14,Export Data,82,2
10450,2396,2025-10-29,Reports,71,1
10451,2397,2022-11-01,Mobile App,35,5
10452,2397,2025-04-14,API Access,99,3
10453,2397,2022-07-03,Mobile App,71,5
10454,2397,2023-05-31,Reports,92,5
10455,2397,2022-08-13,API Access,59,5
10456,2397,2026-01-11,API Access,118,3
10457,2397,2024-09-24,Mobile App,14,2
10458,2398,2026-06-15,Mobile App,34,5
10459,2398,2025-04-27,Mobile App,57,3
10460,2398,2025-05-23,Export Data,25,2
10461,2398,2026-07-08,Notifications,21,4
10462,2398,2025-08-25,API Access,32,2
10463,2398,2026-07-10,Notifications,111,3
10464,2398,2026-08-27,Notifications,77,2
10465,2398,2025-12-15,Notifications,22,1
10466,2398,2026-08-03,Reports,36,4
10467,2398,2025-07-16,Integrations,77,1
10468,2399,2024-09-23,Integrations,73,1
10469,2399,2024-11-20,Mobile App,87,3
10470,2399,2025-08-16,Team Collaboration,19,4
10471,2399,2023-12-29,Export Data,10,5
10472,2399,2025-05-11,Notifications,30,2
10473,2399,2023-09-19,Integrations,106,4
10474,2400,2026-09-09,Mobile App,42,4
10475,2400,2026-08-18,Team Collaboration,13,1
10476,2400,2026-07-05,Team Collaboration,79,4
10477,2400,2026-07-07,Reports,16,2
10478,2400,2026-09-04,Team Collaboration,68,1
10479,2400,2026-08-21,Notifications,105,5
10480,2400,2026-09-06,Dashboard,48,1
10481,2400,2026-08-14,Notifications,91,2
10482,2400,2026-07-08,Reports,37,2
10483,2401,2025-09-11,Integrations,90,3
10484,2401,2025-01-25,Notifications,9,4
10485,2401,2025-09-25,Reports,112,4
10486,2401,2025-02-05,API Access,10,4
10487,2401,2024-08-14,Integrations,57,3
10488,2401,2025-10-26,Integrations,48,1
10489,2401,2024-02-02,Integrations,115,2
10490,2401,2025-10-03,Reports,49,1
10491,2402,2022-01-16,Mobile App,37,2
10492,2402,2021-06-13,Mobile App,62,2
10493,2403,2026-02-15,Mobile App,18,2
10494,2403,2026-05-21,Reports,72,4
10495,2404,2026-07-01,API Access,82,5
10496,2404,2024-12-01,Integrations,117,5
10497,2404,2025-11-18,Reports,86,2
10498,2404,2025-09-29,Reports,3,1
10499,2404,2024-08-28,Export Data,114,3
10500,2404,2024-11-10,Dashboard,96,3
10501,2404,2024-06-08,Dashboard,30,3
10502,2404,2026-04-08,Integrations,66,3
10503,2404,2026-04-06,Notifications,74,1
10504,2405,2025-01-17,Reports,44,5
10505,2405,2026-09-04,API Access,110,4
10506,2405,2026-03-14,Integrations,32,3
10507,2405,2022-10-09,Team Collaboration,82,5
10508,2405,2024-03-26,Dashboard,83,4
10509,2405,2025-06-24,Integrations,33,4
10510,2405,2025-05-17,Mobile App,45,3
10511,2406,2024-12-08,Reports,12,5
10512,2406,2024-02-02,Mobile App,56,4
10513,2406,2023-09-24,Team Collaboration,90,2
10514,2406,2025-03-26,Reports,112,5
10515,2406,2023-11-18,Dashboard,85,3
10516,2406,2023-09-10,Notifications,4,4
10517,2406,2024-02-07,Mobile App,8,5
10518,2407,2026-01-15,Dashboard,95,4
10519,2407,2026-08-03,Mobile App,24,2
10520,2407,2025-12-28,Reports,68,5
10521,2408,2025-08-12,Reports,54,1
10522,2408,2025-04-14,Reports,117,3
10523,2408,2026-06-10,Dashboard,101,3
10524,2408,2021-10-17,Export Data,70,2
10525,2408,2023-07-23,Dashboard,88,5
10526,2408,2025-03-15,Notifications,26,5
10527,2408,2022-04-18,Integrations,53,3
10528,2408,2023-06-27,Dashboard,14,4
10529,2409,2026-02-07,Export Data,119,3
10530,2409,2025-05-07,Reports,41,3
10531,2409,2025-01-10,Dashboard,11,5
10532,2409,2025-08-05,Export Data,47,2
10533,2409,2025-12-25,API Access,29,4
10534,2409,2026-03-06,API Access,45,4
10535,2409,2026-01-03,Export Data,50,1
10536,2409,2026-04-01,Team Collaboration,10,2
10537,2410,2026-09-15,API Access,120,2
10538,2411,2024-09-26,Export Data,58,1
10539,2412,2025-11-21,Mobile App,74,1
10540,2412,2024-09-25,Export Data,79,3
10541,2412,2024-09-09,Integrations,7,5
10542,2412,2025-03-26,Notifications,98,5
10543,2412,2026-02-12,Team Collaboration,1,5
10544,2412,2023-02-18,API Access,88,5
10545,2412,2025-09-22,Reports,109,4
10546,2412,2024-07-21,Mobile App,119,4
10547,2413,2024-10-23,Team Collaboration,113,4
10548,2413,2026-07-10,Reports,91,4
10549,2413,2024-09-12,Dashboard,94,3
10550,2414,2022-04-26,API Access,106,1
10551,2414,2023-07-07,Dashboard,43,2
10552,2414,2025-05-11,API Access,42,5
10553,2414,2025-12-04,API Access,61,4
10554,2414,2025-07-13,Integrations,50,4
10555,2414,2023-06-28,API Access,117,4
10556,2415,2022-12-31,Reports,71,4
10557,2415,2022-06-04,Team Collaboration,104,4
10558,2415,2022-12-04,Notifications,35,5
10559,2416,2024-01-16,Mobile App,111,4
10560,2417,2024-05-01,Notifications,72,2
10561,2417,2024-04-02,API Access,114,1
10562,2417,2024-02-27,Reports,28,4
10563,2417,2023-11-28,Team Collaboration,92,4
10564,2418,2025-11-20,Reports,62,1
10565,2418,2026-01-30,API Access,68,5
10566,2418,2025-10-14,Mobile App,109,2
10567,2418,2023-11-20,Mobile App,30,2
10568,2419,2026-01-01,Dashboard,54,1
10569,2420,2025-03-16,Reports,6,3
10570,2420,2025-09-02,Team Collaboration,89,1
10571,2420,2025-04-03,Team Collaboration,49,2
10572,2420,2026-07-15,Reports,4,3
10573,2420,2026-04-12,Reports,55,1
10574,2420,2026-03-03,Team Collaboration,32,3
10575,2420,2026-03-31,Export Data,62,4
10576,2420,2025-04-12,API Access,91,2
10577,2420,2026-07-25,Export Data,101,2
10578,2420,2026-01-18,Mobile App,34,5
10579,2421,2025-02-01,Team Collaboration,5,3
10580,2421,2024-12-03,Notifications,14,4
10581,2421,2022-10-02,Team Collaboration,12,2
10582,2421,2023-03-02,Dashboard,118,5
10583,2423,2024-02-26,Dashboard,63,1
10584,2423,2026-02-19,Integrations,30,1
10585,2423,2023-11-29,Notifications,60,1
10586,2423,2024-02-28,Team Collaboration,30,3
10587,2423,2025-06-07,Dashboard,3,1
10588,2423,2023-06-07,Mobile App,119,3
10589,2423,2024-10-22,Reports,107,4
10590,2423,2025-05-14,Export Data,10,4
10591,2423,2023-12-02,Team Collaboration,39,1
10592,2424,2026-09-15,Reports,28,1
10593,2424,2026-07-18,Team Collaboration,117,1
10594,2424,2026-08-17,Dashboard,76,5
10595,2424,2026-08-03,Mobile App,70,4
10596,2425,2022-05-01,Reports,63,1
10597,2425,2022-02-27,Integrations,98,5
10598,2425,2022-02-10,Notifications,106,2
10599,2426,2026-02-20,Reports,99,2
10600,2426,2026-01-19,Dashboard,110,1
10601,2426,2026-06-09,Dashboard,119,5
10602,2426,2026-07-30,Integrations,16,2
10603,2426,2025-11-21,Notifications,38,1
10604,2426,2025-10-22,Integrations,118,2
10605,2426,2026-06-17,Export Data,110,5
10606,2427,2022-09-20,Reports,84,1
10607,2427,2022-06-23,Integrations,31,2
10608,2427,2021-07-17,Dashboard,76,2
10609,2428,2022-10-22,Notifications,69,3
10610,2428,2022-08-27,Mobile App,14,4
10611,2428,2022-07-10,Dashboard,44,2
10612,2428,2022-06-18,Mobile App,22,2
10613,2429,2026-09-04,Notifications,95,3
10614,2430,2024-04-04,Notifications,98,5
10615,2430,2026-04-28,Dashboard,106,1
10616,2430,2025-06-24,Reports,85,1
10617,2430,2024-10-27,Mobile App,78,3
10618,2430,2025-12-25,Mobile App,119,1
10619,2431,2024-05-30,Export Data,103,1
10620,2431,2024-06-04,Notifications,80,3
10621,2431,2024-05-19,API Access,35,2
10622,2431,2024-06-13,Dashboard,26,2
10623,2433,2025-10-17,Notifications,25,1
10624,2433,2025-09-11,Reports,107,2
10625,2434,2021-10-11,Reports,85,2
10626,2436,2026-09-03,Export Data,24,2
10627,2436,2026-02-28,Notifications,11,5
10628,2436,2026-07-14,API Access,73,3
10629,2436,2026-04-04,Export Data,51,3
10630,2436,2026-09-02,Mobile App,22,5
10631,2436,2026-06-16,API Access,40,3
10632,2437,2023-01-11,Integrations,8,5
10633,2437,2022-12-04,Dashboard,43,5
10634,2437,2022-12-23,Integrations,2,5
10635,2438,2024-02-14,Export Data,82,5
10636,2438,2023-03-28,API Access,100,4
10637,2438,2023-06-25,Team Collaboration,79,5
10638,2439,2026-06-27,Reports,71,5
10639,2439,2026-07-09,Notifications,46,2
10640,2439,2026-07-30,Export Data,27,2
10641,2440,2026-06-02,Notifications,88,4
10642,2440,2024-12-27,Mobile App,92,2
10643,2440,2021-11-13,Mobile App,51,2
10644,2441,2024-06-23,Notifications,116,1
10645,2441,2024-06-11,Notifications,107,3
10646,2441,2023-08-28,Reports,113,4
10647,2441,2026-02-28,Notifications,13,5
10648,2441,2025-12-03,Integrations,56,1
10649,2441,2024-11-09,Integrations,101,3
10650,2443,2021-11-09,Mobile App,55,3
10651,2443,2024-11-02,Dashboard,93,1
10652,2443,2025-06-16,Notifications,49,2
10653,2443,2024-01-25,Notifications,90,1
10654,2443,2024-05-30,Mobile App,75,2
10655,2443,2026-08-20,Mobile App,44,1
10656,2443,2021-05-28,Reports,72,1
10657,2444,2025-10-22,Notifications,78,2
10658,2444,2026-03-31,Integrations,34,1
10659,2444,2025-09-13,Team Collaboration,119,1
10660,2444,2025-09-09,Reports,17,3
10661,2444,2025-12-09,Export Data,22,4
10662,2444,2026-05-30,Team Collaboration,79,5
10663,2444,2025-08-10,Reports,53,4
10664,2444,2025-11-15,Reports,71,4
10665,2444,2026-09-13,Reports,39,1
10666,2445,2026-01-26,Mobile App,66,4
10667,2445,2026-01-21,Team Collaboration,81,1
10668,2445,2025-11-13,Integrations,66,4
10669,2445,2026-03-04,Mobile App,68,2
10670,2445,2025-11-02,API Access,82,2
10671,2445,2026-05-02,Export Data,24,4
10672,2445,2026-01-18,Reports,2,3
10673,2445,2026-04-17,Export Data,90,1
10674,2445,2026-03-05,Dashboard,68,2
10675,2445,2026-02-02,Mobile App,27,4
10676,2446,2026-04-30,Dashboard,67,4
10677,2446,2025-10-18,Notifications,72,4
10678,2446,2026-06-17,Notifications,90,4
10679,2446,2026-02-24,Mobile App,31,1
10680,2446,2025-08-18,Reports,28,1
10681,2446,2025-08-28,Integrations,73,3
10682,2447,2026-05-13,Integrations,60,4
10683,2449,2025-03-15,Team Collaboration,86,4
10684,2449,2024-04-25,Notifications,8,2
10685,2449,2025-03-01,Mobile App,105,4
10686,2449,2026-06-21,Team Collaboration,6,2
10687,2449,2024-10-04,API Access,76,2
10688,2449,2026-07-30,Mobile App,105,2
10689,2449,2023-05-06,Export Data,50,3
10690,2449,2026-04-11,Reports,93,4
10691,2449,2024-05-20,Dashboard,116,5
10692,2450,2024-08-25,Integrations,104,2
10693,2450,2026-09-09,Reports,101,2
10694,2450,2025-09-18,Reports,22,5
10695,2450,2025-08-25,Export Data,81,1
10696,2450,2025-12-23,Mobile App,71,3
10697,2451,2026-02-21,Integrations,82,5
10698,2451,2026-08-12,Notifications,41,2
10699,2451,2026-02-04,Dashboard,17,4
10700,2451,2026-06-15,Export Data,44,3
10701,2451,2026-01-21,Dashboard,46,1
10702,2451,2026-02-22,Dashboard,85,3
10703,2451,2026-01-02,Dashboard,83,5
10704,2452,2026-04-06,API Access,4,2
10705,2452,2025-08-18,Mobile App,111,3
10706,2452,2025-05-07,Export Data,54,4
10707,2452,2026-07-15,Mobile App,42,5
10708,2452,2026-07-11,Dashboard,71,5
10709,2452,2025-10-19,API Access,72,5
10710,2452,2025-10-25,Team Collaboration,118,5
10711,2453,2026-08-25,Mobile App,9,5
10712,2453,2026-08-17,Team Collaboration,43,2
10713,2453,2026-07-22,Notifications,67,4
10714,2453,2026-07-21,Team Collaboration,55,3
10715,2453,2026-08-28,Team Collaboration,104,1
10716,2453,2026-08-21,Dashboard,50,4
10717,2453,2026-07-29,Team Collaboration,89,5
10718,2453,2026-09-14,Export Data,36,3
10719,2453,2026-08-31,Reports,46,5
10720,2453,2026-08-20,Team Collaboration,27,4
10721,2454,2021-07-11,Team Collaboration,46,5
10722,2454,2022-07-24,Notifications,99,5
10723,2454,2021-12-08,Notifications,36,5
10724,2456,2026-07-14,Export Data,65,5
10725,2456,2026-02-05,Dashboard,103,2
10726,2456,2026-08-29,Notifications,8,5
10727,2458,2026-07-01,API Access,120,4
10728,2458,2026-04-28,Reports,25,1
10729,2458,2026-09-13,Mobile App,37,2
10730,2458,2026-08-09,Reports,35,5
10731,2458,2026-03-15,Reports,34,5
10732,2458,2026-04-09,Reports,58,1
10733,2458,2026-08-14,Reports,86,1
10734,2458,2026-07-02,Integrations,92,4
10735,2458,2026-06-22,Integrations,105,1
10736,2458,2026-08-30,Integrations,55,4
10737,2460,2024-10-12,Export Data,108,1
10738,2460,2024-01-31,Reports,8,1
10739,2460,2024-05-09,Export Data,76,4
10740,2460,2024-07-02,Mobile App,104,5
10741,2461,2025-03-23,Integrations,32,5
10742,2463,2026-04-17,Integrations,58,3
10743,2463,2025-06-20,Dashboard,73,4
10744,2463,2025-06-27,Reports,113,3
10745,2463,2026-07-24,Notifications,61,1
10746,2463,2025-08-23,API Access,41,4
10747,2463,2026-02-27,Dashboard,67,1
10748,2463,2025-07-23,Dashboard,107,2
10749,2463,2026-08-16,Team Collaboration,57,4
10750,2463,2026-04-28,Team Collaboration,59,2
10751,2463,2026-06-14,Mobile App,93,4
10752,2464,2025-12-09,Integrations,70,5
10753,2464,2026-05-08,Notifications,56,3
10754,2464,2024-11-19,Mobile App,5,1
10755,2464,2025-04-16,Integrations,48,5
10756,2465,2024-10-02,Export Data,44,3
10757,2465,2024-02-26,Reports,37,1
10758,2466,2026-05-31,Notifications,41,3
10759,2466,2026-08-13,Team Collaboration,53,2
10760,2466,2026-04-17,Integrations,73,1
10761,2466,2026-03-17,Export Data,63,3
10762,2467,2025-11-21,Dashboard,2,3
10763,2467,2025-12-08,Dashboard,28,5
10764,2467,2025-08-31,Export Data,44,5
10765,2467,2025-06-02,API Access,42,3
10766,2468,2023-06-10,Reports,2,1
10767,2468,2023-08-24,Integrations,8,3
10768,2468,2024-02-02,Reports,114,4
10769,2468,2024-10-08,Dashboard,113,1
10770,2469,2024-04-28,Mobile App,42,5
10771,2469,2026-04-28,Export Data,109,3
10772,2469,2026-01-17,Team Collaboration,104,4
10773,2469,2024-09-28,Mobile App,110,2
10774,2469,2025-10-22,Mobile App,32,4
10775,2469,2025-04-02,Export Data,117,1
10776,2470,2024-10-23,Dashboard,99,2
10777,2470,2026-01-28,Reports,113,5
10778,2470,2024-11-19,Notifications,24,2
10779,2470,2026-06-28,Notifications,62,2
10780,2471,2026-07-06,Notifications,104,1
10781,2471,2026-08-26,Integrations,115,4
10782,2472,2024-03-25,Reports,51,1
10783,2473,2026-05-15,Integrations,2,1
10784,2473,2026-08-09,Integrations,18,2
10785,2473,2026-05-16,API Access,54,4
10786,2473,2026-08-25,API Access,52,1
10787,2473,2026-07-23,Integrations,54,2
10788,2473,2026-06-27,Reports,101,1
10789,2473,2026-05-29,Dashboard,100,2
10790,2473,2026-06-18,Reports,87,5
10791,2473,2026-04-24,API Access,108,5
10792,2474,2024-04-26,Dashboard,71,4
10793,2474,2025-01-18,Team Collaboration,35,4
10794,2474,2022-02-12,Reports,83,3
10795,2474,2025-09-27,Integrations,64,2
10796,2474,2022-06-26,Notifications,53,2
10797,2475,2025-11-03,API Access,25,5
10798,2476,2023-07-03,Dashboard,117,1
10799,2477,2024-08-01,Export Data,4,5
10800,2477,2025-02-22,API Access,55,1
10801,2477,2024-12-20,Integrations,8,2
10802,2477,2024-12-10,Export Data,57,1
10803,2477,2025-02-14,Team Collaboration,42,4
10804,2477,2026-06-02,Reports,4,4
10805,2477,2026-08-08,Mobile App,9,2
10806,2477,2025-03-26,Reports,58,1
10807,2477,2024-08-21,API Access,70,2
10808,2478,2023-11-08,Team Collaboration,68,4
10809,2478,2023-10-13,Mobile App,8,5
10810,2478,2023-11-22,Export Data,12,2
10811,2479,2024-04-11,Dashboard,85,2
10812,2479,2026-04-20,Dashboard,81,2
10813,2479,2026-06-11,Team Collaboration,15,5
10814,2479,2024-12-10,Integrations,60,3
10815,2479,2023-09-16,Export Data,22,5
10816,2479,2025-10-27,Export Data,87,2
10817,2479,2025-01-21,Notifications,44,2
10818,2479,2025-01-07,Mobile App,1,1
10819,2480,2022-09-05,Mobile App,68,2
10820,2480,2023-01-30,Team Collaboration,99,5
10821,2480,2026-01-09,Reports,110,4
10822,2481,2026-05-10,Reports,20,3
10823,2481,2026-04-05,Notifications,38,3
10824,2481,2026-02-27,Integrations,69,2
10825,2481,2026-06-22,API Access,65,3
10826,2481,2026-07-12,Export Data,115,5
10827,2482,2023-05-27,Export Data,120,1
10828,2482,2025-08-14,Integrations,85,4
10829,2482,2023-04-28,Notifications,20,4
10830,2482,2023-10-25,Integrations,47,3
10831,2482,2021-09-17,Notifications,59,4
10832,2482,2024-08-17,Reports,95,4
10833,2483,2026-04-07,Integrations,100,5
10834,2484,2022-04-20,Dashboard,93,2
10835,2484,2021-12-17,Export Data,59,2
10836,2485,2024-10-13,Team Collaboration,78,4
10837,2485,2025-06-14,API Access,30,1
10838,2486,2025-07-24,Team Collaboration,94,3
10839,2486,2023-06-26,Integrations,40,2
10840,2486,2023-09-14,Notifications,98,5
10841,2486,2026-02-09,Export Data,69,5
10842,2486,2025-08-28,Notifications,32,1
10843,2486,2024-09-06,Export Data,115,5
10844,2486,2024-10-03,Mobile App,50,1
10845,2486,2024-07-02,Notifications,38,5
10846,2486,2024-06-09,Integrations,117,5
10847,2486,2025-01-11,Mobile App,26,1
10848,2487,2025-05-14,Export Data,92,5
10849,2487,2026-06-14,Notifications,4,3
10850,2487,2026-08-19,Dashboard,65,2
10851,2487,2025-11-10,Export Data,41,2
10852,2488,2025-09-16,API Access,95,2
10853,2488,2023-07-16,Integrations,15,1
10854,2488,2024-01-07,Reports,51,3
10855,2488,2025-06-27,Integrations,114,5
10856,2488,2025-11-06,Reports,18,3
10857,2489,2025-10-12,Mobile App,55,2
10858,2489,2026-09-07,Integrations,12,1
10859,2489,2023-03-19,Mobile App,48,2
10860,2489,2023-12-28,Notifications,96,4
10861,2489,2023-02-23,Dashboard,15,5
10862,2489,2024-09-20,Team Collaboration,59,2
10863,2489,2023-04-23,Integrations,16,4
10864,2489,2024-09-10,Export Data,46,5
10865,2489,2025-12-24,Reports,69,4
10866,2489,2025-11-03,Export Data,30,4
10867,2490,2026-01-25,API Access,111,5
10868,2490,2026-09-09,Mobile App,23,5
10869,2490,2026-08-27,Integrations,14,3
10870,2490,2025-08-07,Integrations,67,4
10871,2491,2024-04-07,Mobile App,109,5
10872,2491,2026-02-21,Reports,63,1
10873,2491,2023-08-05,Team Collaboration,79,4
10874,2491,2024-08-05,Reports,98,4
10875,2491,2023-12-06,Reports,98,5
10876,2491,2024-04-26,API Access,92,2
10877,2492,2025-10-02,Export Data,116,4
10878,2492,2022-12-29,API Access,44,4
10879,2492,2025-04-06,Team Collaboration,11,2
10880,2493,2025-11-15,Dashboard,27,4
10881,2494,2026-01-11,Team Collaboration,80,5
10882,2494,2024-06-09,Notifications,7,2
10883,2494,2023-07-17,Export Data,6,3
10884,2494,2026-04-12,Dashboard,117,5
10885,2494,2024-04-07,Integrations,25,4
10886,2494,2025-12-01,Reports,79,2
10887,2495,2025-04-29,Notifications,7,2
10888,2495,2025-09-09,Integrations,50,4
10889,2495,2026-02-27,Integrations,119,3
10890,2495,2025-07-20,Dashboard,63,2
10891,2495,2026-07-21,Dashboard,37,1
10892,2495,2026-01-30,Mobile App,35,5
10893,2495,2025-11-25,Integrations,96,1
10894,2497,2022-06-28,Integrations,107,3
10895,2497,2022-10-11,Team Collaboration,117,1
10896,2497,2024-04-30,Reports,65,1
10897,2497,2025-02-23,Export Data,25,2
10898,2497,2024-03-22,Dashboard,40,4
10899,2498,2023-06-22,Reports,98,2
10900,2498,2026-05-19,Team Collaboration,73,2
10901,2498,2026-03-31,Team Collaboration,87,2
10902,2498,2025-03-11,API Access,24,4
10903,2498,2026-04-08,Notifications,119,5
10904,2498,2025-10-07,Team Collaboration,82,3
10905,2498,2025-08-13,Mobile App,22,3
10906,2498,2023-01-20,Notifications,77,5
10907,2498,2026-05-26,Notifications,20,1
10908,2498,2024-11-06,Notifications,14,3
10909,2499,2024-12-16,Reports,38,5
10910,2500,2023-03-31,Integrations,120,5
10911,2500,2025-10-14,Team Collaboration,67,2
10912,2500,2023-03-05,Mobile App,65,4
10913,2500,2023-11-26,API Access,106,4
10914,2500,2022-08-22,Reports,30,3
10915,2500,2025-06-18,Mobile App,97,4
10916,2500,2025-11-05,Notifications,22,4
10917,2500,2023-09-26,Team Collaboration,63,2
10918,2500,2024-01-20,Integrations,46,3
10919,2501,2026-08-17,Export Data,96,1
10920,2501,2026-08-21,Integrations,40,3
10921,2503,2025-08-11,Dashboard,26,5
10922,2503,2025-10-17,Team Collaboration,59,3
10923,2503,2025-09-18,Mobile App,102,5
10924,2503,2021-07-03,API Access,104,4
10925,2503,2026-04-27,API Access,7,2
10926,2504,2026-05-31,Reports,108,2
10927,2504,2023-10-17,Mobile App,17,1
10928,2504,2026-03-06,Export Data,59,2
10929,2504,2022-08-05,Notifications,18,1
10930,2504,2025-10-28,Integrations,58,3
10931,2504,2026-09-07,Reports,116,5
10932,2504,2026-06-07,Reports,92,2
10933,2504,2023-07-26,Notifications,24,4
10934,2504,2025-09-30,Integrations,14,2
10935,2505,2026-06-14,Integrations,104,5
10936,2505,2025-05-19,Reports,100,3
10937,2505,2025-01-12,Dashboard,23,2
10938,2505,2025-04-27,Dashboard,93,5
10939,2505,2023-10-05,Team Collaboration,87,3
10940,2505,2024-01-20,Export Data,16,1
10941,2505,2023-12-09,API Access,116,5
10942,2505,2024-04-07,Export Data,70,1
10943,2506,2022-10-14,Reports,73,4
10944,2506,2022-11-14,API Access,116,3
10945,2506,2023-08-09,Notifications,64,5
10946,2507,2023-12-07,Reports,97,3
10947,2507,2024-05-24,Reports,120,2
10948,2507,2023-04-16,Dashboard,25,4
10949,2507,2023-09-12,Team Collaboration,96,3
10950,2508,2021-07-21,Export Data,91,4
10951,2509,2026-06-05,Dashboard,109,5
10952,2509,2026-01-12,Mobile App,9,3
10953,2509,2026-02-08,Dashboard,40,4
10954,2509,2026-03-07,Dashboard,29,2
10955,2510,2026-07-06,Integrations,70,4
10956,2510,2026-09-08,Notifications,1,4
10957,2510,2025-04-28,API Access,23,4
10958,2511,2026-07-04,API Access,6,5
10959,2511,2026-06-10,Integrations,30,4
10960,2511,2026-09-09,Mobile App,93,5
10961,2511,2026-04-15,Notifications,90,1
10962,2511,2026-05-04,Mobile App,5,5
10963,2511,2026-02-12,Export Data,38,1
10964,2511,2026-06-19,Notifications,119,2
10965,2511,2026-01-21,Dashboard,103,5
10966,2511,2026-04-12,Reports,90,3
10967,2512,2025-04-06,Mobile App,67,5
10968,2512,2024-02-03,Notifications,117,1
10969,2513,2024-10-14,API Access,100,4
10970,2514,2023-12-30,API Access,120,3
10971,2514,2025-08-20,Reports,5,2
10972,2514,2024-06-08,Team Collaboration,38,1
10973,2514,2024-06-07,Integrations,50,2
10974,2514,2026-09-02,Mobile App,72,1
10975,2515,2025-07-27,Reports,71,2
10976,2515,2025-05-29,API Access,115,1
10977,2515,2026-07-11,Dashboard,32,2
10978,2515,2026-01-07,Team Collaboration,68,3
10979,2515,2025-07-20,Notifications,54,5
10980,2515,2026-03-07,Export Data,51,4
10981,2516,2026-08-05,Integrations,92,5
10982,2516,2026-02-06,Notifications,39,1
10983,2516,2026-04-18,Reports,69,5
10984,2516,2026-06-23,Team Collaboration,105,3
10985,2516,2026-04-14,Reports,109,2
10986,2517,2026-07-11,Mobile App,53,1
10987,2517,2026-08-24,Export Data,19,3
10988,2517,2026-09-08,Dashboard,111,3
10989,2517,2026-08-18,Dashboard,29,5
10990,2517,2026-07-13,Integrations,53,1
10991,2517,2026-07-30,Reports,73,5
10992,2517,2026-07-27,Mobile App,32,2
10993,2517,2026-07-11,Team Collaboration,92,4
10994,2517,2026-08-26,Dashboard,108,5
10995,2517,2026-08-06,Dashboard,118,5
10996,2518,2025-06-08,Dashboard,56,3
10997,2518,2025-10-13,Reports,53,4
10998,2518,2024-06-06,API Access,47,1
10999,2518,2023-08-25,API Access,98,1
11000,2518,2023-09-27,Mobile App,32,2
11001,2518,2025-11-10,Integrations,55,5
11002,2518,2024-03-29,Mobile App,59,4
11003,2518,2025-08-11,Integrations,75,3
11004,2518,2024-12-21,Dashboard,67,5
11005,2519,2026-01-18,Export Data,28,2
11006,2519,2026-06-03,Reports,16,3
11007,2519,2026-07-26,Integrations,51,5
11008,2519,2024-01-22,Mobile App,23,4
11009,2519,2023-04-29,Mobile App,34,4
11010,2519,2023-10-14,Notifications,78,5
11011,2519,2023-06-18,Mobile App,60,1
11012,2519,2025-06-21,Mobile App,63,5
11013,2519,2023-06-25,Integrations,95,2
11014,2520,2024-12-10,Dashboard,14,4
11015,2520,2024-12-02,API Access,17,4
11016,2520,2026-02-19,Integrations,28,4
11017,2520,2026-01-21,Integrations,97,3
11018,2520,2025-05-13,Mobile App,81,4
11019,2521,2026-05-02,Team Collaboration,75,5
11020,2522,2023-10-14,Integrations,11,3
11021,2523,2023-12-13,Mobile App,27,4
11022,2523,2024-09-09,Integrations,116,1
11023,2523,2026-03-17,Notifications,91,4
11024,2523,2026-02-10,Team Collaboration,94,2
11025,2523,2025-03-20,Mobile App,89,4
11026,2523,2025-07-09,Dashboard,77,4
11027,2524,2026-08-26,Integrations,41,2
11028,2524,2026-06-21,Reports,23,5
11029,2524,2026-03-26,Reports,90,1
11030,2524,2026-08-30,Team Collaboration,84,3
11031,2524,2026-03-17,Team Collaboration,16,5
11032,2524,2026-02-05,Notifications,3,3
11033,2524,2026-06-20,Mobile App,115,1
11034,2524,2026-05-30,Team Collaboration,19,3
11035,2524,2026-08-02,API Access,27,5
11036,2525,2026-05-27,API Access,55,3
11037,2525,2026-08-14,Dashboard,6,5
11038,2525,2026-08-10,Team Collaboration,53,4
11039,2525,2026-06-16,Team Collaboration,98,3
11040,2525,2026-05-25,Integrations,105,4
11041,2525,2026-05-25,API Access,79,3
11042,2525,2026-05-27,Dashboard,82,3
11043,2525,2026-09-01,Mobile App,69,3
11044,2525,2026-06-08,Mobile App,23,1
11045,2525,2026-09-08,Team Collaboration,87,1
11046,2526,2026-02-18,Reports,49,1
11047,2526,2026-05-21,Export Data,118,1
11048,2526,2026-03-27,API Access,34,1
11049,2526,2025-09-08,Integrations,60,3
11050,2526,2026-04-15,Export Data,58,3
11051,2526,2026-02-16,Team Collaboration,49,1
11052,2526,2026-02-16,Team Collaboration,106,4
11053,2526,2026-03-11,Mobile App,4,5
11054,2528,2023-07-28,Notifications,33,4
11055,2528,2024-01-29,Export Data,75,4
11056,2528,2025-04-03,Notifications,5,3
11057,2528,2026-07-29,Team Collaboration,90,3
11058,2528,2025-08-17,Mobile App,69,2
11059,2528,2024-04-06,Mobile App,69,3
11060,2528,2023-09-11,Team Collaboration,43,3
11061,2528,2023-12-08,Team Collaboration,70,2
11062,2528,2024-10-18,Notifications,41,3
11063,2529,2026-08-30,Integrations,7,2
11064,2529,2025-12-01,Reports,107,1
11065,2529,2026-08-24,Mobile App,44,2
11066,2529,2025-12-21,Reports,40,2
11067,2529,2026-04-05,Notifications,103,1
11068,2529,2026-08-09,Team Collaboration,8,3
11069,2529,2026-06-12,Team Collaboration,37,5
11070,2529,2026-05-10,Team Collaboration,48,3
11071,2529,2026-09-11,Dashboard,106,5
11072,2529,2026-01-31,Export Data,74,2
11073,2530,2026-08-07,Notifications,64,5
11074,2530,2024-06-30,Dashboard,29,5
11075,2530,2026-05-07,Notifications,117,5
11076,2530,2022-10-14,Reports,1,5
11077,2530,2025-03-18,Notifications,11,5
11078,2531,2024-08-20,API Access,54,5
11079,2531,2024-09-13,Dashboard,74,2
11080,2531,2025-05-27,Notifications,37,3
11081,2531,2024-11-02,Integrations,31,3
11082,2532,2026-03-20,Integrations,45,5
11083,2532,2026-02-20,Team Collaboration,3,5
11084,2532,2026-07-01,API Access,99,1
11085,2532,2026-08-19,Mobile App,48,1
11086,2532,2026-04-30,Integrations,28,3
11087,2532,2026-02-17,Notifications,104,2
11088,2533,2026-06-05,Notifications,44,3
11089,2533,2026-06-10,Reports,10,3
11090,2534,2026-06-29,API Access,101,5
11091,2534,2026-07-27,Dashboard,37,3
11092,2534,2026-09-02,Export Data,44,4
11093,2534,2026-09-11,Integrations,20,3
11094,2534,2026-08-19,API Access,71,2
11095,2534,2026-05-24,Team Collaboration,119,5
11096,2534,2026-05-19,Reports,3,3
11097,2534,2026-05-06,Dashboard,68,5
11098,2534,2026-08-15,Integrations,65,4
11099,2534,2026-04-26,Export Data,20,3
11100,2535,2023-06-23,Integrations,102,4
11101,2536,2026-09-06,Export Data,43,2
11102,2536,2026-07-27,Notifications,43,3
11103,2536,2026-08-17,Notifications,48,2
11104,2536,2026-08-10,API Access,29,3
11105,2536,2026-07-19,Reports,115,1
11106,2537,2025-04-26,Integrations,44,4
11107,2538,2022-03-25,API Access,92,1
11108,2539,2026-01-27,Export Data,24,3
11109,2539,2025-11-23,Mobile App,54,3
11110,2539,2025-12-29,Integrations,28,5
11111,2539,2026-04-10,Reports,10,4
11112,2540,2026-05-16,Mobile App,63,3
11113,2540,2026-05-08,Team Collaboration,116,4
11114,2540,2026-06-16,API Access,5,1
11115,2540,2026-04-28,Dashboard,53,3
11116,2540,2026-03-24,Team Collaboration,105,2
11117,2540,2026-05-28,API Access,24,2
11118,2540,2026-01-21,Export Data,89,4
11119,2540,2026-03-01,Dashboard,74,2
11120,2541,2026-09-03,Dashboard,40,3
11121,2541,2026-08-29,Mobile App,112,2
11122,2541,2026-07-05,Reports,39,3
11123,2541,2026-07-05,Dashboard,104,1
11124,2541,2026-08-09,Export Data,68,1
11125,2542,2023-05-07,Team Collaboration,32,1
11126,2542,2024-05-11,Dashboard,83,3
11127,2542,2022-11-12,Dashboard,37,4
11128,2542,2023-03-19,Team Collaboration,17,1
11129,2543,2026-05-01,API Access,108,3
11130,2543,2024-08-28,Mobile App,69,5
11131,2543,2026-02-28,Notifications,58,3
11132,2543,2024-11-13,Team Collaboration,5,3
11133,2544,2025-06-12,Integrations,80,2
11134,2544,2025-04-22,Mobile App,53,4
11135,2545,2024-11-10,Mobile App,58,4
11136,2545,2024-01-02,API Access,98,5
11137,2545,2023-01-10,API Access,116,5
11138,2545,2024-10-12,Integrations,82,4
11139,2545,2026-06-22,Dashboard,49,1
11140,2545,2022-10-26,API Access,7,2
11141,2545,2024-06-03,Team Collaboration,120,2
11142,2545,2025-05-20,Dashboard,22,2
11143,2545,2025-06-02,API Access,62,2
11144,2545,2026-03-28,Export Data,68,1
11145,2546,2024-12-27,Team Collaboration,19,4
11146,2546,2024-09-23,Reports,102,2
11147,2546,2024-04-06,Export Data,3,5
11148,2547,2025-09-13,Reports,36,2
11149,2547,2026-07-26,Team Collaboration,66,5
11150,2547,2024-02-07,Mobile App,112,3
11151,2547,2024-04-10,Integrations,96,3
11152,2547,2024-10-29,Export Data,106,2
11153,2547,2026-09-15,API Access,34,5
11154,2547,2025-08-28,Notifications,8,1
11155,2547,2024-01-28,Reports,15,2
11156,2547,2022-12-20,API Access,58,5
11157,2548,2025-07-19,Team Collaboration,82,3
11158,2548,2026-02-11,Team Collaboration,96,1
11159,2549,2026-08-03,Notifications,116,3
11160,2549,2023-05-26,Team Collaboration,33,1
11161,2550,2024-05-19,Notifications,34,2
11162,2551,2026-08-28,Notifications,87,4
11163,2551,2026-08-14,Mobile App,110,1
11164,2551,2026-09-01,API Access,4,5
11165,2551,2026-08-21,Reports,75,1
11166,2551,2026-09-09,Team Collaboration,52,4
11167,2552,2025-02-21,Dashboard,77,3
11168,2552,2025-07-06,Dashboard,28,5
11169,2552,2025-10-28,Export Data,92,2
11170,2552,2025-05-29,Export Data,28,4
11171,2552,2024-10-19,Dashboard,40,3
11172,2552,2025-02-04,Mobile App,103,2
11173,2553,2022-03-26,Dashboard,24,4
11174,2553,2022-04-10,Mobile App,120,2
11175,2554,2024-02-03,Mobile App,20,4
11176,2554,2022-11-06,Team Collaboration,66,4
11177,2554,2025-03-21,Reports,80,4
11178,2555,2025-10-21,API Access,102,4
11179,2556,2024-10-31,Integrations,37,3
11180,2556,2025-02-05,Export Data,56,5
11181,2556,2024-12-22,Team Collaboration,112,1
11182,2556,2023-10-06,Mobile App,49,2
11183,2556,2024-06-17,Notifications,14,1
11184,2556,2026-07-22,Integrations,38,3
11185,2557,2021-10-20,Mobile App,96,2
11186,2557,2021-12-29,Export Data,22,3
11187,2557,2021-12-30,Dashboard,110,1
11188,2557,2021-11-27,Team Collaboration,17,3
11189,2558,2026-02-08,API Access,35,1
11190,2558,2025-12-01,Notifications,120,2
11191,2558,2026-05-12,Mobile App,80,5
11192,2558,2026-08-20,Mobile App,119,4
11193,2558,2026-05-05,Integrations,59,3
11194,2558,2026-05-11,Integrations,80,1
11195,2558,2026-04-13,Reports,21,4
11196,2559,2024-09-19,Dashboard,90,3
11197,2559,2024-10-01,Team Collaboration,89,1
11198,2559,2024-07-25,Team Collaboration,41,5
11199,2559,2024-02-04,Export Data,1,5
11200,2560,2022-08-21,Export Data,31,5
11201,2560,2022-11-08,API Access,60,4
11202,2560,2022-11-24,Export Data,86,3
11203,2561,2024-11-09,Notifications,102,3
11204,2561,2026-05-13,Mobile App,118,3
11205,2561,2025-01-12,Mobile App,120,3
11206,2561,2025-04-10,Mobile App,55,3
11207,2561,2022-04-01,Integrations,86,5
11208,2562,2026-06-10,API Access,2,4
11209,2562,2026-05-18,Reports,12,1
11210,2562,2023-12-30,Team Collaboration,92,1
11211,2562,2024-06-19,Reports,73,5
11212,2562,2026-08-27,Reports,37,5
11213,2562,2026-02-04,API Access,84,1
11214,2562,2025-07-08,API Access,36,5
11215,2562,2023-10-27,Notifications,114,3
11216,2562,2024-01-12,Notifications,33,1
11217,2563,2024-12-28,Integrations,58,4
11218,2563,2024-01-15,Integrations,52,4
11219,2563,2025-01-05,Dashboard,64,2
11220,2563,2024-10-19,Export Data,110,1
11221,2564,2025-08-07,API Access,38,1
11222,2564,2025-08-16,Export Data,117,4
11223,2564,2022-05-09,Export Data,18,3
11224,2564,2026-02-15,Notifications,86,4
11225,2564,2023-09-23,Reports,11,2
11226,2565,2024-05-12,Team Collaboration,31,5
11227,2565,2024-07-08,Export Data,36,4
11228,2565,2024-07-02,Integrations,83,4
11229,2566,2026-01-02,Notifications,45,5
11230,2567,2024-01-30,Export Data,14,3
11231,2567,2024-12-10,Export Data,6,4
11232,2567,2023-09-20,Mobile App,95,1
11233,2567,2025-02-24,Mobile App,64,1
11234,2567,2026-05-25,Export Data,94,4
11235,2567,2023-09-12,Notifications,22,2
11236,2567,2024-12-21,Notifications,106,2
11237,2567,2025-06-15,Integrations,108,4
11238,2568,2022-04-03,Team Collaboration,115,5
11239,2568,2023-05-30,Mobile App,44,3
11240,2569,2023-10-27,Mobile App,89,5
11241,2569,2022-03-30,Notifications,73,5
11242,2569,2023-09-11,Mobile App,70,2
11243,2570,2024-04-15,Notifications,62,1
11244,2570,2022-03-07,Team Collaboration,108,2
11245,2570,2022-08-14,Integrations,12,5
11246,2570,2022-01-15,Export Data,67,3
11247,2570,2025-01-27,Notifications,14,3
11248,2570,2022-12-30,Team Collaboration,50,5
11249,2571,2025-12-24,Integrations,107,4
11250,2571,2025-11-21,Notifications,2,4
11251,2571,2026-06-21,Reports,81,5
11252,2571,2026-09-04,Mobile App,98,5
11253,2572,2026-01-21,Mobile App,95,3
11254,2572,2025-12-15,Integrations,3,4
11255,2572,2026-05-19,Dashboard,70,4
11256,2572,2026-07-19,API Access,24,3
11257,2572,2026-06-30,Dashboard,113,1
11258,2572,2026-04-17,Export Data,35,4
11259,2572,2026-05-16,Dashboard,18,4
11260,2572,2025-12-18,Team Collaboration,49,2
11261,2572,2026-02-22,Dashboard,86,3
11262,2572,2026-05-10,Dashboard,9,4
11263,2573,2025-08-30,API Access,101,1
11264,2573,2025-10-11,Mobile App,77,5
11265,2573,2025-07-09,Dashboard,20,5
11266,2573,2025-06-22,Integrations,104,5
11267,2574,2025-07-10,Mobile App,1,5
11268,2574,2026-09-09,Integrations,30,3
11269,2575,2025-07-19,Export Data,51,1
11270,2575,2025-06-25,Integrations,3,5
11271,2575,2025-05-12,Integrations,32,3
11272,2575,2025-03-18,Dashboard,6,4
11273,2575,2026-09-06,API Access,67,2
11274,2575,2025-04-03,Mobile App,12,4
11275,2575,2024-12-24,Dashboard,116,4
11276,2576,2026-02-16,API Access,38,3
11277,2576,2025-08-04,Team Collaboration,47,2
11278,2577,2023-01-20,Integrations,42,4
11279,2578,2025-10-27,Reports,58,4
11280,2578,2025-07-24,Dashboard,52,2
11281,2578,2025-11-02,Team Collaboration,53,2
11282,2578,2026-04-24,Export Data,99,3
11283,2578,2025-08-29,Team Collaboration,40,2
11284,2578,2025-11-12,Export Data,109,5
11285,2578,2025-05-01,Mobile App,64,3
11286,2578,2025-03-15,API Access,88,4
11287,2579,2026-01-02,Reports,50,4
11288,2579,2025-10-01,Team Collaboration,19,4
11289,2579,2026-06-08,Integrations,1,2
11290,2579,2025-11-04,Dashboard,106,1
11291,2579,2025-10-15,Mobile App,5,2
11292,2579,2025-12-12,Reports,48,1
11293,2579,2026-01-10,Notifications,96,1
11294,2579,2026-05-29,Team Collaboration,14,1
11295,2580,2024-11-18,Mobile App,65,2
11296,2580,2024-10-19,Notifications,35,4
11297,2581,2026-07-13,Team Collaboration,120,1
11298,2582,2025-07-11,API Access,90,2
11299,2582,2024-08-11,API Access,93,4
11300,2582,2023-10-13,Team Collaboration,87,5
11301,2582,2025-01-10,Notifications,49,5
11302,2582,2024-06-24,Export Data,45,4
11303,2582,2025-07-19,Notifications,21,5
11304,2582,2024-03-10,Dashboard,100,1
11305,2583,2023-10-07,Mobile App,101,5
11306,2583,2025-11-04,Dashboard,84,1
11307,2584,2023-01-03,Team Collaboration,22,5
11308,2585,2023-05-09,Reports,32,2
11309,2585,2023-05-20,Export Data,83,4
11310,2586,2022-02-17,Notifications,39,5
11311,2586,2024-06-23,Mobile App,93,1
11312,2586,2021-08-13,Dashboard,55,2
11313,2586,2021-06-10,Reports,47,5
11314,2586,2022-01-11,Dashboard,78,4
11315,2587,2026-06-07,Integrations,76,2
11316,2589,2023-11-20,Export Data,106,5
11317,2590,2022-08-14,Dashboard,76,1
11318,2590,2022-03-14,Team Collaboration,40,3
11319,2590,2025-01-20,Export Data,88,2
11320,2590,2025-11-02,Dashboard,24,3
11321,2590,2025-05-25,Integrations,86,2
11322,2590,2023-02-15,Dashboard,96,1
11323,2591,2023-06-18,Reports,100,3
11324,2592,2025-09-20,Mobile App,67,2
11325,2592,2024-11-08,Dashboard,111,2
11326,2592,2026-01-19,Integrations,24,3
11327,2592,2025-09-19,Export Data,33,5
11328,2592,2025-05-21,Mobile App,108,2
11329,2592,2026-09-09,Team Collaboration,107,1
11330,2592,2025-07-27,Notifications,104,3
11331,2592,2025-03-07,Mobile App,8,3
11332,2593,2024-11-06,Notifications,44,5
11333,2593,2022-11-10,Mobile App,100,1
11334,2593,2024-07-28,Export Data,6,4
11335,2593,2024-04-11,Team Collaboration,103,5
11336,2594,2026-07-26,API Access,95,2
11337,2594,2026-07-09,Integrations,90,4
11338,2594,2026-07-12,Notifications,70,2
11339,2595,2024-09-08,Team Collaboration,30,2
11340,2595,2023-09-25,Team Collaboration,10,4
11341,2595,2024-11-05,API Access,18,3
11342,2595,2023-08-08,API Access,67,4
11343,2596,2025-05-08,Mobile App,102,1
11344,2597,2026-01-17,Export Data,52,4
11345,2597,2026-07-28,API Access,102,2
11346,2597,2026-02-12,Integrations,93,2
11347,2597,2025-11-30,Export Data,92,1
11348,2597,2026-06-23,Integrations,104,4
11349,2597,2026-05-09,Mobile App,82,4
11350,2598,2026-05-26,Integrations,22,4
11351,2598,2025-08-31,Mobile App,84,3
11352,2598,2025-06-29,Export Data,90,1
11353,2598,2024-11-01,Reports,2,5
11354,2598,2026-08-20,Export Data,25,1
11355,2598,2023-10-24,API Access,78,1
11356,2598,2024-01-29,Notifications,47,4
11357,2598,2024-07-01,Mobile App,53,3
11358,2599,2025-04-25,Team Collaboration,95,3
11359,2599,2024-09-24,Reports,43,3
11360,2599,2023-12-25,API Access,17,4
11361,2599,2024-07-09,Team Collaboration,63,4
11362,2599,2023-03-22,Mobile App,60,1
11363,2600,2024-04-06,Team Collaboration,26,5
11364,2600,2025-10-21,Team Collaboration,112,3
11365,2600,2026-09-12,Notifications,94,5
11366,2600,2023-03-10,Mobile App,22,3
11367,2600,2023-05-28,Reports,108,3
11368,2600,2026-06-05,API Access,52,1
11369,2601,2026-06-07,Reports,104,4
11370,2601,2025-04-12,Team Collaboration,66,2
11371,2601,2025-08-11,Export Data,69,2
11372,2601,2026-04-06,Dashboard,86,1
11373,2601,2025-02-25,Team Collaboration,15,5
11374,2601,2026-07-14,Integrations,31,2
11375,2601,2025-04-07,Reports,92,2
11376,2603,2023-06-18,Team Collaboration,93,5
11377,2603,2023-07-10,Reports,89,3
11378,2603,2023-05-24,Integrations,33,1
11379,2604,2025-07-08,Mobile App,81,4
11380,2604,2026-05-25,Integrations,6,2
11381,2604,2025-07-06,Reports,100,4
11382,2605,2025-12-06,API Access,34,3
11383,2605,2025-04-07,Notifications,90,4
11384,2605,2024-01-07,Integrations,13,5
11385,2605,2024-10-09,Integrations,99,3
11386,2605,2026-03-25,Reports,102,2
11387,2605,2024-05-25,Integrations,81,2
11388,2605,2024-12-01,Team Collaboration,23,3
11389,2605,2023-11-02,Integrations,5,2
11390,2605,2026-07-17,Dashboard,72,1
11391,2606,2026-07-05,Notifications,60,1
11392,2606,2026-06-10,Notifications,32,4
11393,2606,2026-03-26,Team Collaboration,1,4
11394,2606,2026-03-12,Team Collaboration,39,3
11395,2606,2026-05-30,Integrations,70,5
11396,2606,2026-08-19,Export Data,75,4
11397,2606,2026-06-07,Reports,50,2
11398,2607,2023-07-13,Dashboard,42,1
11399,2608,2023-09-21,Dashboard,68,3
11400,2608,2023-01-30,Integrations,22,1
11401,2608,2025-04-13,Team Collaboration,84,5
11402,2609,2026-04-19,API Access,105,3
11403,2609,2025-12-31,Export Data,84,5
11404,2610,2022-07-20,Notifications,70,5
11405,2610,2022-11-12,Integrations,73,5
11406,2610,2023-11-05,Team Collaboration,13,1
11407,2611,2026-08-14,Team Collaboration,63,2
11408,2611,2026-06-01,Notifications,112,5
11409,2611,2026-05-19,Integrations,76,4
11410,2611,2026-07-22,Integrations,66,5
11411,2611,2026-05-29,Export Data,70,1
11412,2611,2026-07-05,Mobile App,108,3
11413,2611,2026-06-21,Reports,70,5
11414,2611,2026-07-11,Notifications,36,3
11415,2611,2026-07-01,Dashboard,40,2
11416,2612,2025-07-14,Export Data,67,1
11417,2613,2026-05-26,Integrations,105,4
11418,2613,2025-02-26,Dashboard,33,4
11419,2613,2026-05-19,API Access,7,1
11420,2613,2024-12-12,Dashboard,70,1
11421,2613,2025-01-14,Mobile App,95,5
11422,2613,2024-10-06,Team Collaboration,72,5
11423,2614,2023-09-26,Integrations,90,4
11424,2615,2023-09-17,Dashboard,45,3
11425,2615,2024-12-20,Notifications,63,1
11426,2615,2025-05-27,Dashboard,96,2
11427,2615,2026-03-21,API Access,7,4
11428,2616,2024-08-20,Export Data,106,1
11429,2616,2025-01-22,Team Collaboration,41,5
11430,2617,2026-02-25,API Access,63,3
11431,2617,2026-04-01,Team Collaboration,62,2
11432,2617,2026-04-22,Dashboard,52,5
11433,2617,2025-09-04,API Access,76,4
11434,2617,2026-08-24,Dashboard,15,2
11435,2618,2025-08-31,Mobile App,65,2
11436,2618,2025-12-09,Reports,19,1
11437,2618,2025-09-17,Notifications,18,1
11438,2619,2025-07-27,Integrations,18,1
11439,2619,2025-04-11,API Access,50,2
11440,2619,2024-07-26,API Access,19,2
11441,2619,2024-10-24,Dashboard,118,1
11442,2619,2025-07-12,Team Collaboration,36,2
11443,2620,2026-04-06,API Access,94,4
11444,2620,2026-04-29,Dashboard,20,2
11445,2620,2025-10-15,API Access,115,1
11446,2621,2021-10-31,Reports,16,5
11447,2622,2026-06-08,Export Data,104,3
11448,2623,2026-08-13,Notifications,66,2
11449,2623,2026-06-20,Export Data,45,1
11450,2623,2026-08-21,Notifications,85,2
11451,2624,2026-02-17,Integrations,12,3
11452,2624,2025-02-26,Dashboard,117,5
11453,2624,2024-05-11,Integrations,44,4
11454,2624,2026-03-26,Notifications,86,1
11455,2624,2024-06-21,Mobile App,17,2
11456,2624,2024-03-24,API Access,78,5
11457,2625,2026-08-02,Integrations,27,2
11458,2625,2026-08-09,Dashboard,51,3
11459,2625,2025-05-16,Integrations,44,2
11460,2625,2026-01-10,Dashboard,38,3
11461,2626,2024-01-04,Export Data,74,2
11462,2626,2024-05-19,Mobile App,9,3
11463,2626,2023-06-25,Reports,25,4
11464,2626,2024-06-17,Export Data,83,1
11465,2626,2024-01-24,Team Collaboration,5,1
11466,2626,2026-03-10,API Access,100,2
11467,2626,2026-05-25,Integrations,64,2
11468,2626,2024-09-23,Team Collaboration,86,4
11469,2626,2026-07-05,Integrations,93,1
11470,2626,2025-10-06,Team Collaboration,111,3
11471,2627,2023-04-11,Notifications,31,4
11472,2627,2026-09-15,API Access,36,2
11473,2627,2022-07-02,API Access,72,1
11474,2628,2024-11-24,Mobile App,14,2
11475,2628,2024-04-11,Export Data,113,1
11476,2629,2026-02-16,Notifications,118,4
11477,2629,2025-09-30,Mobile App,82,2
11478,2629,2025-11-19,Team Collaboration,74,2
11479,2629,2026-02-20,Mobile App,120,1
11480,2629,2026-03-14,Notifications,89,5
11481,2629,2025-12-25,Team Collaboration,83,4
11482,2629,2025-08-15,Integrations,37,3
11483,2630,2025-10-20,Mobile App,10,2
11484,2630,2026-02-01,Integrations,70,4
11485,2630,2026-01-28,Reports,73,1
11486,2630,2025-09-25,Reports,33,2
11487,2631,2025-01-05,Mobile App,56,4
11488,2631,2025-06-04,Dashboard,65,4
11489,2631,2024-10-04,Export Data,93,3
11490,2632,2025-05-23,Reports,8,2
11491,2632,2025-03-03,Mobile App,40,2
11492,2632,2025-10-26,Reports,88,1
11493,2632,2025-09-03,Dashboard,87,3
11494,2633,2022-02-06,Integrations,64,4
11495,2633,2022-02-24,Export Data,34,4
11496,2633,2022-02-02,API Access,76,1
11497,2634,2026-04-24,Team Collaboration,103,1
11498,2634,2025-08-22,Integrations,109,3
11499,2634,2024-04-20,Export Data,75,5
11500,2634,2024-07-22,Mobile App,109,1
11501,2634,2026-05-16,Integrations,92,4
11502,2635,2025-05-21,Reports,9,2
11503,2635,2025-05-23,Team Collaboration,14,5
11504,2635,2025-11-05,Integrations,114,3
11505,2635,2025-06-25,Integrations,111,1
11506,2635,2025-10-31,Team Collaboration,95,5
11507,2635,2026-08-19,Notifications,118,5
11508,2635,2026-04-30,Reports,100,5
11509,2635,2025-07-25,API Access,95,2
11510,2635,2025-10-19,Team Collaboration,29,1
11511,2636,2023-05-17,Team Collaboration,36,2
11512,2636,2023-02-13,API Access,78,4
11513,2637,2024-09-25,Export Data,61,2
11514,2637,2025-11-13,Team Collaboration,111,3
11515,2638,2026-07-19,Export Data,7,1
11516,2639,2026-05-07,Dashboard,35,3
11517,2639,2024-05-13,Team Collaboration,59,5
11518,2640,2024-10-30,Integrations,50,1
11519,2640,2024-06-29,API Access,94,1
11520,2640,2024-08-14,API Access,30,5
11521,2641,2026-08-17,Notifications,31,4
11522,2641,2025-09-25,Dashboard,78,5
11523,2641,2025-11-09,Mobile App,33,1
11524,2641,2026-06-15,Mobile App,40,2
11525,2641,2024-12-14,Reports,19,3
11526,2641,2024-10-12,Team Collaboration,104,4
11527,2641,2025-04-28,Reports,13,2
11528,2641,2025-06-25,Mobile App,52,2
11529,2641,2025-10-15,Notifications,14,3
11530,2641,2025-04-29,API Access,78,3
11531,2642,2025-10-04,Export Data,9,5
11532,2642,2023-03-09,Team Collaboration,33,3
11533,2642,2025-02-14,Team Collaboration,56,3
11534,2642,2023-04-11,Team Collaboration,110,2
11535,2642,2025-02-01,Export Data,34,3
11536,2643,2026-03-26,API Access,66,3
11537,2643,2025-08-05,Team Collaboration,40,5
11538,2643,2025-11-09,Team Collaboration,97,3
11539,2643,2025-06-20,Dashboard,111,1
11540,2643,2026-08-11,Mobile App,23,4
11541,2643,2026-06-27,Notifications,48,5
11542,2643,2026-03-12,Team Collaboration,87,5
11543,2644,2026-07-11,Dashboard,3,5
11544,2644,2026-07-03,Dashboard,16,2
11545,2644,2026-09-13,Reports,108,3
11546,2645,2022-08-11,Reports,54,1
11547,2645,2022-06-19,Team Collaboration,39,4
11548,2645,2023-02-26,Mobile App,79,5
11549,2646,2023-12-03,Export Data,71,1
11550,2648,2024-05-08,API Access,42,5
11551,2648,2024-08-27,Export Data,6,3
11552,2649,2023-12-25,Integrations,43,4
11553,2649,2026-06-21,Reports,100,5
11554,2649,2026-06-20,Mobile App,119,3
11555,2649,2024-07-04,Dashboard,30,4
11556,2649,2024-03-25,Reports,37,5
11557,2649,2026-03-12,Notifications,92,3
11558,2649,2025-02-25,API Access,67,3
11559,2649,2024-12-02,Export Data,119,5
11560,2650,2024-10-02,Reports,23,2
11561,2650,2024-03-04,API Access,102,3
11562,2650,2026-05-03,Export Data,47,3
11563,2650,2025-10-27,Team Collaboration,113,1
11564,2650,2024-01-19,Integrations,77,2
11565,2650,2025-03-14,Mobile App,66,4
11566,2650,2025-06-06,Reports,29,3
11567,2650,2026-03-04,Mobile App,78,4
11568,2651,2026-02-08,Team Collaboration,53,2
11569,2651,2024-10-08,Reports,114,3
11570,2652,2025-10-30,Team Collaboration,24,2
11571,2652,2026-02-19,Dashboard,40,2
11572,2653,2026-07-07,API Access,98,1
11573,2653,2024-10-10,Team Collaboration,104,4
11574,2653,2026-06-28,Notifications,23,2
11575,2653,2024-08-04,Export Data,112,2
11576,2653,2024-05-27,Team Collaboration,16,1
11577,2653,2026-05-15,Dashboard,97,1
11578,2653,2024-11-12,Integrations,50,5
11579,2653,2026-03-28,Notifications,41,1
11580,2653,2026-02-12,Reports,62,5
11581,2654,2026-03-07,Mobile App,41,5
11582,2654,2026-03-26,Dashboard,115,2
11583,2656,2026-04-05,Team Collaboration,82,4
11584,2656,2023-07-01,Team Collaboration,50,3
11585,2656,2023-11-15,Notifications,90,4
11586,2656,2025-08-15,Team Collaboration,54,1
11587,2657,2025-07-01,Notifications,48,5
11588,2657,2025-05-09,Team Collaboration,21,1
11589,2657,2024-01-13,Integrations,6,3
11590,2658,2025-02-17,Team Collaboration,2,4
11591,2658,2025-03-28,Integrations,26,1
11592,2658,2024-11-03,Dashboard,100,5
11593,2658,2026-03-13,Team Collaboration,93,2
11594,2658,2025-12-16,Dashboard,107,1
11595,2658,2026-06-13,Mobile App,104,5
11596,2658,2024-05-13,Export Data,28,1
11597,2658,2026-07-14,Reports,62,3
11598,2658,2025-09-08,Notifications,95,2
11599,2659,2026-03-18,Mobile App,111,5
11600,2659,2025-01-11,Export Data,98,4
11601,2659,2024-12-09,Dashboard,72,5
11602,2659,2024-10-22,Team Collaboration,28,3
11603,2659,2026-01-12,Reports,116,3
11604,2659,2024-03-22,Dashboard,30,4
11605,2659,2023-08-28,Dashboard,25,1
11606,2661,2023-08-23,API Access,103,3
11607,2661,2025-03-29,Reports,12,3
11608,2661,2025-05-12,API Access,16,1
11609,2661,2025-01-22,Notifications,106,2
11610,2661,2023-02-02,Reports,11,5
11611,2661,2025-09-29,Reports,94,1
11612,2661,2024-04-18,Integrations,91,1
11613,2661,2026-03-24,Mobile App,9,3
11614,2662,2026-08-05,Export Data,95,1
11615,2662,2025-04-13,API Access,29,3
11616,2662,2026-04-13,Dashboard,89,5
11617,2662,2026-04-13,Reports,76,2
11618,2662,2026-07-21,Notifications,116,4
11619,2662,2025-09-30,Team Collaboration,41,2
11620,2662,2025-09-28,Dashboard,120,4
11621,2662,2025-08-13,Notifications,72,3
11622,2662,2026-05-26,Export Data,11,3
11623,2663,2026-04-06,Notifications,103,2
11624,2663,2026-08-14,Integrations,12,1
11625,2663,2026-06-15,Notifications,109,1
11626,2663,2026-05-18,Dashboard,42,1
11627,2663,2026-02-16,Mobile App,98,4
11628,2663,2026-08-01,Mobile App,34,2
11629,2664,2026-02-25,Export Data,32,1
11630,2664,2025-07-30,Export Data,47,5
11631,2664,2025-08-26,Dashboard,28,2
11632,2664,2023-06-04,API Access,2,5
11633,2664,2024-06-01,API Access,83,1
11634,2664,2025-12-13,Dashboard,2,4
11635,2664,2023-11-15,Notifications,116,4
11636,2664,2023-01-26,Mobile App,107,1
11637,2664,2026-09-03,Team Collaboration,118,1
11638,2664,2024-02-01,Notifications,88,3
11639,2666,2026-08-16,Notifications,48,3
11640,2666,2025-07-18,Team Collaboration,47,2
11641,2666,2025-10-28,Mobile App,2,1
11642,2667,2023-05-25,Dashboard,77,3
11643,2669,2025-03-25,API Access,65,5
11644,2669,2025-08-29,Team Collaboration,79,5
11645,2669,2026-02-07,Export Data,57,4
11646,2669,2025-09-28,API Access,120,5
11647,2669,2024-11-30,API Access,101,3
11648,2670,2025-09-17,API Access,51,1
11649,2670,2025-09-28,Export Data,13,3
11650,2670,2024-05-21,Integrations,82,4
11651,2670,2022-11-07,Team Collaboration,92,3
11652,2670,2023-02-03,Mobile App,37,2
11653,2671,2022-09-06,Mobile App,83,3
11654,2672,2025-06-15,Integrations,47,1
11655,2672,2025-03-01,Dashboard,69,4
11656,2672,2026-06-28,Mobile App,32,4
11657,2672,2026-02-12,Team Collaboration,110,2
11658,2672,2025-04-16,Export Data,66,2
11659,2672,2026-07-13,Export Data,23,1
11660,2672,2026-06-18,Export Data,18,4
11661,2673,2025-07-22,Mobile App,37,1
11662,2673,2025-06-24,Export Data,106,2
11663,2673,2025-11-26,API Access,117,5
11664,2673,2026-03-28,Integrations,88,5
11665,2673,2026-08-12,Mobile App,102,3
11666,2673,2025-02-06,Integrations,93,5
11667,2673,2023-11-23,Notifications,105,3
11668,2673,2026-07-30,Integrations,48,4
11669,2674,2026-01-12,Export Data,71,4
11670,2674,2026-02-09,Export Data,66,3
11671,2674,2025-03-27,Mobile App,32,1
11672,2674,2025-06-25,Integrations,23,3
11673,2674,2025-10-28,Notifications,47,3
11674,2675,2024-03-24,Team Collaboration,77,2
11675,2677,2026-03-14,Integrations,77,5
11676,2677,2024-07-31,Integrations,37,5
11677,2677,2025-11-21,Mobile App,68,1
11678,2677,2025-03-09,API Access,20,1
11679,2677,2026-05-14,Dashboard,78,4
11680,2677,2025-06-24,Integrations,68,2
11681,2677,2025-09-28,Notifications,55,2
11682,2677,2025-11-12,Dashboard,41,1
11683,2678,2022-04-30,API Access,31,1
11684,2678,2022-09-07,Notifications,38,5
11685,2678,2025-08-19,Export Data,39,3
11686,2679,2025-09-21,Team Collaboration,31,2
11687,2679,2026-02-28,API Access,54,4
11688,2680,2025-09-25,Team Collaboration,54,4
11689,2680,2026-09-11,Mobile App,52,2
11690,2680,2026-04-26,Export Data,63,3
11691,2680,2026-08-26,Mobile App,112,4
11692,2680,2026-04-15,Team Collaboration,24,5
11693,2680,2025-12-24,Export Data,117,1
11694,2682,2024-01-07,API Access,57,2
11695,2682,2023-03-28,Mobile App,63,3
11696,2682,2023-06-18,Integrations,15,2
11697,2683,2026-04-07,Team Collaboration,116,3
11698,2683,2026-03-23,Team Collaboration,41,1
11699,2683,2026-04-09,Reports,19,3
11700,2683,2025-04-25,API Access,99,5
11701,2684,2022-05-23,Mobile App,8,2
11702,2684,2021-09-30,Reports,117,5
11703,2685,2023-12-10,Reports,37,4
11704,2685,2023-12-14,Integrations,14,2
11705,2685,2023-11-30,API Access,75,4
11706,2685,2023-11-19,Team Collaboration,71,2
11707,2686,2026-05-03,Team Collaboration,98,1
11708,2686,2026-05-07,Notifications,18,3
11709,2687,2026-06-03,API Access,69,1
11710,2687,2026-06-11,Dashboard,86,5
11711,2687,2026-04-20,Notifications,118,1
11712,2688,2025-12-16,Dashboard,93,5
11713,2689,2025-01-21,Team Collaboration,110,2
11714,2689,2025-01-10,Team Collaboration,81,2
11715,2690,2026-08-27,Reports,97,1
11716,2691,2022-12-17,Integrations,29,3
11717,2691,2021-11-18,Notifications,101,2
11718,2691,2022-11-29,Export Data,31,2
11719,2691,2021-12-23,Notifications,67,3
11720,2692,2025-09-09,Team Collaboration,89,4
11721,2692,2025-02-19,Export Data,72,1
11722,2692,2022-11-29,Notifications,70,2
11723,2692,2023-03-02,Mobile App,11,3
11724,2692,2025-10-22,Export Data,112,2
11725,2692,2025-03-15,Integrations,114,1
11726,2692,2023-05-15,Export Data,52,2
11727,2692,2023-11-11,Dashboard,69,5
11728,2692,2023-04-29,API Access,51,4
11729,2692,2024-06-07,Dashboard,97,4
11730,2693,2024-09-08,Export Data,28,3
11731,2693,2024-06-13,Export Data,87,2
11732,2693,2024-09-11,API Access,99,3
11733,2693,2024-04-20,Integrations,38,3
11734,2693,2025-06-05,Integrations,30,2
11735,2693,2025-11-16,Dashboard,106,5
11736,2693,2025-11-29,Notifications,108,3
11737,2693,2026-07-25,Export Data,67,2
11738,2693,2024-06-12,Mobile App,11,2
11739,2693,2026-05-29,Mobile App,84,3
11740,2694,2026-05-28,Mobile App,52,4
11741,2695,2026-09-03,Team Collaboration,59,5
11742,2695,2026-08-17,Reports,23,2
11743,2695,2026-06-18,Dashboard,40,4
11744,2695,2026-08-04,Mobile App,10,2
11745,2695,2026-05-20,API Access,105,1
11746,2695,2026-07-27,API Access,14,4
11747,2695,2026-07-27,Integrations,44,4
11748,2695,2026-08-01,Integrations,17,3
11749,2696,2024-05-03,Dashboard,27,4
11750,2696,2024-03-31,Notifications,81,5
11751,2696,2026-09-03,API Access,92,1
11752,2696,2023-11-24,Export Data,49,1
11753,2696,2025-02-18,Export Data,17,1
11754,2696,2024-04-19,Integrations,43,5
11755,2698,2025-05-31,Dashboard,81,3
11756,2699,2025-02-15,API Access,2,4
11757,2699,2026-01-27,Dashboard,75,1
11758,2699,2022-06-09,Team Collaboration,60,2
11759,2699,2026-08-03,Integrations,12,1
11760,2699,2024-07-05,Notifications,79,1
11761,2699,2023-03-13,Team Collaboration,15,2
11762,2699,2023-02-23,Integrations,107,2
11763,2700,2025-01-08,API Access,35,2
11764,2700,2025-12-15,Reports,62,2
11765,2700,2025-09-07,Reports,18,1
11766,2700,2025-12-30,API Access,43,5
11767,2700,2023-07-31,Export Data,28,5
11768,2700,2024-01-23,API Access,54,2
11769,2700,2025-07-17,Notifications,20,5
11770,2700,2024-04-26,Reports,25,4
11771,2701,2022-08-15,Dashboard,120,1
11772,2701,2025-10-11,Export Data,81,5
11773,2701,2023-08-26,Mobile App,6,1
11774,2702,2026-08-26,Dashboard,64,2
11775,2702,2025-11-02,Integrations,93,4
11776,2702,2025-11-09,API Access,4,1
11777,2703,2025-12-31,API Access,102,5
11778,2703,2026-04-29,Team Collaboration,93,3
11779,2703,2026-09-14,Team Collaboration,102,1
11780,2703,2025-10-07,Reports,116,4
11781,2703,2025-10-24,Notifications,13,4
11782,2703,2025-07-14,Dashboard,116,4
11783,2703,2025-03-15,Team Collaboration,34,4
11784,2703,2025-07-24,Export Data,92,5
11785,2703,2026-07-24,Dashboard,75,4
11786,2704,2023-04-14,Integrations,113,5
11787,2704,2022-07-26,Reports,108,1
11788,2704,2022-12-12,Team Collaboration,86,5
11789,2704,2022-08-02,Reports,91,1
11790,2705,2025-05-26,Mobile App,100,3
11791,2705,2025-12-06,Reports,87,5
11792,2705,2024-12-11,Mobile App,9,5
11793,2705,2024-11-13,Notifications,8,2
11794,2705,2024-05-15,Mobile App,4,4
11795,2705,2024-08-27,Dashboard,110,3
11796,2705,2026-02-24,API Access,4,4
11797,2705,2025-07-17,API Access,103,4
11798,2705,2024-08-15,Reports,4,5
11799,2706,2025-12-28,Reports,71,4
11800,2706,2026-05-26,Notifications,11,4
11801,2706,2026-07-16,Reports,91,5
11802,2707,2021-08-24,API Access,85,4
11803,2708,2023-03-07,Mobile App,87,4
11804,2708,2023-06-26,Notifications,81,1
11805,2709,2026-07-21,API Access,21,5
11806,2709,2026-06-05,Mobile App,36,5
11807,2709,2026-03-24,Team Collaboration,45,4
11808,2711,2026-08-14,Notifications,67,4
11809,2711,2025-11-21,Mobile App,51,3
11810,2711,2025-11-10,Dashboard,61,4
11811,2711,2026-06-11,Reports,23,4
11812,2711,2025-11-07,Mobile App,82,1
11813,2711,2026-09-14,Integrations,54,1
11814,2711,2026-05-16,Team Collaboration,91,5
11815,2711,2026-04-18,Dashboard,51,5
11816,2711,2026-05-12,Reports,52,2
11817,2711,2026-04-28,Team Collaboration,65,5
11818,2712,2026-01-26,Dashboard,15,1
11819,2712,2026-02-02,Team Collaboration,51,5
11820,2712,2026-03-01,Dashboard,68,3
11821,2712,2026-02-13,Dashboard,71,5
11822,2712,2026-02-17,Team Collaboration,28,5
11823,2712,2026-08-25,Mobile App,71,3
11824,2712,2025-11-16,Reports,11,3
11825,2712,2026-03-21,Reports,42,1
11826,2712,2025-12-05,Integrations,37,5
11827,2712,2026-06-10,Integrations,100,3
11828,2713,2023-09-06,Mobile App,13,4
11829,2713,2023-11-12,Integrations,10,3
11830,2713,2023-02-16,Integrations,102,4
11831,2714,2023-02-12,API Access,26,5
11832,2714,2023-01-20,Integrations,12,2
11833,2714,2021-11-01,Export Data,95,5
11834,2715,2024-05-03,Dashboard,71,2
11835,2716,2025-05-29,Team Collaboration,4,3
11836,2717,2024-03-21,Export Data,90,4
11837,2717,2024-08-18,API Access,65,3
11838,2718,2025-05-18,Dashboard,104,4
11839,2718,2025-09-29,Dashboard,40,4
11840,2718,2023-02-04,API Access,3,3
11841,2718,2024-03-17,Integrations,13,2
11842,2718,2024-12-15,Team Collaboration,49,4
11843,2718,2023-04-10,Team Collaboration,90,5
11844,2718,2024-04-20,Export Data,25,3
11845,2718,2026-06-28,Dashboard,111,3
11846,2719,2021-08-21,Export Data,84,4
11847,2719,2021-05-26,Integrations,55,2
11848,2719,2021-10-30,Export Data,97,3
11849,2719,2021-08-17,Integrations,113,5
11850,2721,2024-01-05,Reports,6,1
11851,2722,2024-04-03,Reports,43,3
11852,2722,2024-02-21,Dashboard,31,1
11853,2722,2022-06-29,Reports,51,4
11854,2722,2023-07-14,Team Collaboration,3,5
11855,2722,2024-08-27,Notifications,19,2
11856,2722,2024-09-23,Export Data,10,1
11857,2722,2021-10-25,Team Collaboration,98,3
11858,2723,2026-06-11,Export Data,102,2
11859,2723,2026-08-22,Export Data,19,4
11860,2723,2026-06-19,API Access,50,3
11861,2725,2025-02-12,Notifications,47,3
11862,2725,2025-05-25,Mobile App,111,5
11863,2726,2026-06-22,Notifications,36,2
11864,2726,2026-07-03,Mobile App,47,5
11865,2726,2025-09-02,Mobile App,26,2
11866,2726,2026-02-11,Reports,28,2
11867,2727,2025-03-26,Reports,74,2
11868,2727,2025-09-02,API Access,13,3
11869,2727,2026-02-21,Notifications,117,1
11870,2727,2025-03-08,Team Collaboration,69,4
11871,2727,2025-03-18,Dashboard,91,3
11872,2727,2023-05-15,Integrations,48,5
11873,2727,2023-03-14,Notifications,77,4
11874,2727,2025-05-21,Reports,68,1
11875,2728,2026-09-14,API Access,86,3
11876,2728,2026-08-18,Dashboard,84,4
11877,2728,2026-08-22,Notifications,25,1
11878,2728,2026-09-02,Integrations,92,1
11879,2728,2026-08-21,Reports,64,4
11880,2728,2026-09-15,Dashboard,5,4
11881,2728,2026-08-15,Reports,32,2
11882,2728,2026-08-26,Integrations,60,1
11883,2728,2026-08-28,Reports,50,4
11884,2728,2026-08-28,Integrations,81,2
11885,2729,2023-03-30,Integrations,50,2
11886,2729,2022-07-20,Reports,107,3
11887,2729,2022-06-15,Export Data,96,5
11888,2729,2026-07-27,Export Data,56,2
11889,2730,2025-12-28,Reports,35,1
11890,2730,2023-11-27,Reports,60,3
11891,2730,2024-04-08,Export Data,32,4
11892,2730,2024-07-03,Dashboard,70,3
11893,2730,2021-03-29,Integrations,8,2
11894,2730,2025-01-15,Team Collaboration,83,1
11895,2730,2022-05-22,Notifications,41,4
11896,2731,2025-01-26,Dashboard,101,1
11897,2731,2025-10-12,API Access,6,5
11898,2731,2025-08-04,Notifications,33,1
11899,2731,2026-07-20,Team Collaboration,5,4
11900,2731,2026-02-10,Notifications,26,2
11901,2731,2024-06-19,Team Collaboration,27,5
11902,2731,2024-04-20,Export Data,25,5
11903,2731,2026-08-25,Export Data,3,3
11904,2731,2024-03-21,API Access,38,1
11905,2732,2025-10-01,Team Collaboration,56,1
11906,2732,2026-04-24,Reports,111,1
11907,2732,2026-02-09,Integrations,41,1
11908,2732,2023-10-22,API Access,16,2
11909,2732,2025-03-25,API Access,86,2
11910,2732,2024-07-25,Reports,70,5
11911,2732,2024-11-07,Integrations,37,3
11912,2732,2024-11-17,Team Collaboration,40,4
11913,2732,2024-03-29,Export Data,30,2
11914,2732,2026-03-28,Integrations,56,2
11915,2733,2023-04-11,Notifications,117,3
11916,2734,2025-03-30,Mobile App,17,1
11917,2734,2025-09-18,Dashboard,117,5
11918,2734,2025-03-20,Integrations,105,1
11919,2734,2025-05-25,API Access,86,5
11920,2734,2025-11-01,Notifications,55,5
11921,2736,2023-07-10,Notifications,57,4
11922,2736,2023-12-01,Integrations,95,2
11923,2736,2023-11-19,Reports,114,3
11924,2738,2022-03-20,API Access,77,3
11925,2738,2021-06-21,Dashboard,84,4
11926,2738,2022-05-19,API Access,59,2
11927,2738,2023-04-06,Reports,12,3
11928,2738,2021-12-07,Notifications,31,4
11929,2739,2026-06-20,Export Data,10,2
11930,2739,2026-04-19,Reports,29,2
11931,2740,2022-01-22,Mobile App,76,2
11932,2740,2022-09-30,Notifications,23,3
11933,2740,2024-06-11,Notifications,52,5
11934,2740,2022-10-30,Mobile App,93,3
11935,2740,2024-11-17,Dashboard,43,3
11936,2740,2025-09-23,API Access,4,5
11937,2740,2025-02-03,Reports,1,5
11938,2741,2025-04-28,Export Data,117,1
11939,2741,2024-09-30,Mobile App,100,2
11940,2742,2025-05-30,Notifications,94,1
11941,2742,2024-07-16,Notifications,47,3
11942,2742,2023-12-17,Export Data,55,5
11943,2742,2026-09-10,Reports,91,2
11944,2742,2024-08-27,Dashboard,25,3
11945,2742,2025-01-23,Notifications,49,3
11946,2742,2025-10-01,Notifications,34,3
11947,2742,2024-09-14,Dashboard,80,4
11948,2742,2025-12-02,Notifications,87,1
11949,2742,2023-12-12,Export Data,93,1
11950,2743,2024-08-12,Export Data,104,4
11951,2743,2025-01-26,API Access,104,2
11952,2743,2022-02-13,Reports,78,3
11953,2743,2024-02-01,Reports,58,2
11954,2743,2025-10-15,Reports,40,4
11955,2743,2026-01-05,Dashboard,55,5
11956,2744,2025-12-26,Reports,21,1
11957,2744,2025-05-24,Team Collaboration,53,5
11958,2744,2026-05-24,Team Collaboration,91,1
11959,2744,2025-12-31,API Access,17,1
11960,2744,2026-04-26,Dashboard,115,1
11961,2744,2025-07-23,Dashboard,63,3
11962,2744,2025-03-31,Dashboard,52,1
11963,2744,2024-10-30,Notifications,21,3
11964,2744,2024-06-23,Notifications,28,3
11965,2744,2024-07-16,Notifications,85,2
11966,2745,2024-08-22,Notifications,50,1
11967,2745,2024-03-26,Reports,29,2
11968,2745,2025-07-24,Export Data,87,2
11969,2745,2025-04-16,Export Data,26,2
11970,2746,2024-02-29,Notifications,58,4
11971,2746,2024-01-22,Notifications,74,4
11972,2746,2025-01-31,Integrations,119,5
11973,2747,2023-05-29,Team Collaboration,118,1
11974,2747,2026-08-25,Integrations,52,1
11975,2747,2021-10-03,Export Data,102,4
11976,2747,2026-01-14,Team Collaboration,63,2
11977,2747,2021-10-24,Team Collaboration,77,3
11978,2747,2023-11-11,Dashboard,39,4
11979,2748,2024-05-01,Mobile App,15,5
11980,2748,2024-06-25,Export Data,22,5
11981,2748,2024-02-11,Notifications,78,5
11982,2749,2023-04-26,Team Collaboration,3,1
11983,2749,2024-04-24,Notifications,48,3
11984,2750,2026-07-27,Team Collaboration,103,5
11985,2750,2026-08-05,Team Collaboration,93,2
11986,2750,2026-08-23,Notifications,40,5
11987,2750,2026-08-12,Notifications,102,2
11988,2750,2026-07-25,Team Collaboration,10,5
11989,2750,2026-09-03,Team Collaboration,5,3
11990,2750,2026-08-20,Export Data,90,3
11991,2751,2025-07-11,Reports,111,2
11992,2752,2025-05-26,Dashboard,93,1
11993,2753,2025-05-08,API Access,104,2
11994,2754,2024-07-10,Team Collaboration,39,5
11995,2754,2024-05-13,Reports,84,4
11996,2755,2022-03-20,Notifications,40,2
11997,2755,2023-11-27,Mobile App,33,5
11998,2755,2024-11-26,API Access,56,1
11999,2755,2026-01-30,Integrations,101,1
12000,2755,2026-03-16,Mobile App,46,3
12001,2755,2022-04-19,Mobile App,28,2
12002,2755,2023-10-05,API Access,98,5
12003,2755,2023-12-08,Reports,50,1
12004,2755,2022-10-03,Team Collaboration,115,3
12005,2756,2022-06-14,Notifications,116,3
12006,2756,2022-06-29,Dashboard,43,2
12007,2756,2022-07-16,Dashboard,80,5
12008,2757,2024-04-07,Notifications,61,1
12009,2758,2025-09-10,Export Data,89,1
12010,2758,2025-02-24,Integrations,104,1
12011,2759,2025-07-28,Mobile App,63,4
12012,2759,2026-07-31,Mobile App,92,2
12013,2760,2025-10-19,Notifications,81,5
12014,2760,2026-05-09,Integrations,44,3
12015,2760,2026-07-04,Notifications,15,4
12016,2760,2023-05-04,Export Data,116,3
12017,2760,2024-11-28,API Access,33,2
12018,2760,2023-04-18,Export Data,19,2
12019,2760,2023-02-08,Mobile App,89,1
12020,2761,2026-03-08,Notifications,41,1
12021,2761,2026-03-15,Team Collaboration,29,3
12022,2761,2025-09-15,Reports,111,1
12023,2761,2025-11-03,Mobile App,93,4
12024,2762,2025-04-24,Notifications,19,5
12025,2762,2025-11-19,Team Collaboration,113,1
12026,2762,2026-07-15,Integrations,90,3
12027,2763,2025-11-24,Reports,118,4
12028,2763,2026-03-16,Export Data,38,4
12029,2763,2026-02-28,Export Data,21,1
12030,2763,2025-12-28,Dashboard,116,1
12031,2763,2026-06-21,Integrations,54,2
12032,2763,2026-06-28,Team Collaboration,68,3
12033,2763,2025-12-21,Export Data,112,3
12034,2763,2026-07-05,Integrations,10,3
12035,2763,2026-02-07,Reports,54,3
12036,2764,2021-04-20,API Access,101,4
12037,2767,2026-08-31,Notifications,17,1
12038,2767,2026-07-22,Notifications,49,3
12039,2767,2026-09-05,API Access,74,1
12040,2767,2026-09-09,Dashboard,95,2
12041,2767,2026-07-22,Integrations,99,4
12042,2767,2026-09-12,API Access,114,5
12043,2767,2026-08-25,Export Data,37,3
12044,2767,2026-08-07,Integrations,9,2
12045,2768,2025-11-09,Notifications,32,1
12046,2768,2026-08-14,Reports,67,5
12047,2768,2026-03-20,Reports,94,4
12048,2768,2023-05-14,Team Collaboration,1,4
12049,2768,2026-05-27,Notifications,83,4
12050,2768,2025-09-28,Reports,110,2
12051,2768,2024-04-02,Dashboard,34,2
12052,2768,2025-12-18,Mobile App,21,3
12053,2768,2022-04-19,API Access,44,1
12054,2769,2025-09-27,API Access,57,3
12055,2769,2026-08-30,API Access,61,2
12056,2769,2026-01-26,Notifications,60,2
12057,2769,2025-07-12,API Access,86,5
12058,2769,2025-12-15,Team Collaboration,107,3
12059,2769,2026-01-26,Reports,90,4
12060,2769,2026-03-27,Dashboard,80,2
12061,2769,2025-11-21,Reports,95,4
12062,2769,2025-12-27,Dashboard,80,1
12063,2770,2026-01-01,Mobile App,96,3
12064,2770,2025-02-13,API Access,21,4
12065,2770,2024-07-16,Dashboard,27,1
12066,2770,2026-04-30,Dashboard,9,4
12067,2770,2024-04-22,API Access,42,1
12068,2771,2023-04-06,Mobile App,104,4
12069,2772,2023-08-03,Notifications,74,2
12070,2772,2025-09-20,API Access,86,4
12071,2772,2022-09-20,Mobile App,26,5
12072,2773,2026-05-30,Notifications,2,1
12073,2773,2026-02-16,Reports,62,3
12074,2773,2026-02-06,Dashboard,65,5
12075,2773,2026-01-17,Dashboard,62,1
12076,2773,2026-07-14,Notifications,91,1
12077,2773,2025-10-25,Team Collaboration,93,1
12078,2773,2025-02-17,Mobile App,74,3
12079,2774,2025-10-25,Notifications,24,4
12080,2775,2024-10-08,Integrations,55,3
12081,2775,2023-07-15,Export Data,56,3
12082,2776,2025-03-11,Integrations,85,5
12083,2776,2025-11-14,API Access,79,4
12084,2776,2025-08-11,Dashboard,32,5
12085,2776,2024-09-06,API Access,89,4
12086,2776,2025-01-09,Mobile App,40,1
12087,2776,2026-02-01,Export Data,4,1
12088,2776,2026-04-04,Team Collaboration,73,5
12089,2777,2024-05-03,Dashboard,106,5
12090,2777,2026-07-30,Reports,17,5
12091,2778,2024-09-23,API Access,44,3
12092,2778,2024-09-30,Mobile App,66,5
12093,2778,2025-09-17,Dashboard,56,1
12094,2779,2023-04-19,API Access,2,1
12095,2779,2021-11-11,Dashboard,86,3
12096,2780,2026-08-25,Team Collaboration,107,5
12097,2780,2026-06-29,Mobile App,82,5
12098,2781,2024-05-16,Reports,34,2
12099,2782,2025-07-31,Reports,77,5
12100,2783,2026-01-09,Team Collaboration,6,3
12101,2784,2024-03-21,Export Data,79,4
12102,2784,2023-09-08,Notifications,72,3
12103,2784,2025-04-04,Integrations,35,5
12104,2784,2025-02-16,Export Data,38,3
12105,2784,2023-01-31,Integrations,61,3
12106,2784,2025-08-25,Export Data,49,2
12107,2785,2026-06-29,Integrations,60,5
12108,2785,2024-04-15,Team Collaboration,83,2
12109,2785,2026-07-01,Notifications,36,2
12110,2785,2024-07-04,Integrations,90,2
12111,2785,2026-04-04,Notifications,35,4
12112,2785,2024-08-27,Reports,42,1
12113,2785,2023-01-22,Dashboard,112,1
12114,2786,2026-06-23,Integrations,51,4
12115,2787,2025-09-03,Integrations,21,4
12116,2787,2025-04-19,Team Collaboration,38,5
12117,2787,2023-07-17,Dashboard,50,3
12118,2787,2024-10-16,Mobile App,52,4
12119,2787,2024-08-11,Export Data,91,2
12120,2788,2026-09-08,Dashboard,81,3
12121,2788,2024-02-20,Dashboard,33,4
12122,2788,2025-02-14,Export Data,68,4
12123,2788,2024-04-22,Dashboard,112,4
12124,2788,2026-02-01,Reports,96,4
12125,2788,2024-05-18,API Access,52,5
12126,2788,2026-01-26,Reports,4,5
12127,2788,2025-11-21,Reports,33,2
12128,2789,2024-02-10,Notifications,9,5
12129,2790,2026-03-06,Reports,76,3
12130,2790,2025-07-27,Dashboard,4,5
12131,2790,2026-01-20,Team Collaboration,57,3
12132,2790,2025-06-18,Mobile App,2,4
12133,2790,2025-11-28,Dashboard,43,4
12134,2790,2026-02-27,Export Data,14,3
12135,2791,2026-07-28,API Access,78,1
12136,2792,2025-09-03,Mobile App,109,2
12137,2792,2025-10-28,Mobile App,86,4
12138,2792,2023-03-02,Team Collaboration,110,2
12139,2792,2023-02-22,API Access,74,1
12140,2793,2025-04-21,Team Collaboration,120,3
12141,2794,2024-12-01,Notifications,76,1
12142,2795,2023-07-22,Dashboard,1,5
12143,2795,2023-10-11,Team Collaboration,102,2
12144,2796,2026-01-02,Reports,19,1
12145,2796,2025-11-27,Integrations,78,4
12146,2796,2025-11-04,Dashboard,105,4
12147,2798,2022-11-18,Team Collaboration,117,2
12148,2799,2025-08-22,Team Collaboration,87,1
12149,2800,2026-07-07,Reports,58,3
12150,2800,2026-02-22,Team Collaboration,88,5
12151,2800,2025-08-11,API Access,51,4
12152,2800,2025-01-03,Dashboard,119,5
12153,2800,2023-11-07,Dashboard,77,1
12154,2800,2025-07-30,Dashboard,40,5
12155,2800,2023-11-05,Dashboard,81,2
12156,2800,2021-07-19,Notifications,48,5
12157,2800,2025-04-01,Integrations,89,3
12158,2800,2021-10-21,Notifications,41,1
12159,2801,2025-05-07,Notifications,24,5
12160,2801,2024-05-23,Integrations,70,4
12161,2801,2024-11-22,Export Data,61,5
12162,2801,2026-05-19,Export Data,19,3
12163,2801,2024-07-10,Export Data,21,5
12164,2801,2024-09-22,Reports,40,5
12165,2801,2024-11-04,Integrations,65,4
12166,2802,2022-08-11,Dashboard,105,4
12167,2802,2022-08-06,Dashboard,32,4
12168,2802,2022-06-24,Mobile App,116,4
12169,2802,2022-06-08,Notifications,4,2
12170,2803,2025-01-15,Dashboard,120,3
12171,2803,2025-02-14,Mobile App,89,1
12172,2803,2026-05-05,Integrations,87,5
12173,2803,2025-06-11,Mobile App,60,3
12174,2803,2026-03-12,Dashboard,71,1
12175,2803,2026-06-30,Mobile App,12,3
12176,2803,2025-06-03,Export Data,67,4
12177,2803,2025-07-25,API Access,85,2
12178,2803,2025-05-24,Export Data,95,1
12179,2803,2026-01-02,Integrations,92,1
12180,2804,2026-05-18,Integrations,11,2
12181,2804,2026-05-09,Team Collaboration,1,4
12182,2804,2025-08-18,Mobile App,34,2
12183,2804,2026-03-30,Team Collaboration,86,3
12184,2804,2026-04-17,API Access,45,3
12185,2804,2024-07-27,Export Data,99,4
12186,2804,2025-12-06,Dashboard,64,3
12187,2804,2026-06-03,Team Collaboration,96,2
12188,2804,2024-04-26,Team Collaboration,15,2
12189,2805,2023-05-02,API Access,76,2
12190,2805,2023-04-01,Export Data,117,5
12191,2806,2026-08-09,API Access,8,4
12192,2806,2024-01-20,Export Data,76,2
12193,2806,2023-12-25,Reports,82,3
12194,2806,2023-07-16,Reports,28,2
12195,2806,2024-12-11,API Access,48,3
12196,2806,2024-05-28,Notifications,112,5
12197,2807,2025-11-19,Mobile App,29,1
12198,2807,2025-01-23,Reports,39,5
12199,2808,2021-04-27,Notifications,78,4
12200,2808,2026-06-10,API Access,103,1
12201,2808,2026-02-14,Dashboard,6,5
12202,2808,2024-08-25,Reports,23,5
12203,2808,2025-03-17,Notifications,114,1
12204,2810,2023-12-06,API Access,116,1
12205,2810,2023-07-14,Dashboard,112,4
12206,2810,2023-06-01,Notifications,86,5
12207,2810,2026-05-26,API Access,32,1
12208,2810,2026-02-28,Integrations,111,3
12209,2810,2025-09-24,Reports,117,2
12210,2811,2025-05-31,Mobile App,113,4
12211,2811,2024-01-12,Mobile App,14,4
12212,2811,2026-03-26,Reports,55,3
12213,2811,2025-08-20,Team Collaboration,1,3
12214,2811,2024-02-13,Integrations,31,1
12215,2811,2024-09-16,Notifications,21,1
12216,2811,2024-03-13,Export Data,100,5
12217,2811,2024-03-05,Notifications,101,4
12218,2811,2025-11-23,Integrations,32,5
12219,2812,2026-07-24,Reports,61,2
12220,2812,2025-12-03,Reports,78,1
12221,2812,2025-06-16,Integrations,99,3
12222,2812,2026-04-22,Export Data,28,2
12223,2812,2025-09-19,Export Data,73,1
12224,2812,2025-12-08,Dashboard,61,1
12225,2812,2026-09-05,Team Collaboration,49,1
12226,2812,2026-02-05,Reports,80,2
12227,2812,2026-02-01,Dashboard,84,4
12228,2812,2025-08-15,Reports,24,2
12229,2813,2026-07-27,API Access,33,3
12230,2813,2026-06-02,Reports,100,2
12231,2814,2026-08-22,Dashboard,96,2
12232,2814,2026-09-01,Integrations,84,5
12233,2814,2026-07-23,Reports,114,3
12234,2814,2026-07-21,Mobile App,68,5
12235,2814,2026-08-14,Mobile App,105,2
12236,2814,2026-09-04,Team Collaboration,53,4
12237,2814,2026-07-12,Mobile App,5,3
12238,2815,2025-05-02,Dashboard,115,4
12239,2815,2022-06-17,Mobile App,43,1
12240,2815,2025-07-28,API Access,95,3
12241,2815,2025-06-01,Team Collaboration,5,1
12242,2816,2026-05-02,Dashboard,110,5
12243,2817,2025-03-09,Mobile App,96,1
12244,2817,2025-11-13,Export Data,71,4
12245,2817,2025-10-03,Mobile App,111,1
12246,2817,2025-12-11,Integrations,60,1
12247,2817,2023-02-14,Dashboard,19,5
12248,2817,2022-08-13,Team Collaboration,76,5
12249,2818,2026-07-31,Export Data,90,1
12250,2818,2026-09-13,API Access,75,4
12251,2818,2026-05-24,Integrations,35,2
12252,2818,2026-03-21,Notifications,12,3
12253,2818,2026-05-29,Mobile App,34,5
12254,2818,2025-12-02,Export Data,72,3
12255,2818,2025-12-31,Notifications,45,4
12256,2818,2026-06-19,Mobile App,32,2
12257,2818,2026-05-04,Reports,80,3
12258,2819,2023-02-17,Reports,94,3
12259,2819,2026-08-04,Notifications,36,1
12260,2819,2025-11-15,API Access,23,1
12261,2819,2023-10-27,Export Data,65,3
12262,2819,2025-04-07,Reports,8,3
12263,2819,2025-03-17,Mobile App,47,3
12264,2819,2024-03-15,Export Data,48,1
12265,2819,2026-03-13,API Access,32,4
12266,2820,2026-05-15,Dashboard,53,5
12267,2820,2026-07-02,Reports,45,4
12268,2820,2025-07-08,API Access,65,1
12269,2820,2025-03-26,API Access,43,4
12270,2820,2025-01-03,Integrations,54,5
12271,2820,2025-03-13,API Access,118,1
12272,2820,2025-06-10,Mobile App,95,3
12273,2820,2024-07-31,Mobile App,67,4
12274,2820,2024-06-20,Reports,114,2
12275,2821,2022-03-29,Mobile App,88,1
12276,2821,2025-01-27,Integrations,69,4
12277,2822,2025-06-29,Export Data,80,3
12278,2822,2026-01-27,Team Collaboration,11,2
12279,2822,2024-06-02,Reports,91,4
12280,2822,2024-08-02,API Access,47,4
12281,2822,2025-02-23,API Access,41,5
12282,2822,2025-07-02,Mobile App,20,2
12283,2822,2025-09-17,Mobile App,36,4
12284,2823,2024-11-06,Mobile App,33,1
12285,2823,2025-01-08,API Access,71,5
12286,2823,2022-12-29,Mobile App,15,5
12287,2823,2023-09-23,Dashboard,113,1
12288,2823,2026-05-27,Integrations,88,3
12289,2823,2025-04-12,Team Collaboration,108,5
12290,2823,2023-02-03,Notifications,120,4
12291,2823,2024-04-04,Export Data,8,2
12292,2824,2026-03-02,Reports,67,2
12293,2824,2026-06-12,Notifications,54,4
12294,2824,2026-07-21,Dashboard,38,3
12295,2824,2025-01-04,Integrations,110,1
12296,2825,2024-06-08,Reports,39,2
12297,2825,2025-01-24,Dashboard,69,4
12298,2825,2023-04-01,Team Collaboration,13,2
12299,2826,2025-06-27,Notifications,113,2
12300,2826,2024-04-01,Reports,86,1
12301,2827,2022-06-21,Reports,43,2
12302,2827,2024-03-19,Team Collaboration,80,2
12303,2828,2026-01-14,Export Data,65,5
12304,2828,2025-06-27,Dashboard,100,5
12305,2828,2025-04-20,Reports,71,4
12306,2828,2024-12-29,Team Collaboration,65,3
12307,2828,2026-05-09,API Access,119,4
12308,2828,2025-07-23,API Access,9,5
12309,2828,2024-10-25,Notifications,14,3
12310,2829,2026-04-30,API Access,64,1
12311,2831,2025-11-19,Reports,93,5
12312,2831,2026-03-13,Dashboard,115,3
12313,2831,2026-02-15,Team Collaboration,8,1
12314,2831,2026-08-23,Reports,30,2
12315,2831,2025-11-30,Dashboard,92,4
12316,2831,2025-10-28,Mobile App,37,3
12317,2831,2026-03-01,Dashboard,71,2
12318,2831,2026-06-10,Notifications,13,3
12319,2831,2025-11-29,Integrations,49,1
12320,2831,2026-05-24,Team Collaboration,75,3
12321,2832,2026-08-18,Mobile App,22,5
12322,2832,2026-08-22,Reports,36,5
12323,2833,2026-01-14,Integrations,45,4
12324,2834,2023-11-16,Team Collaboration,104,2
12325,2834,2026-06-23,Notifications,80,4
12326,2834,2024-09-02,API Access,2,1
12327,2834,2023-11-05,Integrations,85,2
12328,2834,2026-09-10,Export Data,119,4
12329,2834,2024-08-10,API Access,97,2
12330,2834,2026-07-01,API Access,91,1
12331,2835,2025-04-10,Notifications,105,4
12332,2835,2025-09-02,Export Data,88,1
12333,2835,2025-02-19,Export Data,54,2
12334,2836,2025-07-01,Team Collaboration,101,3
12335,2836,2025-12-09,Notifications,111,1
12336,2837,2023-01-11,Integrations,75,5
12337,2837,2026-03-01,Dashboard,81,3
12338,2837,2025-02-28,Dashboard,27,3
12339,2837,2023-03-13,Integrations,28,5
12340,2838,2025-12-24,Integrations,51,5
12341,2838,2025-09-24,Reports,25,1
12342,2838,2024-03-12,Notifications,112,4
12343,2838,2022-08-04,Team Collaboration,81,3
12344,2838,2023-06-22,Dashboard,67,5
12345,2839,2026-06-07,API Access,26,5
12346,2839,2026-08-07,Team Collaboration,34,1
12347,2840,2023-05-12,Dashboard,66,4
12348,2840,2026-04-04,Integrations,88,4
12349,2840,2023-07-07,Team Collaboration,11,4
12350,2840,2023-01-08,Reports,43,3
12351,2841,2023-08-15,Dashboard,60,4
12352,2841,2024-02-13,Reports,108,2
12353,2841,2023-06-19,Reports,35,1
12354,2841,2026-06-04,Integrations,14,1
12355,2842,2026-05-27,Notifications,3,2
12356,2842,2026-02-03,Team Collaboration,50,2
12357,2842,2026-08-02,Dashboard,46,1
12358,2842,2025-12-17,Dashboard,89,2
12359,2843,2025-04-12,Export Data,39,5
12360,2843,2022-02-10,Team Collaboration,36,2
12361,2843,2025-09-10,Dashboard,79,1
12362,2843,2022-02-18,Export Data,71,3
12363,2843,2022-11-01,Integrations,54,3
12364,2843,2025-06-14,Integrations,116,5
12365,2843,2023-08-24,Reports,102,2
12366,2843,2022-06-27,API Access,53,4
12367,2843,2026-01-11,Notifications,27,5
12368,2844,2021-08-29,Reports,92,5
12369,2844,2022-11-26,API Access,30,3
12370,2844,2022-04-09,Notifications,87,1
12371,2844,2025-04-06,Mobile App,2,2
12372,2844,2021-10-18,Integrations,89,3
12373,2844,2026-03-12,Dashboard,93,3
12374,2844,2023-07-30,Mobile App,67,2
12375,2844,2022-10-11,Integrations,76,3
12376,2844,2022-02-11,Mobile App,43,1
12377,2845,2025-02-15,Dashboard,95,3
12378,2845,2025-04-27,API Access,115,3
12379,2845,2025-01-06,Mobile App,99,2
12380,2845,2022-05-24,API Access,102,5
12381,2845,2025-11-17,Reports,65,5
12382,2845,2022-11-01,API Access,5,2
12383,2845,2023-10-17,Team Collaboration,107,3
12384,2846,2025-12-06,Mobile App,10,1
12385,2846,2025-09-03,Dashboard,119,5
12386,2847,2025-10-20,Reports,11,2
12387,2847,2024-09-07,Export Data,72,3
12388,2847,2022-10-14,Export Data,54,5
12389,2847,2023-06-23,Integrations,92,3
12390,2848,2026-06-04,Integrations,91,4
12391,2848,2026-07-03,Mobile App,117,5
12392,2848,2026-06-30,Export Data,91,5
12393,2848,2026-07-11,Notifications,110,2
12394,2848,2026-05-19,Notifications,114,4
12395,2848,2026-05-09,Team Collaboration,36,1
12396,2848,2026-07-09,Dashboard,42,1
12397,2848,2026-09-10,Mobile App,97,4
12398,2849,2026-06-24,API Access,48,4
12399,2849,2026-01-06,Integrations,49,1
12400,2849,2026-08-26,Mobile App,62,3
12401,2849,2026-01-19,Export Data,51,4
12402,2849,2026-08-09,Mobile App,16,2
12403,2849,2026-02-13,Export Data,71,1
12404,2849,2026-08-20,Reports,97,4
12405,2850,2026-04-18,Mobile App,31,4
12406,2850,2025-06-15,Notifications,67,3
12407,2851,2022-01-14,Notifications,118,1
12408,2852,2024-05-11,Team Collaboration,92,4
12409,2854,2026-01-10,API Access,106,3
12410,2854,2025-03-02,Notifications,87,1
12411,2854,2026-03-19,API Access,11,1
12412,2854,2025-02-16,Reports,116,2
12413,2854,2025-11-29,Export Data,117,4
12414,2854,2026-07-04,Dashboard,12,2
12415,2854,2025-12-31,Reports,80,1
12416,2854,2024-09-12,Export Data,48,3
12417,2854,2025-09-18,Team Collaboration,44,4
12418,2855,2022-11-19,Mobile App,120,4
12419,2855,2023-03-04,Dashboard,81,2
12420,2855,2023-02-26,Integrations,43,4
12421,2856,2026-03-15,Export Data,103,5
12422,2856,2026-06-12,API Access,13,1
12423,2856,2025-04-19,Dashboard,47,4
12424,2856,2026-04-17,Notifications,79,4
12425,2857,2025-12-13,Reports,69,2
12426,2857,2025-11-13,Export Data,104,3
12427,2857,2025-11-18,Mobile App,11,2
12428,2857,2026-01-27,Notifications,113,2
12429,2859,2026-04-08,Export Data,41,5
12430,2859,2026-09-12,Integrations,68,3
12431,2859,2024-07-14,API Access,51,2
12432,2859,2022-11-02,Notifications,102,4
12433,2859,2023-06-20,Reports,8,2
12434,2859,2022-07-30,Mobile App,86,5
12435,2859,2026-02-16,API Access,48,1
12436,2859,2022-03-26,Dashboard,45,2
12437,2859,2024-09-22,Notifications,107,1
12438,2859,2025-03-13,Team Collaboration,65,3
12439,2860,2026-03-29,Reports,86,2
12440,2860,2025-10-23,Mobile App,9,1
12441,2860,2025-06-23,Dashboard,47,2
12442,2860,2024-07-19,API Access,39,3
12443,2860,2025-06-13,Team Collaboration,88,3
12444,2860,2026-05-28,API Access,79,4
12445,2863,2022-12-06,API Access,13,4
12446,2863,2022-11-05,Integrations,30,5
12447,2863,2022-11-07,Export Data,57,3
12448,2863,2022-09-29,Reports,69,5
12449,2864,2024-12-27,Reports,12,5
12450,2864,2026-08-23,Mobile App,70,5
12451,2864,2025-02-02,Integrations,116,3
12452,2864,2025-10-16,Dashboard,106,2
12453,2864,2024-12-17,Team Collaboration,19,3
12454,2865,2023-03-13,Mobile App,41,3
12455,2865,2026-09-10,API Access,23,4
12456,2866,2025-02-14,Notifications,21,1
12457,2866,2026-04-08,Notifications,53,4
12458,2866,2026-01-11,Reports,15,4
12459,2867,2026-08-31,Integrations,2,2
12460,2867,2023-08-29,Team Collaboration,111,4
12461,2867,2025-09-11,Team Collaboration,35,1
12462,2867,2023-09-06,Mobile App,41,3
12463,2867,2025-09-28,Reports,12,5
12464,2868,2024-03-31,Integrations,5,1
12465,2868,2023-12-11,Reports,36,2
12466,2868,2024-10-18,Notifications,13,2
12467,2868,2025-03-05,API Access,80,4
12468,2868,2025-03-23,Dashboard,96,3
12469,2868,2024-03-12,Mobile App,119,4
12470,2869,2022-06-18,Export Data,32,3
12471,2869,2022-01-30,Reports,52,5
12472,2869,2022-08-30,Notifications,84,3
12473,2870,2023-05-01,Reports,55,4
12474,2870,2025-05-31,Integrations,74,2
12475,2870,2022-10-25,Team Collaboration,84,1
12476,2870,2024-03-08,Integrations,18,5
12477,2870,2025-01-19,Team Collaboration,9,4
12478,2870,2022-09-16,Export Data,76,2
12479,2870,2022-11-06,Export Data,73,5
12480,2870,2021-09-12,Reports,42,1
12481,2870,2026-06-18,Export Data,106,2
12482,2870,2023-01-10,Dashboard,45,4
12483,2871,2023-05-05,Integrations,108,3
12484,2871,2025-05-13,Dashboard,92,1
12485,2871,2023-03-06,Dashboard,117,5
12486,2871,2026-05-13,Notifications,26,2
12487,2871,2021-09-14,Integrations,60,2
12488,2871,2023-11-06,API Access,49,4
12489,2871,2021-03-17,Export Data,33,4
12490,2871,2023-08-22,Reports,33,5
12491,2872,2026-09-09,Mobile App,93,2
12492,2872,2026-08-16,Notifications,82,1
12493,2872,2026-09-12,Notifications,93,2
12494,2872,2026-09-14,Integrations,29,4
12495,2872,2026-08-27,Notifications,95,3
12496,2873,2025-02-25,Integrations,94,5
12497,2873,2025-02-08,API Access,72,3
12498,2873,2024-12-29,Export Data,48,5
12499,2873,2025-01-03,Notifications,90,5
12500,2874,2026-04-15,Reports,5,5
12501,2874,2025-06-16,Notifications,64,5
12502,2874,2026-04-12,Team Collaboration,118,4
12503,2874,2024-10-17,Reports,101,1
12504,2874,2026-01-31,Dashboard,92,5
12505,2874,2025-07-26,Dashboard,101,4
12506,2874,2026-09-13,Dashboard,70,1
12507,2874,2025-06-10,Notifications,60,3
12508,2874,2026-05-11,Mobile App,115,4
12509,2874,2024-10-26,Reports,65,3
12510,2875,2022-03-02,Integrations,51,3
12511,2875,2022-08-09,Notifications,34,4
12512,2875,2023-11-23,API Access,54,3
12513,2875,2022-08-23,Reports,98,5
12514,2876,2026-01-10,Notifications,12,4
12515,2876,2026-07-15,Dashboard,18,3
12516,2876,2026-08-16,Mobile App,102,4
12517,2876,2025-10-19,Dashboard,41,3
12518,2876,2026-03-02,Reports,24,4
12519,2876,2026-08-05,Reports,33,1
12520,2876,2025-04-19,Integrations,66,3
12521,2876,2025-12-19,Notifications,84,4
12522,2877,2025-05-11,Export Data,88,3
12523,2877,2026-04-10,Integrations,45,2
12524,2877,2025-10-01,Export Data,60,3
12525,2877,2024-11-29,API Access,79,4
12526,2877,2024-12-25,Mobile App,73,2
12527,2877,2024-12-27,Notifications,103,5
12528,2877,2026-08-30,Notifications,113,4
12529,2877,2024-10-14,Team Collaboration,119,2
12530,2877,2025-10-08,Dashboard,63,3
12531,2878,2023-10-02,Team Collaboration,46,4
12532,2878,2024-10-13,API Access,60,3
12533,2878,2022-12-17,Mobile App,91,5
12534,2879,2025-07-08,Team Collaboration,15,3
12535,2879,2023-12-31,Integrations,111,4
12536,2879,2024-11-25,Team Collaboration,41,1
12537,2879,2026-05-19,API Access,72,4
12538,2879,2026-06-12,Notifications,115,1
12539,2879,2026-04-24,Notifications,70,1
12540,2879,2025-08-15,Integrations,69,4
12541,2880,2025-10-29,Dashboard,33,4
12542,2880,2026-07-18,Integrations,54,2
12543,2880,2026-02-13,Team Collaboration,48,3
12544,2880,2026-08-15,API Access,37,3
12545,2880,2025-12-01,Team Collaboration,4,4
12546,2880,2024-06-13,Team Collaboration,10,3
12547,2880,2025-07-31,Notifications,23,1
12548,2880,2025-07-03,Dashboard,55,2
12549,2880,2024-02-26,Team Collaboration,81,1
12550,2880,2024-06-07,Export Data,4,1
12551,2881,2025-02-10,Notifications,62,3
12552,2881,2026-05-20,Team Collaboration,78,5
12553,2881,2025-06-27,Export Data,17,5
12554,2881,2025-09-19,Reports,68,2
12555,2881,2026-08-03,Export Data,16,5
12556,2882,2025-08-15,Mobile App,36,5
12557,2883,2021-07-24,Export Data,11,5
12558,2883,2023-04-19,Export Data,48,5
12559,2883,2023-02-17,Team Collaboration,112,2
12560,2883,2023-02-21,Dashboard,73,3
12561,2884,2024-05-11,Notifications,87,2
12562,2885,2026-02-04,Integrations,33,2
12563,2885,2022-11-15,Integrations,35,5
12564,2885,2023-02-11,Mobile App,43,1
12565,2886,2023-01-20,Export Data,73,4
12566,2886,2023-05-28,Reports,43,2
12567,2886,2022-09-05,Export Data,67,1
12568,2886,2023-07-26,Dashboard,76,4
12569,2886,2024-12-24,Team Collaboration,40,2
12570,2887,2023-03-15,Integrations,116,5
12571,2887,2022-12-05,Reports,119,3
12572,2887,2022-07-14,Export Data,108,1
12573,2888,2026-08-17,Integrations,74,3
12574,2888,2025-11-24,Export Data,56,2
12575,2888,2026-07-24,Mobile App,53,2
12576,2889,2021-12-25,Dashboard,87,1
12577,2889,2024-11-15,API Access,14,5
12578,2889,2022-07-01,API Access,68,4
12579,2889,2022-11-30,Integrations,68,4
12580,2889,2021-10-10,Dashboard,25,5
12581,2889,2025-04-29,API Access,18,5
12582,2889,2024-09-14,Mobile App,65,2
12583,2889,2023-12-27,Reports,87,5
12584,2889,2022-05-07,API Access,49,2
12585,2889,2022-11-04,Export Data,49,1
12586,2890,2025-05-31,Team Collaboration,91,2
12587,2890,2026-06-24,Team Collaboration,50,1
12588,2890,2026-06-25,API Access,20,1
12589,2890,2026-02-05,Reports,36,2
12590,2891,2026-06-12,Export Data,28,3
12591,2891,2026-04-02,Team Collaboration,108,4
12592,2891,2026-06-01,Notifications,79,1
12593,2891,2026-06-09,Dashboard,19,2
12594,2891,2026-09-04,Team Collaboration,86,4
12595,2891,2026-04-01,API Access,110,5
12596,2891,2026-06-24,Notifications,101,3
12597,2891,2026-08-18,Integrations,60,5
12598,2891,2026-03-29,Dashboard,115,2
12599,2892,2026-05-30,Integrations,64,1
12600,2892,2026-06-05,Notifications,67,3
12601,2892,2026-08-07,Export Data,75,2
12602,2892,2026-04-09,Dashboard,106,5
12603,2892,2026-03-22,Notifications,74,2
12604,2892,2025-12-16,Notifications,67,4
12605,2892,2026-08-24,Export Data,60,1
12606,2892,2026-08-01,Reports,117,2
12607,2893,2026-08-10,API Access,9,1
12608,2893,2026-07-25,Integrations,92,5
12609,2893,2026-07-30,Notifications,113,2
12610,2893,2026-09-09,Integrations,111,1
12611,2893,2026-08-16,Team Collaboration,52,2
12612,2893,2026-07-26,Team Collaboration,64,2
12613,2893,2026-07-19,Reports,108,1
12614,2894,2025-08-25,Team Collaboration,43,3
12615,2894,2025-09-30,Integrations,43,1
12616,2894,2025-12-25,Team Collaboration,101,4
12617,2894,2026-03-19,Mobile App,44,4
12618,2895,2026-01-05,Team Collaboration,73,1
12619,2895,2025-12-16,Dashboard,115,2
12620,2897,2026-06-20,API Access,68,1
12621,2897,2026-08-12,API Access,34,4
12622,2897,2026-06-24,Team Collaboration,69,4
12623,2897,2026-06-14,Dashboard,114,2
12624,2898,2022-09-25,Notifications,24,2
12625,2898,2024-07-24,Team Collaboration,78,1
12626,2898,2022-04-12,Reports,89,4
12627,2899,2021-02-22,API Access,76,2
12628,2899,2021-07-15,API Access,89,2
12629,2899,2021-06-20,Mobile App,28,1
12630,2900,2025-10-29,Reports,74,5
12631,2900,2025-11-18,Team Collaboration,7,2
12632,2900,2026-03-24,API Access,25,2
12633,2900,2026-07-20,Integrations,98,5
12634,2900,2025-09-21,API Access,13,3
12635,2901,2025-03-04,Mobile App,68,3
12636,2901,2025-11-16,Dashboard,35,5
12637,2901,2024-05-28,Notifications,96,5
12638,2902,2023-06-04,API Access,49,3
12639,2903,2026-03-20,Integrations,72,3
12640,2904,2023-09-15,Notifications,101,3
12641,2904,2022-05-15,Mobile App,71,5
12642,2904,2024-02-08,API Access,108,3
12643,2905,2025-11-16,Integrations,74,5
12644,2906,2025-08-14,Notifications,90,1
12645,2906,2025-03-04,Mobile App,31,3
12646,2906,2025-05-07,Reports,101,2
12647,2906,2025-05-02,Dashboard,53,5
12648,2906,2025-12-18,API Access,88,4
12649,2906,2026-08-21,Reports,82,1
12650,2906,2026-04-30,Reports,4,2
12651,2906,2026-04-29,Mobile App,63,2
12652,2906,2025-05-09,API Access,69,5
12653,2906,2025-04-02,Integrations,76,4
12654,2907,2026-07-07,Mobile App,50,1
12655,2907,2026-07-25,Integrations,19,3
12656,2907,2026-05-14,Export Data,27,1
12657,2907,2026-09-09,Notifications,76,5
12658,2908,2022-05-17,Export Data,44,3
12659,2908,2026-05-28,Notifications,12,5
12660,2908,2026-08-08,Reports,63,2
12661,2908,2022-04-18,Notifications,69,2
12662,2908,2024-10-06,API Access,50,2
12663,2908,2026-01-22,Integrations,28,3
12664,2908,2025-11-09,Integrations,35,3
12665,2908,2026-07-15,Dashboard,45,4
12666,2908,2025-08-08,Export Data,120,4
12667,2909,2022-11-02,API Access,103,5
12668,2909,2023-12-06,API Access,50,3
12669,2909,2023-10-07,Notifications,82,1
12670,2909,2023-06-08,Mobile App,101,3
12671,2910,2021-07-06,API Access,41,3
12672,2910,2022-01-10,Notifications,61,5
12673,2910,2022-04-08,Dashboard,27,2
12674,2910,2024-08-18,Reports,66,1
12675,2910,2024-08-16,Reports,104,4
12676,2910,2021-12-20,Mobile App,88,4
12677,2910,2024-03-10,Reports,10,4
12678,2910,2026-07-24,API Access,118,1
12679,2910,2023-07-26,Mobile App,73,3
12680,2910,2021-08-23,API Access,113,1
12681,2911,2025-08-01,Integrations,56,3
12682,2912,2023-09-19,Integrations,51,4
12683,2912,2024-07-17,Export Data,28,4
12684,2912,2024-08-24,Reports,91,2
12685,2912,2021-08-21,API Access,119,3
12686,2913,2025-03-11,Export Data,111,2
12687,2913,2024-12-02,Export Data,95,1
12688,2914,2022-01-11,Export Data,23,5
12689,2914,2021-12-24,Mobile App,15,5
12690,2914,2022-02-02,Export Data,66,4
12691,2915,2026-08-23,Export Data,17,4
12692,2915,2026-03-28,Reports,47,5
12693,2915,2026-09-03,Notifications,68,4
12694,2915,2026-01-20,Dashboard,12,2
12695,2915,2026-04-20,Team Collaboration,65,2
12696,2916,2025-10-31,Notifications,79,5
12697,2916,2026-06-28,Reports,97,3
12698,2916,2026-05-02,Team Collaboration,2,1
12699,2916,2025-10-28,Export Data,6,2
12700,2916,2026-05-27,Team Collaboration,103,1
12701,2916,2026-05-15,Export Data,53,5
12702,2916,2025-12-23,Notifications,116,3
12703,2916,2025-12-25,Reports,16,5
12704,2917,2023-09-07,Mobile App,73,2
12705,2917,2025-02-13,API Access,41,3
12706,2917,2025-01-31,Mobile App,97,5
12707,2917,2023-12-01,Mobile App,51,5
12708,2918,2025-01-22,Notifications,76,2
12709,2918,2025-07-06,Team Collaboration,57,2
12710,2918,2025-06-23,Dashboard,101,4
12711,2918,2026-02-20,Integrations,67,2
12712,2919,2026-02-25,Team Collaboration,91,3
12713,2919,2025-08-24,API Access,99,4
12714,2919,2025-03-26,Reports,117,1
12715,2920,2025-03-08,Mobile App,112,4
12716,2920,2024-06-15,Mobile App,79,2
12717,2920,2024-11-20,Dashboard,100,2
12718,2920,2024-01-25,Reports,3,3
12719,2920,2024-06-19,API Access,35,5
12720,2921,2026-02-11,Team Collaboration,13,2
12721,2921,2025-06-20,Export Data,21,4
12722,2921,2025-06-17,Integrations,4,3
12723,2921,2026-06-15,Export Data,93,4
12724,2921,2026-07-10,API Access,46,4
12725,2921,2026-01-28,Integrations,72,3
12726,2921,2025-11-05,Integrations,13,5
12727,2921,2026-07-31,Integrations,71,1
12728,2922,2025-05-08,Dashboard,99,1
12729,2922,2023-11-20,Dashboard,111,1
12730,2922,2026-08-03,Mobile App,9,4
12731,2922,2025-04-20,Dashboard,29,1
12732,2923,2024-04-09,Mobile App,46,2
12733,2923,2024-11-03,Integrations,44,5
12734,2923,2022-11-22,Export Data,29,5
12735,2923,2023-11-24,Dashboard,31,2
12736,2923,2025-02-28,Export Data,70,5
12737,2923,2023-06-29,Team Collaboration,83,4
12738,2923,2024-11-27,Team Collaboration,95,5
12739,2923,2025-11-02,Reports,86,4
12740,2923,2022-12-21,Team Collaboration,12,3
12741,2924,2021-03-26,Reports,17,1
12742,2924,2023-11-15,API Access,94,5
12743,2924,2022-07-17,Reports,110,4
12744,2924,2021-10-23,Mobile App,54,3
12745,2924,2022-03-03,Mobile App,71,4
12746,2924,2021-11-11,API Access,19,1
12747,2924,2022-08-02,Notifications,101,5
12748,2925,2026-09-14,Export Data,15,5
12749,2925,2026-08-09,Notifications,92,5
12750,2925,2026-08-17,Team Collaboration,116,4
12751,2925,2026-09-11,Integrations,115,2
12752,2925,2026-09-14,Export Data,80,4
12753,2925,2026-09-15,Reports,84,5
12754,2926,2025-02-18,Reports,43,5
12755,2926,2024-06-24,Dashboard,52,1
12756,2926,2026-07-30,Integrations,24,3
12757,2926,2026-09-14,Team Collaboration,64,1
12758,2926,2024-10-04,Team Collaboration,1,1
12759,2926,2025-04-13,Reports,111,3
12760,2926,2026-06-23,Export Data,88,2
12761,2927,2026-07-08,Integrations,61,3
12762,2928,2022-03-07,API Access,9,2
12763,2928,2022-02-21,Dashboard,9,3
12764,2928,2022-02-22,Mobile App,46,3
12765,2929,2025-12-10,Export Data,84,5
12766,2929,2025-12-04,Integrations,58,1
12767,2929,2026-05-31,Notifications,15,1
12768,2929,2026-07-06,Mobile App,39,2
12769,2929,2026-08-31,API Access,116,1
12770,2929,2026-01-07,Reports,35,4
12771,2929,2025-10-23,Team Collaboration,93,4
12772,2929,2025-09-18,Mobile App,65,1
12773,2929,2026-06-28,Reports,83,1
12774,2930,2026-09-12,Integrations,66,3
12775,2931,2023-04-15,Integrations,63,4
12776,2931,2026-08-15,Dashboard,87,5
12777,2931,2025-04-25,Mobile App,69,3
12778,2931,2024-05-01,Reports,22,4
12779,2931,2024-10-28,Export Data,79,2
12780,2931,2024-08-29,Integrations,103,4
12781,2931,2024-04-25,Reports,89,5
12782,2932,2025-11-21,Team Collaboration,34,2
12783,2932,2026-02-08,Notifications,102,2
12784,2932,2025-08-09,API Access,62,1
12785,2932,2025-11-19,Notifications,4,2
12786,2932,2025-04-19,Dashboard,56,4
12787,2933,2026-06-25,Notifications,53,5
12788,2933,2025-08-30,Integrations,20,4
12789,2933,2025-11-25,Team Collaboration,27,3
12790,2934,2026-08-18,Team Collaboration,106,1
12791,2935,2025-09-03,API Access,100,2
12792,2935,2025-07-01,Dashboard,106,2
12793,2935,2026-08-12,Notifications,83,4
12794,2935,2026-04-25,Team Collaboration,73,3
12795,2935,2025-08-25,Reports,75,3
12796,2936,2024-11-08,Integrations,2,1
12797,2937,2026-02-12,Team Collaboration,99,1
12798,2937,2026-02-04,API Access,58,5
12799,2937,2026-08-25,Reports,17,3
12800,2937,2026-03-18,Mobile App,119,3
12801,2938,2024-10-14,Integrations,29,5
12802,2938,2024-05-12,Integrations,27,2
12803,2938,2024-12-06,Notifications,14,4
12804,2939,2025-12-09,Reports,100,1
12805,2940,2025-05-12,Dashboard,102,5
12806,2940,2024-03-31,Export Data,113,2
12807,2940,2026-03-13,API Access,97,5
12808,2940,2025-01-27,Team Collaboration,21,5
12809,2940,2024-07-29,Dashboard,53,3
12810,2940,2024-10-29,Notifications,76,4
12811,2940,2025-10-28,Dashboard,39,2
12812,2941,2023-03-21,Integrations,85,3
12813,2941,2023-03-14,Notifications,39,2
12814,2941,2024-10-22,Reports,110,2
12815,2941,2026-04-21,Integrations,24,4
12816,2942,2026-05-24,Export Data,49,4
12817,2943,2022-09-17,Export Data,2,4
12818,2943,2025-07-23,Integrations,9,4
12819,2944,2025-09-20,API Access,26,2
12820,2944,2022-04-25,API Access,92,5
12821,2944,2022-03-31,Team Collaboration,117,3
12822,2944,2024-03-28,API Access,75,1
12823,2944,2025-09-14,Mobile App,78,5
12824,2944,2024-08-28,Notifications,7,5
12825,2944,2026-06-04,Reports,120,3
12826,2945,2023-12-15,Integrations,29,3
12827,2945,2024-12-02,Team Collaboration,97,2
12828,2945,2023-06-24,Export Data,111,4
12829,2945,2026-01-27,Export Data,29,5
12830,2946,2025-11-05,Team Collaboration,68,3
12831,2946,2025-05-22,Mobile App,57,1
12832,2946,2025-05-05,Reports,95,3
12833,2946,2025-12-13,Notifications,97,1
12834,2947,2026-02-17,Notifications,30,5
12835,2947,2025-04-18,Notifications,80,1
12836,2947,2022-06-02,API Access,74,2
12837,2947,2024-09-28,API Access,111,1
12838,2947,2025-09-24,Dashboard,22,1
12839,2947,2023-02-27,Team Collaboration,91,5
12840,2947,2024-10-03,Reports,36,4
12841,2947,2024-08-11,Notifications,20,5
12842,2947,2023-03-16,Reports,43,3
12843,2947,2026-03-24,Mobile App,81,5
12844,2948,2025-07-12,Export Data,74,5
12845,2948,2026-04-05,Reports,56,1
12846,2948,2025-12-25,Dashboard,112,3
12847,2949,2026-07-05,Dashboard,95,3
12848,2950,2024-09-19,Team Collaboration,47,4
12849,2950,2025-05-23,Team Collaboration,8,5
12850,2950,2025-03-12,Team Collaboration,3,4
12851,2950,2024-07-14,Notifications,47,4
12852,2950,2024-10-03,Mobile App,16,1
12853,2950,2026-07-28,Export Data,85,4
12854,2952,2021-06-10,Team Collaboration,31,4
12855,2952,2021-12-10,Notifications,87,2
12856,2952,2021-07-15,Dashboard,7,2
12857,2954,2026-08-07,Team Collaboration,90,1
12858,2954,2026-09-13,API Access,32,2
12859,2954,2026-07-10,Dashboard,3,4
12860,2954,2026-01-13,Integrations,63,4
12861,2954,2025-12-19,Reports,85,4
12862,2954,2026-05-30,Reports,66,5
12863,2954,2026-03-01,Team Collaboration,49,1
12864,2955,2023-12-26,Dashboard,95,2
12865,2955,2024-12-16,Reports,37,5
12866,2955,2024-01-29,Dashboard,50,4
12867,2955,2025-10-05,Notifications,35,5
12868,2956,2026-02-16,Export Data,109,5
12869,2956,2025-09-22,Reports,22,5
12870,2957,2026-03-09,Integrations,37,5
12871,2957,2025-10-20,API Access,107,2
12872,2958,2024-10-19,Team Collaboration,44,4
12873,2960,2026-05-01,Team Collaboration,112,3
12874,2961,2025-09-03,Mobile App,79,5
12875,2961,2024-01-03,Team Collaboration,37,1
12876,2961,2026-02-15,Mobile App,56,5
12877,2961,2024-05-21,Dashboard,81,1
12878,2961,2024-12-19,Integrations,95,1
12879,2961,2024-06-18,API Access,41,2
12880,2961,2025-03-03,Notifications,99,1
12881,2961,2024-01-13,Dashboard,23,1
12882,2962,2024-04-19,Mobile App,92,4
12883,2962,2024-05-29,Reports,106,3
12884,2962,2026-05-11,API Access,93,4
12885,2962,2023-07-21,Team Collaboration,27,5
12886,2962,2023-05-04,Mobile App,44,3
12887,2962,2023-09-13,Reports,105,3
12888,2962,2026-08-16,Export Data,72,1
12889,2962,2025-01-29,Reports,11,4
12890,2962,2026-05-29,Dashboard,63,4
12891,2963,2026-01-21,Notifications,81,3
12892,2963,2026-07-20,Integrations,116,2
12893,2963,2025-12-02,Mobile App,36,1
12894,2963,2026-08-13,Integrations,57,2
12895,2963,2026-02-20,Export Data,58,1
12896,2963,2026-08-16,Team Collaboration,62,1
12897,2963,2026-03-04,Notifications,38,1
12898,2963,2025-12-16,Reports,36,2
12899,2963,2026-04-26,Integrations,63,5
12900,2963,2026-03-18,Reports,76,4
12901,2964,2023-01-22,API Access,68,2
12902,2965,2023-03-05,Export Data,103,2
12903,2965,2023-09-04,Dashboard,61,5
12904,2965,2022-07-14,Team Collaboration,19,4
12905,2965,2025-06-27,Reports,19,3
12906,2966,2023-01-13,Team Collaboration,114,4
12907,2966,2026-07-08,Dashboard,8,3
12908,2966,2025-03-14,Notifications,75,2
12909,2966,2022-11-23,Integrations,32,4
12910,2966,2025-06-16,Notifications,107,3
12911,2967,2026-05-12,Dashboard,11,1
12912,2968,2024-08-30,Mobile App,74,4
12913,2968,2026-04-06,API Access,57,5
12914,2968,2024-11-26,Notifications,95,3
12915,2968,2025-04-05,Reports,72,3
12916,2968,2025-03-06,Integrations,110,3
12917,2969,2025-04-18,Dashboard,86,5
12918,2969,2025-07-08,Reports,113,1
12919,2969,2025-04-11,Export Data,66,4
12920,2970,2024-03-17,Mobile App,61,4
12921,2970,2024-08-28,Dashboard,21,4
12922,2970,2025-01-07,Notifications,48,1
12923,2970,2024-05-22,Team Collaboration,25,3
12924,2970,2024-12-19,Mobile App,43,5
12925,2970,2026-04-24,Mobile App,47,4
12926,2970,2024-04-19,Notifications,105,1
12927,2971,2023-08-05,Mobile App,73,2
12928,2971,2024-03-29,Mobile App,75,3
12929,2971,2023-06-23,Dashboard,93,3
12930,2971,2025-02-02,Export Data,71,4
12931,2971,2025-04-12,Dashboard,19,4
12932,2971,2026-01-01,Notifications,6,3
12933,2971,2023-04-09,Mobile App,90,2
12934,2971,2025-10-04,Mobile App,46,2
12935,2971,2022-10-26,Mobile App,3,3
12936,2971,2025-10-26,Reports,18,4
12937,2972,2026-02-26,Team Collaboration,30,1
12938,2972,2024-08-20,Reports,120,3
12939,2972,2023-06-03,Dashboard,55,1
12940,2972,2024-08-16,Team Collaboration,111,1
12941,2972,2025-07-31,API Access,99,4
12942,2972,2026-07-29,Integrations,31,2
12943,2972,2025-03-31,Integrations,1,5
12944,2972,2023-10-31,Notifications,100,3
12945,2972,2022-11-06,Integrations,79,1
12946,2973,2024-04-21,Integrations,73,4
12947,2973,2024-04-15,Team Collaboration,13,1
12948,2973,2024-05-16,Notifications,7,5
12949,2973,2024-03-12,Mobile App,56,2
12950,2974,2026-07-25,Mobile App,91,2
12951,2974,2026-07-30,Integrations,13,1
12952,2974,2026-07-24,Dashboard,46,4
12953,2974,2026-09-04,Reports,90,2
12954,2974,2026-08-03,Mobile App,67,5
12955,2974,2026-07-29,API Access,33,5
12956,2974,2026-08-18,Dashboard,63,1
12957,2975,2023-04-19,Team Collaboration,7,2
12958,2975,2023-01-08,API Access,48,3
12959,2975,2023-09-09,Team Collaboration,97,5
12960,2975,2023-12-10,Reports,44,2
12961,2975,2026-07-17,Notifications,36,5
12962,2975,2026-05-14,Team Collaboration,32,2
12963,2975,2022-08-17,Integrations,13,3
12964,2976,2023-04-07,Notifications,67,3
12965,2976,2022-01-24,Dashboard,107,4
12966,2976,2022-05-18,API Access,111,1
12967,2976,2023-05-22,Export Data,97,5
12968,2977,2023-07-31,Reports,33,5
12969,2977,2024-02-08,Export Data,112,5
12970,2977,2024-04-18,Notifications,50,2
12971,2978,2026-05-22,API Access,31,4
12972,2978,2025-03-11,Integrations,25,2
12973,2978,2024-09-22,Dashboard,51,4
12974,2979,2023-07-03,Mobile App,71,1
12975,2979,2025-03-19,Dashboard,75,1
12976,2979,2024-03-28,API Access,83,5
12977,2979,2024-07-31,Team Collaboration,74,5
12978,2979,2026-06-08,Notifications,116,1
12979,2979,2023-03-13,Dashboard,41,5
12980,2979,2023-08-25,Dashboard,36,4
12981,2979,2025-02-21,Integrations,108,4
12982,2980,2025-04-08,Team Collaboration,103,2
12983,2980,2023-09-21,Team Collaboration,20,1
12984,2980,2026-07-07,API Access,25,4
12985,2981,2026-07-21,Notifications,29,5
12986,2981,2026-09-13,Dashboard,68,5
12987,2982,2026-02-17,Notifications,104,4
12988,2982,2025-02-28,Reports,90,1
12989,2982,2022-03-04,Reports,108,1
12990,2982,2022-07-28,Dashboard,119,1
12991,2982,2022-10-26,Reports,7,1
12992,2982,2026-02-18,Notifications,76,2
12993,2983,2026-07-28,Reports,32,4
12994,2983,2025-12-27,Reports,77,5
12995,2983,2023-06-05,Integrations,20,5
12996,2983,2024-07-21,Integrations,55,1
12997,2984,2024-03-15,API Access,104,3
12998,2984,2021-05-24,Team Collaboration,56,4
12999,2984,2024-09-16,Export Data,37,3
13000,2984,2026-08-27,API Access,116,5
13001,2984,2024-11-12,API Access,58,5
13002,2984,2022-09-12,API Access,112,4
13003,2984,2025-10-13,Integrations,54,2
13004,2984,2026-09-06,Notifications,79,3
13005,2984,2025-04-28,Dashboard,58,3
13006,2984,2021-12-01,Reports,74,3
13007,2985,2024-04-07,Integrations,69,5
13008,2985,2023-09-09,Integrations,23,1
13009,2985,2024-05-08,Team Collaboration,97,4
13010,2986,2024-01-09,Reports,10,4
13011,2986,2023-12-18,Mobile App,112,3
13012,2987,2024-04-06,Integrations,53,5
13013,2988,2026-01-17,Integrations,65,3
13014,2988,2025-02-01,Integrations,5,3
13015,2988,2025-08-31,API Access,67,1
13016,2988,2026-05-03,Reports,79,4
13017,2988,2024-09-24,Mobile App,99,3
13018,2988,2024-06-24,API Access,7,2
13019,2988,2026-08-16,Dashboard,29,2
13020,2989,2023-09-21,Notifications,3,4
13021,2989,2024-12-03,Mobile App,93,5
13022,2989,2024-12-08,Mobile App,27,2
13023,2989,2023-08-12,API Access,32,1
13024,2989,2023-10-22,Mobile App,83,4
13025,2989,2025-11-08,API Access,49,2
13026,2989,2024-03-08,Export Data,21,5
13027,2990,2024-07-04,Mobile App,97,5
13028,2990,2024-07-02,Team Collaboration,54,3
13029,2990,2024-05-25,Integrations,88,1
13030,2990,2024-07-26,Reports,47,4
13031,2991,2026-04-24,Mobile App,9,2
13032,2992,2024-05-04,Mobile App,15,3
13033,2992,2023-12-18,Export Data,87,2
13034,2992,2023-12-12,Notifications,62,1
13035,2992,2024-06-20,Team Collaboration,82,4
13036,2993,2026-08-18,Team Collaboration,16,4
13037,2993,2025-12-10,Export Data,90,3
13038,2993,2026-06-12,API Access,31,3
13039,2993,2025-08-30,Export Data,85,5
13040,2994,2025-02-06,Mobile App,115,4
13041,2994,2025-12-03,Mobile App,97,2
13042,2994,2024-07-03,Export Data,76,3
13043,2995,2026-07-12,Dashboard,82,5
13044,2995,2026-02-05,Dashboard,38,5
13045,2995,2025-11-23,Team Collaboration,75,2
13046,2995,2026-08-01,Notifications,81,3
13047,2997,2026-08-16,Dashboard,117,2
13048,2997,2026-05-21,Team Collaboration,80,5
13049,2997,2026-08-16,Notifications,59,2
13050,2998,2025-02-18,API Access,86,3
13051,2998,2025-05-25,API Access,20,5
13052,2999,2026-09-01,Team Collaboration,17,2
13053,2999,2026-05-20,Dashboard,34,5
13054,2999,2026-09-14,Integrations,72,3
13055,2999,2026-03-02,Team Collaboration,86,3
13056,2999,2026-06-05,Notifications,85,4
13057,2999,2026-03-03,API Access,80,3
13058,2999,2026-06-13,Team Collaboration,28,1
13059,2999,2026-03-09,Integrations,9,1
13060,2999,2026-07-05,API Access,101,2
13061,2999,2026-08-29,Reports,15,3
13062,3000,2023-11-27,Mobile App,37,3
13063,3000,2026-09-10,Reports,103,3
13064,3000,2024-04-02,Integrations,29,2
13065,3000,2026-03-08,Integrations,32,4
13066,3000,2024-09-19,Integrations,69,4
13067,3000,2024-04-26,API Access,81,4
13068,3000,2024-02-23,Mobile App,82,1
13069,3000,2024-03-07,Integrations,11,4
13070,3000,2025-06-05,Team Collaboration,102,5
13071,3002,2024-04-12,Notifications,29,1
13072,3002,2023-10-20,Notifications,84,3
13073,3003,2026-04-25,Integrations,67,4
13074,3003,2026-07-28,Dashboard,63,2
13075,3003,2025-11-18,Notifications,89,2
13076,3003,2026-01-17,Team Collaboration,115,1
13077,3004,2026-03-28,Dashboard,105,4
13078,3004,2025-06-21,Team Collaboration,81,5
13079,3005,2022-06-20,Export Data,41,4
13080,3005,2022-10-23,Notifications,45,1
13081,3006,2025-10-25,Mobile App,12,4
13082,3006,2025-02-28,Mobile App,19,2
13083,3006,2025-10-18,Export Data,34,2
13084,3006,2026-04-16,Reports,77,5
13085,3006,2026-01-17,API Access,93,5
13086,3006,2025-12-17,Export Data,63,5
13087,3006,2026-01-09,Dashboard,81,3
13088,3007,2024-11-18,Notifications,70,4
13089,3007,2025-02-10,Notifications,95,3
13090,3007,2024-12-16,API Access,112,4
13091,3007,2024-09-04,Dashboard,36,5
13092,3008,2025-05-02,Export Data,50,1
13093,3008,2025-05-23,API Access,105,1
13094,3008,2025-11-13,Integrations,32,4
13095,3008,2025-10-04,Integrations,117,1
13096,3008,2026-06-03,Integrations,26,2
13097,3008,2025-08-28,Mobile App,77,1
13098,3008,2026-03-26,Reports,32,3
13099,3008,2026-07-24,Notifications,46,3
13100,3008,2026-03-21,API Access,37,3
13101,3008,2026-06-12,Dashboard,85,4
13102,3009,2024-03-05,Notifications,50,3
13103,3009,2025-02-03,Notifications,53,3
13104,3009,2024-04-20,Reports,75,5
13105,3009,2026-07-03,Reports,86,2
13106,3009,2025-01-17,Export Data,38,1
13107,3009,2023-12-04,Notifications,34,2
13108,3010,2023-05-22,Notifications,40,3
13109,3010,2022-02-25,Integrations,55,1
13110,3010,2021-12-23,Notifications,75,4
13111,3011,2026-03-09,API Access,60,3
13112,3012,2024-06-29,Integrations,117,2
13113,3012,2024-11-12,API Access,10,1
13114,3012,2024-01-16,Integrations,66,5
13115,3012,2023-05-15,Export Data,17,1
13116,3012,2023-08-10,Export Data,28,1
13117,3013,2024-03-09,Reports,68,4
13118,3013,2025-10-09,Notifications,35,3
13119,3013,2023-04-04,Reports,68,5
13120,3013,2024-04-25,Integrations,118,1
13121,3013,2024-06-26,Team Collaboration,78,5
13122,3013,2024-12-20,Export Data,37,2
13123,3013,2026-08-26,Dashboard,77,4
13124,3014,2023-06-26,Dashboard,26,2
13125,3014,2025-05-20,Team Collaboration,31,4
13126,3014,2022-12-23,Notifications,42,4
13127,3014,2025-06-11,Mobile App,41,2
13128,3014,2023-07-13,Team Collaboration,31,5
13129,3015,2026-01-09,Export Data,53,3
13130,3015,2025-12-21,Notifications,3,4
13131,3016,2022-06-13,Integrations,46,2
13132,3016,2022-01-16,Team Collaboration,72,1
13133,3016,2022-03-07,Mobile App,102,3
13134,3017,2023-01-04,Reports,8,4
13135,3017,2026-06-14,Team Collaboration,94,5
13136,3017,2023-12-21,Export Data,24,2
13137,3017,2021-11-26,Export Data,30,3
13138,3017,2025-06-16,Dashboard,48,1
13139,3017,2023-10-12,Team Collaboration,98,4
13140,3017,2021-08-26,Export Data,98,3
13141,3017,2023-10-20,Export Data,37,1
13142,3018,2026-06-02,Mobile App,51,1
13143,3018,2026-04-29,Mobile App,59,2
13144,3018,2025-11-01,Mobile App,35,2
13145,3018,2026-06-18,Notifications,105,3
13146,3018,2026-05-25,Reports,116,5
13147,3018,2026-05-07,Notifications,53,5
13148,3018,2025-11-04,Notifications,77,5
13149,3018,2026-05-16,Dashboard,76,2
13150,3018,2025-12-04,API Access,55,4
13151,3020,2023-12-10,Reports,84,1
13152,3020,2024-07-03,Export Data,31,1
13153,3020,2021-11-06,Integrations,53,4
13154,3020,2023-10-06,Export Data,16,2
13155,3020,2024-11-06,API Access,38,4
13156,3020,2022-05-02,Reports,115,4
13157,3020,2021-10-24,Notifications,75,3
13158,3021,2025-06-29,Reports,63,3
13159,3021,2025-02-01,Dashboard,111,5
13160,3021,2024-12-23,Integrations,105,3
13161,3021,2026-02-10,Export Data,40,2
13162,3021,2026-03-25,Team Collaboration,10,5
13163,3021,2024-06-07,API Access,73,5
13164,3021,2025-08-25,API Access,15,1
13165,3021,2025-01-31,Integrations,101,2
13166,3021,2024-06-26,Integrations,17,1
13167,3022,2026-05-28,Team Collaboration,90,4
13168,3022,2026-09-08,Team Collaboration,45,5
13169,3023,2026-09-02,Notifications,120,1
13170,3023,2026-08-09,Export Data,94,2
13171,3024,2026-07-17,API Access,85,1
13172,3024,2025-09-19,Dashboard,28,2
13173,3024,2026-01-03,Integrations,26,2
13174,3024,2024-05-21,Dashboard,33,5
13175,3024,2025-03-14,Notifications,102,5
13176,3025,2023-09-10,API Access,79,4
13177,3026,2024-01-29,Team Collaboration,80,4
13178,3026,2025-05-26,Integrations,69,1
13179,3026,2023-11-25,Team Collaboration,76,2
13180,3026,2021-06-01,Dashboard,51,5
13181,3026,2021-08-16,Integrations,43,2
13182,3026,2024-02-18,Dashboard,45,3
13183,3026,2026-09-09,Export Data,33,1
13184,3026,2024-07-02,Notifications,52,3
13185,3027,2024-07-29,API Access,20,2
13186,3027,2025-05-25,Mobile App,94,5
13187,3027,2023-05-10,Dashboard,26,1
13188,3027,2024-10-30,Reports,113,1
13189,3027,2026-01-24,Dashboard,67,4
13190,3027,2025-05-26,Integrations,15,4
13191,3028,2023-07-30,Notifications,92,1
13192,3029,2025-12-14,Mobile App,34,3
13193,3029,2025-06-04,Integrations,66,4
13194,3031,2024-06-27,Dashboard,21,1
13195,3032,2025-04-27,API Access,118,3
13196,3032,2026-04-24,Dashboard,119,4
13197,3033,2026-05-14,Dashboard,22,3
13198,3034,2023-05-07,Team Collaboration,54,2
13199,3034,2022-10-15,Integrations,38,4
13200,3034,2025-04-06,Dashboard,108,4
13201,3034,2024-04-08,Reports,109,2
13202,3034,2024-11-13,Mobile App,78,3
13203,3034,2022-12-31,Mobile App,71,2
13204,3034,2023-07-17,Export Data,115,2
13205,3034,2026-05-29,Notifications,19,4
13206,3034,2023-12-29,Mobile App,107,3
13207,3035,2025-12-12,Export Data,61,3
13208,3035,2025-11-18,Reports,49,5
13209,3035,2025-09-05,Export Data,87,1
13210,3036,2023-09-25,Dashboard,35,3
13211,3036,2026-06-19,Dashboard,74,2
13212,3036,2025-08-25,Notifications,36,3
13213,3037,2026-01-04,Team Collaboration,42,5
13214,3037,2025-08-15,Team Collaboration,100,1
13215,3037,2026-02-07,Dashboard,25,3
13216,3038,2026-08-25,Notifications,95,1
13217,3038,2026-01-18,API Access,4,5
13218,3038,2026-05-19,Export Data,105,4
13219,3038,2026-01-04,Notifications,47,4
13220,3038,2024-12-13,Integrations,53,1
13221,3038,2025-07-29,API Access,113,2
13222,3038,2023-11-05,API Access,30,2
13223,3038,2024-05-26,Export Data,19,5
13224,3038,2025-06-24,Team Collaboration,45,5
13225,3039,2025-12-01,Mobile App,109,2
13226,3039,2021-12-27,Reports,6,3
13227,3039,2024-08-21,Dashboard,113,5
13228,3039,2026-03-18,Notifications,104,4
13229,3039,2023-05-10,Team Collaboration,4,3
13230,3040,2023-06-08,API Access,113,2
13231,3040,2023-06-06,Notifications,104,5
13232,3040,2023-11-09,Team Collaboration,63,3
13233,3040,2023-11-04,Dashboard,17,1
13234,3041,2026-08-21,Mobile App,9,2
13235,3042,2024-12-28,Mobile App,5,1
13236,3042,2025-04-03,Mobile App,75,5
13237,3042,2024-05-06,Notifications,53,5
13238,3043,2026-08-23,Integrations,51,2
13239,3043,2026-09-12,Integrations,52,2
13240,3043,2026-08-24,Mobile App,56,2
13241,3043,2026-07-10,Export Data,112,2
13242,3044,2026-01-31,Dashboard,117,1
13243,3044,2026-03-01,Export Data,5,4
13244,3044,2024-12-07,Dashboard,63,4
13245,3044,2025-08-04,Team Collaboration,108,3
13246,3045,2024-12-24,Mobile App,86,1
13247,3045,2025-01-14,API Access,55,5
13248,3045,2024-04-14,Team Collaboration,5,4
13249,3045,2024-02-24,API Access,90,2
13250,3045,2025-07-07,Mobile App,19,4
13251,3046,2025-06-08,Notifications,6,5
13252,3047,2023-09-09,Export Data,73,1
13253,3047,2026-09-07,Team Collaboration,37,4
13254,3047,2026-05-10,API Access,52,5
13255,3047,2025-08-18,Integrations,106,5
13256,3047,2024-08-12,Integrations,3,5
13257,3047,2025-10-24,Reports,112,1
13258,3047,2025-03-18,API Access,95,3
13259,3048,2026-05-14,Dashboard,111,2
13260,3048,2025-10-28,Team Collaboration,90,4
13261,3049,2026-02-24,Reports,60,5
13262,3049,2025-02-02,Notifications,2,5
13263,3049,2025-12-31,Mobile App,18,2
13264,3049,2023-08-20,Export Data,118,5
13265,3049,2022-04-09,Integrations,82,5
13266,3049,2023-04-09,Mobile App,71,2
13267,3049,2022-03-28,Team Collaboration,99,3
13268,3049,2022-12-02,Integrations,13,5
13269,3049,2025-03-27,Mobile App,13,2
13270,3049,2025-12-14,Notifications,31,1
13271,3050,2023-08-23,Team Collaboration,55,5
13272,3050,2024-02-09,Export Data,97,1
13273,3050,2023-08-30,Export Data,31,5
13274,3050,2025-03-13,Export Data,19,3
13275,3050,2022-12-03,Reports,9,4
13276,3050,2022-08-23,Mobile App,41,3
13277,3051,2023-12-14,Dashboard,65,4
13278,3051,2025-08-18,Mobile App,31,1
13279,3051,2024-02-22,Reports,3,4
13280,3051,2025-12-11,API Access,26,5
13281,3051,2026-04-22,Reports,3,2
13282,3051,2023-12-30,Mobile App,111,5
13283,3052,2026-01-29,Export Data,37,5
13284,3053,2025-07-08,Dashboard,55,2
13285,3053,2023-10-23,Dashboard,106,2
13286,3053,2023-01-01,Notifications,92,5
13287,3053,2023-07-16,Integrations,48,3
13288,3053,2022-12-19,Reports,31,1
13289,3054,2024-05-29,Integrations,66,2
13290,3054,2023-11-03,Mobile App,1,5
13291,3054,2022-11-24,Dashboard,66,1
13292,3054,2026-04-14,Export Data,47,1
13293,3054,2025-02-10,Export Data,83,2
13294,3054,2022-12-08,Notifications,109,4
13295,3054,2023-11-07,Team Collaboration,55,5
13296,3054,2025-05-30,Dashboard,18,5
13297,3055,2025-01-02,Reports,71,5
13298,3055,2026-03-09,Team Collaboration,44,4
13299,3056,2025-11-09,Notifications,95,5
13300,3056,2025-03-31,Mobile App,55,4
13301,3056,2026-03-25,API Access,70,2
13302,3056,2025-06-24,Export Data,108,3
13303,3056,2025-05-12,Mobile App,51,4
13304,3056,2026-08-07,Reports,96,3
13305,3056,2025-06-01,API Access,21,1
13306,3056,2025-06-30,Notifications,94,3
13307,3056,2025-10-20,API Access,26,2
13308,3057,2026-05-10,API Access,46,1
13309,3057,2025-11-16,Mobile App,17,5
13310,3057,2025-10-03,API Access,84,3
13311,3058,2025-12-15,Export Data,5,5
13312,3058,2026-06-08,Team Collaboration,108,4
13313,3058,2025-07-29,Reports,94,3
13314,3059,2026-07-31,Integrations,18,4
13315,3059,2026-08-09,Dashboard,5,4
13316,3059,2026-08-24,Export Data,2,2
13317,3059,2026-07-22,Mobile App,12,3
13318,3060,2025-06-20,Notifications,69,3
13319,3060,2025-11-13,Integrations,109,5
13320,3060,2023-05-26,Dashboard,65,5
13321,3060,2026-01-27,Mobile App,63,2
13322,3060,2025-05-10,Notifications,17,3
13323,3060,2021-10-03,Integrations,5,4
13324,3060,2023-09-29,API Access,29,5
13325,3060,2024-01-04,Team Collaboration,119,1
13326,3060,2022-05-12,Export Data,34,2
13327,3060,2022-02-16,Mobile App,99,5
13328,3061,2024-10-24,API Access,28,2
13329,3061,2026-03-12,Notifications,97,2
13330,3061,2023-11-01,API Access,112,1
13331,3061,2024-06-05,Notifications,55,5
13332,3061,2026-03-26,Team Collaboration,27,1
13333,3061,2025-06-25,API Access,58,4
13334,3061,2024-09-10,Notifications,35,2
13335,3061,2026-05-25,Integrations,1,4
13336,3061,2023-10-17,Integrations,17,5
13337,3061,2023-12-27,Reports,107,5
13338,3062,2024-11-27,Team Collaboration,30,1
13339,3062,2024-04-14,Reports,46,4
13340,3062,2025-02-11,API Access,1,2
13341,3062,2025-10-10,Reports,118,2
13342,3062,2025-07-07,API Access,68,5
13343,3062,2026-06-21,Notifications,66,3
13344,3062,2025-09-27,Mobile App,42,4
13345,3062,2025-05-17,Team Collaboration,36,5
13346,3062,2025-08-03,Team Collaboration,101,2
13347,3062,2025-11-26,Mobile App,32,2
13348,3063,2026-02-15,Notifications,120,3
13349,3063,2022-04-30,Notifications,118,4
13350,3063,2022-07-22,Team Collaboration,73,4
13351,3063,2023-09-12,Export Data,34,3
13352,3063,2023-06-18,Dashboard,28,5
13353,3063,2022-04-18,Mobile App,101,4
13354,3063,2022-07-13,Reports,21,2
13355,3063,2023-11-10,Integrations,71,4
13356,3064,2026-01-04,Dashboard,71,3
13357,3065,2023-08-31,Reports,35,3
13358,3065,2024-05-02,Dashboard,57,3
13359,3065,2024-02-28,Mobile App,31,2
13360,3065,2024-09-11,Mobile App,19,1
13361,3066,2026-07-23,Mobile App,103,1
13362,3068,2024-06-20,Team Collaboration,20,2
13363,3068,2025-01-06,Notifications,81,5
13364,3068,2025-06-08,Mobile App,52,2
13365,3068,2024-10-29,Reports,83,1
13366,3068,2025-09-23,Mobile App,66,3
13367,3068,2024-05-09,Notifications,40,1
13368,3068,2024-08-02,Reports,58,3
13369,3068,2024-09-09,Notifications,109,1
13370,3068,2025-02-10,Team Collaboration,70,4
13371,3069,2023-04-30,API Access,40,4
13372,3069,2025-05-17,Reports,93,2
13373,3069,2026-08-24,Notifications,100,4
13374,3069,2025-02-07,Export Data,17,4
13375,3069,2025-07-09,Mobile App,40,4
13376,3069,2025-04-17,Team Collaboration,25,5
13377,3069,2023-06-01,Team Collaboration,69,4
13378,3069,2025-03-02,API Access,104,2
13379,3070,2026-06-25,Notifications,34,2
13380,3070,2026-05-31,Reports,85,2
13381,3070,2026-08-09,API Access,85,3
13382,3070,2026-06-30,Export Data,101,5
13383,3071,2023-03-15,Integrations,76,3
13384,3072,2022-12-12,Integrations,89,1
13385,3072,2025-02-25,Export Data,88,5
13386,3072,2026-03-14,Notifications,64,2
13387,3072,2023-03-19,API Access,45,3
13388,3072,2025-09-28,Team Collaboration,113,3
13389,3072,2026-07-22,Integrations,34,3
13390,3072,2024-06-11,API Access,80,2
13391,3073,2023-01-20,Dashboard,29,3
13392,3073,2022-11-29,Dashboard,67,2
13393,3073,2022-10-21,Notifications,3,3
13394,3073,2023-01-26,Integrations,91,4
13395,3074,2026-07-31,Notifications,21,2
13396,3075,2026-07-29,Reports,35,4
13397,3075,2024-03-29,Integrations,4,5
13398,3075,2023-12-29,Team Collaboration,109,5
13399,3075,2025-10-07,Integrations,41,1
13400,3075,2026-07-27,Integrations,34,2
13401,3075,2026-04-13,Dashboard,2,3
13402,3075,2024-08-21,Mobile App,96,1
13403,3075,2026-06-07,Mobile App,72,2
13404,3075,2025-09-19,Notifications,23,2
13405,3075,2024-02-18,Notifications,14,2
13406,3076,2025-06-26,Mobile App,31,1
13407,3076,2025-08-09,API Access,34,1
13408,3077,2026-07-15,Integrations,80,2
13409,3077,2026-08-12,Integrations,28,4
13410,3078,2024-05-19,API Access,24,4
13411,3079,2023-11-30,Notifications,95,4
13412,3079,2025-06-19,Team Collaboration,48,1
13413,3079,2024-11-10,Dashboard,22,4
13414,3079,2024-07-18,Mobile App,20,2
13415,3079,2025-03-25,Dashboard,45,5
13416,3079,2025-03-05,API Access,92,1
13417,3080,2026-08-23,Reports,48,4
13418,3080,2023-10-21,Mobile App,59,2
13419,3080,2025-12-15,Mobile App,92,3
13420,3080,2024-04-16,Integrations,102,2
13421,3080,2026-08-20,Team Collaboration,9,5
13422,3080,2024-04-06,Dashboard,100,4
13423,3080,2025-10-29,API Access,91,4
13424,3080,2023-10-17,Export Data,78,3
13425,3081,2025-09-24,Reports,25,2
13426,3082,2024-09-08,Team Collaboration,114,2
13427,3082,2025-02-19,Team Collaboration,55,4
13428,3082,2024-02-06,Reports,94,1
13429,3082,2025-03-11,Mobile App,60,1
13430,3083,2025-10-17,Mobile App,62,3
13431,3083,2025-12-23,Notifications,61,5
13432,3084,2024-05-26,Mobile App,93,2
13433,3084,2026-01-16,Mobile App,60,3
13434,3084,2025-09-18,Export Data,46,5
13435,3084,2026-07-17,API Access,12,5
13436,3085,2026-08-08,Team Collaboration,57,5
13437,3086,2022-09-08,Team Collaboration,83,4
13438,3086,2026-08-24,Integrations,44,3
13439,3086,2024-10-15,Reports,118,4
13440,3086,2023-09-22,Integrations,116,2
13441,3087,2025-06-15,Notifications,16,2
13442,3087,2024-07-31,Export Data,56,2
13443,3088,2026-02-01,Notifications,16,4
13444,3088,2024-08-27,Export Data,24,5
13445,3088,2025-04-01,Team Collaboration,38,5
13446,3088,2024-04-09,Mobile App,97,2
13447,3088,2026-01-10,API Access,74,3
13448,3088,2024-09-04,API Access,96,5
13449,3088,2023-11-07,Mobile App,65,3
13450,3088,2023-11-06,Dashboard,5,4
13451,3088,2025-10-04,Integrations,25,5
13452,3089,2025-09-29,Team Collaboration,72,2
13453,3090,2025-05-08,Mobile App,12,1
13454,3090,2023-06-26,Export Data,103,2
13455,3090,2023-10-13,Integrations,93,2
13456,3090,2025-05-21,Export Data,33,5
13457,3090,2025-02-04,Reports,120,4
13458,3090,2025-05-16,Mobile App,3,1
13459,3090,2026-07-24,Export Data,77,5
13460,3090,2023-06-02,Mobile App,61,4
13461,3090,2025-11-27,Integrations,76,2
13462,3090,2026-07-02,API Access,43,4
13463,3092,2026-05-27,Reports,54,3
13464,3092,2026-02-23,API Access,92,2
13465,3092,2026-07-13,Export Data,40,2
13466,3092,2026-06-20,Mobile App,35,1
13467,3092,2026-07-24,Reports,120,4
13468,3092,2026-05-11,Mobile App,37,3
13469,3092,2026-05-24,Dashboard,84,2
13470,3092,2026-02-25,Notifications,108,2
13471,3093,2026-03-15,Mobile App,23,2
13472,3093,2025-06-14,Export Data,51,5
13473,3093,2025-08-09,Dashboard,36,1
13474,3093,2026-07-04,Mobile App,91,3
13475,3093,2024-12-07,Export Data,94,5
13476,3093,2025-12-09,Dashboard,72,1
13477,3093,2024-12-28,Integrations,60,4
13478,3093,2026-03-16,Team Collaboration,12,5
13479,3094,2025-10-20,API Access,46,4
13480,3094,2026-06-05,Notifications,46,1
13481,3095,2025-09-13,API Access,23,5
13482,3095,2025-09-14,Export Data,90,4
13483,3095,2023-01-10,Notifications,111,4
13484,3095,2025-09-24,Integrations,64,1
13485,3095,2023-12-23,Integrations,59,5
13486,3095,2022-01-31,Team Collaboration,106,5
13487,3095,2026-07-02,Dashboard,19,5
13488,3096,2025-04-09,Team Collaboration,5,1
13489,3096,2026-03-13,Dashboard,45,3
13490,3096,2026-07-06,Reports,113,5
13491,3096,2024-09-17,Export Data,50,1
13492,3096,2023-06-21,Export Data,41,2
13493,3096,2023-10-28,API Access,92,5
13494,3096,2026-03-29,Team Collaboration,106,5
13495,3096,2023-11-30,Mobile App,92,4
13496,3096,2023-01-29,Export Data,56,3
13497,3097,2025-10-20,Integrations,54,5
13498,3098,2026-09-05,Integrations,108,2
13499,3098,2026-08-24,Notifications,103,5
13500,3098,2026-09-10,Dashboard,116,5
13501,3099,2022-10-23,Notifications,113,3
13502,3100,2024-06-02,Notifications,37,2
13503,3100,2024-03-24,Reports,29,5
13504,3100,2026-03-03,Reports,72,4
13505,3100,2024-05-19,Reports,110,1
13506,3100,2025-06-01,Team Collaboration,87,2
13507,3100,2026-09-07,Reports,96,2
13508,3100,2023-05-28,Notifications,89,1
13509,3100,2025-03-08,Team Collaboration,18,5
13510,3100,2022-12-15,Export Data,74,3
13511,3100,2025-06-03,Team Collaboration,26,3
13512,3102,2024-06-24,Integrations,105,2
13513,3102,2026-03-17,Dashboard,19,5
13514,3102,2023-08-02,API Access,34,5
13515,3102,2021-10-04,Reports,101,3
13516,3103,2023-11-12,Export Data,67,3
13517,3103,2025-07-13,Team Collaboration,48,2
13518,3103,2024-01-05,Export Data,5,4
13519,3103,2026-06-06,API Access,90,5
13520,3103,2023-05-08,Team Collaboration,49,1
13521,3103,2024-07-22,Reports,84,2
13522,3103,2023-08-21,Team Collaboration,109,4
13523,3103,2023-01-02,Export Data,103,2
13524,3103,2026-06-10,Dashboard,20,2
13525,3104,2025-04-07,Dashboard,109,2
13526,3104,2024-10-10,Team Collaboration,16,5
13527,3104,2021-04-28,Dashboard,84,3
13528,3105,2022-03-25,Dashboard,16,2
13529,3105,2026-05-05,Mobile App,58,2
13530,3106,2025-01-15,Mobile App,81,2
13531,3106,2024-12-13,API Access,82,1
13532,3106,2024-04-06,Integrations,58,5
13533,3106,2024-06-17,Notifications,83,4
13534,3108,2023-02-15,Dashboard,26,4
13535,3108,2024-09-30,Reports,106,2
13536,3108,2025-08-06,Export Data,75,1
13537,3109,2025-11-06,Dashboard,101,2
13538,3110,2026-08-10,Mobile App,3,2
13539,3110,2026-06-18,Reports,101,4
13540,3111,2026-07-30,Export Data,93,5
13541,3111,2025-12-31,API Access,119,2
13542,3111,2026-07-04,Export Data,68,1
13543,3111,2026-04-19,Integrations,57,5
13544,3111,2026-04-06,Notifications,105,3
13545,3111,2026-01-21,Team Collaboration,30,3
13546,3111,2026-06-20,API Access,70,4
13547,3111,2026-04-28,Export Data,1,3
13548,3112,2024-11-03,Reports,93,1
13549,3112,2026-09-07,Notifications,96,1
13550,3112,2024-12-23,Mobile App,89,4
13551,3112,2026-03-17,Integrations,45,2
13552,3112,2026-01-08,Reports,107,3
13553,3112,2024-12-18,Dashboard,18,5
13554,3112,2025-08-24,Integrations,78,3
13555,3112,2025-06-04,Integrations,114,2
13556,3112,2024-10-06,API Access,75,3
13557,3113,2026-07-18,Mobile App,24,5
13558,3113,2026-06-12,Dashboard,24,3
13559,3113,2026-01-06,API Access,1,3
13560,3113,2026-01-13,API Access,21,2
13561,3113,2026-04-20,Mobile App,92,1
13562,3113,2026-05-11,Dashboard,33,5
13563,3113,2026-05-16,Notifications,93,2
13564,3113,2026-05-15,Integrations,32,2
13565,3113,2026-07-02,Integrations,70,1
13566,3114,2025-10-10,Export Data,119,3
13567,3114,2023-10-22,Export Data,23,3
13568,3114,2023-07-29,Integrations,43,2
13569,3114,2026-08-07,Mobile App,89,1
13570,3114,2023-09-09,Integrations,68,3
13571,3114,2023-12-16,Reports,2,1
13572,3115,2023-03-29,Reports,113,3
13573,3115,2023-07-02,Dashboard,97,4
13574,3115,2025-05-29,Dashboard,40,1
13575,3116,2024-06-04,API Access,61,4
13576,3116,2025-04-13,Notifications,119,5
13577,3117,2026-07-05,Export Data,22,4
13578,3117,2026-05-20,Reports,1,1
13579,3117,2026-07-18,Mobile App,112,4
13580,3117,2026-07-19,Dashboard,89,3
13581,3117,2026-04-30,Mobile App,80,4
13582,3117,2026-06-21,Reports,82,5
13583,3118,2026-07-27,Dashboard,46,3
13584,3118,2026-03-25,Integrations,62,1
13585,3118,2026-06-28,Integrations,6,2
13586,3118,2026-04-02,Dashboard,77,4
13587,3118,2026-02-14,Team Collaboration,44,5
13588,3118,2025-12-29,API Access,61,5
13589,3118,2026-07-02,Mobile App,24,5
13590,3118,2026-03-13,Dashboard,112,5
13591,3118,2026-07-20,Reports,51,1
13592,3118,2026-02-19,Mobile App,46,5
13593,3119,2026-05-13,Team Collaboration,71,5
13594,3119,2026-07-13,Mobile App,43,2
13595,3119,2026-01-11,Integrations,13,2
13596,3120,2026-07-12,Dashboard,52,1
13597,3120,2026-08-19,Mobile App,29,1
13598,3120,2025-04-14,Notifications,18,3
13599,3120,2026-01-06,Notifications,84,2
13600,3121,2026-03-28,Team Collaboration,36,5
13601,3121,2026-06-07,Notifications,55,3
13602,3121,2026-08-09,Team Collaboration,14,3
13603,3122,2022-04-01,Reports,72,5
13604,3123,2024-03-22,API Access,87,3
13605,3123,2022-07-17,Mobile App,10,4
13606,3123,2023-05-07,Mobile App,36,5
13607,3124,2026-07-21,API Access,16,4
13608,3124,2024-05-21,Team Collaboration,74,2
13609,3125,2024-12-06,Dashboard,48,2
13610,3125,2023-10-27,API Access,71,3
13611,3125,2022-07-29,Notifications,68,5
13612,3125,2025-08-01,API Access,114,4
13613,3126,2026-06-12,Integrations,42,3
13614,3126,2024-04-25,Reports,91,3
13615,3126,2025-09-02,Mobile App,1,4
13616,3126,2026-08-03,Mobile App,43,5
13617,3127,2026-08-14,Dashboard,85,3
13618,3127,2025-11-11,Dashboard,9,3
13619,3127,2026-02-04,Team Collaboration,50,5
13620,3127,2026-06-29,Mobile App,79,2
13621,3127,2025-10-07,Dashboard,1,5
13622,3127,2026-06-16,Notifications,13,2
13623,3128,2026-09-13,Dashboard,100,2
13624,3128,2026-03-27,Reports,68,4
13625,3128,2026-06-04,Notifications,111,4
13626,3129,2024-03-22,Team Collaboration,90,5
13627,3129,2025-09-24,Notifications,105,3
13628,3129,2025-03-10,Notifications,15,2
13629,3130,2026-01-19,Mobile App,53,3
13630,3130,2026-03-06,Dashboard,20,5
13631,3131,2025-08-27,Mobile App,43,3
13632,3131,2026-07-06,Notifications,47,4
13633,3131,2025-03-30,Notifications,112,3
13634,3131,2025-01-05,Export Data,62,2
13635,3131,2025-09-06,Export Data,75,2
13636,3131,2024-12-01,Team Collaboration,8,4
13637,3131,2024-11-09,Notifications,30,5
13638,3131,2025-07-15,Notifications,40,4
13639,3131,2025-04-05,Notifications,87,1
13640,3132,2024-11-05,Mobile App,115,1
13641,3132,2026-05-02,Notifications,64,1
13642,3132,2022-05-13,API Access,31,2
13643,3132,2023-01-14,Export Data,87,3
13644,3132,2023-07-22,Export Data,10,3
13645,3132,2022-07-30,Reports,51,3
13646,3132,2025-05-01,Export Data,10,1
13647,3132,2024-02-11,Reports,105,3
13648,3133,2024-01-08,Notifications,117,2
13649,3133,2023-08-29,Notifications,85,5
13650,3133,2022-12-12,Dashboard,22,5
13651,3133,2023-06-02,Mobile App,94,2
13652,3133,2026-06-18,Export Data,59,1
13653,3134,2024-06-22,Team Collaboration,48,4
13654,3134,2022-09-17,Integrations,43,3
13655,3134,2023-03-11,Team Collaboration,94,5
13656,3134,2026-02-07,Integrations,85,1
13657,3134,2023-01-04,Notifications,66,5
13658,3134,2025-09-22,Reports,52,1
13659,3135,2026-08-08,Notifications,42,3
13660,3136,2026-07-03,Integrations,7,2
13661,3137,2023-03-15,Integrations,115,3
13662,3137,2026-03-23,Integrations,35,1
13663,3137,2022-07-31,Team Collaboration,66,5
13664,3138,2023-12-11,Team Collaboration,55,4
13665,3138,2025-05-02,Notifications,77,5
13666,3140,2026-02-12,API Access,75,3
13667,3140,2026-06-23,Reports,86,2
13668,3140,2026-07-30,Reports,84,4
13669,3140,2026-07-13,Mobile App,13,5
13670,3140,2026-05-01,Team Collaboration,96,2
13671,3140,2026-01-14,Export Data,9,5
13672,3140,2026-05-29,Dashboard,101,3
13673,3140,2026-05-25,Reports,41,2
13674,3140,2026-07-08,Integrations,87,5
13675,3140,2026-06-29,Mobile App,11,5
13676,3141,2025-02-28,Dashboard,64,3
13677,3141,2025-12-27,Dashboard,77,3
13678,3141,2024-12-28,Notifications,29,1
13679,3141,2025-01-19,Reports,90,4
13680,3141,2026-03-13,Dashboard,71,2
13681,3141,2025-12-30,API Access,37,5
13682,3141,2025-03-11,Integrations,68,3
13683,3142,2024-02-23,Mobile App,62,2
13684,3142,2025-05-03,Team Collaboration,113,4
13685,3142,2026-03-02,Notifications,33,3
13686,3142,2024-01-21,Team Collaboration,41,2
13687,3142,2026-07-21,Reports,38,1
13688,3143,2025-12-15,Team Collaboration,81,1
13689,3143,2026-06-29,Export Data,79,4
13690,3144,2026-04-28,Dashboard,67,1
13691,3144,2026-07-17,Integrations,117,1
13692,3144,2025-11-20,Team Collaboration,88,1
13693,3144,2026-03-05,Reports,117,1
13694,3144,2026-04-19,Reports,111,1
13695,3144,2025-11-22,Team Collaboration,18,1
13696,3145,2023-11-18,Dashboard,60,5
13697,3146,2023-01-15,Dashboard,65,4
13698,3146,2023-03-15,Reports,110,4
13699,3146,2023-03-03,Notifications,75,5
13700,3146,2023-02-07,Export Data,13,5
13701,3147,2025-01-23,Dashboard,26,2
13702,3147,2024-02-12,Export Data,77,4
13703,3147,2025-03-07,Notifications,72,5
13704,3148,2025-10-28,API Access,71,1
13705,3148,2024-05-24,Reports,32,2
13706,3148,2024-09-09,Mobile App,68,1
13707,3149,2026-07-20,Integrations,17,4
13708,3149,2026-07-26,Dashboard,101,5
13709,3149,2026-07-17,Notifications,1,5
13710,3149,2026-08-14,Team Collaboration,90,4
13711,3149,2026-07-23,Reports,88,4
13712,3149,2026-08-14,API Access,12,4
13713,3149,2026-07-25,Integrations,51,3
13714,3149,2026-07-18,Team Collaboration,84,4
13715,3149,2026-07-31,Reports,70,5
13716,3149,2026-09-04,Export Data,48,3
13717,3150,2025-06-22,API Access,17,2
13718,3150,2026-08-12,Mobile App,81,3
13719,3151,2026-04-03,Dashboard,116,3
13720,3151,2026-04-15,Reports,5,4
13721,3151,2026-05-03,Integrations,62,5
13722,3151,2026-04-03,Export Data,48,4
13723,3152,2024-09-24,Integrations,96,4
13724,3152,2023-08-16,Team Collaboration,106,3
13725,3152,2023-10-10,Export Data,9,1
13726,3152,2024-03-29,Dashboard,26,2
13727,3152,2023-07-20,Notifications,60,1
13728,3153,2026-01-04,Dashboard,112,4
13729,3153,2025-06-07,API Access,55,2
13730,3154,2026-04-12,Notifications,67,1
13731,3154,2024-05-20,Export Data,111,5
13732,3154,2025-10-17,Team Collaboration,36,4
13733,3155,2026-02-02,Notifications,32,4
13734,3156,2026-07-29,Notifications,96,3
13735,3156,2026-07-25,API Access,21,2
13736,3156,2026-04-05,Export Data,40,5
13737,3156,2026-06-17,Notifications,18,3
13738,3156,2026-05-25,Export Data,24,4
13739,3156,2026-07-27,Notifications,62,1
13740,3156,2026-05-21,Team Collaboration,87,1
13741,3157,2021-03-22,Integrations,103,1
13742,3157,2021-10-03,API Access,103,3
13743,3157,2021-03-05,API Access,37,3
13744,3157,2021-08-15,Integrations,103,4
13745,3158,2025-01-02,API Access,37,1
13746,3158,2023-09-21,Mobile App,39,4
13747,3158,2024-01-29,Integrations,2,1
13748,3158,2026-06-30,Dashboard,96,1
13749,3158,2023-07-10,Reports,77,1
13750,3158,2026-03-07,Mobile App,103,4
13751,3158,2023-06-01,Mobile App,55,3
13752,3158,2025-12-19,Reports,26,2
13753,3158,2023-07-10,API Access,107,4
13754,3158,2024-06-17,Notifications,3,3
13755,3159,2025-12-01,Reports,105,3
13756,3159,2025-08-20,Notifications,72,1
13757,3159,2026-02-17,Reports,85,3
13758,3159,2025-10-04,Mobile App,7,2
13759,3159,2026-06-21,Export Data,66,2
13760,3159,2026-05-18,Integrations,119,1
13761,3159,2026-04-25,Team Collaboration,38,1
13762,3159,2025-06-14,API Access,98,5
13763,3159,2026-01-10,Reports,35,5
13764,3160,2023-10-21,Team Collaboration,106,2
13765,3160,2023-04-06,Mobile App,66,4
13766,3160,2023-07-03,Team Collaboration,44,2
13767,3161,2026-01-06,Team Collaboration,58,3
13768,3161,2025-11-02,API Access,4,3
13769,3161,2025-02-14,Dashboard,9,3
13770,3161,2025-07-04,Export Data,8,3
13771,3161,2025-12-25,Dashboard,65,3
13772,3161,2025-09-28,Mobile App,81,2
13773,3161,2025-11-27,Export Data,20,2
13774,3161,2026-07-24,Export Data,41,2
13775,3162,2026-09-04,Notifications,20,5
13776,3162,2026-04-24,API Access,87,2
13777,3162,2025-06-09,Integrations,65,3
13778,3163,2022-01-16,API Access,51,5
13779,3163,2022-09-28,API Access,104,3
13780,3164,2026-07-21,Reports,99,2
13781,3164,2026-05-15,Notifications,98,5
13782,3164,2026-05-29,Notifications,47,3
13783,3164,2026-05-26,Dashboard,106,3
13784,3165,2024-09-25,Notifications,111,5
13785,3165,2026-04-06,Export Data,82,5
13786,3166,2025-11-24,Integrations,42,4
13787,3166,2025-06-05,Mobile App,4,1
13788,3166,2025-10-26,Notifications,72,4
13789,3167,2022-03-13,Reports,1,4
13790,3167,2021-12-03,Notifications,110,2
13791,3167,2022-09-13,Team Collaboration,56,3
13792,3167,2023-01-03,Notifications,86,1
13793,3168,2023-09-26,Mobile App,96,2
13794,3168,2023-09-27,Integrations,100,5
13795,3168,2023-09-26,Export Data,91,5
13796,3168,2023-12-14,Integrations,58,4
13797,3169,2026-08-25,Team Collaboration,82,3
13798,3169,2026-09-06,Team Collaboration,71,1
13799,3169,2026-08-15,Integrations,102,1
13800,3172,2025-07-19,Dashboard,83,2
13801,3172,2025-12-29,Dashboard,18,2
13802,3172,2023-11-21,Team Collaboration,2,1
13803,3173,2023-09-07,Mobile App,75,5
13804,3173,2022-12-08,API Access,85,1
13805,3173,2022-08-19,Team Collaboration,100,5
13806,3173,2025-09-29,Notifications,118,3
13807,3173,2023-09-19,Dashboard,27,5
13808,3173,2024-06-07,Export Data,30,1
13809,3173,2023-05-08,Export Data,86,3
13810,3173,2022-07-04,Notifications,11,5
13811,3174,2026-02-05,Export Data,32,4
13812,3174,2026-08-17,API Access,48,1
13813,3174,2026-06-01,Dashboard,47,5
13814,3174,2026-05-01,Export Data,72,4
13815,3174,2026-03-21,Notifications,41,3
13816,3175,2024-05-23,Reports,57,1
13817,3175,2023-10-20,Team Collaboration,80,2
13818,3176,2025-08-08,Export Data,25,1
13819,3176,2025-10-19,Export Data,108,4
13820,3176,2025-04-30,Integrations,46,2
13821,3176,2026-01-16,Notifications,90,4
13822,3176,2025-10-20,Dashboard,63,5
13823,3177,2026-08-31,Mobile App,16,4
13824,3177,2026-08-09,Integrations,90,2
13825,3177,2023-10-08,Export Data,7,4
13826,3177,2025-06-11,Team Collaboration,99,1
13827,3177,2023-12-07,Notifications,9,2
13828,3177,2024-05-11,Mobile App,48,1
13829,3177,2024-11-09,Reports,53,4
13830,3177,2023-07-04,Dashboard,60,1
13831,3177,2026-05-18,Reports,107,2
13832,3178,2026-07-12,API Access,16,4
13833,3179,2023-09-23,Notifications,13,5
13834,3179,2026-05-18,Dashboard,112,5
13835,3180,2025-01-14,Notifications,17,4
13836,3180,2025-11-05,Reports,91,2
13837,3180,2024-04-06,API Access,35,5
13838,3180,2023-04-29,Notifications,5,4
13839,3181,2022-11-12,Integrations,14,1
13840,3181,2023-02-18,Reports,80,4
13841,3181,2024-08-10,Reports,48,3
13842,3181,2025-11-17,API Access,78,2
13843,3181,2022-04-10,Export Data,30,2
13844,3181,2026-05-08,Mobile App,17,1
13845,3181,2023-05-21,Mobile App,57,5
13846,3182,2025-05-27,Reports,13,1
13847,3182,2022-02-08,Notifications,85,4
13848,3183,2024-12-13,Export Data,10,2
13849,3183,2021-12-22,Dashboard,17,1
13850,3183,2026-08-09,Mobile App,90,1
13851,3183,2025-08-10,Integrations,8,3
13852,3183,2024-01-27,Notifications,20,2
13853,3184,2026-09-14,Reports,55,5
13854,3184,2026-08-29,Notifications,93,2
13855,3184,2026-08-27,API Access,62,1
13856,3184,2026-09-06,API Access,35,1
13857,3184,2026-09-09,Dashboard,3,2
13858,3184,2026-08-25,API Access,47,4
13859,3185,2026-07-13,Notifications,82,5
13860,3185,2026-08-11,Integrations,67,1
13861,3186,2023-01-05,Dashboard,38,5
13862,3186,2026-03-14,Notifications,48,1
13863,3186,2026-02-24,Export Data,10,4
13864,3186,2025-07-11,Dashboard,2,2
13865,3186,2024-06-02,Team Collaboration,7,5
13866,3186,2023-02-12,Team Collaboration,44,3
13867,3186,2022-08-30,Notifications,26,1
13868,3187,2026-07-18,Notifications,79,4
13869,3187,2025-04-04,Notifications,13,3
13870,3187,2026-09-07,Integrations,70,1
13871,3187,2026-08-26,API Access,74,1
13872,3187,2026-03-26,Reports,38,4
13873,3187,2026-07-19,Team Collaboration,70,5
13874,3187,2026-08-13,Mobile App,113,4
13875,3187,2026-02-22,Dashboard,89,5
13876,3187,2025-10-03,Team Collaboration,5,4
13877,3188,2025-08-26,Export Data,47,4
13878,3189,2023-06-19,Reports,90,1
13879,3190,2026-03-19,Notifications,91,2
13880,3190,2025-07-23,Mobile App,106,1
13881,3190,2026-02-21,Integrations,15,1
13882,3190,2025-10-02,Reports,42,3
13883,3191,2025-12-24,Integrations,23,4
13884,3191,2025-02-27,Integrations,15,3
13885,3191,2025-10-05,Mobile App,9,5
13886,3191,2026-01-12,Export Data,120,1
13887,3191,2025-10-18,API Access,52,3
13888,3192,2021-11-12,Mobile App,72,3
13889,3192,2022-01-25,Integrations,26,3
13890,3192,2021-10-29,Integrations,107,1
13891,3193,2023-12-07,Notifications,53,2
13892,3193,2024-10-21,Notifications,119,1
13893,3194,2025-12-15,Export Data,115,3
13894,3194,2025-06-21,Integrations,76,5
13895,3194,2024-09-11,Export Data,107,1
13896,3194,2025-05-09,Integrations,12,2
13897,3194,2025-12-06,Integrations,52,2
13898,3194,2024-11-04,Team Collaboration,115,3
13899,3195,2023-04-25,Dashboard,7,5
13900,3195,2022-11-01,Mobile App,36,5
13901,3195,2024-11-18,Export Data,17,2
13902,3195,2026-05-12,API Access,52,4
13903,3196,2022-01-20,API Access,64,3
13904,3196,2022-01-10,Export Data,68,3
13905,3196,2022-02-18,Reports,24,1
13906,3196,2022-06-03,Integrations,112,2
13907,3197,2024-01-29,Export Data,65,3
13908,3197,2024-02-04,Team Collaboration,58,1
13909,3197,2024-01-07,Mobile App,17,2
13910,3197,2023-12-15,Team Collaboration,46,2
13911,3200,2025-03-06,Team Collaboration,3,3
13912,3200,2025-08-09,Export Data,27,3
13913,3200,2022-07-11,Notifications,102,4
13914,3200,2023-09-30,Reports,99,3
13915,3200,2022-01-20,Team Collaboration,10,3
13916,3200,2025-02-15,Dashboard,102,5
13917,3201,2022-05-18,Reports,66,3
13918,3202,2024-07-11,API Access,79,2
13919,3202,2024-07-06,Mobile App,47,3
13920,3202,2024-09-28,Notifications,53,1
13921,3202,2025-10-03,Team Collaboration,41,3
13922,3202,2025-07-04,Integrations,87,3
13923,3202,2025-04-02,Team Collaboration,76,4
13924,3202,2025-01-12,Team Collaboration,59,1
13925,3202,2024-11-14,Team Collaboration,28,2
13926,3202,2024-03-24,Notifications,20,2
13927,3202,2026-01-12,Integrations,10,5
13928,3204,2025-11-25,Team Collaboration,32,5
13929,3204,2026-02-11,Export Data,108,4
13930,3205,2024-02-17,API Access,32,2
13931,3206,2026-08-06,API Access,61,3
13932,3206,2023-05-05,Mobile App,13,5
13933,3206,2026-05-02,Mobile App,111,5
13934,3206,2025-03-15,Export Data,10,5
13935,3206,2025-04-10,Reports,32,4
13936,3206,2024-01-03,Export Data,112,3
13937,3206,2026-03-08,Notifications,52,3
13938,3207,2022-09-06,Export Data,12,5
13939,3207,2021-08-08,Reports,14,5
13940,3207,2022-08-04,Notifications,6,2
13941,3207,2022-06-30,Export Data,112,3
13942,3209,2026-01-01,Export Data,62,4
13943,3210,2025-08-25,Export Data,68,5
13944,3210,2024-03-23,Mobile App,80,3
13945,3210,2025-02-05,Team Collaboration,64,3
13946,3210,2023-12-05,Integrations,62,1
13947,3210,2025-04-03,Reports,30,5
13948,3210,2024-10-02,Mobile App,91,3
13949,3210,2023-09-04,Mobile App,69,4
13950,3210,2026-08-22,Export Data,70,1
13951,3210,2022-10-16,Notifications,10,2
13952,3210,2023-05-20,Dashboard,92,4
13953,3211,2025-08-17,API Access,114,1
13954,3211,2026-04-26,API Access,65,4
13955,3211,2026-03-13,Integrations,90,2
13956,3211,2025-11-23,API Access,55,3
13957,3211,2025-05-12,Dashboard,73,3
13958,3211,2026-01-09,Mobile App,69,5
13959,3211,2025-06-02,Mobile App,70,1
13960,3212,2026-06-06,Mobile App,12,4
13961,3213,2025-12-06,Dashboard,95,5
13962,3213,2025-01-24,Integrations,89,2
13963,3213,2023-07-14,Notifications,105,3
13964,3213,2023-02-06,Integrations,36,3
13965,3213,2026-04-18,Dashboard,25,1
13966,3213,2022-07-31,Dashboard,1,3
13967,3213,2024-07-05,Reports,66,5
13968,3213,2024-07-25,Notifications,35,5
13969,3213,2024-03-26,Mobile App,35,2
13970,3213,2022-05-18,Export Data,66,5
13971,3214,2026-06-06,API Access,8,3
13972,3214,2026-09-10,Dashboard,72,3
13973,3214,2026-05-23,Mobile App,72,3
13974,3214,2025-11-20,Integrations,92,2
13975,3214,2025-12-14,Notifications,99,3
13976,3214,2026-05-12,Dashboard,63,2
13977,3214,2025-10-24,Mobile App,87,3
13978,3214,2025-09-06,API Access,46,3
13979,3214,2025-10-16,Dashboard,59,2
13980,3215,2024-01-22,Notifications,38,2
13981,3215,2025-12-12,Integrations,89,5
13982,3215,2025-12-09,Notifications,20,5
13983,3215,2024-10-22,Dashboard,45,3
13984,3215,2023-09-26,Dashboard,39,5
13985,3215,2023-06-16,Dashboard,26,4
13986,3215,2024-11-02,Export Data,91,1
13987,3215,2022-10-11,Reports,83,1
13988,3216,2026-05-31,Team Collaboration,98,1
13989,3216,2023-04-12,Mobile App,19,2
13990,3216,2025-08-14,Dashboard,117,4
13991,3216,2024-03-25,Notifications,64,3
13992,3216,2026-07-21,Reports,92,4
13993,3216,2024-08-25,Reports,40,2
13994,3216,2026-06-28,API Access,96,1
13995,3218,2024-09-24,Export Data,23,2
13996,3218,2024-11-29,Team Collaboration,79,5
13997,3219,2024-10-07,API Access,66,2
13998,3219,2025-09-03,API Access,78,2
13999,3219,2026-03-08,Team Collaboration,58,1
14000,3220,2026-07-28,Notifications,20,1
14001,3220,2026-08-05,Mobile App,113,5
14002,3220,2026-08-08,Mobile App,36,4
14003,3220,2026-07-30,Notifications,117,5
14004,3221,2023-01-18,Team Collaboration,42,1
14005,3221,2023-03-10,Dashboard,42,1
14006,3221,2023-12-11,API Access,36,3
14007,3222,2026-08-12,Mobile App,114,4
14008,3222,2026-08-04,API Access,4,1
14009,3222,2026-08-21,Mobile App,8,2
14010,3223,2025-11-07,Integrations,57,2
14011,3223,2025-11-25,Export Data,95,3
14012,3224,2026-07-22,Integrations,51,2
14013,3224,2026-01-10,Notifications,25,3
14014,3224,2025-11-30,Notifications,110,4
14015,3224,2025-07-29,Reports,38,3
14016,3224,2025-05-20,Export Data,104,3
14017,3224,2026-08-05,Mobile App,102,1
14018,3224,2026-01-11,Integrations,109,5
14019,3225,2024-09-04,API Access,32,1
14020,3225,2024-09-21,Dashboard,71,4
14021,3225,2025-02-27,Export Data,57,4
14022,3225,2024-07-26,Integrations,16,4
14023,3226,2024-01-25,Mobile App,57,1
14024,3226,2022-10-17,Dashboard,74,4
14025,3226,2023-01-14,Mobile App,46,5
14026,3227,2026-06-19,Export Data,76,3
14027,3227,2026-09-05,API Access,90,1
14028,3227,2026-07-31,Export Data,35,4
14029,3227,2026-07-04,Notifications,53,1
14030,3227,2026-06-25,Export Data,50,2
14031,3227,2026-06-28,Team Collaboration,60,3
14032,3228,2024-07-24,Export Data,7,5
14033,3228,2023-11-25,Export Data,64,4
14034,3228,2023-10-18,Reports,117,4
14035,3228,2022-09-11,Integrations,51,1
14036,3229,2023-07-31,Reports,49,3
14037,3229,2026-06-16,Dashboard,45,1
14038,3229,2024-11-06,Team Collaboration,62,3
14039,3229,2024-03-22,Notifications,31,5
14040,3229,2024-03-04,API Access,75,5
14041,3230,2022-04-15,Mobile App,105,1
14042,3231,2026-07-03,Reports,82,1
14043,3231,2026-07-26,Mobile App,21,2
14044,3231,2026-03-23,Dashboard,16,4
14045,3231,2026-07-01,Mobile App,105,1
14046,3231,2026-06-12,Team Collaboration,100,1
14047,3231,2026-08-17,Team Collaboration,35,4
14048,3231,2026-07-26,Team Collaboration,52,2
14049,3231,2026-07-01,Export Data,24,1
14050,3231,2026-07-02,Team Collaboration,28,5
14051,3231,2026-05-14,API Access,83,5
14052,3232,2022-06-11,API Access,99,4
14053,3232,2024-01-15,Reports,31,2
14054,3232,2022-03-07,API Access,108,1
14055,3232,2023-10-25,Reports,70,4
14056,3232,2021-11-04,Team Collaboration,44,4
14057,3232,2025-07-12,Mobile App,67,5
14058,3232,2024-05-17,Reports,59,3
14059,3232,2021-05-30,Notifications,110,2
14060,3232,2022-11-20,API Access,94,3
14061,3232,2022-11-19,API Access,21,5
14062,3233,2026-08-31,Team Collaboration,101,3
14063,3233,2026-06-29,Dashboard,48,2
14064,3233,2025-06-29,Notifications,115,1
14065,3233,2026-01-18,Team Collaboration,63,3
14066,3233,2026-04-02,Integrations,115,1
14067,3234,2025-03-07,API Access,50,1
14068,3235,2021-06-02,Reports,13,1
14069,3236,2026-07-18,Reports,42,2
14070,3236,2023-03-15,Integrations,40,1
14071,3236,2024-12-08,Team Collaboration,35,2
14072,3236,2025-04-27,Mobile App,66,2
14073,3236,2025-11-26,Export Data,24,3
14074,3236,2021-10-25,Notifications,9,5
14075,3236,2025-03-16,Notifications,104,5
14076,3237,2023-04-10,Export Data,85,3
14077,3237,2023-06-04,API Access,116,5
14078,3237,2023-04-10,Team Collaboration,92,2
14079,3238,2026-06-17,Export Data,45,1
14080,3238,2025-08-06,Reports,62,1
14081,3239,2026-04-10,Mobile App,99,2
14082,3239,2025-02-08,Notifications,58,1
14083,3239,2026-05-02,Export Data,71,3
14084,3239,2025-10-12,Mobile App,2,3
14085,3239,2026-02-02,Notifications,14,5
14086,3240,2024-09-21,Integrations,25,5
14087,3240,2026-04-16,Export Data,10,2
14088,3240,2026-07-16,Reports,106,3
14089,3240,2024-11-04,Team Collaboration,70,5
14090,3240,2026-03-04,Integrations,49,4
14091,3240,2024-11-28,Dashboard,19,3
14092,3240,2024-01-23,Integrations,2,4
14093,3241,2025-03-14,Mobile App,32,2
14094,3241,2025-03-12,API Access,105,4
14095,3242,2026-03-24,API Access,112,5
14096,3243,2022-06-28,Notifications,14,3
14097,3243,2024-11-30,Reports,84,2
14098,3243,2026-01-08,Mobile App,78,4
14099,3243,2025-03-25,API Access,89,4
14100,3243,2024-10-17,Reports,113,2
14101,3243,2024-08-15,Dashboard,7,4
14102,3244,2026-08-03,Mobile App,31,3
14103,3245,2026-03-15,API Access,79,3
14104,3245,2024-09-09,Reports,80,1
14105,3245,2025-01-18,Team Collaboration,54,2
14106,3245,2024-02-25,Notifications,114,2
14107,3245,2025-12-10,Team Collaboration,94,1
14108,3245,2026-02-10,Team Collaboration,4,4
14109,3246,2023-10-18,Dashboard,109,1
14110,3246,2023-10-03,API Access,76,3
14111,3246,2024-05-31,Dashboard,103,4
14112,3247,2026-06-20,Integrations,103,3
14113,3247,2025-01-31,Reports,119,3
14114,3247,2025-03-30,Integrations,36,5
14115,3247,2025-12-18,API Access,67,5
14116,3247,2025-08-29,Reports,8,4
14117,3247,2025-02-10,Notifications,102,3
14118,3247,2026-08-15,Mobile App,80,2
14119,3247,2024-09-28,Team Collaboration,20,3
14120,3247,2026-04-30,Team Collaboration,25,1
14121,3247,2025-04-07,Integrations,75,2
14122,3248,2026-05-29,Team Collaboration,119,3
14123,3249,2025-08-23,API Access,60,1
14124,3249,2026-09-01,Mobile App,103,2
14125,3249,2023-09-12,Team Collaboration,92,3
14126,3249,2022-07-24,Mobile App,48,5
14127,3249,2022-10-21,Mobile App,77,4
14128,3249,2024-02-28,API Access,104,3
14129,3250,2026-06-30,Dashboard,63,5
14130,3250,2024-04-28,Integrations,34,3
14131,3250,2024-07-31,Integrations,110,1
14132,3250,2024-12-25,Export Data,35,5
14133,3250,2025-08-08,Team Collaboration,24,5
14134,3251,2025-10-05,Integrations,43,5
14135,3251,2024-03-06,Notifications,88,1
14136,3251,2025-09-21,API Access,5,3
14137,3251,2021-09-19,Team Collaboration,7,5
14138,3251,2026-05-31,Dashboard,43,1
14139,3251,2026-09-04,Team Collaboration,87,3
14140,3251,2022-03-10,Reports,72,5
14141,3252,2026-02-13,Team Collaboration,81,5
14142,3252,2025-06-05,Dashboard,27,5
14143,3252,2024-09-04,Reports,16,1
14144,3252,2025-07-14,Mobile App,38,2
14145,3252,2025-08-11,Reports,11,1
14146,3252,2025-12-29,Team Collaboration,1,5
14147,3252,2026-09-11,Export Data,105,2
14148,3252,2025-04-06,Dashboard,69,2
14149,3252,2025-05-11,Export Data,61,5
14150,3254,2026-08-08,Mobile App,120,2
14151,3254,2026-09-02,Notifications,85,5
14152,3254,2026-07-24,Notifications,48,2
14153,3254,2026-04-26,Reports,106,3
14154,3254,2026-04-30,Team Collaboration,17,5
14155,3254,2026-05-02,Team Collaboration,20,2
14156,3254,2026-04-02,Notifications,2,2
14157,3254,2026-08-15,Mobile App,8,3
14158,3254,2026-08-04,Dashboard,51,4
14159,3255,2026-04-28,Notifications,110,2
14160,3255,2025-08-06,Notifications,38,5
14161,3255,2024-12-11,Dashboard,115,5
14162,3256,2022-01-02,Notifications,66,4
14163,3256,2022-12-29,Export Data,87,5
14164,3257,2025-07-10,Integrations,25,1
14165,3257,2025-09-17,API Access,81,2
14166,3257,2025-02-13,Reports,73,1
14167,3257,2025-03-13,Team Collaboration,4,4
14168,3257,2024-08-19,API Access,22,1
14169,3257,2024-09-10,Team Collaboration,99,3
14170,3258,2025-03-06,Export Data,65,1
14171,3258,2025-02-16,Export Data,95,4
14172,3258,2025-08-02,Dashboard,70,1
14173,3258,2024-01-04,Notifications,98,1
14174,3258,2024-02-21,Dashboard,102,3
14175,3259,2023-07-03,Dashboard,92,3
14176,3259,2023-08-27,Export Data,87,4
14177,3259,2023-07-30,Export Data,3,4
14178,3259,2024-11-01,Dashboard,119,4
14179,3260,2024-09-30,Mobile App,66,5
14180,3260,2024-11-11,Integrations,46,2
14181,3260,2024-11-25,Dashboard,114,2
14182,3261,2023-12-26,Notifications,120,3
14183,3261,2024-10-19,API Access,60,1
14184,3262,2023-06-28,Reports,56,2
14185,3263,2025-08-24,Team Collaboration,53,3
14186,3263,2024-09-30,Export Data,79,4
14187,3263,2026-01-13,Mobile App,23,1
14188,3265,2021-05-11,Team Collaboration,93,5
14189,3266,2023-05-09,Export Data,112,5
14190,3266,2023-09-28,Reports,90,4
14191,3266,2022-02-18,API Access,33,3
14192,3266,2025-03-27,Notifications,25,1
14193,3266,2025-09-06,Team Collaboration,76,2
14194,3266,2023-12-09,Export Data,87,1
14195,3267,2022-10-11,Team Collaboration,13,4
14196,3268,2023-07-21,API Access,67,2
14197,3268,2023-11-16,Team Collaboration,40,1
14198,3268,2022-04-15,API Access,92,4
14199,3268,2026-03-11,API Access,85,3
14200,3268,2025-02-04,Export Data,53,4
14201,3269,2023-11-13,Mobile App,94,3
14202,3269,2023-08-02,Notifications,24,5
14203,3269,2026-04-06,Integrations,46,5
14204,3269,2024-01-22,API Access,89,1
14205,3271,2025-09-14,Dashboard,46,3
14206,3271,2026-05-14,Integrations,105,1
14207,3271,2026-07-25,Export Data,43,4
14208,3272,2026-06-23,Team Collaboration,61,3
14209,3272,2026-03-28,API Access,120,4
14210,3272,2025-11-08,API Access,48,3
14211,3272,2025-04-06,Reports,112,2
14212,3272,2025-01-31,Mobile App,88,1
14213,3272,2025-05-04,Notifications,22,4
14214,3272,2025-12-10,API Access,44,2
14215,3272,2026-01-18,Mobile App,48,5
14216,3272,2025-07-17,Integrations,96,4
14217,3273,2026-07-28,API Access,23,3
14218,3273,2026-07-04,Notifications,41,3
14219,3274,2024-12-15,Team Collaboration,1,5
14220,3274,2024-12-23,Dashboard,54,2
14221,3274,2024-03-09,Reports,19,5
14222,3274,2022-12-20,Dashboard,57,1
14223,3274,2026-03-31,Team Collaboration,102,1
14224,3274,2023-04-25,API Access,113,1
14225,3274,2023-11-04,Team Collaboration,88,5
14226,3275,2025-08-16,Dashboard,18,4
14227,3275,2026-01-05,Mobile App,103,3
14228,3275,2024-09-28,Reports,108,1
14229,3275,2025-08-24,Integrations,8,2
14230,3276,2024-05-09,Integrations,81,2
14231,3277,2025-05-30,Integrations,40,5
14232,3277,2025-02-17,Dashboard,59,3
14233,3278,2025-11-20,Dashboard,4,4
14234,3278,2022-10-07,Dashboard,7,2
14235,3278,2024-10-12,Team Collaboration,27,2
14236,3278,2022-03-02,Dashboard,73,4
14237,3278,2024-06-15,Export Data,86,5
14238,3279,2025-07-06,Integrations,105,4
14239,3279,2025-09-17,Dashboard,25,5
14240,3279,2025-06-07,Team Collaboration,86,1
14241,3279,2025-12-09,Notifications,65,2
14242,3280,2026-01-11,Notifications,91,4
14243,3280,2025-03-09,Notifications,73,3
14244,3280,2026-08-24,Notifications,57,1
14245,3280,2023-07-17,Dashboard,57,1
14246,3280,2025-11-05,Mobile App,114,2
14247,3282,2023-03-03,Notifications,38,5
14248,3282,2025-05-03,Mobile App,118,4
14249,3282,2025-06-06,Notifications,68,5
14250,3282,2021-12-04,Dashboard,91,1
14251,3282,2025-02-21,Team Collaboration,20,1
14252,3282,2022-04-10,Dashboard,53,5
14253,3282,2026-03-01,Reports,43,1
14254,3282,2025-12-06,Reports,21,5
14255,3283,2026-04-19,Mobile App,29,1
14256,3283,2026-07-09,API Access,71,4
14257,3283,2026-09-14,Integrations,107,4
14258,3283,2025-12-28,Team Collaboration,117,5
14259,3284,2026-07-31,Integrations,92,2
14260,3284,2026-03-20,Export Data,40,3
14261,3284,2025-08-08,Integrations,31,2
14262,3285,2025-01-31,Export Data,39,3
14263,3285,2025-04-08,Mobile App,114,2
14264,3285,2025-09-22,Integrations,69,1
14265,3285,2025-05-05,API Access,104,4
14266,3286,2022-11-28,Dashboard,6,3
14267,3286,2022-08-01,Integrations,88,5
14268,3286,2022-08-24,Dashboard,55,3
14269,3287,2025-11-06,Team Collaboration,76,5
14270,3287,2026-07-15,Notifications,1,2
14271,3288,2023-08-17,API Access,40,2
14272,3288,2022-07-03,Reports,65,4
14273,3289,2025-08-08,Notifications,62,2
14274,3289,2025-02-21,Notifications,22,3
14275,3289,2025-11-06,Export Data,68,1
14276,3289,2025-01-07,API Access,61,2
14277,3289,2025-10-11,API Access,104,5
14278,3289,2023-08-07,API Access,79,3
14279,3289,2024-07-27,Export Data,7,4
14280,3289,2025-07-28,Team Collaboration,14,2
14281,3290,2024-04-17,Mobile App,66,1
14282,3290,2024-02-14,Mobile App,115,2
14283,3290,2026-01-15,Mobile App,75,1
14284,3290,2023-10-15,Mobile App,101,1
14285,3290,2025-12-24,Export Data,17,5
14286,3290,2023-06-08,Reports,104,1
14287,3290,2023-08-14,Mobile App,112,3
14288,3290,2026-08-03,Reports,88,4
14289,3291,2022-11-20,Integrations,106,5
14290,3291,2022-11-04,Notifications,31,4
14291,3292,2025-05-03,Team Collaboration,29,4
14292,3292,2024-11-13,Reports,64,2
14293,3292,2025-06-16,Team Collaboration,14,2
14294,3292,2026-07-26,Export Data,74,5
14295,3293,2026-08-25,Integrations,51,5
14296,3293,2025-11-18,API Access,48,3
14297,3293,2025-12-16,Team Collaboration,15,4
14298,3294,2026-09-13,Dashboard,105,4
14299,3295,2026-09-01,Reports,40,1
14300,3295,2026-08-27,Integrations,31,4
14301,3295,2026-06-12,Notifications,81,4
14302,3295,2026-04-08,Reports,71,3
14303,3295,2026-07-28,Integrations,44,4
14304,3296,2026-04-27,Reports,27,2
14305,3296,2025-09-17,Export Data,4,5
14306,3296,2026-04-08,API Access,7,5
14307,3296,2026-06-07,Notifications,76,4
14308,3296,2026-07-11,Mobile App,85,5
14309,3296,2025-10-20,Mobile App,108,2
14310,3296,2026-01-07,Integrations,49,5
14311,3296,2026-07-27,Export Data,51,3
14312,3297,2025-10-29,Team Collaboration,105,3
14313,3297,2023-05-17,Reports,67,1
14314,3297,2026-02-24,Notifications,63,4
14315,3297,2022-11-23,Mobile App,110,1
14316,3297,2026-01-30,Reports,112,1
14317,3297,2025-10-26,Mobile App,118,5
14318,3298,2021-07-26,Reports,70,1
14319,3298,2021-04-16,Notifications,53,1
14320,3299,2022-11-09,Notifications,44,2
14321,3299,2022-07-27,Integrations,7,4
14322,3300,2026-08-07,Integrations,22,2
14323,3300,2026-08-28,Integrations,91,5
14324,3300,2026-08-01,Export Data,25,4
14325,3300,2026-05-06,API Access,117,2
14326,3300,2026-07-02,Team Collaboration,92,3
14327,3300,2026-06-25,Mobile App,6,5
14328,3300,2026-08-24,Notifications,95,2
14329,3300,2026-05-15,Reports,45,3
14330,3300,2025-12-24,Mobile App,55,4
14331,3300,2026-07-23,Mobile App,117,5
14332,3301,2026-07-23,Dashboard,67,4
14333,3301,2024-07-29,API Access,56,1
14334,3301,2025-07-01,Reports,64,3
14335,3301,2026-08-12,Integrations,119,5
14336,3302,2024-11-04,Team Collaboration,116,1
14337,3302,2024-10-11,Integrations,108,3
14338,3302,2024-10-30,Notifications,54,2
14339,3303,2022-11-10,Reports,35,3
14340,3303,2022-10-07,Notifications,26,2
14341,3304,2025-01-29,Mobile App,97,5
14342,3304,2025-02-25,Reports,117,1
14343,3304,2025-12-06,Reports,31,5
14344,3304,2026-09-12,Team Collaboration,22,2
14345,3305,2026-01-03,Dashboard,66,2
14346,3305,2026-05-10,Notifications,81,5
14347,3305,2026-08-20,Mobile App,36,3
14348,3305,2026-03-19,Integrations,36,3
14349,3305,2026-01-13,Notifications,58,2
14350,3305,2026-08-11,Team Collaboration,78,1
14351,3305,2026-01-01,Integrations,9,5
14352,3306,2023-02-15,API Access,45,1
14353,3306,2024-09-25,API Access,102,1
14354,3306,2024-12-19,Notifications,45,2
14355,3306,2024-07-07,Reports,15,2
14356,3306,2025-01-27,Mobile App,58,5
14357,3306,2024-04-19,Export Data,1,5
14358,3306,2026-03-29,Notifications,24,4
14359,3307,2024-12-26,Dashboard,1,5
14360,3307,2022-03-14,Reports,77,1
14361,3307,2024-09-16,Mobile App,16,2
14362,3307,2024-09-22,Reports,45,5
14363,3307,2026-05-04,Team Collaboration,75,5
14364,3307,2025-02-02,Dashboard,49,1
14365,3307,2022-01-01,Notifications,72,2
14366,3307,2023-02-26,Export Data,69,1
14367,3307,2025-04-21,Integrations,24,3
14368,3309,2025-08-08,Reports,37,1
14369,3309,2025-04-18,Team Collaboration,88,3
14370,3309,2025-09-22,Export Data,14,2
14371,3310,2025-11-16,Dashboard,115,4
14372,3311,2026-09-03,Mobile App,68,5
14373,3311,2026-08-22,Team Collaboration,105,2
14374,3311,2026-08-07,Reports,99,4
14375,3312,2025-10-31,Team Collaboration,92,2
14376,3312,2025-11-10,Reports,99,2
14377,3313,2026-02-26,Reports,43,5
14378,3313,2026-01-06,API Access,112,2
14379,3313,2026-06-09,Dashboard,99,3
14380,3313,2025-07-19,Dashboard,20,5
14381,3314,2023-12-04,Integrations,113,3
14382,3314,2023-05-26,Export Data,95,2
14383,3315,2026-01-19,Notifications,93,4
14384,3315,2024-12-22,Integrations,76,2
14385,3316,2026-01-21,Export Data,44,3
14386,3316,2025-04-05,Export Data,109,5
14387,3316,2023-09-30,Mobile App,120,4
14388,3316,2025-02-17,Notifications,111,1
14389,3316,2025-07-11,Notifications,73,3
14390,3316,2025-11-16,Team Collaboration,73,2
14391,3317,2026-08-30,Notifications,91,1
14392,3317,2026-08-07,Dashboard,83,3
14393,3317,2026-08-22,Export Data,30,3
14394,3317,2026-09-13,Reports,90,5
14395,3317,2026-07-23,Team Collaboration,11,5
14396,3317,2026-06-18,Integrations,112,1
14397,3317,2026-06-30,Export Data,77,1
14398,3317,2026-06-26,Team Collaboration,2,4
14399,3317,2026-07-26,Integrations,5,4
14400,3317,2026-07-06,Dashboard,63,5
14401,3318,2024-09-26,API Access,88,5
14402,3318,2024-04-20,Notifications,87,2
14403,3319,2025-01-21,Dashboard,65,2
14404,3320,2026-07-24,API Access,19,2
14405,3320,2025-05-28,Dashboard,41,3
14406,3320,2024-10-18,Notifications,35,4
14407,3320,2023-09-08,Integrations,38,4
14408,3320,2024-06-20,Dashboard,76,3
14409,3320,2022-03-21,Dashboard,113,1
14410,3320,2024-12-14,Integrations,44,1
14411,3320,2026-03-25,Reports,63,2
14412,3320,2023-03-19,Export Data,9,1
14413,3321,2025-07-04,Dashboard,76,2
14414,3321,2024-02-18,Team Collaboration,5,2
14415,3321,2023-04-22,Team Collaboration,33,5
14416,3321,2023-06-05,API Access,118,4
14417,3321,2025-08-13,Dashboard,67,3
14418,3321,2026-06-21,Team Collaboration,61,1
14419,3321,2023-06-05,API Access,59,3
14420,3321,2024-05-04,Export Data,35,2
14421,3321,2025-10-30,Export Data,23,5
14422,3322,2024-04-15,Integrations,9,4
14423,3322,2024-07-27,Reports,13,1
14424,3322,2025-02-03,Export Data,29,1
14425,3322,2023-12-08,Reports,87,1
14426,3322,2025-01-12,Reports,15,2
14427,3323,2025-03-16,Mobile App,116,2
14428,3323,2025-04-05,Notifications,13,1
14429,3324,2026-02-02,Notifications,27,1
14430,3324,2026-07-15,API Access,2,5
14431,3324,2026-04-27,Team Collaboration,119,3
14432,3324,2026-08-04,Notifications,55,4
14433,3324,2026-05-23,Mobile App,48,2
14434,3324,2025-11-13,Export Data,110,5
14435,3324,2026-07-15,Team Collaboration,64,3
14436,3324,2025-12-20,Integrations,30,5
14437,3324,2026-02-05,Dashboard,91,3
14438,3324,2026-03-24,Notifications,14,2
14439,3325,2023-03-28,Notifications,90,5
14440,3325,2022-11-28,Export Data,102,1
14441,3325,2022-06-01,Team Collaboration,75,5
14442,3325,2024-09-12,Mobile App,95,4
14443,3326,2026-05-18,Export Data,96,5
14444,3326,2024-07-21,Dashboard,43,4
14445,3326,2026-08-04,Team Collaboration,90,4
14446,3326,2023-07-07,Team Collaboration,31,2
14447,3326,2023-09-20,Export Data,95,2
14448,3327,2024-04-03,Export Data,102,1
14449,3327,2024-06-06,Notifications,6,5
14450,3327,2024-12-16,Integrations,26,5
14451,3327,2025-07-21,Team Collaboration,23,1
14452,3327,2025-06-16,Team Collaboration,89,1
14453,3327,2025-01-08,Mobile App,17,2
14454,3327,2025-03-26,Notifications,23,5
14455,3328,2026-05-13,Mobile App,60,3
14456,3328,2022-07-15,Reports,56,1
14457,3328,2025-10-13,Dashboard,73,5
14458,3328,2024-03-26,Reports,92,1
14459,3328,2025-06-28,Integrations,17,2
14460,3328,2022-12-12,Notifications,9,1
14461,3328,2024-05-11,Dashboard,64,5
14462,3328,2022-05-07,Team Collaboration,16,3
14463,3328,2025-03-01,Team Collaboration,88,5
14464,3328,2023-07-06,Team Collaboration,114,5
14465,3330,2025-09-19,Export Data,19,1
14466,3330,2025-03-28,Notifications,16,4
14467,3330,2025-08-14,Reports,79,5
14468,3330,2025-04-26,Export Data,26,5
14469,3331,2026-01-27,Reports,100,5
14470,3331,2022-07-29,Mobile App,96,1
14471,3331,2023-02-19,Integrations,42,2
14472,3331,2025-07-31,Dashboard,63,1
14473,3331,2024-03-26,Integrations,57,3
14474,3331,2023-09-25,API Access,72,1
14475,3331,2023-04-03,Mobile App,115,4
14476,3331,2023-12-28,Integrations,12,4
14477,3331,2026-05-15,Reports,85,5
14478,3332,2021-06-25,Integrations,59,4
14479,3333,2025-03-18,Dashboard,4,1
14480,3334,2021-03-23,Export Data,45,4
14481,3334,2022-01-21,API Access,95,2
14482,3334,2021-10-29,Team Collaboration,23,3
14483,3335,2025-04-06,Export Data,78,2
14484,3335,2025-06-21,Export Data,62,2
14485,3335,2025-04-01,API Access,69,4
14486,3335,2025-06-02,Reports,75,4
14487,3336,2024-11-15,API Access,3,5
14488,3336,2025-01-20,Mobile App,100,4
14489,3337,2023-10-14,Notifications,8,1
14490,3337,2023-05-02,Team Collaboration,89,1
14491,3337,2023-10-17,Dashboard,115,2
14492,3337,2026-04-30,Team Collaboration,86,3
14493,3338,2022-10-25,Reports,106,4
14494,3338,2024-07-22,Notifications,116,5
14495,3338,2023-03-24,Integrations,36,3
14496,3338,2024-04-29,Mobile App,48,3
14497,3338,2025-08-21,Mobile App,73,4
14498,3338,2024-11-21,Mobile App,6,3
14499,3338,2026-01-21,API Access,31,1
14500,3339,2023-08-23,Mobile App,85,5
14501,3339,2024-02-09,Mobile App,104,3
14502,3339,2025-01-30,API Access,68,1
14503,3339,2023-07-13,API Access,73,1
14504,3339,2025-06-28,Reports,86,1
14505,3339,2023-10-19,Reports,39,4
14506,3339,2025-09-20,Export Data,5,3
14507,3339,2025-07-06,Notifications,82,4
14508,3339,2024-04-06,Dashboard,68,5
14509,3339,2025-05-07,Notifications,115,1
14510,3340,2026-09-09,Integrations,116,3
14511,3340,2026-08-15,Team Collaboration,82,1
14512,3340,2026-07-15,Notifications,38,2
14513,3340,2026-09-03,Reports,73,1
14514,3340,2026-07-31,Dashboard,95,2
14515,3340,2026-09-10,Reports,33,4
14516,3340,2026-07-06,Team Collaboration,27,2
14517,3341,2023-04-02,Notifications,2,2
14518,3341,2023-07-30,API Access,56,5
14519,3342,2025-09-15,API Access,33,1
14520,3343,2025-09-09,API Access,29,3
14521,3343,2025-10-12,Team Collaboration,53,4
14522,3343,2025-10-17,Mobile App,82,2
14523,3343,2025-10-31,Reports,43,5
14524,3343,2026-03-25,Mobile App,34,4
14525,3343,2026-02-02,Notifications,20,2
14526,3343,2026-05-01,Notifications,103,1
14527,3343,2026-01-05,API Access,32,1
14528,3343,2025-03-01,Reports,92,5
14529,3344,2025-05-04,Integrations,4,5
14530,3345,2026-08-24,API Access,91,1
14531,3345,2026-09-13,Mobile App,36,4
14532,3345,2026-09-10,Export Data,37,3
14533,3345,2026-08-24,Dashboard,110,1
14534,3347,2023-03-03,Export Data,93,2
14535,3347,2022-11-16,Integrations,117,5
14536,3347,2022-07-09,Mobile App,63,4
14537,3347,2024-08-15,Mobile App,82,3
14538,3347,2024-04-28,Reports,27,2
14539,3348,2026-08-25,Dashboard,9,4
14540,3348,2025-10-23,Export Data,60,1
14541,3348,2026-01-17,Integrations,21,5
14542,3349,2025-11-14,Reports,76,3
14543,3349,2026-05-03,Reports,58,3
14544,3349,2026-08-26,Team Collaboration,56,4
14545,3350,2026-04-14,Reports,3,4
14546,3350,2026-07-03,Integrations,10,2
14547,3350,2026-05-02,API Access,40,1
14548,3350,2026-05-04,Notifications,116,3
14549,3350,2026-02-12,Integrations,108,5
14550,3350,2026-07-17,Export Data,10,4
14551,3350,2024-09-13,Mobile App,50,5
14552,3350,2024-12-15,Dashboard,102,2
14553,3350,2026-01-30,Notifications,30,2
14554,3350,2025-01-08,API Access,29,3
14555,3351,2025-07-16,Integrations,53,2
14556,3351,2026-07-03,Notifications,116,3
14557,3351,2025-07-01,Team Collaboration,38,1
14558,3351,2025-09-03,Team Collaboration,51,3
14559,3351,2025-10-04,API Access,43,3
14560,3351,2026-02-18,Mobile App,88,5
14561,3351,2025-11-08,Notifications,4,4
14562,3351,2026-02-27,Dashboard,85,1
14563,3352,2026-06-29,Reports,5,1
14564,3352,2026-07-20,Team Collaboration,70,3
14565,3353,2021-12-10,Dashboard,58,3
14566,3353,2025-03-02,Integrations,36,3
14567,3353,2025-11-01,Notifications,89,5
14568,3353,2025-11-16,Mobile App,60,1
14569,3354,2024-10-08,Export Data,84,3
14570,3354,2025-12-17,Notifications,87,4
14571,3354,2025-09-09,API Access,41,3
14572,3354,2023-09-30,Export Data,110,5
14573,3354,2024-04-07,Export Data,21,2
14574,3355,2024-11-17,Team Collaboration,99,1
14575,3355,2024-12-10,Notifications,35,3
14576,3355,2024-09-26,Team Collaboration,21,4
14577,3355,2025-01-09,Integrations,60,4
14578,3355,2025-08-21,Dashboard,40,3
14579,3356,2026-01-08,Notifications,94,1
14580,3356,2026-01-07,Notifications,38,3
14581,3356,2025-09-15,Reports,71,4
14582,3357,2026-01-15,Reports,32,1
14583,3357,2025-12-09,Reports,54,4
14584,3358,2026-06-14,Integrations,85,3
14585,3358,2026-08-20,Reports,118,5
14586,3358,2026-08-22,Team Collaboration,91,1
14587,3358,2026-06-29,Team Collaboration,99,5
14588,3358,2026-08-22,Notifications,1,1
14589,3358,2026-08-22,Dashboard,74,3
14590,3358,2026-08-27,Reports,85,3
14591,3358,2026-07-30,Notifications,53,5
14592,3358,2026-07-04,API Access,91,5
14593,3358,2026-08-02,Reports,53,2
14594,3359,2021-11-27,Mobile App,63,5
14595,3359,2022-05-13,Mobile App,106,5
14596,3359,2022-01-24,Export Data,84,1
14597,3359,2022-04-16,Export Data,3,1
14598,3360,2024-10-13,Export Data,15,4
14599,3360,2024-02-06,Integrations,71,3
14600,3360,2024-05-20,Dashboard,97,3
14601,3361,2025-03-14,Export Data,41,5
14602,3361,2024-10-22,Integrations,20,3
14603,3362,2024-09-17,Export Data,11,5
14604,3362,2024-10-29,Mobile App,56,5
14605,3362,2025-06-01,Integrations,19,2
14606,3362,2025-04-18,Notifications,82,3
14607,3362,2026-08-05,Notifications,37,2
14608,3362,2025-04-25,Reports,71,3
14609,3362,2025-11-17,Reports,14,5
14610,3363,2023-05-26,Notifications,20,3
14611,3363,2025-03-20,Team Collaboration,21,4
14612,3364,2022-09-24,Notifications,56,3
14613,3364,2025-11-01,Dashboard,8,5
14614,3364,2022-12-01,Dashboard,15,4
14615,3364,2026-06-09,Integrations,28,4
14616,3364,2024-12-22,Mobile App,8,1
14617,3364,2025-06-05,Notifications,68,5
14618,3364,2025-03-25,Dashboard,7,5
14619,3364,2024-11-23,Integrations,68,2
14620,3364,2023-10-30,Reports,69,1
14621,3364,2023-02-24,Reports,103,2
14622,3365,2025-06-23,Mobile App,14,5
14623,3365,2023-05-29,Notifications,118,3
14624,3365,2022-03-27,Integrations,102,5
14625,3365,2023-08-10,Mobile App,97,1
14626,3365,2024-05-30,Mobile App,4,1
14627,3365,2025-05-31,Export Data,115,5
14628,3365,2022-04-19,API Access,97,3
14629,3365,2026-06-07,Dashboard,84,2
14630,3365,2022-09-22,Mobile App,34,4
14631,3366,2023-08-23,Reports,70,5
14632,3366,2024-03-06,Team Collaboration,82,4
14633,3366,2024-01-03,Dashboard,97,2
14634,3366,2023-12-04,API Access,71,5
14635,3367,2026-08-21,Notifications,98,2
14636,3367,2026-03-19,Team Collaboration,41,3
14637,3367,2024-05-20,Integrations,62,3
14638,3367,2024-10-26,Integrations,85,2
14639,3367,2023-06-14,Mobile App,88,4
14640,3368,2024-10-13,Integrations,106,5
14641,3368,2025-10-27,API Access,18,1
14642,3369,2025-09-04,Reports,93,2
14643,3369,2026-01-20,Notifications,74,3
14644,3370,2021-04-05,Integrations,104,5
14645,3370,2022-04-04,Notifications,65,3
14646,3370,2023-03-12,Integrations,69,5
14647,3370,2025-11-21,Notifications,116,5
14648,3371,2023-06-23,Reports,80,4
14649,3371,2024-12-22,Reports,5,4
14650,3371,2023-05-24,Team Collaboration,29,1
14651,3372,2024-10-13,Dashboard,10,1
14652,3372,2022-05-21,Team Collaboration,96,2
14653,3372,2022-06-17,API Access,114,3
14654,3372,2023-03-04,Team Collaboration,15,4
14655,3372,2023-04-19,Notifications,7,3
14656,3372,2022-11-10,Export Data,5,3
14657,3372,2026-03-28,Team Collaboration,26,2
14658,3372,2022-06-28,Mobile App,59,2
14659,3372,2023-08-18,API Access,66,2
14660,3372,2021-06-23,Notifications,5,4
14661,3373,2022-01-26,API Access,8,2
14662,3373,2023-05-30,Notifications,13,2
14663,3373,2021-04-11,API Access,105,4
14664,3374,2024-10-15,Export Data,14,2
14665,3374,2021-09-16,Dashboard,51,2
14666,3374,2023-02-08,Team Collaboration,40,1
14667,3375,2025-06-10,Export Data,75,1
14668,3376,2024-07-27,Integrations,66,3
14669,3377,2026-09-04,Reports,105,2
14670,3377,2026-07-07,Export Data,29,4
14671,3377,2026-04-04,Team Collaboration,118,5
14672,3377,2026-04-10,Export Data,110,1
14673,3378,2022-12-28,Reports,5,5
14674,3378,2025-05-26,API Access,61,5
14675,3378,2024-08-18,Mobile App,89,4
14676,3378,2024-03-10,Integrations,1,3
14677,3378,2022-10-27,Export Data,65,4
14678,3378,2023-06-02,Dashboard,11,2
14679,3378,2023-01-11,Team Collaboration,118,4
14680,3379,2026-08-02,Integrations,15,2
14681,3379,2026-02-16,Notifications,57,2
14682,3379,2025-09-10,Notifications,117,2
14683,3379,2026-01-15,Export Data,85,1
14684,3379,2025-12-09,API Access,111,5
14685,3381,2024-08-20,Integrations,76,2
14686,3381,2026-02-19,Notifications,115,5
14687,3381,2025-02-27,Notifications,44,5
14688,3381,2025-12-24,Notifications,80,3
14689,3382,2022-09-27,Integrations,118,2
14690,3382,2023-06-21,Integrations,77,3
14691,3383,2026-07-28,Integrations,73,3
14692,3383,2026-06-02,API Access,32,2
14693,3383,2026-07-20,Mobile App,40,2
14694,3383,2026-07-23,Export Data,96,3
14695,3383,2026-05-12,Mobile App,34,5
14696,3383,2026-05-23,Export Data,11,5
14697,3383,2026-08-03,Mobile App,8,3
14698,3383,2026-04-19,Mobile App,66,4
14699,3383,2026-05-15,API Access,100,4
14700,3383,2026-07-12,Export Data,88,4
14701,3385,2025-04-04,Reports,48,5
14702,3385,2024-12-01,Reports,46,5
14703,3385,2025-01-29,Reports,23,2
14704,3385,2024-12-26,Export Data,61,1
14705,3385,2024-08-01,Team Collaboration,34,2
14706,3385,2026-04-22,Integrations,44,3
14707,3385,2025-10-02,Export Data,119,1
14708,3385,2024-08-21,Reports,67,2
14709,3385,2026-08-05,Mobile App,114,5
14710,3386,2023-10-12,API Access,100,2
14711,3386,2023-10-13,Team Collaboration,70,3
14712,3386,2023-10-21,Notifications,52,5
14713,3387,2025-11-17,Reports,68,1
14714,3387,2026-08-28,Integrations,80,2
14715,3388,2026-02-02,Integrations,36,4
14716,3388,2026-05-23,Integrations,24,2
14717,3388,2026-04-01,API Access,72,2
14718,3388,2026-02-16,Team Collaboration,96,1
14719,3388,2026-04-17,Dashboard,66,3
14720,3389,2026-03-24,Notifications,83,2
14721,3389,2026-08-06,API Access,103,1
14722,3389,2025-09-06,API Access,99,4
14723,3389,2026-08-29,Mobile App,62,3
14724,3389,2025-08-11,Integrations,11,1
14725,3390,2026-05-24,API Access,79,2
14726,3390,2026-06-07,Export Data,108,3
14727,3390,2026-07-03,API Access,21,3
14728,3392,2024-10-20,Integrations,97,4
14729,3392,2026-07-07,Team Collaboration,30,4
14730,3392,2024-02-17,Notifications,105,1
14731,3392,2025-07-27,Integrations,14,5
14732,3392,2025-07-07,Reports,69,2
14733,3392,2024-06-20,Dashboard,82,1
14734,3392,2024-12-12,Dashboard,76,5
14735,3392,2023-10-28,Dashboard,24,3
14736,3392,2025-06-30,Notifications,24,5
14737,3392,2022-06-18,Integrations,111,3
14738,3393,2026-08-26,Team Collaboration,88,4
14739,3394,2026-06-05,API Access,109,2
14740,3394,2025-05-19,Export Data,112,3
14741,3394,2022-12-04,Dashboard,10,3
14742,3394,2024-04-23,Team Collaboration,115,5
14743,3394,2025-02-27,Notifications,105,1
14744,3394,2022-12-16,Integrations,87,3
14745,3395,2025-04-07,Team Collaboration,41,4
14746,3396,2026-02-08,Export Data,53,3
14747,3396,2026-07-04,API Access,118,2
14748,3396,2025-09-08,Reports,92,5
14749,3397,2022-11-17,Team Collaboration,70,3
14750,3397,2022-11-04,Notifications,88,3
14751,3397,2022-11-04,Integrations,65,5
14752,3397,2022-10-31,Team Collaboration,87,4
14753,3398,2026-06-13,Mobile App,67,4
14754,3398,2026-01-07,Export Data,15,4
14755,3398,2026-07-17,Integrations,20,3
14756,3398,2026-08-07,Integrations,79,3
14757,3398,2026-01-26,Notifications,9,3
14758,3398,2025-07-31,Dashboard,102,3
14759,3398,2026-09-06,Mobile App,110,5
14760,3398,2025-08-07,Integrations,30,3
14761,3398,2026-06-01,Mobile App,119,5
14762,3398,2026-06-12,Dashboard,32,1
14763,3399,2026-09-15,Mobile App,99,1
14764,3399,2026-07-24,Dashboard,80,5
14765,3399,2026-08-24,Export Data,48,5
14766,3399,2026-09-06,API Access,10,2
14767,3399,2026-09-04,Team Collaboration,95,5
14768,3399,2026-08-17,Team Collaboration,83,3
14769,3399,2026-07-29,Mobile App,111,3
14770,3399,2026-06-30,Dashboard,51,4
14771,3400,2025-12-04,Reports,48,1
14772,3400,2024-10-16,Notifications,100,1
14773,3400,2024-03-21,Integrations,111,4
14774,3400,2025-04-09,Mobile App,43,1
14775,3400,2024-06-25,Mobile App,40,3
14776,3400,2024-11-29,Dashboard,49,5
14777,3401,2021-12-04,Team Collaboration,66,4
14778,3401,2022-04-18,Notifications,53,2
14779,3402,2025-12-07,API Access,11,3
14780,3402,2026-08-07,Integrations,106,4
14781,3402,2025-05-27,Dashboard,112,3
14782,3403,2024-04-03,Export Data,68,4
14783,3403,2026-05-15,Notifications,98,1
14784,3404,2024-12-02,Notifications,19,5
14785,3404,2023-08-05,Export Data,42,5
14786,3404,2026-09-03,Integrations,45,5
14787,3404,2025-07-27,Dashboard,106,2
14788,3404,2022-06-21,Team Collaboration,76,4
14789,3405,2026-06-18,Notifications,16,5
14790,3405,2025-11-24,Integrations,89,3
14791,3405,2024-03-19,Integrations,95,2
14792,3405,2025-05-24,Mobile App,69,3
14793,3405,2023-07-07,Export Data,60,4
14794,3406,2025-10-04,Dashboard,103,4
14795,3406,2025-09-12,Integrations,79,1
14796,3406,2022-09-19,Reports,4,5
14797,3406,2025-11-13,Reports,35,2
14798,3406,2025-04-03,Notifications,92,4
14799,3406,2026-03-14,Team Collaboration,80,3
14800,3406,2024-04-08,Mobile App,11,5
14801,3406,2022-12-16,Dashboard,30,5
14802,3406,2023-12-02,Notifications,32,1
14803,3406,2022-09-16,Export Data,109,3
14804,3407,2026-05-18,Mobile App,18,5
14805,3407,2026-07-13,Dashboard,5,4
14806,3407,2026-07-07,Mobile App,28,1
14807,3407,2025-11-28,API Access,6,4
14808,3407,2025-08-01,Notifications,45,1
14809,3407,2026-08-29,Mobile App,9,1
14810,3407,2026-04-04,Team Collaboration,103,3
14811,3407,2025-09-29,Mobile App,106,4
14812,3407,2025-08-15,Team Collaboration,46,1
14813,3408,2026-04-02,Team Collaboration,62,4
14814,3408,2026-04-23,Export Data,106,2
14815,3408,2026-03-04,Team Collaboration,71,1
14816,3408,2026-04-15,Export Data,55,5
14817,3409,2026-05-17,API Access,36,4
14818,3409,2026-08-24,Integrations,42,2
14819,3409,2025-09-09,Export Data,14,1
14820,3409,2024-08-27,Integrations,9,1
14821,3409,2025-04-04,Dashboard,80,1
14822,3409,2025-10-02,Dashboard,98,4
14823,3409,2026-08-07,Notifications,87,1
14824,3409,2025-04-13,Mobile App,77,2
14825,3409,2024-12-16,Integrations,108,1
14826,3410,2025-01-02,API Access,26,4
14827,3410,2024-05-22,Notifications,28,2
14828,3410,2026-09-07,Team Collaboration,106,2
14829,3410,2025-02-27,API Access,61,3
14830,3411,2024-12-01,Notifications,102,4
14831,3411,2025-07-11,Export Data,105,2
14832,3412,2025-03-28,Team Collaboration,18,1
14833,3412,2026-09-07,Team Collaboration,88,4
14834,3413,2025-06-03,Notifications,47,4
14835,3413,2025-04-27,Notifications,22,4
14836,3413,2025-01-22,Mobile App,2,2
14837,3414,2025-03-24,Dashboard,70,5
14838,3414,2026-02-25,Export Data,50,1
14839,3414,2025-06-13,Reports,55,3
14840,3414,2024-12-17,Mobile App,50,4
14841,3414,2025-04-16,Notifications,17,5
14842,3414,2024-08-30,Dashboard,32,3
14843,3415,2024-06-10,Export Data,50,5
14844,3415,2022-06-21,Notifications,67,5
14845,3415,2025-05-17,Dashboard,19,5
14846,3415,2023-04-30,Integrations,19,5
14847,3415,2025-03-13,Reports,53,5
14848,3415,2021-07-10,Team Collaboration,74,2
14849,3416,2025-01-27,Mobile App,98,1
14850,3416,2022-10-24,Mobile App,78,2
14851,3416,2023-02-27,API Access,68,5
14852,3416,2024-04-14,Notifications,110,2
14853,3416,2022-12-24,Team Collaboration,90,2
14854,3416,2023-03-09,API Access,10,2
14855,3417,2026-02-17,Dashboard,105,2
14856,3417,2025-04-02,Reports,71,3
14857,3417,2024-12-26,Export Data,114,4
14858,3418,2023-06-17,Team Collaboration,103,2
14859,3418,2024-02-22,Integrations,86,2
14860,3418,2022-08-04,Mobile App,63,3
14861,3418,2025-01-07,Dashboard,34,3
14862,3419,2022-05-05,API Access,113,2
14863,3419,2022-03-08,API Access,14,2
14864,3419,2022-09-04,Team Collaboration,58,3
14865,3419,2022-02-21,Export Data,106,1
14866,3420,2023-11-20,Team Collaboration,27,5
14867,3420,2024-08-23,Mobile App,94,1
14868,3421,2023-08-08,Export Data,102,4
14869,3421,2023-08-23,Reports,69,2
14870,3421,2023-11-16,Reports,46,5
14871,3421,2023-09-25,Dashboard,12,5
14872,3422,2024-09-05,Reports,79,3
14873,3422,2023-03-04,Dashboard,6,4
14874,3422,2025-06-05,Dashboard,108,5
14875,3422,2025-10-28,API Access,94,4
14876,3423,2025-04-30,Export Data,22,3
14877,3423,2026-02-21,Mobile App,12,1
14878,3423,2025-08-11,API Access,42,3
14879,3423,2025-09-25,Dashboard,84,1
14880,3423,2026-08-24,Mobile App,109,3
14881,3423,2025-10-25,Reports,23,4
14882,3423,2026-07-10,Integrations,40,1
14883,3423,2025-11-15,Notifications,119,3
14884,3424,2023-11-30,API Access,14,4
14885,3424,2024-02-20,Integrations,96,2
14886,3425,2023-09-10,Mobile App,72,5
14887,3425,2021-11-22,API Access,16,3
14888,3426,2023-08-24,Dashboard,24,1
14889,3426,2023-07-22,Export Data,49,3
14890,3426,2023-06-25,Team Collaboration,97,2
14891,3427,2022-08-14,Dashboard,40,3
14892,3427,2023-04-03,Export Data,75,4
14893,3427,2022-11-25,Integrations,83,2
14894,3428,2025-12-20,Notifications,44,1
14895,3428,2026-02-25,API Access,88,1
14896,3428,2025-06-24,API Access,116,4
14897,3429,2025-04-22,Notifications,16,4
14898,3429,2024-03-27,API Access,91,3
14899,3429,2025-04-30,Team Collaboration,7,4
14900,3429,2024-06-08,API Access,71,3
14901,3429,2024-07-20,Team Collaboration,73,3
14902,3430,2026-03-30,Reports,7,1
14903,3430,2026-07-08,Notifications,16,3
14904,3432,2026-03-27,Dashboard,19,5
14905,3433,2025-03-16,API Access,104,2
14906,3433,2025-05-15,Integrations,18,4
14907,3434,2026-05-22,Team Collaboration,59,3
14908,3434,2026-03-23,Reports,101,3
14909,3435,2026-06-07,Mobile App,56,5
14910,3435,2025-06-03,Integrations,58,1
14911,3435,2026-07-13,API Access,63,2
14912,3435,2024-11-10,Export Data,71,4
14913,3435,2025-01-04,Notifications,91,3
14914,3435,2026-07-27,Export Data,11,3
14915,3435,2025-05-12,Export Data,92,1
14916,3435,2025-02-27,API Access,115,4
14917,3435,2024-12-08,Export Data,105,1
14918,3435,2025-11-26,API Access,14,4
14919,3437,2026-07-08,Notifications,114,3
14920,3438,2025-02-12,API Access,70,4
14921,3439,2025-11-01,Reports,87,1
14922,3439,2025-12-01,Team Collaboration,11,5
14923,3439,2023-12-31,Mobile App,99,1
14924,3439,2026-04-01,Export Data,55,4
14925,3439,2024-02-19,API Access,95,4
14926,3440,2026-07-31,Mobile App,7,5
14927,3440,2026-04-27,Reports,7,5
14928,3440,2024-12-16,Reports,113,3
14929,3440,2026-07-20,Dashboard,112,1
14930,3440,2024-10-25,Team Collaboration,71,1
14931,3441,2026-02-04,Integrations,38,4
14932,3441,2026-01-23,API Access,33,5
14933,3441,2026-04-19,API Access,17,2
14934,3441,2026-01-16,Export Data,73,2
14935,3441,2026-03-26,Team Collaboration,120,4
14936,3442,2022-05-28,Integrations,2,4
14937,3443,2024-06-24,Integrations,25,4
14938,3443,2024-11-12,API Access,113,5
14939,3443,2025-05-26,Mobile App,43,5
14940,3444,2026-04-17,Export Data,52,5
14941,3444,2025-11-13,Team Collaboration,107,2
14942,3444,2024-12-03,Reports,116,1
14943,3444,2025-02-23,Team Collaboration,17,5
14944,3444,2025-07-19,API Access,44,5
14945,3444,2026-04-11,Mobile App,14,5
14946,3444,2026-05-27,Reports,107,2
14947,3444,2026-08-28,Reports,7,1
14948,3444,2024-11-26,Mobile App,109,3
14949,3446,2023-03-10,API Access,118,5
14950,3446,2026-07-07,Integrations,23,5
14951,3446,2025-11-27,Export Data,63,4
14952,3447,2025-04-28,Mobile App,57,4
14953,3447,2026-02-01,API Access,94,2
14954,3447,2026-09-06,Team Collaboration,12,2
14955,3447,2024-03-29,Export Data,74,2
14956,3447,2024-08-05,Team Collaboration,18,4
14957,3447,2024-07-15,Reports,118,3
14958,3447,2026-02-10,Mobile App,116,1
14959,3447,2026-04-19,Notifications,68,3
14960,3447,2026-04-08,Team Collaboration,46,1
14961,3448,2025-05-13,Mobile App,64,1
14962,3448,2025-03-27,Notifications,17,4
14963,3448,2024-10-08,Integrations,102,2
14964,3448,2026-03-21,Integrations,46,2
14965,3448,2025-06-19,Dashboard,5,5
14966,3448,2024-11-07,Mobile App,10,4
14967,3448,2025-04-30,Notifications,85,4
14968,3448,2024-09-17,Mobile App,89,1
14969,3449,2024-01-09,Dashboard,33,2
14970,3449,2021-12-12,API Access,12,3
14971,3449,2022-05-08,Notifications,91,2
14972,3449,2023-12-13,API Access,39,2
14973,3449,2026-06-09,Notifications,108,4
14974,3449,2026-08-01,Export Data,85,3
14975,3449,2026-07-07,Notifications,102,5
14976,3449,2026-01-05,Notifications,78,2
14977,3450,2026-08-30,Reports,91,5
14978,3450,2024-07-01,API Access,76,4
14979,3450,2026-07-03,Team Collaboration,32,3
14980,3450,2026-02-22,Mobile App,5,1
14981,3450,2024-09-21,Mobile App,110,1
14982,3450,2026-08-29,Reports,29,5
14983,3450,2024-04-15,Dashboard,106,3
14984,3450,2024-04-15,Export Data,110,1
14985,3450,2026-04-29,API Access,33,1
14986,3450,2024-03-16,Export Data,59,2
14987,3451,2024-10-08,Dashboard,13,2
14988,3451,2023-07-12,Dashboard,43,4
14989,3451,2022-09-30,Notifications,41,2
14990,3451,2024-07-17,API Access,103,5
14991,3451,2023-11-17,Mobile App,11,1
14992,3451,2026-06-06,Team Collaboration,41,4
14993,3451,2021-12-09,Reports,115,2
14994,3453,2025-09-30,API Access,46,3
14995,3453,2024-07-24,Dashboard,112,3
14996,3453,2021-12-29,Reports,44,2
14997,3454,2026-04-11,Integrations,37,3
14998,3454,2026-07-04,Reports,42,1
14999,3454,2026-09-15,Notifications,109,2
15000,3454,2026-06-30,Notifications,31,3
15001,3454,2026-02-21,Export Data,76,3
15002,3454,2026-05-12,Notifications,18,4
15003,3454,2026-02-27,Notifications,103,2
15004,3455,2026-03-01,Mobile App,67,2
15005,3455,2023-11-22,Team Collaboration,119,2
15006,3455,2022-06-23,Notifications,31,4
15007,3455,2024-07-23,Export Data,34,2
15008,3455,2024-08-14,Reports,113,4
15009,3455,2022-11-20,Export Data,48,1
15010,3455,2022-09-24,Dashboard,91,4
15011,3456,2024-01-26,API Access,99,1
15012,3457,2022-10-27,Mobile App,9,1
15013,3458,2022-06-08,Export Data,109,1
15014,3458,2022-10-06,Reports,14,2
15015,3458,2023-10-23,API Access,16,5
15016,3458,2025-05-14,Export Data,25,3
15017,3458,2026-05-10,Integrations,85,2
15018,3459,2026-04-07,Integrations,101,3
15019,3459,2026-02-08,Reports,37,5
15020,3459,2024-08-24,API Access,112,2
15021,3459,2026-04-08,Integrations,111,3
15022,3459,2026-01-01,Dashboard,27,1
15023,3459,2025-08-19,Team Collaboration,76,3
15024,3460,2026-02-01,API Access,40,4
15025,3460,2026-05-12,Export Data,107,2
15026,3460,2023-06-01,Notifications,7,1
15027,3460,2024-11-10,Team Collaboration,4,4
15028,3460,2023-03-11,Dashboard,105,5
15029,3460,2025-09-18,Team Collaboration,90,3
15030,3460,2026-01-27,Mobile App,99,5
15031,3461,2026-08-25,Dashboard,9,3
15032,3461,2025-01-26,API Access,58,4
15033,3461,2025-02-01,Team Collaboration,83,5
15034,3461,2024-12-13,Integrations,58,1
15035,3461,2025-06-11,Mobile App,106,4
15036,3461,2026-08-14,Export Data,4,1
15037,3461,2025-09-10,Integrations,56,1
15038,3461,2025-04-29,Export Data,13,5
15039,3462,2025-07-14,Team Collaboration,109,3
15040,3463,2026-01-24,Mobile App,97,1
15041,3463,2026-03-11,Team Collaboration,45,2
15042,3463,2026-08-01,Mobile App,96,1
15043,3463,2026-06-19,Dashboard,68,1
15044,3463,2025-12-01,Reports,69,4
15045,3463,2025-12-10,API Access,109,5
15046,3463,2026-05-04,Notifications,12,2
15047,3464,2023-04-23,Team Collaboration,90,1
15048,3464,2023-04-19,Dashboard,44,5
15049,3465,2025-05-26,Reports,13,2
15050,3465,2024-06-12,Notifications,68,2
15051,3465,2024-08-02,Mobile App,30,5
15052,3465,2024-10-14,Team Collaboration,62,2
15053,3465,2026-04-12,Export Data,16,4
15054,3465,2025-12-02,Team Collaboration,19,4
15055,3466,2021-12-19,Mobile App,34,1
15056,3467,2026-03-17,Integrations,58,5
15057,3467,2025-08-21,Dashboard,115,1
15058,3467,2025-10-27,Export Data,44,2
15059,3467,2025-08-29,Reports,89,4
15060,3468,2025-11-16,Integrations,65,3
15061,3468,2026-01-15,Dashboard,48,3
15062,3468,2026-07-13,Mobile App,27,3
15063,3468,2025-10-15,Mobile App,28,5
15064,3468,2025-04-29,Integrations,73,5
15065,3469,2024-01-25,API Access,118,2
15066,3469,2023-05-18,Export Data,62,3
15067,3469,2023-04-30,API Access,3,4
15068,3470,2024-01-31,Dashboard,52,5
15069,3470,2026-01-15,Reports,39,1
15070,3471,2022-04-24,Reports,104,5
15071,3471,2023-10-18,Reports,13,3
15072,3471,2022-12-12,Reports,40,1
15073,3471,2024-07-28,Notifications,100,3
15074,3471,2025-09-15,Reports,59,3
15075,3471,2022-06-06,Dashboard,110,4
15076,3471,2024-11-26,Notifications,36,2
15077,3471,2024-10-31,Notifications,97,4
15078,3472,2025-09-15,Reports,70,1
15079,3472,2026-06-21,API Access,82,4
15080,3472,2024-04-11,Mobile App,52,2
15081,3472,2024-12-28,API Access,62,5
15082,3472,2026-05-23,Mobile App,27,5
15083,3472,2026-09-13,Dashboard,69,5
15084,3472,2023-08-16,Reports,99,1
15085,3472,2025-08-10,Mobile App,37,2
15086,3473,2023-01-02,API Access,91,2
15087,3473,2023-02-10,Mobile App,35,1
15088,3473,2023-04-03,Notifications,65,2
15089,3473,2023-01-16,Reports,103,2
15090,3474,2026-04-01,Notifications,41,3
15091,3474,2026-03-26,Integrations,118,2
15092,3474,2026-05-31,Notifications,120,1
15093,3474,2026-03-25,API Access,11,4
15094,3474,2026-03-13,Notifications,73,2
15095,3475,2025-01-08,Team Collaboration,6,3
15096,3475,2024-09-14,Mobile App,84,3
15097,3475,2025-04-28,Dashboard,18,1
15098,3475,2025-03-20,Notifications,109,1
15099,3475,2026-02-20,Export Data,75,3
15100,3475,2026-03-12,API Access,87,1
15101,3476,2023-01-14,Integrations,37,5
15102,3476,2022-07-18,Integrations,66,2
15103,3476,2022-07-03,API Access,53,2
15104,3477,2024-09-30,Export Data,104,2
15105,3477,2026-04-09,Export Data,23,3
15106,3477,2026-01-22,Dashboard,90,1
15107,3477,2026-04-26,Notifications,19,1
15108,3478,2026-04-19,Dashboard,87,1
15109,3478,2026-04-16,Dashboard,94,5
15110,3479,2024-12-18,Notifications,12,3
15111,3480,2025-12-30,Integrations,80,2
15112,3480,2024-11-03,Reports,48,2
15113,3481,2022-05-24,Team Collaboration,64,1
15114,3481,2022-05-21,Team Collaboration,71,4
15115,3482,2025-09-24,Export Data,117,4
15116,3482,2025-03-07,Export Data,108,5
15117,3483,2026-04-12,Integrations,100,5
15118,3483,2026-05-29,Export Data,25,2
15119,3483,2026-03-22,Team Collaboration,27,3
15120,3483,2026-01-31,Team Collaboration,102,2
15121,3484,2021-08-10,Notifications,17,2
15122,3484,2021-08-26,Dashboard,49,3
15123,3484,2021-11-26,Team Collaboration,42,1
15124,3484,2021-06-27,API Access,60,1
15125,3485,2024-01-22,Dashboard,118,2
15126,3485,2026-07-15,Mobile App,51,3
15127,3485,2026-07-12,Reports,88,4
15128,3485,2026-07-30,Integrations,103,2
15129,3485,2025-10-29,Dashboard,85,1
15130,3485,2026-04-08,Notifications,28,2
15131,3485,2024-07-13,API Access,53,1
15132,3486,2025-08-11,Export Data,52,3
15133,3486,2024-06-23,Mobile App,120,4
15134,3486,2024-06-17,Team Collaboration,103,5
15135,3487,2026-02-13,Dashboard,21,4
15136,3487,2025-06-28,Mobile App,64,2
15137,3487,2024-07-30,API Access,52,3
15138,3487,2024-11-05,API Access,89,5
15139,3488,2025-03-12,API Access,46,1
15140,3488,2024-06-27,Team Collaboration,44,3
15141,3488,2024-12-23,API Access,38,2
15142,3488,2025-08-13,Integrations,9,3
15143,3488,2024-12-23,Notifications,48,2
15144,3488,2026-06-13,Mobile App,100,1
15145,3489,2022-02-13,Dashboard,115,1
15146,3489,2024-08-29,Export Data,65,4
15147,3489,2025-12-15,Mobile App,5,1
15148,3490,2026-06-20,Team Collaboration,19,1
15149,3490,2026-08-05,Notifications,6,3
15150,3490,2026-08-14,Notifications,82,2
15151,3490,2026-07-16,Mobile App,79,2
15152,3490,2026-05-04,Integrations,89,4
15153,3490,2026-06-20,Export Data,22,1
15154,3490,2026-07-11,Team Collaboration,89,4
15155,3491,2025-07-17,Mobile App,38,3
15156,3491,2024-12-09,Team Collaboration,20,3
15157,3491,2025-01-17,API Access,4,4
15158,3491,2026-04-24,Reports,6,4
15159,3491,2026-03-17,API Access,14,5
15160,3491,2025-12-03,Export Data,99,1
15161,3491,2025-04-04,API Access,106,3
15162,3491,2026-09-11,Notifications,91,2
15163,3491,2026-03-08,Mobile App,113,4
15164,3491,2025-01-09,Team Collaboration,34,1
15165,3492,2024-01-26,Notifications,116,5
15166,3492,2024-11-11,Integrations,73,4
15167,3492,2025-04-03,Team Collaboration,41,5
15168,3492,2026-08-16,Dashboard,17,5
15169,3492,2023-06-22,Dashboard,52,3
15170,3492,2024-04-10,Notifications,21,3
15171,3492,2024-09-15,Export Data,44,2
15172,3492,2023-03-01,API Access,61,2
15173,3492,2026-07-25,Team Collaboration,48,3
15174,3492,2023-06-09,Reports,90,3
15175,3493,2025-01-13,Export Data,32,3
15176,3493,2025-08-06,Notifications,2,3
15177,3493,2025-02-14,Team Collaboration,90,4
15178,3493,2026-04-02,API Access,48,1
15179,3494,2026-06-16,Integrations,84,2
15180,3494,2026-07-12,Mobile App,96,1
15181,3494,2026-07-28,Mobile App,11,1
15182,3494,2026-08-13,API Access,115,5
15183,3494,2026-06-11,Dashboard,6,4
15184,3494,2026-07-19,Reports,113,5
15185,3494,2026-08-04,Reports,14,5
15186,3494,2026-05-31,Team Collaboration,91,4
15187,3494,2026-06-04,Reports,20,3
15188,3494,2026-06-03,Team Collaboration,26,2
15189,3495,2024-10-02,Team Collaboration,64,4
15190,3496,2026-05-16,Mobile App,45,1
15191,3496,2026-04-11,Notifications,17,1
15192,3497,2026-02-24,API Access,77,2
15193,3498,2025-11-18,Notifications,52,1
15194,3498,2026-08-08,Dashboard,32,5
15195,3498,2025-12-24,API Access,53,4
15196,3498,2025-12-21,Team Collaboration,18,1
15197,3498,2026-02-17,Mobile App,120,1
15198,3498,2025-12-13,Dashboard,7,2
15199,3498,2025-12-11,API Access,96,4
15200,3498,2025-12-29,Integrations,37,1
15201,3498,2026-08-30,Reports,33,4
15202,3498,2026-07-27,Reports,30,5
15203,3499,2026-05-08,Mobile App,39,3
15204,3499,2024-08-22,Notifications,119,5
15205,3499,2026-06-25,Reports,9,2
15206,3499,2025-07-20,Reports,87,1
15207,3500,2025-08-23,Notifications,2,4
15208,3500,2025-01-26,Dashboard,7,4
15209,3500,2026-08-29,Notifications,35,3
15210,3500,2026-07-29,Dashboard,63,5
15211,3501,2024-10-14,Team Collaboration,59,3
15212,3501,2024-09-05,Notifications,68,5
15213,3502,2025-07-15,Integrations,95,4
15214,3502,2026-09-15,Export Data,58,5
15215,3502,2022-12-30,Notifications,95,1
15216,3502,2026-02-09,Integrations,105,2
15217,3502,2022-10-24,Notifications,97,5
15218,3502,2023-04-13,API Access,14,3
15219,3503,2026-04-20,Integrations,117,4
15220,3503,2025-11-09,API Access,117,3
15221,3503,2026-06-03,Team Collaboration,47,4
15222,3503,2026-06-06,Team Collaboration,21,1
15223,3503,2026-08-19,API Access,84,4
15224,3504,2026-05-29,Integrations,57,3
15225,3504,2023-10-08,API Access,61,1
15226,3504,2022-12-24,Team Collaboration,77,1
15227,3504,2023-02-13,Export Data,9,5
15228,3504,2025-04-07,Mobile App,65,2
15229,3504,2023-06-09,Export Data,11,4
15230,3504,2023-10-12,Reports,55,1
15231,3504,2026-07-14,Notifications,42,2
15232,3505,2024-01-26,API Access,14,5
15233,3505,2023-05-08,Reports,89,5
15234,3505,2025-03-17,Mobile App,85,5
15235,3505,2025-12-15,Integrations,50,3
15236,3505,2025-05-09,Notifications,12,4
15237,3505,2026-07-21,Export Data,22,4
15238,3505,2024-07-18,Dashboard,65,1
15239,3506,2025-03-02,Reports,55,5
15240,3506,2025-12-02,Notifications,60,3
15241,3506,2024-12-12,Integrations,65,4
15242,3506,2025-07-22,Notifications,56,2
15243,3506,2025-01-23,Export Data,21,4
15244,3507,2023-04-11,Export Data,116,1
15245,3507,2025-04-14,Reports,99,1
15246,3507,2024-08-04,Dashboard,89,1
15247,3507,2023-11-09,Team Collaboration,31,1
15248,3507,2025-07-03,Dashboard,49,5
15249,3507,2024-05-01,Reports,48,4
15250,3507,2026-03-11,Dashboard,3,2
15251,3509,2024-01-12,Export Data,10,2
15252,3510,2022-02-06,Integrations,73,5
15253,3510,2025-03-18,Mobile App,72,2
15254,3510,2023-08-29,Dashboard,57,5
15255,3510,2023-08-30,Reports,103,4
15256,3511,2026-03-01,Export Data,70,2
15257,3512,2023-07-03,Export Data,106,5
15258,3512,2023-04-02,Notifications,5,4
15259,3512,2022-09-26,Dashboard,62,4
15260,3512,2023-07-05,Notifications,89,1
15261,3513,2022-04-27,API Access,42,3
15262,3513,2025-01-17,Dashboard,109,1
15263,3513,2023-03-11,Reports,104,1
15264,3514,2026-01-05,Notifications,82,2
15265,3514,2025-05-09,Mobile App,94,5
15266,3514,2024-03-12,Reports,40,3
15267,3514,2026-08-13,Dashboard,62,1
15268,3514,2026-05-09,Export Data,102,5
15269,3514,2026-09-11,Reports,110,2
15270,3515,2024-04-12,Integrations,95,3
15271,3515,2024-01-05,Integrations,104,5
15272,3515,2026-01-29,Notifications,48,1
15273,3515,2023-09-18,API Access,67,2
15274,3516,2026-09-01,Notifications,30,4
15275,3516,2026-06-09,Export Data,57,3
15276,3516,2026-08-05,Team Collaboration,64,2
15277,3516,2026-05-16,API Access,46,3
15278,3517,2026-09-02,Reports,101,5
15279,3517,2026-07-17,Dashboard,48,5
15280,3517,2025-07-31,Export Data,94,4
15281,3517,2026-08-21,Dashboard,75,3
15282,3517,2025-11-25,Mobile App,99,3
15283,3517,2026-02-25,Mobile App,60,2
15284,3517,2025-09-17,Team Collaboration,41,5
15285,3517,2025-08-23,Notifications,119,1
15286,3517,2026-04-01,Dashboard,32,5
15287,3518,2025-10-05,Team Collaboration,31,3
15288,3518,2026-08-05,Team Collaboration,20,3
15289,3518,2026-03-07,Team Collaboration,101,3
15290,3518,2026-03-06,Mobile App,47,3
15291,3518,2026-03-28,Mobile App,85,3
15292,3519,2026-08-18,Reports,51,2
15293,3520,2026-08-22,Notifications,79,3
15294,3520,2026-07-18,Team Collaboration,37,5
15295,3520,2026-06-28,Integrations,4,1
15296,3520,2026-07-09,Reports,25,1
15297,3520,2026-08-05,API Access,1,2
15298,3521,2021-12-20,Dashboard,39,2
15299,3523,2026-08-20,Mobile App,87,3
15300,3523,2026-09-02,Integrations,61,3
15301,3523,2026-09-10,Mobile App,67,2
15302,3523,2026-08-24,Dashboard,51,4
15303,3523,2026-09-14,API Access,80,1
15304,3523,2026-09-08,Team Collaboration,5,5
15305,3523,2026-09-15,Integrations,20,2
15306,3523,2026-09-08,Notifications,28,2
15307,3524,2025-07-18,Team Collaboration,85,2
15308,3524,2025-07-31,Reports,88,5
15309,3524,2025-07-10,Export Data,116,5
15310,3524,2025-08-21,Team Collaboration,12,4
15311,3525,2024-09-04,Export Data,89,3
15312,3525,2023-09-11,Export Data,19,4
15313,3525,2024-11-14,API Access,40,2
15314,3525,2024-07-20,Reports,59,1
15315,3525,2024-05-07,Reports,88,4
15316,3525,2025-05-08,Notifications,84,3
15317,3525,2024-08-15,Notifications,81,3
15318,3525,2025-01-19,Notifications,6,3
15319,3525,2023-04-10,Reports,25,5
15320,3525,2023-04-30,Mobile App,88,4
15321,3526,2026-07-16,Notifications,67,1
15322,3526,2025-01-22,Integrations,84,5
15323,3526,2023-06-29,Notifications,5,5
15324,3526,2025-04-13,Export Data,40,2
15325,3526,2023-08-15,Integrations,43,1
15326,3526,2024-05-03,Dashboard,118,4
15327,3526,2026-02-23,Reports,30,1
15328,3526,2025-01-20,Team Collaboration,49,2
15329,3526,2024-09-09,Integrations,112,3
15330,3527,2025-11-16,Export Data,68,3
15331,3528,2026-06-26,Integrations,11,3
15332,3528,2026-04-22,Dashboard,20,5
15333,3529,2025-12-13,Reports,60,3
15334,3529,2026-06-24,Dashboard,109,1
15335,3529,2026-04-25,Notifications,31,2
15336,3530,2025-01-01,Integrations,112,2
15337,3530,2026-08-29,Dashboard,35,3
15338,3530,2023-12-21,Team Collaboration,65,2
15339,3530,2025-07-22,Dashboard,57,5
15340,3530,2025-05-02,Mobile App,9,4
15341,3530,2023-12-11,Mobile App,87,2
15342,3531,2026-07-01,Dashboard,102,2
15343,3531,2026-08-13,Mobile App,98,5
15344,3531,2026-05-13,Dashboard,22,2
15345,3531,2025-12-31,Export Data,78,1
15346,3531,2026-03-09,Team Collaboration,103,5
15347,3531,2025-09-07,Export Data,89,2
15348,3531,2025-08-01,Export Data,24,1
15349,3532,2026-06-02,Export Data,29,2
15350,3532,2026-05-17,Team Collaboration,74,1
15351,3532,2026-05-30,API Access,63,1
15352,3532,2026-05-25,Team Collaboration,62,4
15353,3532,2026-08-05,Reports,83,4
15354,3532,2026-03-22,Export Data,116,5
15355,3532,2026-03-21,Integrations,33,4
15356,3533,2026-01-24,Dashboard,53,3
15357,3533,2026-03-07,Reports,51,3
15358,3533,2026-01-03,Integrations,23,4
15359,3533,2026-06-12,Dashboard,47,5
15360,3534,2024-09-25,Notifications,92,2
15361,3534,2024-01-25,Dashboard,14,5
15362,3535,2026-03-14,Integrations,13,5
15363,3535,2026-03-26,Reports,56,2
15364,3535,2026-08-24,Reports,85,4
15365,3535,2026-08-16,Dashboard,49,5
15366,3535,2026-05-22,Reports,112,1
15367,3535,2026-07-30,Export Data,12,5
15368,3535,2026-07-03,Team Collaboration,19,2
15369,3536,2025-12-18,Notifications,69,2
15370,3536,2025-11-18,Mobile App,48,1
15371,3536,2026-04-15,Notifications,88,1
15372,3537,2026-08-29,Mobile App,81,5
15373,3537,2024-11-19,Notifications,50,3
15374,3537,2025-08-30,Team Collaboration,51,4
15375,3537,2024-12-04,Notifications,17,3
15376,3537,2025-11-05,Team Collaboration,89,2
15377,3537,2025-06-27,API Access,114,4
15378,3537,2026-07-10,Mobile App,69,4
15379,3537,2026-01-14,Export Data,68,2
15380,3538,2026-08-04,Reports,38,5
15381,3539,2025-01-12,Notifications,81,4
15382,3539,2025-02-03,Integrations,49,3
15383,3540,2025-07-12,Mobile App,52,1
15384,3540,2024-01-11,Integrations,20,2
15385,3540,2023-04-05,Mobile App,37,5
15386,3541,2023-11-10,Team Collaboration,46,5
15387,3541,2026-04-22,Notifications,77,2
15388,3541,2022-02-21,Mobile App,10,4
15389,3541,2026-02-13,Dashboard,33,4
15390,3541,2022-04-18,Integrations,7,2
15391,3541,2025-03-11,Export Data,85,1
15392,3541,2022-08-14,Dashboard,115,1
15393,3541,2026-05-19,Reports,34,2
15394,3542,2023-12-30,Notifications,10,3
15395,3542,2024-05-02,Notifications,41,1
15396,3543,2026-03-27,Export Data,81,2
15397,3543,2026-03-06,Dashboard,60,2
15398,3543,2026-03-08,Integrations,3,2
15399,3544,2025-12-23,Mobile App,82,3
15400,3546,2025-03-21,Team Collaboration,39,1
15401,3546,2025-08-22,Integrations,95,5
15402,3546,2025-09-29,API Access,68,3
15403,3546,2025-04-08,API Access,37,4
15404,3546,2025-03-31,Team Collaboration,65,4
15405,3546,2025-08-09,Notifications,71,3
15406,3546,2026-01-27,Export Data,21,4
15407,3547,2026-08-06,Team Collaboration,94,3
15408,3547,2024-08-14,Integrations,98,1
15409,3547,2026-02-27,Dashboard,61,1
15410,3547,2025-03-04,Reports,45,4
15411,3547,2024-06-07,Team Collaboration,76,2
15412,3547,2024-07-09,API Access,102,1
15413,3547,2024-11-10,Team Collaboration,51,1
15414,3548,2024-05-16,Dashboard,25,3
15415,3548,2023-05-11,Integrations,37,3
15416,3548,2023-05-05,Reports,93,3
15417,3548,2023-06-23,Dashboard,69,5
15418,3548,2026-08-28,Notifications,59,2
15419,3548,2023-11-15,Notifications,71,1
15420,3548,2026-03-20,Integrations,74,3
15421,3549,2025-12-28,API Access,8,4
15422,3549,2022-05-09,Dashboard,85,2
15423,3549,2025-03-10,Dashboard,10,1
15424,3550,2025-07-28,Team Collaboration,36,1
15425,3551,2021-07-07,API Access,68,2
15426,3551,2021-08-18,Notifications,67,4
15427,3551,2021-07-28,Export Data,98,5
15428,3552,2023-11-11,Dashboard,5,4
15429,3552,2026-06-15,Team Collaboration,58,2
15430,3552,2025-03-07,Notifications,45,5
15431,3553,2023-11-03,Mobile App,78,5
15432,3553,2024-04-30,Notifications,38,3
15433,3554,2026-07-18,Reports,43,4
15434,3554,2026-09-10,Reports,65,5
15435,3554,2026-07-18,Dashboard,64,1
15436,3554,2026-08-20,Export Data,76,5
15437,3555,2026-07-01,Integrations,8,1
15438,3556,2026-04-12,API Access,94,5
15439,3556,2026-02-23,Mobile App,30,2
15440,3556,2026-06-30,Dashboard,77,3
15441,3557,2026-03-23,Team Collaboration,46,1
15442,3557,2026-05-03,Export Data,82,1
15443,3557,2025-08-22,Dashboard,44,1
15444,3557,2025-09-05,API Access,106,2
15445,3557,2025-07-14,API Access,80,4
15446,3558,2024-04-22,Reports,35,5
15447,3559,2025-12-22,Notifications,57,4
15448,3559,2024-11-11,Mobile App,18,2
15449,3559,2025-05-24,API Access,3,2
15450,3559,2026-01-14,API Access,76,1
15451,3560,2025-11-26,Reports,47,2
15452,3561,2025-11-16,Export Data,95,4
15453,3561,2024-04-04,Integrations,98,1
15454,3561,2025-03-30,Notifications,79,2
15455,3561,2025-05-22,Reports,39,4
15456,3561,2026-08-26,Reports,8,5
15457,3561,2024-05-05,Mobile App,100,4
15458,3561,2026-04-07,Dashboard,86,4
15459,3561,2024-12-24,Dashboard,71,3
15460,3561,2025-07-25,Reports,12,1
15461,3562,2026-05-17,Integrations,31,3
15462,3562,2026-03-06,Notifications,2,3
15463,3562,2026-03-05,Export Data,48,3
15464,3562,2026-01-14,Integrations,120,5
15465,3562,2026-08-10,Integrations,49,2
15466,3562,2026-03-21,Export Data,106,4
15467,3562,2026-04-30,Export Data,106,5
15468,3562,2025-11-14,API Access,81,3
15469,3562,2026-06-25,Integrations,107,1
15470,3563,2024-01-09,Integrations,108,3
15471,3563,2023-12-16,Reports,17,1
15472,3563,2024-06-21,Notifications,112,4
15473,3564,2025-03-27,Reports,47,2
15474,3564,2024-05-05,Reports,28,4
15475,3564,2025-10-24,Mobile App,76,2
15476,3564,2024-10-18,Team Collaboration,21,2
15477,3564,2024-08-21,API Access,21,3
15478,3564,2024-11-05,Reports,45,4
15479,3565,2026-06-01,Export Data,120,2
15480,3565,2026-05-28,Team Collaboration,19,2
15481,3565,2026-05-25,Integrations,96,1
15482,3566,2023-07-11,Export Data,72,2
15483,3566,2023-09-03,Mobile App,89,1
15484,3566,2023-12-03,Integrations,60,5
15485,3566,2024-01-23,Dashboard,8,4
15486,3566,2026-07-31,Notifications,48,3
15487,3566,2023-10-08,Notifications,88,1
15488,3566,2023-10-16,Dashboard,96,4
15489,3567,2026-07-06,Reports,23,2
15490,3567,2025-07-08,Reports,99,5
15491,3568,2024-06-28,Integrations,104,1
15492,3568,2024-12-27,API Access,82,2
15493,3568,2024-03-03,Export Data,41,4
15494,3569,2022-07-06,Notifications,102,2
15495,3569,2023-08-25,API Access,59,1
15496,3569,2024-12-29,Notifications,19,2
15497,3569,2021-12-31,Mobile App,2,2
15498,3569,2023-07-18,Notifications,59,5
15499,3569,2025-02-02,Reports,79,2
15500,3569,2024-12-19,API Access,69,5
15501,3569,2021-08-16,Reports,43,5
15502,3569,2021-07-18,Export Data,83,2
15503,3569,2025-04-10,Notifications,36,4
15504,3570,2024-03-02,Integrations,80,2
15505,3571,2024-09-19,Mobile App,106,1
15506,3571,2024-09-25,Notifications,76,1
15507,3572,2021-04-01,Export Data,43,4
15508,3572,2022-01-16,Mobile App,82,1
15509,3572,2021-08-06,Integrations,58,5
15510,3572,2022-02-04,API Access,106,4
15511,3573,2025-01-11,Reports,73,1
15512,3573,2024-11-28,Integrations,1,1
15513,3573,2022-05-09,Reports,4,1
15514,3573,2022-08-30,Export Data,12,2
15515,3573,2026-06-03,API Access,89,2
15516,3573,2021-12-10,Integrations,111,4
15517,3573,2024-10-04,Reports,32,5
15518,3573,2022-10-09,Integrations,31,3
15519,3574,2026-07-05,Export Data,82,1
15520,3574,2026-08-14,Notifications,74,3
15521,3575,2026-07-30,Reports,21,5
15522,3576,2024-04-20,Integrations,64,5
15523,3576,2021-08-17,Reports,116,5
15524,3576,2025-01-14,Reports,115,5
15525,3576,2023-08-29,Export Data,25,1
15526,3576,2025-03-21,Notifications,55,2
15527,3576,2021-09-09,API Access,50,5
15528,3578,2026-08-07,Team Collaboration,7,5
15529,3578,2026-09-01,Export Data,120,3
15530,3578,2026-08-11,Notifications,66,5
15531,3580,2022-12-15,Dashboard,111,5
15532,3580,2023-12-03,Integrations,97,1
15533,3580,2024-07-27,Dashboard,100,2
15534,3580,2025-06-05,Mobile App,102,4
15535,3580,2024-03-15,Export Data,25,5
15536,3580,2024-01-07,Reports,57,4
15537,3580,2023-03-01,Integrations,37,2
15538,3580,2024-07-25,Export Data,5,2
15539,3580,2023-06-30,Team Collaboration,112,2
15540,3580,2023-04-22,Integrations,31,4
15541,3581,2025-10-30,Dashboard,11,1
15542,3581,2026-07-03,Export Data,31,2
15543,3581,2025-06-04,Dashboard,111,3
15544,3581,2026-06-25,Notifications,56,5
15545,3581,2025-10-31,Mobile App,50,3
15546,3581,2026-08-16,Notifications,80,3
15547,3581,2025-05-30,Team Collaboration,23,5
15548,3581,2025-04-30,Mobile App,3,5
15549,3581,2025-08-13,Mobile App,4,5
15550,3582,2025-07-28,Notifications,47,3
15551,3582,2025-04-08,Dashboard,30,1
15552,3582,2025-08-30,API Access,53,3
15553,3582,2025-03-27,Dashboard,6,1
15554,3583,2026-05-30,Mobile App,17,4
15555,3583,2026-08-24,Reports,102,3
15556,3583,2026-07-30,API Access,86,3
15557,3583,2026-01-25,API Access,57,3
15558,3584,2023-02-08,Export Data,3,1
15559,3584,2023-02-27,Reports,59,2
15560,3584,2023-03-13,Dashboard,40,2
15561,3585,2026-08-21,Team Collaboration,55,3
15562,3585,2026-03-24,Notifications,92,4
15563,3585,2026-04-13,Team Collaboration,29,5
15564,3585,2025-09-18,Dashboard,94,1
15565,3586,2026-05-30,API Access,26,2
15566,3586,2021-07-15,Integrations,38,2
15567,3586,2021-06-11,Dashboard,110,4
15568,3586,2022-09-06,Integrations,55,1
15569,3586,2025-06-09,Export Data,39,1
15570,3586,2023-05-19,Notifications,40,2
15571,3587,2025-10-14,API Access,107,1
15572,3587,2025-08-15,Export Data,90,4
15573,3588,2025-03-31,Dashboard,85,4
15574,3588,2025-05-08,Team Collaboration,15,1
15575,3588,2025-05-05,Notifications,17,2
15576,3589,2026-06-13,Dashboard,19,2
15577,3590,2024-04-17,Reports,42,4
15578,3590,2024-09-16,Team Collaboration,82,4
15579,3590,2024-07-05,Dashboard,44,4
15580,3591,2025-09-22,Dashboard,1,4
15581,3591,2026-07-15,Reports,4,2
15582,3591,2026-09-08,API Access,51,2
15583,3591,2025-11-13,Dashboard,104,3
15584,3592,2024-08-27,API Access,93,1
15585,3592,2024-10-03,Export Data,113,4
15586,3592,2025-11-10,Notifications,96,4
15587,3592,2025-08-26,Notifications,107,5
15588,3592,2025-12-04,Integrations,28,3
15589,3592,2024-05-22,API Access,70,1
15590,3592,2026-08-01,API Access,73,2
15591,3592,2024-12-10,API Access,49,4
15592,3592,2026-07-29,Team Collaboration,62,2
15593,3592,2025-07-18,Team Collaboration,96,3
15594,3593,2024-08-04,Mobile App,23,4
15595,3593,2025-03-30,Notifications,11,2
15596,3593,2026-06-07,Dashboard,42,1
15597,3593,2026-02-24,Reports,11,4
15598,3593,2025-06-20,Reports,44,5
15599,3593,2025-01-05,Export Data,112,5
15600,3593,2025-11-01,Export Data,84,2
15601,3594,2026-07-14,Export Data,48,2
15602,3594,2025-09-12,Integrations,26,3
15603,3594,2026-09-08,Reports,42,1
15604,3594,2025-11-08,Dashboard,17,2
15605,3594,2026-06-19,Team Collaboration,34,5
15606,3594,2026-05-20,Dashboard,37,4
15607,3595,2026-08-26,Export Data,22,5
15608,3596,2024-10-04,Reports,39,1
15609,3596,2026-04-30,Export Data,49,3
15610,3596,2026-04-15,Export Data,98,5
15611,3596,2024-10-07,Integrations,21,3
15612,3596,2025-02-02,Mobile App,120,1
15613,3597,2024-12-15,Dashboard,86,5
15614,3597,2024-11-29,Mobile App,66,3
15615,3597,2024-10-15,Export Data,103,1
15616,3597,2024-11-04,API Access,100,3
15617,3598,2026-02-14,API Access,120,3
15618,3599,2025-10-31,Integrations,109,4
15619,3599,2026-05-05,Integrations,84,1
15620,3599,2026-03-02,Mobile App,41,1
15621,3599,2025-11-05,Notifications,10,2
15622,3600,2023-08-23,Integrations,55,2
15623,3600,2023-08-22,Export Data,119,4
15624,3600,2023-08-23,Team Collaboration,56,4
15625,3600,2023-08-31,Mobile App,39,2
15626,3601,2022-04-01,Integrations,26,4
15627,3601,2022-03-03,Integrations,34,4
15628,3601,2022-07-26,Integrations,87,2
15629,3601,2022-02-28,API Access,63,5
15630,3602,2022-07-11,Mobile App,46,5
15631,3603,2023-06-11,Mobile App,76,1
15632,3603,2025-10-09,Integrations,13,1
15633,3603,2026-05-11,Mobile App,1,3
15634,3603,2024-06-12,Dashboard,27,3
15635,3603,2026-07-20,API Access,105,5
15636,3603,2023-05-06,Team Collaboration,63,5
15637,3604,2022-06-06,Notifications,2,2
15638,3604,2022-06-04,Reports,16,5
15639,3605,2025-09-11,API Access,50,4
15640,3605,2026-04-13,Notifications,26,1
15641,3605,2025-12-13,Reports,117,5
15642,3605,2026-07-29,Export Data,103,3
15643,3605,2025-05-20,API Access,76,3
15644,3605,2025-12-12,Export Data,28,5
15645,3605,2026-02-06,Integrations,11,2
15646,3605,2026-04-27,Export Data,39,1
15647,3606,2026-04-29,Export Data,1,4
15648,3606,2024-01-18,Team Collaboration,98,3
15649,3606,2024-12-16,API Access,35,3
15650,3607,2023-07-07,API Access,101,3
15651,3607,2025-08-10,API Access,25,4
15652,3607,2026-04-09,Team Collaboration,120,3
15653,3608,2024-10-03,Team Collaboration,114,3
15654,3608,2025-05-06,Export Data,62,5
15655,3608,2025-12-23,Team Collaboration,93,3
15656,3608,2025-07-23,Integrations,106,4
15657,3608,2024-09-20,Notifications,29,5
15658,3608,2024-11-10,Dashboard,67,5
15659,3608,2025-09-14,Team Collaboration,71,5
15660,3608,2024-09-03,Export Data,81,2
15661,3608,2025-01-29,Reports,31,3
15662,3609,2021-06-26,Notifications,36,3
15663,3609,2022-05-06,Reports,83,5
15664,3610,2026-03-29,Integrations,40,3
15665,3610,2026-04-21,Mobile App,80,1
15666,3611,2026-06-14,Mobile App,18,2
15667,3614,2024-06-07,Integrations,89,5
15668,3614,2021-11-05,Team Collaboration,74,3
15669,3614,2024-12-25,Mobile App,112,4
15670,3614,2024-07-07,Reports,73,3
15671,3614,2023-12-11,Team Collaboration,76,5
15672,3615,2025-11-26,Notifications,8,4
15673,3615,2026-05-10,Reports,89,5
15674,3615,2026-04-07,Mobile App,43,2
15675,3615,2026-07-23,Notifications,16,4
15676,3615,2025-08-02,Export Data,13,1
15677,3615,2026-07-26,Team Collaboration,91,2
15678,3615,2026-07-16,Integrations,96,5
15679,3615,2026-02-04,Dashboard,107,1
15680,3615,2026-09-15,Dashboard,12,5
15681,3616,2023-10-02,Dashboard,12,1
15682,3616,2026-04-14,Dashboard,71,2
15683,3617,2024-11-06,Integrations,119,2
15684,3617,2023-03-04,Dashboard,87,5
15685,3617,2026-01-28,Notifications,45,4
15686,3617,2026-07-20,Dashboard,97,1
15687,3617,2025-06-21,API Access,9,5
15688,3617,2025-09-10,Integrations,72,3
15689,3617,2023-07-09,Mobile App,48,5
15690,3617,2024-01-08,API Access,21,4
15691,3619,2026-04-22,Dashboard,117,4
15692,3619,2024-10-19,Dashboard,87,1
15693,3619,2024-05-05,Notifications,65,4
15694,3619,2025-11-29,Notifications,73,1
15695,3619,2024-11-05,Reports,77,2
15696,3619,2025-06-30,Export Data,79,4
15697,3620,2025-09-03,Export Data,83,1
15698,3620,2025-08-26,Mobile App,20,1
15699,3620,2025-03-27,Dashboard,1,1
15700,3620,2025-06-01,Team Collaboration,108,3
15701,3620,2025-04-14,Integrations,103,3
15702,3620,2025-12-04,Notifications,80,4
15703,3621,2026-06-21,Mobile App,115,4
15704,3622,2026-04-08,Reports,37,3
15705,3622,2026-06-26,API Access,81,3
15706,3622,2026-06-04,Mobile App,12,3
15707,3622,2026-07-16,Mobile App,96,5
15708,3622,2024-01-28,API Access,103,1
15709,3622,2025-10-20,Mobile App,58,5
15710,3622,2025-08-30,Reports,41,1
15711,3622,2026-06-16,Dashboard,34,3
15712,3622,2024-07-25,API Access,14,2
15713,3622,2025-09-25,Notifications,119,5
15714,3623,2024-10-03,Integrations,7,5
15715,3623,2023-07-11,Export Data,12,2
15716,3623,2023-12-13,Mobile App,78,4
15717,3623,2023-12-02,Notifications,50,1
15718,3624,2022-08-05,Integrations,63,1
15719,3624,2023-06-28,Export Data,68,2
15720,3624,2026-03-22,Team Collaboration,45,2
15721,3624,2025-12-21,Notifications,95,5
15722,3624,2023-09-03,Reports,110,1
15723,3624,2024-03-04,Team Collaboration,57,4
15724,3624,2023-09-26,Reports,44,5
15725,3624,2024-08-03,Export Data,98,1
15726,3624,2025-10-20,Notifications,46,3
15727,3625,2026-06-07,Integrations,83,5
15728,3625,2025-04-10,Mobile App,10,2
15729,3625,2024-05-17,Export Data,23,3
15730,3625,2025-02-23,Mobile App,1,2
15731,3625,2026-08-09,Integrations,45,4
15732,3625,2024-10-15,Team Collaboration,24,2
15733,3625,2025-03-20,API Access,41,5
15734,3625,2026-02-21,Integrations,85,2
15735,3625,2025-08-27,Team Collaboration,45,4
15736,3625,2024-04-27,Notifications,77,4
15737,3626,2026-04-10,Dashboard,35,4
15738,3626,2026-04-10,Export Data,61,2
15739,3626,2026-08-07,Team Collaboration,60,2
15740,3627,2025-09-30,Integrations,19,1
15741,3627,2025-09-29,Reports,109,4
15742,3627,2026-04-01,Export Data,48,4
15743,3627,2025-09-17,API Access,87,5
15744,3627,2025-04-06,Export Data,54,1
15745,3627,2026-09-09,Mobile App,39,1
15746,3627,2025-05-03,API Access,83,3
15747,3628,2025-10-10,Dashboard,24,1
15748,3628,2025-07-12,Mobile App,10,2
15749,3628,2025-03-04,Dashboard,55,5
15750,3629,2024-02-16,Reports,45,3
15751,3629,2024-02-05,Notifications,83,5
15752,3629,2024-02-11,Notifications,63,4
15753,3629,2024-02-22,Reports,83,4
15754,3630,2023-04-30,API Access,108,3
15755,3630,2022-11-04,Integrations,73,1
15756,3630,2023-01-18,Notifications,85,4
15757,3630,2023-02-22,Dashboard,14,1
15758,3631,2025-04-08,Notifications,89,4
15759,3631,2024-11-15,Reports,119,2
15760,3632,2025-05-03,Mobile App,48,3
15761,3634,2025-10-10,Notifications,84,1
15762,3634,2025-06-09,Integrations,82,2
15763,3634,2024-08-07,Integrations,117,3
15764,3634,2025-02-09,Mobile App,112,3
15765,3634,2024-05-13,Integrations,60,2
15766,3635,2022-09-25,API Access,38,5
15767,3636,2024-05-17,Integrations,107,1
15768,3636,2024-06-13,Export Data,44,1
15769,3636,2026-05-01,Integrations,81,1
15770,3636,2026-08-15,Mobile App,97,2
15771,3637,2026-09-12,Dashboard,44,5
15772,3638,2022-02-09,Integrations,98,1
15773,3639,2026-01-12,Dashboard,38,5
15774,3639,2025-12-08,Reports,7,4
15775,3640,2026-07-08,Mobile App,66,4
15776,3640,2025-12-21,Team Collaboration,117,1
15777,3640,2025-01-24,Export Data,101,3
15778,3640,2026-02-11,Integrations,48,3
15779,3640,2025-05-30,Reports,49,1
15780,3640,2025-12-09,Export Data,106,2
15781,3640,2025-07-16,Team Collaboration,1,2
15782,3640,2025-11-20,Mobile App,27,5
15783,3640,2025-10-31,API Access,52,1
15784,3640,2026-06-06,Team Collaboration,63,3
15785,3641,2026-08-31,API Access,19,5
15786,3641,2026-08-25,Export Data,67,1
15787,3641,2026-09-12,Notifications,120,4
15788,3641,2026-09-04,Mobile App,63,3
15789,3642,2025-12-27,Reports,112,4
15790,3643,2026-07-06,API Access,68,4
15791,3643,2026-06-27,Export Data,33,4
15792,3644,2021-07-24,Notifications,84,3
15793,3644,2021-04-28,Notifications,115,5
15794,3644,2024-12-08,Notifications,7,4
15795,3644,2022-07-17,Export Data,25,3
15796,3644,2023-07-10,API Access,16,4
15797,3644,2026-09-02,Integrations,118,5
15798,3645,2025-09-24,Team Collaboration,115,1
15799,3645,2025-07-24,Export Data,73,4
15800,3645,2026-08-06,Team Collaboration,101,4
15801,3646,2026-04-07,Team Collaboration,26,1
15802,3646,2025-07-23,Mobile App,101,3
15803,3646,2023-11-25,Dashboard,105,1
15804,3646,2026-06-17,Integrations,19,1
15805,3646,2026-02-15,Reports,112,5
15806,3647,2023-11-04,Integrations,118,3
15807,3647,2026-05-25,Notifications,82,1
15808,3647,2025-09-03,Dashboard,89,2
15809,3647,2026-07-18,Reports,116,3
15810,3647,2025-06-10,Mobile App,117,5
15811,3647,2025-01-05,Notifications,62,2
15812,3648,2024-03-13,Integrations,22,1
15813,3648,2023-12-15,Dashboard,9,2
15814,3648,2023-12-24,Team Collaboration,46,5
15815,3650,2026-01-06,Dashboard,104,3
15816,3650,2025-09-26,Dashboard,40,1
15817,3650,2026-04-23,Dashboard,22,1
15818,3650,2025-08-05,Export Data,79,5
15819,3650,2026-02-04,Reports,5,1
15820,3650,2026-09-13,Team Collaboration,120,5
15821,3650,2025-07-30,Reports,92,5
15822,3650,2025-08-13,Integrations,46,2
15823,3650,2026-05-30,Export Data,103,2
15824,3651,2025-01-02,Export Data,55,1
15825,3651,2026-08-06,Team Collaboration,103,3
15826,3651,2025-03-11,Integrations,32,5
15827,3651,2021-12-23,Mobile App,102,4
15828,3651,2024-11-19,Team Collaboration,67,5
15829,3651,2024-07-27,Team Collaboration,3,1
15830,3651,2022-10-28,Mobile App,60,2
15831,3651,2025-08-14,Reports,94,4
15832,3651,2023-12-21,Integrations,95,3
15833,3652,2026-03-06,Integrations,102,1
15834,3652,2022-05-14,Mobile App,119,3
15835,3653,2025-12-08,Dashboard,95,3
15836,3654,2026-01-20,Team Collaboration,15,3
15837,3654,2026-08-09,Reports,57,1
15838,3654,2024-01-26,Team Collaboration,105,1
15839,3655,2025-06-22,Notifications,10,1
15840,3655,2024-03-12,Team Collaboration,64,2
15841,3655,2023-05-11,API Access,34,2
15842,3655,2025-03-21,Reports,20,5
15843,3655,2026-03-27,Export Data,55,5
15844,3655,2023-01-16,Notifications,80,5
15845,3655,2026-01-24,Team Collaboration,48,4
15846,3656,2025-06-15,API Access,85,1
15847,3656,2025-04-28,Integrations,54,5
15848,3656,2024-08-23,API Access,21,2
15849,3656,2024-03-04,Dashboard,101,4
15850,3657,2023-09-02,Dashboard,65,5
15851,3657,2023-03-06,Mobile App,108,3
15852,3657,2022-01-18,Integrations,102,1
15853,3657,2026-04-27,Reports,49,2
15854,3657,2023-06-30,API Access,71,2
15855,3657,2022-09-02,Integrations,5,3
15856,3657,2026-07-16,Team Collaboration,53,5
15857,3657,2025-12-14,Integrations,94,2
15858,3659,2026-05-12,Notifications,37,2
15859,3659,2026-08-25,Export Data,2,1
15860,3659,2026-05-17,API Access,45,2
15861,3659,2026-07-23,Export Data,73,2
15862,3659,2026-08-17,Integrations,16,3
15863,3660,2022-10-11,Notifications,33,1
15864,3660,2022-06-10,Mobile App,4,1
15865,3660,2025-12-05,Team Collaboration,20,5
15866,3660,2025-02-09,Notifications,20,1
15867,3661,2025-06-17,Dashboard,9,5
15868,3661,2023-06-28,Dashboard,103,2
15869,3662,2025-03-30,Integrations,118,4
15870,3662,2023-04-10,Export Data,45,3
15871,3662,2022-11-05,Integrations,16,4
15872,3662,2022-04-09,Export Data,51,4
15873,3662,2022-01-13,API Access,21,2
15874,3664,2024-08-05,Team Collaboration,117,2
15875,3664,2023-01-18,API Access,86,2
15876,3664,2024-10-04,Reports,11,1
15877,3664,2021-10-02,Reports,56,5
15878,3664,2025-12-03,API Access,91,1
15879,3664,2023-12-24,Notifications,22,1
15880,3664,2023-07-05,Integrations,67,4
15881,3665,2026-03-09,Notifications,55,1
15882,3665,2026-08-10,Team Collaboration,32,2
15883,3665,2026-07-03,Integrations,5,3
15884,3665,2026-07-10,Dashboard,87,1
15885,3665,2026-04-06,Notifications,48,5
15886,3666,2026-03-18,Dashboard,77,5
15887,3667,2025-02-09,Integrations,52,5
15888,3667,2024-07-15,API Access,18,4
15889,3667,2025-10-18,API Access,31,4
15890,3667,2025-03-04,Team Collaboration,45,4
15891,3667,2024-12-08,Team Collaboration,79,2
15892,3667,2024-04-23,Integrations,17,1
15893,3668,2025-07-15,Mobile App,91,1
15894,3668,2024-12-14,Notifications,70,1
15895,3668,2025-08-14,Reports,45,5
15896,3668,2025-06-14,Integrations,70,5
15897,3668,2026-07-19,Dashboard,26,2
15898,3668,2026-05-06,Mobile App,119,1
15899,3668,2025-07-29,Notifications,32,4
15900,3668,2025-11-06,Reports,27,1
15901,3670,2024-12-15,Notifications,80,2
15902,3671,2024-09-26,Notifications,107,4
15903,3671,2025-03-31,Mobile App,102,5
15904,3671,2026-08-13,Export Data,30,1
15905,3671,2025-02-02,API Access,38,4
15906,3671,2024-06-18,Team Collaboration,85,3
15907,3671,2024-12-20,API Access,120,2
15908,3671,2024-06-25,Reports,47,1
15909,3672,2024-11-22,Mobile App,1,1
15910,3673,2026-09-03,Mobile App,117,2
15911,3673,2026-06-03,Export Data,38,5
15912,3673,2026-06-09,Notifications,75,1
15913,3673,2026-07-23,Export Data,32,5
15914,3673,2026-05-04,Dashboard,35,3
15915,3673,2026-07-08,Mobile App,24,3
15916,3673,2026-07-01,Integrations,23,3
15917,3673,2026-05-19,Reports,80,4
15918,3673,2026-07-25,Reports,109,4
15919,3673,2026-07-10,Team Collaboration,19,1
15920,3674,2021-12-25,Export Data,7,1
15921,3675,2022-03-22,Dashboard,89,2
15922,3676,2024-12-27,Dashboard,89,4
15923,3676,2024-04-04,Notifications,45,1
15924,3676,2026-03-06,Notifications,114,5
15925,3676,2024-11-28,Mobile App,40,5
15926,3676,2023-12-10,Mobile App,14,2
15927,3676,2026-02-09,Team Collaboration,84,1
15928,3676,2024-06-22,Export Data,23,2
15929,3676,2024-10-15,API Access,70,5
15930,3676,2025-06-24,Mobile App,62,5
15931,3677,2023-06-06,Export Data,67,5
15932,3677,2024-08-13,Dashboard,62,4
15933,3677,2023-06-26,API Access,5,5
15934,3677,2025-05-23,Reports,99,3
15935,3678,2026-01-30,Reports,35,4
15936,3678,2025-01-12,API Access,61,2
15937,3678,2026-03-23,Reports,81,3
15938,3678,2026-05-13,API Access,3,3
15939,3678,2024-08-04,Dashboard,40,2
15940,3680,2025-06-09,Team Collaboration,68,3
15941,3680,2024-02-11,Notifications,76,5
15942,3680,2025-01-20,API Access,77,5
15943,3680,2023-12-19,Integrations,11,5
15944,3680,2023-12-30,Reports,65,3
15945,3680,2025-07-17,Reports,61,4
15946,3680,2026-08-25,Dashboard,23,5
15947,3680,2024-09-07,Integrations,1,1
15948,3680,2024-09-03,Dashboard,60,2
15949,3680,2024-05-02,Reports,115,1
15950,3681,2025-09-07,Team Collaboration,116,3
15951,3681,2025-09-18,Team Collaboration,49,4
15952,3682,2023-01-02,Mobile App,10,4
15953,3682,2023-12-24,API Access,41,4
15954,3682,2022-11-28,Integrations,24,3
15955,3682,2023-05-30,Integrations,25,5
15956,3682,2025-03-18,Team Collaboration,88,2
15957,3683,2026-05-01,API Access,6,2
15958,3683,2026-01-13,Team Collaboration,85,3
15959,3683,2025-09-17,Notifications,28,1
15960,3683,2025-12-02,Export Data,103,3
15961,3683,2025-11-14,Export Data,35,1
15962,3683,2025-09-13,Notifications,97,1
15963,3683,2025-11-03,Export Data,4,4
15964,3683,2025-12-10,Team Collaboration,71,3
15965,3683,2026-07-15,Reports,67,5
15966,3684,2024-08-05,Team Collaboration,1,5
15967,3684,2024-04-23,Reports,8,1
15968,3684,2023-12-27,Notifications,1,5
15969,3684,2026-08-27,Mobile App,13,4
15970,3684,2026-01-27,Notifications,79,2
15971,3685,2026-02-17,Export Data,62,4
15972,3685,2022-08-27,API Access,8,1
15973,3685,2023-04-12,Notifications,35,2
15974,3687,2026-02-04,Team Collaboration,18,5
15975,3687,2025-06-10,Reports,97,2
15976,3687,2026-08-19,Team Collaboration,82,3
15977,3687,2026-03-01,API Access,50,4
15978,3687,2026-06-05,Integrations,104,2
15979,3687,2025-09-20,Team Collaboration,65,4
15980,3687,2026-03-24,Team Collaboration,38,4
15981,3688,2021-09-06,Integrations,69,2
15982,3688,2023-12-09,Integrations,8,1
15983,3688,2021-09-13,Reports,99,2
15984,3689,2026-06-13,Team Collaboration,54,3
15985,3689,2026-07-26,Dashboard,67,3
15986,3689,2026-05-24,Team Collaboration,19,5
15987,3690,2023-09-30,Dashboard,59,4
15988,3690,2026-01-28,API Access,95,2
15989,3691,2026-05-12,Dashboard,34,2
15990,3691,2025-05-15,Team Collaboration,100,1
15991,3691,2026-04-18,Dashboard,11,1
15992,3691,2025-04-12,Export Data,76,2
15993,3691,2024-11-06,Notifications,17,1
15994,3691,2025-09-26,Dashboard,3,2
15995,3691,2025-12-23,Notifications,76,5
15996,3691,2026-02-18,Export Data,57,4
15997,3691,2025-10-07,Reports,64,1
15998,3692,2026-02-14,Notifications,47,4
15999,3692,2026-08-03,Export Data,85,5
16000,3692,2026-06-25,Notifications,59,5
16001,3693,2026-06-25,Dashboard,114,5
16002,3693,2025-09-26,Export Data,37,4
16003,3693,2025-05-02,API Access,97,4
16004,3693,2025-02-09,Notifications,6,3
16005,3693,2026-04-10,Notifications,93,5
16006,3693,2026-04-08,Dashboard,13,2
16007,3693,2025-11-29,Dashboard,120,1
16008,3693,2023-04-23,API Access,18,3
16009,3693,2024-11-08,Team Collaboration,26,4
16010,3693,2023-06-27,Mobile App,92,4
16011,3694,2026-07-27,Notifications,96,1
16012,3694,2026-07-31,Dashboard,8,3
16013,3694,2026-09-07,API Access,78,1
16014,3695,2026-06-17,Reports,55,5
16015,3695,2026-04-20,API Access,4,1
16016,3695,2026-07-22,Dashboard,39,3
16017,3695,2024-04-02,Reports,78,1
16018,3695,2025-04-23,Notifications,86,2
16019,3695,2026-01-04,Dashboard,27,1
16020,3695,2024-07-13,Export Data,34,2
16021,3696,2026-08-25,Integrations,111,1
16022,3696,2026-08-31,Reports,51,3
16023,3696,2026-08-28,Notifications,88,5
16024,3696,2026-09-02,Export Data,81,1
16025,3696,2026-07-02,Mobile App,41,4
16026,3696,2026-05-10,Notifications,68,1
16027,3697,2026-07-31,Dashboard,55,3
16028,3697,2026-06-23,Dashboard,108,3
16029,3697,2026-08-22,Dashboard,40,5
16030,3697,2026-07-16,Export Data,3,2
16031,3697,2026-07-11,Mobile App,58,3
16032,3697,2026-08-08,Export Data,49,2
16033,3697,2026-08-12,Reports,111,5
16034,3697,2026-07-02,Mobile App,119,2
16035,3697,2026-07-31,Reports,107,1
16036,3698,2025-06-05,Dashboard,25,2
16037,3699,2025-11-30,Dashboard,56,4
16038,3699,2024-12-23,Export Data,62,2
16039,3699,2025-11-11,Integrations,81,1
16040,3700,2026-05-16,Integrations,47,3
16041,3701,2023-09-05,Integrations,103,5
16042,3701,2025-01-18,Team Collaboration,118,2
16043,3701,2026-02-24,Team Collaboration,108,1
16044,3702,2025-09-28,Export Data,61,4
16045,3702,2025-09-02,API Access,7,2
16046,3704,2022-02-26,Reports,80,3
16047,3704,2026-03-25,Dashboard,46,1
16048,3704,2025-08-28,Dashboard,63,2
16049,3704,2024-04-12,Integrations,45,4
16050,3704,2026-02-10,Reports,100,2
16051,3704,2025-03-14,Notifications,89,4
16052,3704,2023-08-14,Reports,91,2
16053,3704,2024-11-06,Team Collaboration,106,1
16054,3705,2024-10-19,Export Data,11,5
16055,3705,2025-12-31,Dashboard,6,5
16056,3705,2025-04-26,Notifications,68,3
16057,3705,2024-12-25,Dashboard,45,4
16058,3705,2025-11-25,Dashboard,46,5
16059,3705,2026-04-28,API Access,34,4
16060,3705,2026-09-02,Integrations,50,3
16061,3705,2025-05-16,API Access,16,3
16062,3705,2024-02-08,Integrations,35,2
16063,3705,2025-03-01,API Access,110,1
16064,3706,2022-11-13,API Access,33,3
16065,3706,2021-09-09,Mobile App,66,1
16066,3707,2025-03-10,Integrations,20,2
16067,3707,2025-02-19,Export Data,42,3
16068,3707,2025-03-12,Reports,15,5
16069,3707,2025-02-21,Team Collaboration,34,1
16070,3708,2025-11-20,Integrations,23,4
16071,3708,2023-06-06,Dashboard,54,5
16072,3708,2026-07-12,API Access,33,4
16073,3708,2025-11-20,Mobile App,14,3
16074,3708,2025-02-07,Integrations,24,1
16075,3708,2024-11-11,Team Collaboration,19,5
16076,3708,2024-02-28,Export Data,104,5
16077,3708,2023-12-02,Integrations,60,1
16078,3708,2025-04-12,Reports,49,5
16079,3708,2023-06-01,Reports,75,4
16080,3709,2026-06-20,Export Data,36,4
16081,3709,2026-08-14,Mobile App,38,4
16082,3709,2026-06-09,Mobile App,106,2
16083,3709,2026-07-16,Export Data,53,4
16084,3709,2026-03-16,API Access,45,3
16085,3709,2026-06-23,Integrations,53,2
16086,3710,2026-05-21,Team Collaboration,23,3
16087,3711,2024-04-04,Export Data,36,5
16088,3711,2022-12-28,Export Data,31,5
16089,3711,2024-10-25,Notifications,97,2
16090,3711,2024-08-11,Export Data,44,1
16091,3711,2024-03-18,Reports,94,2
16092,3711,2022-11-25,Notifications,21,3
16093,3712,2026-05-27,Team Collaboration,36,2
16094,3712,2025-12-14,Export Data,45,4
16095,3712,2026-08-02,Notifications,5,3
16096,3712,2026-03-24,Notifications,99,3
16097,3712,2025-12-03,Notifications,86,5
16098,3712,2026-04-30,Integrations,23,1
16099,3712,2026-08-02,Reports,95,4
16100,3712,2026-04-25,Team Collaboration,114,4
16101,3713,2023-01-14,Notifications,77,4
16102,3713,2022-12-22,API Access,94,5
16103,3713,2023-05-05,Notifications,32,5
16104,3714,2026-03-26,Team Collaboration,100,1
16105,3714,2026-09-13,Mobile App,82,1
16106,3714,2026-06-20,Dashboard,1,2
16107,3714,2026-03-18,Notifications,75,2
16108,3714,2026-06-28,API Access,90,5
16109,3714,2026-04-04,Integrations,79,2
16110,3714,2026-04-14,Reports,111,4
16111,3714,2026-07-06,Integrations,73,4
16112,3715,2026-08-30,Integrations,12,1
16113,3715,2026-09-05,Team Collaboration,19,3
16114,3715,2026-07-21,Notifications,4,4
16115,3716,2021-11-17,API Access,82,5
16116,3716,2025-06-21,Notifications,53,1
16117,3716,2024-02-07,Integrations,95,5
16118,3717,2026-09-15,Export Data,81,2
16119,3717,2024-06-02,Dashboard,118,4
16120,3717,2024-04-06,Integrations,88,4
16121,3717,2025-05-07,Dashboard,62,2
16122,3717,2022-09-22,API Access,85,1
16123,3717,2025-08-07,API Access,76,5
16124,3717,2026-07-18,Mobile App,88,4
16125,3717,2024-01-02,Notifications,118,1
16126,3717,2025-12-21,Integrations,93,3
16127,3718,2023-07-29,Integrations,89,5
16128,3718,2024-03-31,API Access,56,3
16129,3718,2026-01-29,Reports,112,3
16130,3718,2023-11-06,Integrations,69,5
16131,3718,2022-12-18,Mobile App,66,3
16132,3718,2026-08-27,Team Collaboration,72,1
16133,3719,2026-07-10,API Access,100,2
16134,3719,2026-05-03,Dashboard,94,5
16135,3719,2026-04-13,Mobile App,109,3
16136,3719,2026-09-13,Mobile App,44,5
16137,3720,2022-02-22,Notifications,82,5
16138,3720,2021-11-28,Integrations,2,2
16139,3720,2022-06-04,Team Collaboration,40,1
16140,3721,2026-05-23,Dashboard,61,1
16141,3721,2026-08-25,Integrations,8,1
16142,3721,2026-05-21,Integrations,17,2
16143,3721,2026-08-29,Team Collaboration,114,3
16144,3721,2026-05-31,API Access,91,3
16145,3721,2026-09-11,Reports,91,4
16146,3721,2026-03-30,Integrations,54,5
16147,3722,2025-11-07,Notifications,28,4
16148,3722,2024-11-14,Dashboard,31,2
16149,3722,2024-12-04,Dashboard,81,1
16150,3722,2026-03-16,API Access,5,2
16151,3722,2026-02-22,Team Collaboration,83,2
16152,3723,2025-01-10,Notifications,64,5
16153,3724,2021-05-09,API Access,111,4
16154,3726,2021-11-09,Team Collaboration,71,3
16155,3726,2023-06-23,Export Data,101,4
16156,3726,2026-01-05,Team Collaboration,76,5
16157,3726,2023-09-25,Dashboard,21,2
16158,3727,2024-06-07,API Access,102,1
16159,3727,2026-05-01,Integrations,64,2
16160,3727,2025-06-07,Reports,109,5
16161,3727,2026-07-24,Team Collaboration,76,2
16162,3727,2023-05-30,Dashboard,35,4
16163,3727,2026-03-30,Export Data,82,4
16164,3727,2025-04-25,API Access,116,2
16165,3727,2023-04-30,Dashboard,58,4
16166,3727,2024-05-23,Reports,110,1
16167,3728,2025-08-29,Mobile App,15,5
16168,3728,2026-07-14,Dashboard,92,5
16169,3728,2026-06-03,Export Data,76,3
16170,3728,2024-12-10,Notifications,104,1
16171,3729,2025-04-16,Reports,33,5
16172,3729,2025-03-27,Export Data,6,4
16173,3729,2025-11-25,Mobile App,103,4
16174,3729,2025-07-24,Mobile App,5,3
16175,3729,2025-07-13,Notifications,78,3
16176,3730,2026-07-05,Reports,111,1
16177,3730,2026-05-06,Export Data,82,4
16178,3730,2024-09-22,API Access,19,5
16179,3730,2025-06-16,API Access,105,2
16180,3730,2026-05-02,Team Collaboration,24,5
16181,3731,2023-04-20,Team Collaboration,76,3
16182,3731,2026-06-15,Mobile App,45,4
16183,3731,2023-07-02,Integrations,109,1
16184,3731,2025-01-06,Dashboard,115,1
16185,3731,2023-12-17,Dashboard,19,1
16186,3731,2024-05-28,Team Collaboration,43,1
16187,3732,2021-07-09,Export Data,10,3
16188,3732,2021-07-04,Export Data,105,5
16189,3732,2021-06-26,Export Data,111,2
16190,3733,2022-06-29,Mobile App,74,2
16191,3733,2024-08-11,Notifications,14,2
16192,3733,2025-03-14,Reports,6,2
16193,3733,2022-02-01,Export Data,84,3
16194,3734,2023-06-23,Dashboard,70,1
16195,3734,2023-11-17,Integrations,106,3
16196,3734,2023-11-13,Integrations,30,1
16197,3734,2023-09-02,Notifications,30,3
16198,3735,2026-07-22,Integrations,22,1
16199,3735,2026-09-11,API Access,76,4
16200,3735,2026-05-22,Dashboard,108,4
16201,3735,2026-05-15,Dashboard,77,5
16202,3735,2026-07-07,Team Collaboration,67,2
16203,3735,2026-01-17,API Access,3,4
16204,3735,2026-08-15,Export Data,5,1
16205,3735,2026-08-31,Dashboard,29,3
16206,3736,2025-02-16,Mobile App,65,4
16207,3736,2025-07-27,Notifications,55,2
16208,3737,2025-10-22,Reports,96,5
16209,3737,2022-12-11,Notifications,89,5
16210,3737,2025-08-04,Export Data,38,3
16211,3737,2025-12-30,Export Data,44,1
16212,3737,2025-01-22,Dashboard,51,4
16213,3737,2024-02-06,Reports,101,2
16214,3737,2025-07-18,Dashboard,101,1
16215,3737,2025-07-31,Team Collaboration,84,2
16216,3737,2023-09-02,Reports,68,2
16217,3738,2025-03-28,Notifications,69,5
16218,3738,2026-08-04,Integrations,84,4
16219,3738,2024-08-09,Export Data,61,3
16220,3738,2024-10-06,API Access,107,3
16221,3739,2026-06-07,API Access,105,2
16222,3739,2026-08-02,Integrations,37,3
16223,3739,2026-08-12,Reports,39,1
16224,3739,2025-12-11,Dashboard,46,3
16225,3739,2026-03-09,Team Collaboration,120,4
16226,3739,2026-04-08,Export Data,40,1
16227,3739,2026-06-16,Dashboard,58,2
16228,3741,2025-04-14,Export Data,12,5
16229,3741,2025-10-25,API Access,59,1
16230,3741,2023-07-25,Notifications,101,4
16231,3743,2026-08-13,Notifications,112,2
16232,3743,2026-09-09,Export Data,58,2
16233,3743,2026-07-21,Reports,101,1
16234,3743,2026-07-19,Dashboard,82,2
16235,3743,2026-08-20,Notifications,78,3
16236,3743,2026-07-24,Export Data,98,3
16237,3743,2026-08-20,Team Collaboration,65,1
16238,3743,2026-09-02,Notifications,29,4
16239,3744,2025-03-10,Notifications,70,2
16240,3744,2024-09-13,Dashboard,116,5
16241,3744,2025-05-18,Mobile App,108,2
16242,3745,2025-07-31,Reports,118,3
16243,3745,2026-06-06,API Access,14,5
16244,3746,2024-08-07,Export Data,27,4
16245,3746,2024-06-09,Mobile App,119,4
16246,3746,2024-10-16,Notifications,50,4
16247,3746,2026-04-21,Reports,82,4
16248,3746,2024-11-09,Notifications,23,1
16249,3746,2024-10-28,Mobile App,47,4
16250,3746,2026-07-21,Notifications,106,1
16251,3746,2026-06-30,API Access,117,2
16252,3746,2025-03-07,Team Collaboration,116,2
16253,3747,2024-05-19,Mobile App,79,3
16254,3747,2024-08-11,Integrations,71,5
16255,3747,2025-12-02,Dashboard,49,4
16256,3748,2026-04-21,Team Collaboration,82,4
16257,3748,2026-09-08,Reports,72,4
16258,3748,2025-11-08,Mobile App,76,4
16259,3748,2025-12-28,Dashboard,81,3
16260,3748,2026-03-28,API Access,87,1
16261,3748,2025-07-18,Export Data,3,4
16262,3748,2026-05-07,Reports,1,4
16263,3748,2026-02-17,Mobile App,37,5
16264,3749,2025-11-12,Reports,20,3
16265,3749,2026-01-12,Reports,53,4
16266,3749,2026-07-18,Export Data,49,2
16267,3749,2025-07-12,Reports,66,4
16268,3749,2026-03-23,Integrations,112,3
16269,3749,2024-08-15,Reports,46,4
16270,3749,2026-06-10,Export Data,3,4
16271,3749,2024-09-06,Integrations,116,5
16272,3749,2024-12-30,Integrations,98,5
16273,3749,2026-04-19,Reports,80,3
16274,3750,2025-05-14,Integrations,119,2
16275,3751,2026-06-10,API Access,19,1
16276,3752,2023-11-27,API Access,112,5
16277,3752,2025-06-23,Export Data,48,2
16278,3752,2024-03-16,Integrations,14,1
16279,3752,2024-10-03,Notifications,61,1
16280,3752,2022-03-21,Notifications,111,4
16281,3753,2022-01-24,Integrations,58,4
16282,3753,2023-05-17,Integrations,96,4
16283,3753,2026-08-21,Team Collaboration,28,3
16284,3753,2022-02-22,Mobile App,29,5
16285,3753,2022-01-27,Dashboard,61,5
16286,3753,2025-09-22,API Access,59,1
16287,3753,2023-10-16,API Access,38,5
16288,3753,2022-11-08,Dashboard,70,2
16289,3753,2024-08-13,Team Collaboration,104,4
16290,3753,2021-04-10,Mobile App,5,5
16291,3754,2023-01-19,Export Data,89,5
16292,3754,2022-12-08,Dashboard,3,4
16293,3754,2026-02-12,Export Data,21,5
16294,3754,2022-09-07,API Access,95,3
16295,3754,2023-06-11,Export Data,76,1
16296,3754,2026-06-02,Mobile App,21,2
16297,3754,2025-05-25,API Access,82,3
16298,3754,2024-05-30,Team Collaboration,98,4
16299,3754,2023-05-08,API Access,44,3
16300,3754,2023-04-23,Notifications,80,3
16301,3755,2022-10-12,Mobile App,13,4
16302,3755,2022-02-21,Team Collaboration,87,4
16303,3755,2021-12-14,Export Data,1,1
16304,3756,2026-07-18,API Access,77,1
16305,3756,2025-05-10,Integrations,87,1
16306,3756,2025-03-31,Team Collaboration,74,2
16307,3756,2025-12-09,Dashboard,82,5
16308,3756,2025-05-10,Reports,29,5
16309,3757,2025-10-26,Reports,80,4
16310,3757,2026-04-08,Integrations,45,1
16311,3758,2024-04-21,Dashboard,119,2
16312,3758,2022-09-23,Team Collaboration,105,4
16313,3758,2023-09-17,Mobile App,111,2
16314,3758,2024-09-05,Dashboard,117,4
16315,3759,2025-06-08,Integrations,3,5
16316,3759,2025-07-29,Team Collaboration,93,2
16317,3759,2025-06-12,API Access,108,2
16318,3759,2025-08-14,Team Collaboration,51,1
16319,3760,2026-08-22,Reports,100,1
16320,3760,2026-08-18,Team Collaboration,77,4
16321,3760,2026-08-17,Dashboard,82,3
16322,3760,2026-08-27,Notifications,15,1
16323,3760,2026-09-03,Team Collaboration,17,4
16324,3760,2026-08-22,Export Data,88,5
16325,3760,2026-08-22,Export Data,80,2
16326,3760,2026-08-12,Team Collaboration,111,1
16327,3760,2026-08-20,API Access,67,4
16328,3760,2026-08-11,API Access,64,2
16329,3761,2025-10-11,Dashboard,79,2
16330,3761,2025-08-05,Mobile App,96,4
16331,3761,2025-06-12,Reports,31,1
16332,3762,2021-06-03,Dashboard,95,4
16333,3762,2021-05-11,Export Data,79,5
16334,3762,2021-06-16,Dashboard,53,1
16335,3762,2021-05-31,Export Data,86,2
16336,3764,2025-08-18,Dashboard,91,5
16337,3764,2026-03-24,Reports,89,5
16338,3765,2026-05-27,Export Data,16,5
16339,3765,2026-09-01,Export Data,39,1
16340,3765,2025-08-03,API Access,76,3
16341,3765,2025-01-02,Reports,80,5
16342,3765,2025-06-05,Dashboard,35,2
16343,3765,2024-03-09,Dashboard,95,1
16344,3765,2024-12-21,Dashboard,61,4
16345,3765,2023-04-25,Integrations,118,5
16346,3765,2025-10-17,Mobile App,80,1
16347,3766,2025-01-13,Team Collaboration,39,5
16348,3766,2025-01-30,Dashboard,11,1
16349,3766,2024-11-30,Notifications,102,3
16350,3766,2024-12-27,Integrations,18,2
16351,3767,2022-10-19,Integrations,104,2
16352,3767,2022-04-19,Integrations,88,1
16353,3767,2022-04-08,Export Data,118,5
16354,3768,2025-09-11,Integrations,89,4
16355,3769,2025-10-15,Mobile App,68,5
16356,3769,2022-03-13,Notifications,80,4
16357,3769,2024-09-12,Integrations,96,2
16358,3769,2021-10-06,Export Data,11,5
16359,3770,2024-07-19,Dashboard,75,1
16360,3771,2026-08-28,API Access,27,4
16361,3771,2025-05-21,Notifications,74,2
16362,3771,2025-04-23,API Access,94,5
16363,3771,2025-06-28,Dashboard,106,1
16364,3771,2026-06-21,Team Collaboration,4,5
16365,3772,2026-08-12,Export Data,65,1
16366,3772,2026-08-05,Mobile App,12,3
16367,3772,2026-09-05,Reports,33,5
16368,3772,2026-06-27,Mobile App,104,4
16369,3772,2026-07-24,Integrations,34,4
16370,3772,2026-06-08,Integrations,50,5
16371,3772,2026-06-04,Reports,87,5
16372,3772,2026-09-12,Team Collaboration,29,1
16373,3773,2023-07-04,API Access,4,5
16374,3773,2024-08-15,API Access,78,1
16375,3773,2023-10-27,Team Collaboration,5,4
16376,3773,2025-10-15,Notifications,48,5
16377,3774,2026-08-26,Export Data,37,4
16378,3774,2024-11-19,Reports,54,4
16379,3774,2022-09-28,Notifications,40,3
16380,3775,2024-11-02,Team Collaboration,90,3
16381,3775,2025-03-05,Mobile App,67,3
16382,3775,2023-01-03,Export Data,50,4
16383,3775,2026-06-20,Team Collaboration,16,3
16384,3775,2022-12-24,Export Data,10,5
16385,3776,2022-08-03,Team Collaboration,51,4
16386,3776,2022-05-31,Export Data,12,3
16387,3776,2023-04-30,Mobile App,103,4
16388,3777,2024-05-18,API Access,3,5
16389,3777,2025-11-17,Export Data,59,2
16390,3777,2025-09-15,Export Data,51,5
16391,3777,2024-03-25,Notifications,40,1
16392,3777,2026-08-10,Team Collaboration,27,1
16393,3777,2024-10-05,Export Data,28,1
16394,3777,2025-07-18,Integrations,79,3
16395,3777,2023-12-11,Integrations,78,2
16396,3778,2025-03-09,API Access,111,2
16397,3778,2025-11-15,Export Data,107,3
16398,3778,2025-03-30,Dashboard,13,2
16399,3778,2026-01-10,Notifications,22,3
16400,3778,2026-03-10,Mobile App,106,3
16401,3778,2026-09-06,Export Data,67,2
16402,3779,2024-09-29,Team Collaboration,109,2
16403,3779,2024-05-01,Dashboard,21,4
16404,3779,2024-03-16,Integrations,76,1
16405,3779,2025-07-02,Mobile App,8,2
16406,3779,2024-02-08,Team Collaboration,120,3
16407,3779,2024-07-20,Team Collaboration,99,3
16408,3779,2024-11-02,Mobile App,21,3
16409,3779,2026-06-29,Export Data,94,4
16410,3780,2026-02-26,Notifications,24,5
16411,3780,2025-09-06,Notifications,79,3
16412,3780,2025-09-26,Export Data,85,2
16413,3780,2026-04-04,Reports,17,5
16414,3780,2026-04-01,Export Data,76,1
16415,3780,2026-06-23,Mobile App,67,4
16416,3780,2026-02-21,Integrations,109,5
16417,3780,2026-04-09,Notifications,76,5
16418,3781,2026-05-15,Dashboard,84,5
16419,3781,2023-11-01,Export Data,105,2
16420,3781,2022-12-03,API Access,73,5
16421,3782,2024-03-19,Integrations,58,3
16422,3782,2023-08-27,Mobile App,87,5
16423,3782,2025-10-25,Dashboard,40,2
16424,3782,2026-09-06,Dashboard,70,3
16425,3782,2023-11-21,Team Collaboration,28,5
16426,3782,2024-10-10,Export Data,67,2
16427,3782,2026-06-08,Notifications,8,5
16428,3782,2024-10-10,Integrations,40,2
16429,3783,2022-01-01,Export Data,89,3
16430,3783,2021-10-19,Team Collaboration,8,1
16431,3783,2021-12-13,Mobile App,68,3
16432,3784,2025-08-02,Notifications,120,2
16433,3784,2024-11-16,Notifications,116,1
16434,3784,2026-08-29,Notifications,86,4
16435,3784,2025-06-04,Reports,99,2
16436,3784,2024-10-30,Integrations,32,2
16437,3785,2026-08-08,Team Collaboration,45,2
16438,3785,2026-08-29,Team Collaboration,111,1
16439,3785,2026-07-10,Mobile App,119,5
16440,3786,2026-02-18,Notifications,49,4
16441,3786,2025-09-27,API Access,91,2
16442,3786,2026-06-08,Dashboard,79,1
16443,3786,2026-02-05,API Access,31,4
16444,3786,2025-10-24,Dashboard,118,1
16445,3786,2026-01-27,Team Collaboration,37,4
16446,3786,2026-09-05,Notifications,47,3
16447,3786,2026-05-23,API Access,70,3
16448,3786,2026-05-30,Notifications,41,2
16449,3786,2025-09-02,API Access,64,4
16450,3787,2024-10-17,Notifications,13,1
16451,3788,2024-10-12,Reports,47,1
16452,3788,2026-06-11,API Access,3,1
16453,3788,2026-03-21,Dashboard,67,4
16454,3788,2024-04-01,Reports,68,5
16455,3788,2025-01-20,Export Data,28,1
16456,3788,2026-06-07,Mobile App,105,5
16457,3788,2024-08-30,Mobile App,80,2
16458,3788,2024-05-03,Export Data,68,4
16459,3788,2024-09-12,Dashboard,49,2
16460,3790,2026-07-01,Integrations,75,2
16461,3790,2026-07-02,API Access,115,2
16462,3790,2026-08-13,API Access,8,1
16463,3790,2026-09-02,Dashboard,97,3
16464,3790,2026-07-18,Mobile App,65,2
16465,3790,2026-07-16,Team Collaboration,35,2
16466,3790,2026-07-21,Reports,65,3
16467,3790,2026-08-12,Export Data,15,2
16468,3791,2025-03-20,API Access,14,5
16469,3791,2026-08-21,Export Data,55,4
16470,3791,2026-09-15,Dashboard,87,5
16471,3791,2025-05-09,Mobile App,116,4
16472,3791,2024-12-03,Export Data,105,4
16473,3791,2025-05-01,Dashboard,72,4
16474,3791,2025-12-23,Reports,110,1
16475,3792,2025-05-14,Dashboard,66,3
16476,3792,2025-07-09,Notifications,53,4
16477,3792,2026-05-26,API Access,84,3
16478,3792,2025-04-29,Integrations,95,3
16479,3792,2025-03-12,API Access,20,4
16480,3792,2025-07-09,Dashboard,7,2
16481,3792,2026-01-20,Team Collaboration,26,2
16482,3792,2026-06-27,API Access,14,2
16483,3792,2025-12-30,API Access,59,3
16484,3793,2024-07-01,Dashboard,42,1
16485,3794,2025-09-06,Mobile App,71,2
16486,3794,2024-11-08,Mobile App,93,2
16487,3795,2023-01-25,API Access,120,1
16488,3795,2023-03-02,Reports,42,5
16489,3796,2026-06-21,Export Data,37,1
16490,3796,2026-09-03,Reports,17,3
16491,3796,2026-04-11,Integrations,70,2
16492,3796,2026-07-31,Reports,105,3
16493,3796,2026-04-20,Integrations,77,2
16494,3796,2026-09-02,Integrations,58,2
16495,3796,2026-06-24,Team Collaboration,66,3
16496,3796,2025-12-15,Mobile App,97,1
16497,3796,2025-12-22,Mobile App,90,4
16498,3797,2023-01-28,Integrations,50,4
16499,3797,2023-01-27,Notifications,24,4
16500,3797,2023-01-20,Mobile App,79,5
16501,3798,2025-11-29,Notifications,38,4
16502,3799,2026-01-20,Dashboard,60,5
16503,3799,2025-06-01,Integrations,118,2
16504,3799,2024-05-18,Dashboard,85,3
16505,3799,2024-04-24,Mobile App,7,1
16506,3799,2026-07-26,Notifications,19,3
16507,3799,2023-07-04,Team Collaboration,15,4
16508,3799,2023-06-11,Mobile App,29,4
16509,3799,2023-12-17,Dashboard,86,1
16510,3799,2025-03-11,Team Collaboration,64,3
16511,3799,2025-08-11,Reports,108,1
16512,3800,2024-10-07,Mobile App,20,5
16513,3800,2023-09-15,Team Collaboration,9,2
16514,3800,2024-09-06,Export Data,74,4
16515,3800,2026-03-11,Notifications,55,1
16516,3800,2023-10-04,Export Data,70,1
16517,3800,2026-06-18,Integrations,95,5
16518,3801,2022-05-24,Reports,12,2
16519,3801,2023-05-06,API Access,104,5
16520,3801,2022-05-28,API Access,95,1
16521,3802,2023-12-02,Export Data,48,2
16522,3802,2023-09-11,Dashboard,99,1
16523,3802,2023-08-13,Export Data,63,5
16524,3802,2024-01-24,Notifications,23,5
16525,3803,2026-05-27,Export Data,104,4
16526,3804,2025-05-29,API Access,95,5
16527,3804,2023-10-29,Reports,42,4
16528,3804,2025-12-13,Team Collaboration,7,5
16529,3804,2026-08-24,Mobile App,22,4
16530,3805,2025-10-07,Integrations,71,4
16531,3805,2025-10-21,Notifications,95,2
16532,3805,2026-01-04,Reports,74,2
16533,3806,2025-07-05,Dashboard,24,2
16534,3806,2025-07-21,Mobile App,118,5
16535,3806,2025-10-10,Reports,33,4
16536,3806,2026-02-17,Export Data,100,4
16537,3806,2025-09-06,Integrations,35,5
16538,3806,2025-07-19,Mobile App,16,5
16539,3807,2026-01-05,API Access,91,3
16540,3807,2026-04-26,Mobile App,96,3
16541,3807,2026-04-01,Dashboard,101,2
16542,3807,2026-07-02,Notifications,87,2
16543,3807,2026-02-18,Dashboard,88,5
16544,3807,2025-11-28,Team Collaboration,111,3
16545,3807,2025-10-24,Notifications,16,5
16546,3807,2026-04-23,Dashboard,61,5
16547,3807,2026-03-17,Dashboard,28,1
16548,3808,2024-05-06,Mobile App,112,4
16549,3808,2024-07-16,Team Collaboration,46,3
16550,3808,2023-01-16,Integrations,98,2
16551,3808,2025-10-04,API Access,99,5
16552,3808,2025-12-20,API Access,70,3
16553,3808,2026-05-27,Mobile App,48,4
16554,3808,2026-09-14,Team Collaboration,102,2
16555,3808,2023-09-22,API Access,75,3
16556,3808,2023-10-13,Mobile App,75,2
16557,3809,2022-01-17,Mobile App,37,5
16558,3810,2026-06-25,Team Collaboration,28,1
16559,3811,2021-12-31,Reports,110,1
16560,3811,2022-01-03,Notifications,53,5
16561,3812,2025-01-05,Dashboard,21,2
16562,3812,2022-09-21,Dashboard,35,2
16563,3812,2025-03-15,Integrations,42,5
16564,3812,2024-07-27,API Access,35,2
16565,3812,2024-05-28,Dashboard,83,3
16566,3813,2026-05-06,Integrations,76,3
16567,3813,2026-03-10,API Access,107,5
16568,3813,2026-01-04,Export Data,118,5
16569,3813,2025-09-08,API Access,47,3
16570,3813,2025-09-05,Integrations,55,4
16571,3813,2026-04-20,Mobile App,74,2
16572,3813,2026-06-08,Mobile App,67,2
16573,3813,2026-03-12,Mobile App,88,1
16574,3813,2026-07-14,Notifications,116,4
16575,3813,2026-05-29,Export Data,57,5
16576,3814,2026-04-25,API Access,87,4
16577,3814,2026-09-09,Notifications,59,1
16578,3814,2026-05-29,Team Collaboration,57,3
16579,3815,2025-04-24,Mobile App,99,5
16580,3815,2025-07-02,Notifications,62,2
16581,3815,2025-10-31,Integrations,49,1
16582,3815,2026-05-28,Reports,4,3
16583,3816,2022-08-08,Notifications,71,4
16584,3817,2023-04-22,Team Collaboration,107,5
16585,3817,2023-09-10,Integrations,61,4
16586,3817,2023-06-24,Dashboard,93,3
16587,3817,2023-02-25,Integrations,78,2
16588,3818,2024-08-18,Mobile App,50,4
16589,3818,2025-04-15,API Access,102,3
16590,3818,2025-06-12,Notifications,119,2
16591,3818,2025-12-16,Export Data,42,3
16592,3818,2024-02-23,Dashboard,92,1
16593,3818,2024-09-06,Team Collaboration,59,3
16594,3818,2026-04-23,Reports,51,2
16595,3818,2026-07-16,API Access,61,1
16596,3818,2025-07-09,Dashboard,10,4
16597,3818,2024-11-20,Team Collaboration,30,1
16598,3819,2025-03-31,Team Collaboration,40,4
16599,3819,2024-10-03,Team Collaboration,54,4
16600,3819,2025-05-16,Integrations,46,3
16601,3819,2024-08-13,Notifications,65,5
16602,3819,2024-09-14,Reports,104,3
16603,3819,2024-08-23,Dashboard,74,1
16604,3819,2025-05-15,Reports,81,4
16605,3819,2025-10-14,API Access,116,4
16606,3819,2026-01-27,Dashboard,32,3
16607,3819,2025-11-08,Mobile App,81,4
16608,3820,2026-08-28,Integrations,80,4
16609,3821,2025-05-04,Reports,35,5
16610,3821,2025-02-10,Reports,109,5
16611,3821,2026-04-01,API Access,4,3
16612,3821,2025-04-03,Export Data,56,1
16613,3821,2025-09-30,API Access,85,2
16614,3821,2025-05-17,Notifications,7,4
16615,3821,2024-06-04,Team Collaboration,115,4
16616,3822,2026-08-07,Reports,45,5
16617,3822,2026-08-04,Integrations,87,2
16618,3822,2026-07-04,Reports,20,2
16619,3822,2026-08-12,API Access,89,5
16620,3822,2026-04-28,Dashboard,109,2
16621,3822,2026-07-20,Dashboard,63,1
16622,3822,2026-02-27,Export Data,71,3
16623,3822,2026-02-21,Export Data,53,2
16624,3822,2026-08-27,Integrations,37,4
16625,3822,2026-03-26,Dashboard,40,3
16626,3823,2024-07-20,API Access,12,5
16627,3823,2025-10-26,Export Data,116,2
16628,3823,2024-07-25,Integrations,35,1
16629,3823,2024-11-10,API Access,110,2
16630,3823,2025-09-14,Team Collaboration,79,5
16631,3824,2022-09-03,API Access,48,1
16632,3824,2023-08-26,Notifications,43,1
16633,3825,2025-08-11,Team Collaboration,107,5
16634,3825,2023-12-08,Dashboard,92,4
16635,3825,2026-06-02,Export Data,56,4
16636,3825,2026-05-13,API Access,65,3
16637,3825,2024-11-01,API Access,27,3
16638,3825,2023-10-11,Export Data,70,3
16639,3825,2023-05-10,Dashboard,89,5
16640,3827,2026-08-27,Dashboard,79,2
16641,3827,2025-03-11,API Access,41,2
16642,3827,2024-09-13,Notifications,14,2
16643,3827,2022-07-14,Export Data,97,1
16644,3827,2024-12-23,Notifications,9,4
16645,3827,2023-02-24,Mobile App,63,4
16646,3827,2026-02-09,Team Collaboration,106,1
16647,3828,2025-05-30,Team Collaboration,68,1
16648,3828,2025-06-23,Integrations,64,2
16649,3828,2026-08-26,Notifications,98,3
16650,3828,2025-03-21,Export Data,91,5
16651,3828,2025-06-23,Export Data,9,5
16652,3828,2026-02-20,API Access,107,2
16653,3828,2026-04-17,API Access,97,3
16654,3828,2026-01-03,Team Collaboration,24,4
16655,3828,2026-01-29,Reports,56,4
16656,3828,2026-07-26,Reports,117,2
16657,3829,2026-08-26,API Access,13,2
16658,3830,2026-03-22,API Access,75,2
16659,3830,2025-11-28,API Access,52,4
16660,3830,2025-10-05,API Access,24,4
16661,3830,2025-08-12,API Access,105,5
16662,3830,2026-05-20,Team Collaboration,25,2
16663,3830,2025-10-07,Export Data,34,3
16664,3830,2024-10-03,Integrations,116,2
16665,3832,2026-02-21,Dashboard,101,1
16666,3833,2024-06-30,Mobile App,91,1
16667,3833,2024-02-21,API Access,55,2
16668,3833,2023-02-18,Export Data,25,3
16669,3833,2023-03-13,Team Collaboration,77,1
16670,3834,2024-01-01,Export Data,54,1
16671,3834,2023-10-31,API Access,71,5
16672,3834,2023-10-13,Integrations,100,2
16673,3835,2026-04-17,Integrations,61,2
16674,3835,2025-12-09,API Access,99,5
16675,3836,2026-07-09,Reports,57,5
16676,3837,2026-03-11,Reports,4,5
16677,3837,2026-01-03,Dashboard,99,1
16678,3837,2026-03-18,API Access,99,1
16679,3837,2026-02-27,Export Data,43,4
16680,3837,2026-04-21,Integrations,41,1
16681,3838,2025-05-27,Reports,45,3
16682,3838,2024-05-08,Notifications,35,5
16683,3838,2023-03-29,Mobile App,17,1
16684,3838,2023-08-13,Dashboard,7,4
16685,3838,2023-06-20,Integrations,42,4
16686,3839,2022-08-28,Mobile App,59,5
16687,3839,2022-11-30,Reports,97,2
16688,3839,2024-02-08,Team Collaboration,7,5
16689,3839,2026-05-21,Reports,103,4
16690,3839,2024-06-25,Integrations,18,4
16691,3839,2024-02-08,Integrations,8,1
16692,3840,2024-06-16,Mobile App,15,5
16693,3840,2024-02-20,API Access,64,3
16694,3840,2023-12-09,Integrations,65,4
16695,3841,2026-06-28,Export Data,9,1
16696,3841,2026-08-18,Reports,95,2
16697,3841,2025-10-20,Export Data,28,4
16698,3842,2026-05-27,API Access,48,2
16699,3842,2025-12-22,API Access,104,1
16700,3842,2025-05-16,Notifications,67,5
16701,3844,2021-11-25,Dashboard,118,4
16702,3845,2026-02-04,Dashboard,85,4
16703,3845,2021-07-10,Dashboard,114,1
16704,3845,2021-05-20,API Access,44,4
16705,3845,2024-04-28,Mobile App,101,1
16706,3845,2022-10-17,Dashboard,90,1
16707,3845,2022-09-30,Dashboard,76,1
16708,3845,2024-07-26,Integrations,104,3
16709,3845,2022-10-20,Reports,13,2
16710,3845,2021-08-25,Dashboard,105,1
16711,3846,2026-05-28,Team Collaboration,4,1
16712,3846,2024-08-24,Export Data,2,5
16713,3846,2026-05-04,Reports,92,3
16714,3846,2025-07-03,Reports,7,2
16715,3846,2026-03-23,Reports,55,1
16716,3846,2025-10-11,Notifications,53,2
16717,3847,2026-07-07,Team Collaboration,51,3
16718,3847,2025-12-28,Dashboard,75,2
16719,3847,2024-08-27,Team Collaboration,31,5
16720,3847,2025-08-24,Team Collaboration,48,2
16721,3848,2026-01-15,Export Data,12,1
16722,3848,2025-06-09,Export Data,63,4
16723,3849,2022-07-02,Dashboard,10,4
16724,3850,2023-04-18,Mobile App,69,1
16725,3850,2024-06-29,API Access,79,3
16726,3850,2024-01-12,Reports,106,4
16727,3850,2025-08-16,Dashboard,40,2
16728,3851,2025-08-03,Team Collaboration,116,4
16729,3851,2026-09-03,Dashboard,100,1
16730,3851,2026-03-18,Integrations,109,4
16731,3851,2025-05-11,Export Data,60,5
16732,3851,2026-01-30,Notifications,80,1
16733,3851,2025-09-03,Dashboard,91,5
16734,3851,2025-02-13,Mobile App,105,2
16735,3851,2025-07-22,Reports,111,5
16736,3852,2026-07-13,API Access,118,5
16737,3852,2023-08-03,Integrations,4,4
16738,3852,2023-05-15,Integrations,43,4
16739,3852,2025-06-02,Team Collaboration,104,5
16740,3852,2023-10-05,Notifications,39,3
16741,3852,2024-03-02,Reports,6,3
16742,3852,2024-07-17,API Access,49,2
16743,3852,2023-08-24,Reports,16,3
16744,3852,2025-05-08,Dashboard,120,1
16745,3853,2025-06-02,API Access,110,1
16746,3853,2024-12-24,Export Data,64,5
16747,3853,2024-12-17,Dashboard,78,5
16748,3853,2025-07-11,Team Collaboration,77,2
16749,3853,2025-03-09,Integrations,17,1
16750,3853,2025-09-28,Mobile App,5,1
16751,3854,2026-04-10,Notifications,67,3
16752,3854,2025-06-11,Mobile App,9,5
16753,3854,2024-12-25,Notifications,29,5
16754,3854,2025-07-28,Mobile App,1,1
16755,3854,2025-12-19,Team Collaboration,15,1
16756,3855,2026-07-16,API Access,26,3
16757,3855,2025-11-24,Reports,29,3
16758,3855,2026-08-19,Mobile App,38,4
16759,3855,2026-01-02,Mobile App,110,2
16760,3855,2025-09-13,API Access,32,1
16761,3856,2025-07-31,Mobile App,74,4
16762,3857,2026-08-22,Export Data,26,3
16763,3857,2026-08-13,Team Collaboration,75,5
16764,3857,2026-08-24,Dashboard,12,3
16765,3857,2026-07-06,Export Data,38,4
16766,3857,2026-07-30,Reports,69,4
16767,3857,2026-09-03,Integrations,79,5
16768,3857,2026-07-15,Reports,69,2
16769,3857,2026-07-23,Integrations,33,2
16770,3858,2026-09-11,API Access,14,1
16771,3858,2025-08-06,Reports,117,3
16772,3859,2022-03-31,Mobile App,106,3
16773,3859,2021-10-13,Mobile App,72,5
16774,3860,2026-03-04,Integrations,12,4
16775,3860,2025-02-21,Team Collaboration,19,4
16776,3860,2024-10-29,Team Collaboration,59,3
16777,3860,2026-01-28,API Access,81,2
16778,3860,2024-10-25,Dashboard,102,3
16779,3861,2026-06-03,Dashboard,10,1
16780,3861,2026-07-15,Dashboard,1,3
16781,3861,2025-01-15,Dashboard,102,4
16782,3861,2024-09-08,Team Collaboration,78,1
16783,3861,2025-02-04,Integrations,27,1
16784,3861,2026-09-01,Mobile App,54,4
16785,3862,2025-11-26,API Access,31,1
16786,3862,2026-09-03,Export Data,98,4
16787,3862,2025-06-30,Integrations,53,4
16788,3862,2025-09-12,Mobile App,55,2
16789,3862,2025-10-01,Integrations,76,2
16790,3862,2026-03-21,API Access,48,2
16791,3862,2025-07-17,Dashboard,67,1
16792,3862,2025-09-29,Team Collaboration,110,3
16793,3862,2025-10-20,Export Data,91,1
16794,3863,2023-12-25,Integrations,79,1
16795,3863,2024-08-30,Notifications,119,5
16796,3863,2023-05-01,Reports,10,5
16797,3863,2023-05-11,Integrations,120,1
16798,3863,2026-05-31,Export Data,107,2
16799,3863,2025-11-06,Export Data,46,3
16800,3864,2025-10-25,Mobile App,39,5
16801,3864,2026-06-24,Notifications,64,2
16802,3864,2026-06-23,API Access,48,3
16803,3864,2026-06-24,API Access,73,3
16804,3864,2025-11-20,Export Data,60,5
16805,3864,2026-09-03,Notifications,79,1
16806,3864,2025-08-04,Mobile App,81,4
16807,3865,2026-02-21,Integrations,18,2
16808,3865,2025-03-28,Reports,82,4
16809,3865,2025-06-28,Integrations,7,5
16810,3866,2024-12-02,Dashboard,84,4
16811,3867,2022-06-02,Team Collaboration,43,4
16812,3867,2022-03-24,API Access,9,1
16813,3867,2022-04-12,Dashboard,16,1
16814,3867,2022-04-16,Export Data,33,1
16815,3869,2026-02-08,Dashboard,52,3
16816,3869,2024-04-19,Export Data,18,3
16817,3869,2025-06-21,Reports,1,4
16818,3869,2025-09-21,Integrations,29,4
16819,3870,2025-08-14,Mobile App,84,3
16820,3870,2024-11-14,Team Collaboration,102,2
16821,3870,2025-02-11,Integrations,25,3
16822,3870,2024-08-30,Team Collaboration,7,1
16823,3870,2024-01-29,Dashboard,102,2
16824,3870,2024-10-04,Mobile App,80,4
16825,3871,2026-09-11,Export Data,40,5
16826,3872,2025-06-26,Notifications,81,3
16827,3872,2024-05-13,Reports,119,4
16828,3872,2026-02-04,Team Collaboration,57,4
16829,3873,2025-12-26,Integrations,96,4
16830,3873,2026-04-22,Notifications,114,4
16831,3873,2026-02-07,Dashboard,41,2
16832,3874,2024-09-23,API Access,63,1
16833,3874,2023-05-28,Reports,118,2
16834,3874,2025-10-29,API Access,119,4
16835,3875,2025-07-27,Reports,32,5
16836,3875,2025-10-24,Integrations,59,4
16837,3875,2026-05-20,Integrations,109,4
16838,3875,2026-02-15,Export Data,56,3
16839,3875,2026-07-28,Export Data,57,2
16840,3876,2024-01-19,Reports,118,2
16841,3876,2026-08-27,Team Collaboration,93,3
16842,3876,2025-02-19,Reports,75,4
16843,3876,2023-12-10,Dashboard,105,4
16844,3876,2026-07-02,API Access,86,2
16845,3876,2024-08-26,Export Data,7,2
16846,3876,2024-02-14,API Access,103,5
16847,3876,2025-12-09,Reports,114,4
16848,3878,2025-10-29,Integrations,44,4
16849,3878,2025-02-12,Reports,10,3
16850,3878,2025-12-29,Notifications,30,4
16851,3878,2024-08-22,Reports,72,5
16852,3878,2024-12-18,Team Collaboration,5,2
16853,3879,2023-09-18,Team Collaboration,115,2
16854,3879,2023-07-20,Notifications,65,4
16855,3879,2023-09-08,Integrations,74,5
16856,3879,2025-05-10,Export Data,23,1
16857,3879,2024-09-10,Mobile App,117,5
16858,3879,2025-05-15,Integrations,115,4
16859,3879,2022-07-31,Team Collaboration,6,5
16860,3880,2023-01-29,Export Data,25,5
16861,3881,2025-06-03,Reports,28,1
16862,3882,2024-12-11,Team Collaboration,13,3
16863,3882,2024-12-03,Notifications,14,3
16864,3883,2024-03-20,Dashboard,29,2
16865,3884,2023-08-22,Team Collaboration,84,4
16866,3884,2026-08-28,API Access,62,1
16867,3884,2024-06-05,Notifications,48,2
16868,3884,2022-03-19,API Access,57,5
16869,3884,2023-12-06,Dashboard,86,3
16870,3884,2026-05-05,Dashboard,107,4
16871,3884,2021-08-27,Team Collaboration,108,5
16872,3884,2024-10-21,Reports,40,1
16873,3884,2023-05-04,Team Collaboration,18,5
16874,3885,2026-08-24,Notifications,59,4
16875,3885,2026-09-10,Export Data,105,3
16876,3885,2026-08-25,Reports,120,4
16877,3885,2026-08-18,Reports,36,4
16878,3885,2026-09-15,Export Data,91,3
16879,3885,2026-08-19,API Access,66,3
16880,3885,2026-08-14,Notifications,76,5
16881,3885,2026-08-06,Team Collaboration,46,4
16882,3885,2026-08-25,Reports,70,1
16883,3886,2026-02-09,Dashboard,12,2
16884,3886,2025-10-09,API Access,51,4
16885,3886,2024-03-10,Mobile App,53,4
16886,3886,2025-02-21,Export Data,106,4
16887,3886,2025-06-23,Reports,50,4
16888,3886,2023-06-20,Integrations,106,4
16889,3886,2026-07-24,Mobile App,31,2
16890,3886,2024-08-24,Integrations,71,1
16891,3886,2025-04-30,Team Collaboration,35,1
16892,3886,2024-08-02,Team Collaboration,87,5
16893,3887,2024-10-13,Mobile App,101,3
16894,3887,2023-12-12,Integrations,83,2
16895,3887,2022-09-06,Export Data,43,1
16896,3887,2024-02-26,Mobile App,120,4
16897,3887,2022-03-03,Export Data,9,3
16898,3887,2024-04-12,Export Data,37,5
16899,3887,2023-02-23,Mobile App,54,2
16900,3887,2026-07-15,Export Data,111,1
16901,3887,2021-10-11,Reports,96,1
16902,3887,2024-11-14,Mobile App,19,5
16903,3888,2025-08-19,Mobile App,84,2
16904,3888,2023-02-18,Integrations,116,3
16905,3888,2025-05-24,Integrations,82,2
16906,3888,2023-01-18,API Access,90,2
16907,3888,2024-02-15,Team Collaboration,83,2
16908,3888,2022-04-25,Mobile App,11,1
16909,3888,2024-04-09,Reports,59,3
16910,3888,2023-06-16,Mobile App,72,2
16911,3888,2024-02-13,API Access,35,2
16912,3888,2022-12-14,API Access,49,5
16913,3889,2026-03-20,Integrations,93,5
16914,3889,2026-04-08,Mobile App,12,2
16915,3889,2025-09-08,Mobile App,118,1
16916,3889,2025-07-11,Notifications,21,5
16917,3889,2025-10-20,Mobile App,113,3
16918,3890,2026-07-06,Dashboard,38,5
16919,3890,2026-07-20,Team Collaboration,91,5
16920,3890,2026-08-15,Reports,62,2
16921,3890,2026-07-30,Reports,49,5
16922,3891,2026-08-08,Team Collaboration,71,4
16923,3891,2026-07-11,Dashboard,108,5
16924,3891,2026-09-01,Mobile App,21,2
16925,3891,2026-08-07,Export Data,20,1
16926,3893,2026-04-15,Mobile App,71,2
16927,3893,2025-02-03,Dashboard,118,1
16928,3893,2025-08-28,Export Data,48,4
16929,3893,2026-08-04,API Access,4,4
16930,3893,2026-07-16,Team Collaboration,59,4
16931,3893,2026-02-03,Mobile App,4,5
16932,3893,2024-09-21,Export Data,32,5
16933,3893,2025-05-19,Reports,80,3
16934,3894,2025-12-01,API Access,57,1
16935,3894,2025-10-22,Reports,97,2
16936,3894,2026-04-03,Mobile App,78,1
16937,3895,2024-11-05,Team Collaboration,4,5
16938,3896,2025-06-13,Dashboard,3,4
16939,3896,2025-08-17,Export Data,11,1
16940,3896,2025-08-25,API Access,65,1
16941,3896,2025-09-12,API Access,86,3
16942,3897,2025-10-21,Integrations,10,5
16943,3897,2025-12-25,Integrations,45,3
16944,3897,2021-12-02,Team Collaboration,31,2
16945,3897,2023-07-11,Reports,120,5
16946,3897,2023-03-13,Mobile App,48,1
16947,3897,2024-01-19,Reports,31,5
16948,3897,2023-05-28,Reports,36,4
16949,3897,2024-02-24,Reports,40,5
16950,3897,2024-03-04,Team Collaboration,19,2
16951,3897,2022-06-18,Mobile App,60,1
16952,3898,2023-04-27,Team Collaboration,70,1
16953,3898,2023-08-07,Mobile App,77,2
16954,3898,2025-01-16,Export Data,14,4
16955,3898,2025-04-01,API Access,83,1
16956,3898,2024-08-19,Notifications,62,5
16957,3900,2022-06-11,Dashboard,110,4
16958,3900,2022-09-09,Export Data,64,3
16959,3902,2025-09-30,Team Collaboration,24,2
16960,3902,2025-11-29,Dashboard,41,3
16961,3902,2025-08-29,Mobile App,23,1
16962,3902,2026-07-15,Team Collaboration,71,3
16963,3902,2025-10-03,Dashboard,105,3
16964,3902,2026-08-17,API Access,20,3
16965,3902,2025-12-15,Team Collaboration,50,3
16966,3902,2026-06-12,Export Data,11,2
16967,3902,2025-08-28,Dashboard,87,3
16968,3902,2025-12-07,Team Collaboration,106,1
16969,3903,2025-10-22,Reports,43,2
16970,3903,2025-01-14,Integrations,28,3
16971,3903,2026-01-13,Integrations,97,5
16972,3903,2025-07-16,Dashboard,95,3
16973,3903,2025-05-17,Team Collaboration,94,2
16974,3903,2024-12-25,Export Data,88,5
16975,3904,2024-12-10,Integrations,56,5
16976,3904,2025-02-16,Integrations,105,4
16977,3904,2025-02-09,Reports,115,4
16978,3904,2025-03-11,Team Collaboration,18,4
16979,3906,2024-06-05,API Access,4,2
16980,3906,2025-02-26,Team Collaboration,11,5
16981,3906,2025-09-09,Dashboard,63,2
16982,3906,2025-03-10,Integrations,11,5
16983,3906,2024-02-13,Notifications,15,2
16984,3906,2024-02-28,Notifications,8,4
16985,3906,2024-06-14,Mobile App,31,5
16986,3906,2026-04-19,Mobile App,17,1
16987,3906,2024-06-17,Dashboard,6,1
16988,3907,2025-02-08,Team Collaboration,5,3
16989,3907,2025-02-12,Mobile App,47,3
16990,3908,2025-09-25,Notifications,78,4
16991,3908,2024-12-15,Team Collaboration,9,1
16992,3908,2024-10-30,Dashboard,118,4
16993,3908,2024-10-25,Export Data,40,2
16994,3908,2025-04-21,Mobile App,16,5
16995,3908,2024-12-12,Export Data,6,2
16996,3908,2024-11-11,API Access,74,2
16997,3909,2024-03-14,Export Data,49,4
16998,3909,2024-05-07,Dashboard,35,4
16999,3909,2023-12-05,Dashboard,24,1
17000,3909,2024-03-01,Export Data,62,2
17001,3910,2023-10-26,Notifications,38,1
17002,3911,2026-07-05,Team Collaboration,80,2
17003,3911,2026-01-22,Notifications,86,2
17004,3911,2026-08-19,API Access,16,4
17005,3911,2025-11-07,Reports,64,3
17006,3911,2026-05-31,API Access,78,5
17007,3911,2024-12-13,Export Data,58,2
17008,3911,2024-02-19,Export Data,96,3
17009,3911,2023-12-20,Team Collaboration,117,4
17010,3911,2023-03-27,API Access,2,1
17011,3911,2023-02-03,Team Collaboration,110,4
17012,3912,2021-09-20,Notifications,49,2
17013,3913,2025-09-22,Export Data,86,2
17014,3913,2025-12-10,Team Collaboration,107,4
17015,3913,2023-06-08,API Access,94,1
17016,3913,2024-06-12,Reports,73,5
17017,3913,2022-06-27,Integrations,75,3
17018,3914,2022-07-23,Team Collaboration,65,4
17019,3914,2022-03-18,Export Data,60,5
17020,3914,2022-08-26,API Access,76,3
17021,3914,2022-07-14,Reports,56,5
17022,3915,2026-09-15,Integrations,17,1
17023,3915,2026-09-10,Export Data,60,2
17024,3916,2026-09-07,Mobile App,71,1
17025,3916,2025-03-27,Dashboard,18,1
17026,3916,2026-03-19,Mobile App,69,1
17027,3916,2025-08-18,Mobile App,53,4
17028,3916,2026-01-25,API Access,104,5
17029,3916,2025-11-17,Team Collaboration,11,5
17030,3916,2025-09-11,Dashboard,51,1
17031,3916,2025-07-24,API Access,65,4
17032,3916,2025-10-15,API Access,58,1
17033,3916,2025-08-20,Reports,100,4
17034,3917,2026-05-12,Team Collaboration,104,1
17035,3917,2025-05-21,Dashboard,39,2
17036,3918,2023-02-20,Export Data,28,2
17037,3918,2023-02-13,Export Data,40,1
17038,3919,2021-07-20,Export Data,117,3
17039,3919,2021-05-14,API Access,118,5
17040,3919,2021-10-05,Team Collaboration,3,1
17041,3919,2021-08-22,Mobile App,78,2
17042,3921,2025-11-23,Export Data,70,4
17043,3921,2026-08-25,Integrations,17,2
17044,3921,2026-06-05,Integrations,56,2
17045,3921,2025-11-17,Export Data,119,4
17046,3921,2026-07-17,Export Data,6,5
17047,3921,2025-09-25,Mobile App,63,5
17048,3923,2026-08-11,Reports,38,2
17049,3923,2026-03-14,Reports,73,3
17050,3923,2026-09-04,API Access,40,5
17051,3923,2023-11-01,Mobile App,23,2
17052,3923,2025-04-26,Mobile App,76,3
17053,3923,2024-04-30,Mobile App,115,4
17054,3923,2023-10-12,Mobile App,95,4
17055,3923,2024-06-30,Notifications,86,4
17056,3924,2026-03-21,Mobile App,88,1
17057,3924,2026-02-27,Export Data,61,1
17058,3924,2025-07-16,Dashboard,78,4
17059,3924,2025-06-15,Notifications,27,1
17060,3924,2026-08-07,Team Collaboration,36,5
17061,3925,2025-09-03,Notifications,93,2
17062,3925,2024-07-18,Mobile App,95,2
17063,3925,2025-04-23,Reports,23,5
17064,3925,2026-08-09,Notifications,4,3
17065,3925,2025-11-09,Notifications,112,3
17066,3925,2026-03-01,Dashboard,87,2
17067,3925,2026-07-01,Mobile App,101,4
17068,3925,2022-07-08,Reports,91,3
17069,3926,2022-09-03,Dashboard,119,2
17070,3927,2025-08-01,Export Data,39,1
17071,3927,2025-11-18,Dashboard,105,4
17072,3927,2026-05-12,Dashboard,65,4
17073,3927,2026-05-14,Dashboard,62,3
17074,3928,2026-07-26,Team Collaboration,57,2
17075,3928,2026-08-23,Dashboard,25,1
17076,3928,2026-06-30,Notifications,73,3
17077,3928,2026-06-20,Mobile App,41,3
17078,3929,2026-05-27,Mobile App,82,2
17079,3929,2024-05-12,Reports,85,3
17080,3929,2022-03-26,Team Collaboration,16,3
17081,3929,2022-09-20,Team Collaboration,116,5
17082,3930,2026-01-20,Mobile App,67,5
17083,3930,2025-09-12,API Access,102,1
17084,3931,2025-07-08,Notifications,25,4
17085,3931,2024-07-13,Export Data,109,2
17086,3931,2025-12-06,Integrations,91,4
17087,3931,2026-09-15,Dashboard,95,5
17088,3931,2025-08-30,Notifications,111,4
17089,3931,2024-03-30,Integrations,69,5
17090,3931,2025-07-29,Integrations,44,3
17091,3931,2026-02-20,Integrations,102,4
17092,3932,2023-06-19,Reports,30,3
17093,3933,2026-04-26,Export Data,98,2
17094,3933,2025-10-14,Dashboard,112,4
17095,3933,2025-11-01,Dashboard,8,5
17096,3933,2026-07-14,Team Collaboration,47,4
17097,3934,2026-07-21,Team Collaboration,16,1
17098,3934,2026-07-19,API Access,118,4
17099,3934,2026-08-23,Reports,14,3
17100,3934,2026-07-21,Notifications,45,5
17101,3934,2026-07-12,Export Data,96,3
17102,3934,2026-07-22,Dashboard,33,4
17103,3934,2026-08-16,Team Collaboration,64,2
17104,3936,2026-01-12,Team Collaboration,32,4
17105,3936,2026-01-11,Notifications,59,3
17106,3936,2025-08-21,Integrations,51,4
17107,3936,2026-02-09,Dashboard,15,2
17108,3936,2025-10-24,Export Data,13,5
17109,3936,2026-06-20,Team Collaboration,58,2
17110,3936,2026-05-17,Integrations,12,1
17111,3937,2023-01-17,Reports,90,2
17112,3938,2023-09-09,Mobile App,43,2
17113,3938,2022-10-13,Mobile App,106,3
17114,3938,2026-07-06,Export Data,86,5
17115,3938,2026-04-26,Integrations,35,1
17116,3938,2026-02-24,Notifications,56,5
17117,3938,2026-08-02,Notifications,44,5
17118,3938,2026-02-20,Mobile App,83,3
17119,3939,2024-01-21,Reports,45,1
17120,3939,2024-04-03,Team Collaboration,87,3
17121,3939,2024-10-27,Dashboard,90,4
17122,3939,2025-08-27,Integrations,26,4
17123,3939,2025-11-16,Integrations,5,1
17124,3939,2025-10-05,Team Collaboration,109,5
17125,3939,2026-02-28,Integrations,14,1
17126,3939,2026-06-21,Team Collaboration,58,2
17127,3939,2025-11-04,Integrations,2,1
17128,3939,2026-05-10,Dashboard,6,5
17129,3940,2025-04-30,Export Data,52,2
17130,3940,2023-04-17,Integrations,6,2
17131,3940,2024-11-08,Notifications,105,3
17132,3940,2025-06-30,Dashboard,99,3
17133,3940,2022-01-23,Notifications,10,2
17134,3940,2022-05-04,Export Data,85,4
17135,3940,2024-07-10,Mobile App,94,3
17136,3941,2023-05-25,Mobile App,80,3
17137,3941,2023-08-10,Export Data,51,1
17138,3941,2023-06-20,Dashboard,83,3
17139,3941,2023-07-21,Reports,88,3
17140,3942,2026-08-04,API Access,9,4
17141,3942,2026-06-04,Team Collaboration,74,1
17142,3942,2026-03-19,Dashboard,36,1
17143,3943,2026-05-24,Notifications,48,4
17144,3943,2023-06-29,Export Data,32,3
17145,3943,2023-03-11,Export Data,78,3
17146,3943,2024-07-07,Mobile App,22,5
17147,3943,2025-06-03,API Access,19,2
17148,3943,2026-03-20,API Access,91,2
17149,3944,2023-11-24,Team Collaboration,69,3
17150,3944,2023-07-19,Mobile App,79,4
17151,3946,2024-05-15,Integrations,79,1
17152,3946,2023-07-23,Reports,42,2
17153,3946,2026-08-02,Mobile App,106,3
17154,3946,2024-05-25,Mobile App,116,3
17155,3946,2023-05-23,Dashboard,26,3
17156,3946,2024-12-14,Notifications,38,4
17157,3946,2026-09-10,API Access,66,2
17158,3947,2022-07-18,Notifications,22,4
17159,3947,2025-12-13,Export Data,19,4
17160,3947,2023-03-02,Notifications,90,2
17161,3947,2022-04-15,Export Data,25,4
17162,3947,2022-06-08,Mobile App,57,3
17163,3947,2023-02-25,Reports,89,5
17164,3947,2026-01-19,Reports,47,3
17165,3947,2022-03-26,Export Data,111,2
17166,3947,2024-08-26,Integrations,73,4
17167,3947,2023-07-15,Reports,6,3
17168,3948,2022-10-01,Dashboard,101,3
17169,3948,2022-07-28,Export Data,78,3
17170,3948,2022-10-16,Team Collaboration,29,5
17171,3948,2022-08-20,Integrations,74,1
17172,3949,2026-06-24,Reports,53,4
17173,3949,2025-04-26,API Access,92,5
17174,3949,2026-01-17,API Access,71,1
17175,3949,2025-04-28,Reports,47,2
17176,3949,2024-12-11,Integrations,20,2
17177,3949,2024-12-29,Integrations,31,2
17178,3949,2025-07-20,Team Collaboration,78,3
17179,3950,2026-01-02,API Access,38,5
17180,3950,2026-07-29,Reports,26,3
17181,3950,2026-08-09,Mobile App,39,2
17182,3950,2025-08-17,Notifications,37,2
17183,3950,2026-05-28,Mobile App,88,4
17184,3951,2023-05-28,Export Data,45,5
17185,3951,2025-11-30,Team Collaboration,53,4
17186,3951,2025-07-06,Export Data,4,4
17187,3951,2026-01-20,Dashboard,81,3
17188,3951,2025-06-04,Integrations,118,5
17189,3952,2026-05-26,Notifications,69,3
17190,3952,2024-07-23,Mobile App,103,4
17191,3952,2024-07-21,Team Collaboration,90,2
17192,3953,2025-03-03,Integrations,33,4
17193,3953,2025-04-28,Dashboard,4,5
17194,3953,2024-12-23,Mobile App,70,4
17195,3953,2026-08-09,Dashboard,52,1
17196,3953,2025-08-24,Dashboard,17,5
17197,3953,2026-07-29,Export Data,32,3
17198,3953,2025-06-16,Team Collaboration,112,3
17199,3954,2026-02-28,Team Collaboration,69,1
17200,3954,2026-08-04,Integrations,39,2
17201,3954,2026-06-08,Dashboard,56,1
17202,3954,2026-01-19,API Access,81,3
17203,3954,2026-02-07,Export Data,8,4
17204,3954,2026-06-10,API Access,75,5
17205,3954,2025-11-30,Reports,94,3
17206,3954,2026-02-14,Integrations,111,4
17207,3954,2025-09-21,Export Data,80,2
17208,3954,2025-12-31,API Access,79,3
17209,3955,2026-09-01,Mobile App,66,2
17210,3955,2025-12-09,Integrations,51,1
17211,3955,2026-02-18,Mobile App,4,2
17212,3956,2026-08-17,Team Collaboration,54,3
17213,3956,2026-08-17,Mobile App,51,3
17214,3956,2026-08-04,Export Data,85,4
17215,3956,2026-08-11,Team Collaboration,69,2
17216,3956,2026-09-04,API Access,102,2
17217,3956,2026-09-02,Team Collaboration,8,2
17218,3956,2026-07-26,API Access,101,1
17219,3956,2026-08-26,API Access,24,1
17220,3956,2026-08-22,Dashboard,63,1
17221,3957,2025-08-11,Notifications,81,2
17222,3957,2025-07-20,API Access,42,5
17223,3957,2025-06-09,Mobile App,92,3
17224,3957,2026-06-27,Notifications,115,1
17225,3958,2022-09-21,Export Data,27,4
17226,3958,2023-10-22,Export Data,20,3
17227,3958,2024-07-15,Export Data,84,2
17228,3959,2021-12-22,Reports,92,5
17229,3959,2023-12-02,Export Data,106,1
17230,3959,2021-11-20,Dashboard,10,5
17231,3959,2024-10-03,Dashboard,46,4
17232,3959,2023-07-17,Team Collaboration,82,4
17233,3959,2024-02-25,API Access,27,3
17234,3959,2026-02-07,Export Data,17,2
17235,3960,2025-03-27,API Access,109,5
17236,3960,2024-06-16,Reports,107,2
17237,3960,2025-12-10,Notifications,52,5
17238,3960,2026-07-18,Integrations,19,4
17239,3960,2023-02-06,API Access,7,1
17240,3960,2025-02-28,Mobile App,120,4
17241,3960,2023-04-29,API Access,89,2
17242,3960,2023-01-25,Mobile App,2,3
17243,3960,2024-04-21,Dashboard,95,3
17244,3960,2023-01-14,Export Data,77,2
17245,3961,2024-10-11,Notifications,57,4
17246,3961,2026-06-28,Mobile App,16,5
17247,3961,2025-06-29,Dashboard,27,2
17248,3962,2025-10-02,Reports,113,5
17249,3962,2026-01-29,Integrations,34,2
17250,3962,2025-10-21,Mobile App,11,2
17251,3963,2026-01-30,Notifications,48,1
17252,3963,2024-08-04,Mobile App,40,1
17253,3964,2025-09-10,Export Data,35,3
17254,3965,2026-08-07,Integrations,52,4
17255,3965,2026-08-04,Mobile App,65,1
17256,3966,2023-01-26,Team Collaboration,85,4
17257,3966,2021-10-01,Export Data,32,3
17258,3966,2024-05-18,Reports,45,3
17259,3966,2025-09-23,Integrations,54,4
17260,3966,2021-12-24,Dashboard,2,5
17261,3966,2022-12-25,Team Collaboration,89,4
17262,3966,2024-08-30,Reports,13,1
17263,3967,2025-08-14,Mobile App,34,2
17264,3967,2024-12-17,Mobile App,29,4
17265,3967,2022-06-30,Integrations,7,1
17266,3967,2025-07-25,API Access,32,2
17267,3969,2023-12-22,API Access,64,5
17268,3969,2024-08-24,Team Collaboration,112,5
17269,3970,2026-08-12,Team Collaboration,59,3
17270,3970,2025-12-08,Export Data,86,1
17271,3970,2026-07-12,API Access,78,4
17272,3970,2026-04-28,Integrations,99,1
17273,3970,2026-05-16,Dashboard,91,2
17274,3971,2021-07-01,API Access,32,2
17275,3971,2021-07-31,Team Collaboration,120,4
17276,3972,2024-12-18,Mobile App,2,3
17277,3972,2023-10-04,Export Data,66,4
17278,3972,2025-08-06,Reports,88,5
17279,3972,2024-01-04,Dashboard,120,2
17280,3972,2025-05-03,Notifications,106,1
17281,3972,2025-01-03,Mobile App,76,5
17282,3974,2024-04-14,Integrations,71,5
17283,3974,2024-10-13,Team Collaboration,21,1
17284,3974,2024-05-01,API Access,104,5
17285,3974,2024-10-16,Reports,98,3
17286,3975,2023-02-25,Dashboard,110,1
17287,3975,2023-02-13,Dashboard,45,2
17288,3975,2025-03-20,Team Collaboration,3,1
17289,3976,2024-12-09,Dashboard,118,4
17290,3976,2026-01-10,Notifications,33,5
17291,3976,2024-08-09,Reports,62,2
17292,3976,2024-11-09,Notifications,84,4
17293,3976,2025-12-07,API Access,31,4
17294,3976,2026-01-04,API Access,53,1
17295,3976,2026-05-28,Reports,118,3
17296,3976,2025-10-16,Integrations,51,2
17297,3977,2023-04-27,API Access,54,4
17298,3977,2023-11-03,Notifications,61,1
17299,3977,2024-01-28,Integrations,18,1
17300,3977,2025-07-07,Team Collaboration,87,4
17301,3977,2023-05-07,Reports,57,4
17302,3977,2023-05-05,Team Collaboration,61,5
17303,3977,2025-12-19,Reports,72,3
17304,3978,2026-05-06,Integrations,115,4
17305,3978,2025-12-14,Reports,24,3
17306,3979,2023-11-14,Dashboard,45,4
17307,3979,2025-10-29,Dashboard,28,4
17308,3979,2026-02-24,Team Collaboration,33,5
17309,3979,2025-01-11,Mobile App,115,4
17310,3979,2024-04-10,Team Collaboration,21,4
17311,3979,2026-07-29,Mobile App,1,1
17312,3979,2026-06-24,Team Collaboration,27,2
17313,3979,2025-11-03,Dashboard,19,5
17314,3980,2024-07-22,Team Collaboration,65,5
17315,3981,2023-07-30,Export Data,49,1
17316,3981,2023-09-12,Team Collaboration,74,1
17317,3981,2026-05-30,Integrations,79,1
17318,3981,2025-04-16,Integrations,102,1
17319,3982,2026-06-22,Export Data,1,2
17320,3982,2025-08-19,Team Collaboration,38,3
17321,3982,2025-10-07,Team Collaboration,3,1
17322,3983,2024-06-13,Team Collaboration,74,5
17323,3983,2026-08-17,Mobile App,72,4
17324,3983,2024-09-03,Integrations,106,5
17325,3984,2022-11-28,Mobile App,48,1
17326,3984,2025-11-16,Reports,73,4
17327,3984,2026-06-20,Mobile App,74,2
17328,3984,2026-04-03,Mobile App,94,5
17329,3984,2022-05-05,Export Data,100,2
17330,3985,2021-03-29,Mobile App,51,4
17331,3985,2021-03-24,Notifications,7,1
17332,3986,2024-02-21,Notifications,22,1
17333,3986,2021-11-04,API Access,18,5
17334,3986,2025-11-10,Export Data,24,2
17335,3986,2026-07-28,Export Data,94,4
17336,3986,2025-09-20,Team Collaboration,28,5
17337,3986,2022-05-18,Team Collaboration,85,3
17338,3986,2025-02-26,Mobile App,99,3
17339,3986,2022-07-30,Notifications,38,4
17340,3987,2024-06-22,API Access,90,5
17341,3988,2025-03-06,Team Collaboration,99,3
17342,3990,2025-11-01,Mobile App,45,3
17343,3990,2025-08-25,API Access,60,4
17344,3990,2025-09-04,Reports,103,3
17345,3990,2026-07-28,Export Data,95,1
17346,3990,2025-12-25,Team Collaboration,27,1
17347,3990,2026-04-22,Notifications,9,2
17348,3990,2025-09-22,API Access,62,2
17349,3990,2026-08-13,Team Collaboration,72,4
17350,3990,2026-03-23,Export Data,110,4
17351,3991,2026-08-14,Export Data,87,4
17352,3991,2026-09-06,Team Collaboration,107,2
17353,3991,2026-08-16,Integrations,6,5
17354,3991,2026-08-24,Mobile App,21,1
17355,3991,2026-07-07,Notifications,89,3
17356,3991,2026-08-03,Integrations,5,1
17357,3991,2026-08-16,Notifications,8,1
17358,3991,2026-08-04,Notifications,59,2
17359,3992,2026-04-12,Team Collaboration,48,1
17360,3992,2026-06-06,API Access,88,1
17361,3992,2026-07-05,Mobile App,3,5
17362,3992,2026-08-26,Dashboard,70,2
17363,3992,2026-05-02,Reports,37,5
17364,3992,2026-08-17,Reports,92,1
17365,3992,2026-04-12,Dashboard,106,1
17366,3993,2026-04-25,Notifications,60,1
17367,3993,2025-01-25,Mobile App,27,3
17368,3993,2025-07-22,Integrations,111,3
17369,3993,2026-04-03,Team Collaboration,63,1
17370,3994,2024-11-24,Team Collaboration,12,2
17371,3994,2024-05-16,Notifications,7,3
17372,3994,2025-04-15,Integrations,98,2
17373,3994,2023-02-18,Export Data,106,4
17374,3994,2026-05-11,Dashboard,63,4
17375,3994,2024-08-07,Integrations,53,4
17376,3994,2025-12-11,Export Data,68,5
17377,3994,2023-04-22,Integrations,91,3
17378,3994,2025-04-20,Export Data,119,4
17379,3995,2026-06-25,Notifications,82,3
17380,3995,2025-10-09,Dashboard,12,2
17381,3995,2026-08-13,Mobile App,85,3
17382,3997,2025-11-14,Export Data,79,4
17383,3997,2026-04-24,API Access,93,3
17384,3997,2026-09-06,Integrations,105,5
17385,3997,2026-02-22,Export Data,28,2
17386,3997,2026-07-20,Reports,82,2
17387,3997,2026-03-19,Export Data,101,2
17388,3997,2025-12-19,Team Collaboration,27,4
17389,3998,2025-11-23,Notifications,58,5
17390,3998,2026-01-10,Export Data,10,2
17391,3998,2026-05-16,Notifications,80,3
17392,3998,2026-03-20,Mobile App,28,1
17393,3999,2025-08-07,Reports,28,1
17394,3999,2025-09-17,API Access,77,1
17395,3999,2025-09-06,Team Collaboration,53,4
17396,3999,2024-04-16,Reports,67,4
17397,4000,2026-08-12,Team Collaboration,66,4
17398,4000,2026-09-10,Export Data,113,2
17399,4000,2026-06-06,API Access,53,5
17400,4000,2026-08-06,Mobile App,19,3
17401,4000,2026-06-07,Mobile App,68,4
17402,4001,2025-08-14,Mobile App,89,5
17403,4001,2026-04-11,Notifications,28,2
17404,4001,2025-12-07,Reports,80,3
17405,4001,2025-10-22,Reports,112,4
17406,4001,2026-07-03,Notifications,19,5
17407,4001,2025-12-08,Notifications,26,4
17408,4001,2025-10-26,API Access,21,3
17409,4001,2025-08-19,Team Collaboration,45,4
17410,4001,2026-01-22,API Access,46,4
17411,4001,2026-05-04,Integrations,94,3
17412,4002,2025-11-13,API Access,12,1
17413,4002,2025-10-30,Team Collaboration,10,3
17414,4002,2025-05-11,Dashboard,74,4
17415,4002,2026-02-12,Export Data,62,1
17416,4002,2026-04-04,Dashboard,114,4
17417,4002,2024-09-12,API Access,68,1
17418,4003,2023-08-21,Notifications,97,1
17419,4003,2024-04-22,Notifications,33,4
17420,4003,2026-02-17,Export Data,11,4
17421,4003,2025-01-14,Notifications,59,1
17422,4005,2026-04-27,Integrations,70,5
17423,4005,2025-01-30,Integrations,2,3
17424,4005,2026-01-22,Integrations,103,3
17425,4005,2025-08-21,Export Data,20,1
17426,4006,2026-02-09,Mobile App,95,1
17427,4006,2025-07-26,Mobile App,99,1
17428,4006,2026-02-04,Integrations,100,1
17429,4006,2026-04-27,Dashboard,63,3
17430,4006,2026-06-10,Notifications,116,5
17431,4006,2026-01-19,Notifications,78,2
17432,4006,2025-06-21,Reports,52,2
17433,4006,2025-08-18,Reports,10,3
17434,4007,2025-09-22,Integrations,8,2
17435,4008,2026-05-07,API Access,119,1
17436,4009,2025-08-01,Reports,67,3
17437,4010,2023-08-10,Dashboard,66,5
17438,4010,2025-10-10,API Access,60,5
17439,4011,2026-04-09,Reports,12,3
17440,4011,2026-05-27,Reports,60,3
17441,4011,2026-03-12,Notifications,45,4
17442,4011,2025-11-30,Export Data,17,1
17443,4011,2026-07-17,API Access,66,4
17444,4011,2026-04-13,Team Collaboration,17,3
17445,4012,2023-12-21,Dashboard,101,1
17446,4012,2023-05-13,Dashboard,88,5
17447,4012,2023-05-25,Dashboard,18,1
17448,4013,2024-08-06,Export Data,114,1
17449,4013,2026-09-10,Reports,78,2
17450,4013,2024-01-30,Mobile App,56,4
17451,4013,2025-02-02,Mobile App,13,4
17452,4013,2024-05-04,Dashboard,62,2
17453,4014,2023-02-13,API Access,43,4
17454,4014,2024-06-02,Dashboard,35,1
17455,4015,2024-06-24,Mobile App,86,2
17456,4015,2023-04-09,Integrations,34,4
17457,4015,2024-07-19,Export Data,118,2
17458,4015,2023-09-16,Mobile App,60,2
17459,4016,2026-08-20,Reports,78,3
17460,4016,2026-09-06,Integrations,112,1
17461,4016,2026-05-20,Export Data,81,2
17462,4017,2026-08-06,Dashboard,93,5
17463,4017,2026-09-10,Team Collaboration,115,4
17464,4017,2026-08-13,Integrations,25,5
17465,4018,2022-09-02,Reports,13,2
17466,4019,2021-12-18,Dashboard,31,5
17467,4019,2025-09-29,Mobile App,36,5
17468,4019,2025-08-25,API Access,111,2
17469,4019,2024-11-16,Integrations,43,2
17470,4019,2025-10-30,API Access,42,2
17471,4019,2024-12-31,Dashboard,62,1
17472,4019,2022-07-14,Reports,45,1
17473,4019,2024-04-27,Notifications,114,3
17474,4020,2026-02-20,Reports,31,1
17475,4020,2025-12-30,Integrations,103,5
17476,4020,2025-01-18,Mobile App,112,5
17477,4020,2026-08-30,Reports,15,1
17478,4020,2025-11-04,Dashboard,71,3
17479,4020,2026-08-27,Notifications,109,1
17480,4020,2025-10-29,Export Data,94,5
17481,4020,2025-02-05,Reports,114,5
17482,4020,2026-09-15,API Access,51,4
17483,4021,2025-01-01,Integrations,49,1
17484,4021,2023-11-06,Notifications,116,5
17485,4022,2025-06-26,Dashboard,8,5
17486,4022,2026-01-24,Mobile App,82,1
17487,4022,2025-07-06,Dashboard,91,2
17488,4022,2026-01-27,Mobile App,53,1
17489,4023,2025-07-20,Mobile App,26,3
17490,4024,2026-01-14,Notifications,43,2
17491,4024,2024-11-08,Export Data,107,1
17492,4024,2025-02-25,Integrations,120,3
17493,4024,2025-02-01,Notifications,51,1
17494,4024,2026-07-27,Mobile App,34,5
17495,4024,2026-08-15,Dashboard,91,5
17496,4024,2026-02-19,Dashboard,111,5
17497,4024,2026-07-21,Mobile App,96,5
17498,4024,2025-04-11,Dashboard,79,3
17499,4024,2025-04-17,Dashboard,6,4
17500,4025,2024-05-29,Team Collaboration,74,5
17501,4025,2024-11-05,Reports,87,3
17502,4025,2025-02-14,Mobile App,21,5
17503,4025,2025-08-10,Mobile App,71,5
17504,4025,2025-02-04,Export Data,85,2
17505,4026,2025-01-25,Team Collaboration,4,5
17506,4026,2023-12-08,Export Data,7,3
17507,4026,2026-08-22,Notifications,98,1
17508,4026,2024-08-01,Integrations,109,4
17509,4026,2022-12-20,Export Data,44,1
17510,4026,2023-07-05,Export Data,115,2
17511,4026,2022-11-03,API Access,44,4
17512,4026,2023-04-10,Team Collaboration,25,3
17513,4027,2026-02-07,Export Data,105,5
17514,4027,2026-02-14,Dashboard,103,3
17515,4027,2025-10-27,Export Data,68,5
17516,4027,2026-06-08,Notifications,24,4
17517,4027,2026-06-20,Dashboard,86,1
17518,4028,2026-05-08,Dashboard,47,5
17519,4028,2026-06-20,Dashboard,95,4
17520,4028,2026-06-27,Mobile App,82,5
17521,4028,2026-08-29,Reports,4,3
17522,4028,2026-08-22,API Access,47,2
17523,4028,2026-06-21,Export Data,19,1
17524,4028,2026-09-10,Integrations,44,3
17525,4028,2026-05-20,Integrations,69,5
17526,4028,2026-04-28,API Access,120,4
17527,4029,2023-10-18,Integrations,107,3
17528,4029,2023-06-30,Dashboard,52,3
17529,4029,2023-06-21,Export Data,66,4
17530,4030,2022-02-20,Export Data,47,3
17531,4030,2023-03-16,Mobile App,68,2
17532,4030,2022-03-06,Dashboard,3,5
17533,4031,2026-08-03,Reports,26,1
17534,4031,2026-07-10,Notifications,24,3
17535,4031,2026-07-31,Notifications,60,4
17536,4031,2026-05-18,Mobile App,68,1
17537,4031,2026-06-01,Team Collaboration,67,4
17538,4032,2022-08-20,API Access,120,4
17539,4032,2024-06-27,Export Data,116,4
17540,4033,2026-09-03,Team Collaboration,59,2
17541,4033,2026-06-12,API Access,110,5
17542,4033,2026-07-18,API Access,98,2
17543,4033,2026-01-30,API Access,41,5
17544,4033,2026-09-08,Integrations,120,4
17545,4034,2026-06-04,Notifications,26,3
17546,4034,2026-04-06,Integrations,51,3
17547,4034,2026-02-11,Mobile App,10,3
17548,4034,2026-09-07,Reports,99,2
17549,4035,2025-05-20,Team Collaboration,49,4
17550,4035,2024-12-04,Export Data,23,5
17551,4035,2025-01-22,Team Collaboration,49,1
17552,4035,2024-11-25,Reports,71,3
17553,4036,2022-08-25,Reports,23,1
17554,4036,2022-04-14,Export Data,53,1
17555,4036,2025-10-02,Mobile App,32,1
17556,4036,2026-06-30,Notifications,95,1
17557,4036,2024-01-14,Team Collaboration,115,3
17558,4036,2024-06-20,Reports,29,2
17559,4036,2023-03-31,Team Collaboration,50,5
17560,4037,2026-04-15,Notifications,111,5
17561,4037,2025-02-11,API Access,60,4
17562,4037,2025-01-10,Mobile App,45,4
17563,4037,2025-04-08,Mobile App,106,5
17564,4037,2024-11-13,Export Data,102,4
17565,4037,2024-05-20,Export Data,107,1
17566,4038,2023-07-29,Notifications,62,3
17567,4038,2022-04-16,Reports,87,3
17568,4038,2023-10-17,Team Collaboration,2,1
17569,4038,2024-07-10,Notifications,35,5
17570,4038,2023-08-26,Dashboard,62,5
17571,4038,2023-03-14,Integrations,7,5
17572,4039,2026-09-10,Dashboard,8,5
17573,4039,2025-01-02,Integrations,98,1
17574,4039,2024-12-04,Notifications,28,2
17575,4039,2025-05-16,API Access,63,1
17576,4039,2024-09-07,Integrations,27,5
17577,4040,2026-09-04,API Access,89,3
17578,4040,2026-08-17,Dashboard,19,1
17579,4041,2026-08-14,Export Data,37,3
17580,4041,2025-12-02,Reports,4,1
17581,4042,2023-07-20,Reports,29,3
17582,4042,2023-05-22,Mobile App,59,3
17583,4042,2023-06-25,Mobile App,45,1
17584,4043,2021-07-29,Team Collaboration,69,5
17585,4043,2025-03-05,Export Data,87,5
17586,4043,2026-08-01,Team Collaboration,101,1
17587,4043,2026-09-06,Team Collaboration,33,3
17588,4043,2021-05-10,Notifications,120,5
17589,4043,2021-10-07,Team Collaboration,58,4
17590,4043,2025-01-20,Mobile App,59,2
17591,4043,2022-05-30,Notifications,102,5
17592,4043,2026-08-23,API Access,23,3
17593,4043,2023-04-03,Reports,32,2
17594,4044,2022-12-24,Notifications,13,5
17595,4044,2022-08-12,Dashboard,9,4
17596,4044,2024-04-24,Team Collaboration,97,1
17597,4044,2025-05-31,Mobile App,11,2
17598,4045,2026-01-13,Mobile App,90,3
17599,4045,2025-03-18,API Access,36,5
17600,4046,2022-10-30,Reports,79,5
17601,4046,2024-06-17,Team Collaboration,55,5
17602,4046,2024-05-13,Mobile App,7,1
17603,4046,2021-12-07,API Access,14,1
17604,4046,2023-10-17,Dashboard,45,1
17605,4049,2023-02-01,Integrations,46,2
17606,4050,2026-07-22,Notifications,27,3
17607,4050,2026-07-06,API Access,97,1
17608,4050,2026-08-17,Reports,62,5
17609,4051,2024-09-23,API Access,105,3
17610,4052,2025-12-12,Dashboard,7,2
17611,4052,2025-08-17,API Access,55,4
17612,4052,2025-08-04,Team Collaboration,54,5
17613,4052,2026-06-05,Reports,43,5
17614,4052,2026-04-07,Export Data,54,3
17615,4052,2025-10-10,Dashboard,52,5
17616,4053,2025-02-02,Reports,37,1
17617,4053,2025-11-17,Mobile App,15,2
17618,4053,2024-12-27,Team Collaboration,112,5
17619,4054,2025-03-18,Notifications,88,4
17620,4055,2022-02-10,Team Collaboration,86,5
17621,4055,2021-12-14,Dashboard,14,5
17622,4056,2026-06-28,Dashboard,56,5
17623,4056,2024-12-12,Reports,54,4
17624,4056,2025-07-13,Integrations,60,1
17625,4056,2026-04-27,API Access,101,3
17626,4056,2024-08-28,API Access,106,5
17627,4056,2025-12-03,Dashboard,80,2
17628,4056,2025-01-07,API Access,49,3
17629,4056,2024-12-30,Export Data,23,3
17630,4057,2022-12-05,Dashboard,1,4
17631,4057,2022-06-26,Mobile App,120,5
17632,4058,2023-09-16,Export Data,109,4
17633,4058,2025-02-16,Mobile App,107,3
17634,4058,2023-09-22,Export Data,49,2
17635,4058,2023-07-27,Notifications,82,4
17636,4058,2025-04-04,Export Data,31,3
17637,4058,2023-07-22,Integrations,64,4
17638,4059,2023-10-30,Export Data,7,5
17639,4059,2024-11-23,API Access,9,4
17640,4060,2023-03-14,Reports,43,3
17641,4060,2022-11-07,Export Data,90,3
17642,4060,2023-10-28,Integrations,68,3
17643,4060,2023-05-27,Reports,22,4
17644,4061,2022-02-10,Export Data,34,2
17645,4061,2025-05-20,Export Data,78,1
17646,4061,2026-03-28,Dashboard,109,5
17647,4062,2025-04-15,Integrations,3,2
17648,4062,2025-07-01,Export Data,31,1
17649,4063,2024-01-09,Export Data,36,3
17650,4064,2023-11-14,Reports,109,2
17651,4064,2025-09-20,Notifications,116,2
17652,4064,2025-03-28,Dashboard,32,5
17653,4064,2024-10-10,API Access,34,3
17654,4064,2025-02-16,API Access,33,4
17655,4064,2024-03-09,API Access,20,4
17656,4064,2025-11-22,Reports,26,3
17657,4064,2025-11-05,API Access,82,5
17658,4064,2024-09-11,Reports,77,2
17659,4065,2022-08-19,API Access,42,4
17660,4065,2023-02-06,Notifications,93,2
17661,4066,2025-11-13,Integrations,16,3
17662,4066,2026-03-20,Notifications,88,5
17663,4066,2026-02-07,Dashboard,72,1
17664,4066,2025-11-11,Mobile App,74,4
17665,4066,2025-12-27,Notifications,78,3
17666,4066,2026-09-13,Dashboard,59,3
17667,4066,2026-01-15,Dashboard,57,4
17668,4067,2021-12-02,Integrations,109,3
17669,4067,2021-12-26,Team Collaboration,79,2
17670,4068,2025-05-18,Dashboard,86,1
17671,4068,2025-05-28,API Access,97,3
17672,4069,2026-07-20,Export Data,116,1
17673,4069,2026-08-14,Team Collaboration,10,3
17674,4069,2026-06-06,Reports,34,4
17675,4069,2026-07-06,API Access,95,2
17676,4069,2026-05-17,Mobile App,53,2
17677,4069,2026-05-25,Reports,19,4
17678,4070,2024-09-04,Dashboard,65,1
17679,4070,2025-05-06,Team Collaboration,89,2
17680,4070,2025-09-07,Notifications,39,2
17681,4070,2025-04-23,Export Data,19,1
17682,4070,2026-07-30,Mobile App,24,3
17683,4070,2024-01-23,API Access,10,3
17684,4070,2026-07-02,API Access,73,5
17685,4071,2023-11-27,Notifications,57,2
17686,4071,2025-09-01,Integrations,42,4
17687,4072,2022-10-31,Dashboard,8,2
17688,4072,2024-04-06,Team Collaboration,6,2
17689,4072,2023-05-27,Notifications,27,3
17690,4072,2025-08-30,Reports,56,4
17691,4072,2025-07-20,Notifications,31,2
17692,4072,2023-11-20,Export Data,104,4
17693,4072,2024-09-24,Dashboard,8,3
17694,4073,2025-09-07,Mobile App,71,5
17695,4073,2024-07-01,API Access,18,3
17696,4073,2024-04-07,Reports,115,4
17697,4074,2023-11-26,Integrations,101,2
17698,4074,2023-07-03,Reports,61,3
17699,4074,2023-06-11,Team Collaboration,59,1
17700,4074,2025-04-06,Mobile App,80,5
17701,4075,2025-04-04,Team Collaboration,118,4
17702,4075,2023-12-06,Dashboard,79,5
17703,4075,2025-02-19,Team Collaboration,33,1
17704,4075,2023-12-14,API Access,77,4
17705,4075,2025-05-05,Team Collaboration,116,4
17706,4075,2024-09-14,Notifications,69,3
17707,4075,2026-07-14,API Access,27,1
17708,4075,2024-06-06,Dashboard,23,5
17709,4076,2025-08-06,Export Data,4,4
17710,4076,2026-01-20,Team Collaboration,69,1
17711,4076,2024-10-26,Reports,71,3
17712,4076,2024-04-05,Team Collaboration,111,3
17713,4076,2024-11-16,Dashboard,77,4
17714,4076,2024-12-08,Integrations,104,1
17715,4076,2025-03-08,Integrations,20,3
17716,4076,2023-05-05,Reports,112,5
17717,4076,2024-10-27,Mobile App,105,1
17718,4077,2025-12-21,Notifications,64,3
17719,4077,2026-02-09,Reports,7,2
17720,4077,2025-10-10,Export Data,85,2
17721,4077,2025-07-15,Mobile App,16,3
17722,4078,2026-03-28,Export Data,76,1
17723,4078,2025-11-11,Team Collaboration,114,4
17724,4078,2024-03-18,Integrations,35,3
17725,4079,2024-11-29,Notifications,83,1
17726,4079,2026-06-01,Export Data,29,1
17727,4079,2025-02-16,Dashboard,13,3
17728,4080,2021-05-13,Notifications,105,2
17729,4080,2026-08-28,Export Data,76,5
17730,4080,2024-06-20,Mobile App,21,2
17731,4080,2025-08-22,Integrations,21,5
17732,4080,2023-12-12,API Access,66,5
17733,4080,2026-06-10,Reports,52,5
17734,4080,2023-07-02,Mobile App,15,1
17735,4080,2024-02-03,Reports,61,5
17736,4080,2022-03-29,API Access,92,1
17737,4081,2026-09-10,Dashboard,114,5
17738,4081,2024-04-03,API Access,5,5
17739,4081,2024-05-19,Integrations,34,5
17740,4081,2024-11-10,Dashboard,107,5
17741,4081,2026-08-14,Team Collaboration,21,3
17742,4081,2024-04-11,API Access,24,2
17743,4081,2026-09-14,Reports,71,3
17744,4081,2024-05-31,API Access,80,3
17745,4082,2024-01-19,Reports,40,3
17746,4082,2021-10-04,Integrations,46,3
17747,4082,2021-11-04,API Access,72,1
17748,4082,2022-12-22,Dashboard,116,1
17749,4082,2023-01-22,Integrations,35,5
17750,4082,2023-11-14,Dashboard,107,1
17751,4082,2023-04-08,Notifications,18,1
17752,4082,2021-11-12,Export Data,104,5
17753,4083,2026-06-28,Dashboard,58,2
17754,4083,2026-03-04,Mobile App,105,4
17755,4085,2024-12-10,Notifications,93,2
17756,4085,2026-05-09,Mobile App,34,2
17757,4085,2025-04-25,Notifications,5,3
17758,4085,2025-03-27,Integrations,57,4
17759,4085,2024-09-05,Team Collaboration,57,5
17760,4085,2025-09-29,Integrations,108,5
17761,4085,2026-05-24,Export Data,21,4
17762,4085,2026-05-26,Mobile App,19,5
17763,4086,2022-03-06,Team Collaboration,47,5
17764,4086,2023-06-19,API Access,73,2
17765,4086,2022-08-15,Export Data,115,2
17766,4086,2022-01-26,API Access,29,1
17767,4087,2026-01-31,Team Collaboration,17,2
17768,4087,2026-01-27,Dashboard,88,4
17769,4087,2026-04-29,API Access,102,2
17770,4087,2026-07-26,Integrations,116,2
17771,4087,2026-03-09,API Access,120,2
17772,4087,2026-07-26,Team Collaboration,102,4
17773,4087,2026-03-11,Mobile App,71,5
17774,4087,2026-08-11,Integrations,23,2
17775,4087,2026-07-24,Export Data,68,4
17776,4088,2025-04-14,Integrations,86,5
17777,4088,2025-05-22,Notifications,52,2
17778,4088,2025-06-30,Notifications,103,2
17779,4088,2025-12-31,Integrations,43,2
17780,4088,2025-07-28,Integrations,20,2
17781,4088,2026-03-14,API Access,15,5
17782,4088,2025-09-18,Mobile App,53,5
17783,4088,2026-03-04,API Access,28,2
17784,4088,2026-02-13,Dashboard,32,2
17785,4088,2025-11-13,API Access,30,1
17786,4089,2026-06-22,Team Collaboration,89,5
17787,4089,2025-07-04,Team Collaboration,20,1
17788,4089,2025-06-01,Notifications,7,1
17789,4089,2025-06-26,Export Data,49,3
17790,4089,2026-08-15,Team Collaboration,103,3
17791,4089,2026-07-11,Mobile App,43,4
17792,4089,2025-05-12,Reports,103,5
17793,4089,2024-11-11,Dashboard,4,3
17794,4089,2026-05-25,Team Collaboration,84,3
17795,4090,2025-05-31,Mobile App,59,4
17796,4092,2026-08-16,API Access,67,2
17797,4092,2025-10-24,Notifications,90,1
17798,4093,2026-06-07,API Access,112,4
17799,4093,2026-09-03,Mobile App,95,1
17800,4093,2026-03-24,Export Data,110,5
17801,4094,2025-11-12,Reports,38,5
17802,4094,2025-12-04,API Access,59,3
17803,4094,2025-12-02,Reports,116,4
17804,4094,2025-10-14,Reports,48,3
17805,4094,2025-11-02,Team Collaboration,89,5
17806,4094,2026-01-25,Export Data,74,4
17807,4094,2026-05-01,Mobile App,49,2
17808,4094,2025-11-27,Notifications,99,3
17809,4095,2026-02-08,Export Data,4,4
17810,4095,2026-06-03,Dashboard,63,3
17811,4095,2025-04-26,Export Data,46,4
17812,4095,2026-02-18,API Access,65,3
17813,4095,2026-08-01,Reports,103,5
17814,4095,2026-06-27,Mobile App,76,5
17815,4096,2026-07-28,Export Data,88,2
17816,4096,2026-08-25,Team Collaboration,118,5
17817,4097,2025-02-23,Export Data,4,3
17818,4097,2023-04-28,Notifications,112,2
17819,4097,2025-10-02,Dashboard,91,3
17820,4097,2025-11-27,Reports,21,1
17821,4097,2026-04-15,Notifications,60,5
17822,4097,2023-02-16,Export Data,102,1
17823,4097,2025-06-25,Export Data,30,4
17824,4097,2023-06-12,Reports,77,3
17825,4097,2023-04-01,Notifications,100,5
17826,4097,2024-04-08,API Access,120,5
17827,4098,2023-04-04,Notifications,45,4
17828,4098,2024-02-14,Notifications,33,1
17829,4098,2024-08-11,Dashboard,64,5
17830,4098,2022-05-01,Export Data,71,4
17831,4098,2022-09-02,Mobile App,12,2
17832,4098,2022-05-10,Mobile App,54,5
17833,4098,2022-08-31,Export Data,60,3
17834,4098,2022-04-08,Mobile App,25,1
17835,4099,2024-09-14,Export Data,103,4
17836,4099,2024-06-03,Export Data,85,1
17837,4099,2024-10-15,Notifications,115,2
17838,4099,2026-05-06,Export Data,26,4
17839,4099,2022-11-20,Dashboard,91,2
17840,4099,2023-11-12,Mobile App,19,4
17841,4100,2022-05-15,Mobile App,49,2
17842,4100,2021-10-16,API Access,15,3
17843,4100,2022-05-07,API Access,71,4
17844,4101,2025-06-19,API Access,83,3
17845,4101,2026-02-06,Mobile App,45,2
17846,4101,2025-06-14,API Access,17,1
17847,4101,2026-04-17,Export Data,80,3
17848,4101,2026-07-30,Integrations,29,1
17849,4101,2025-06-30,Mobile App,55,1
17850,4101,2024-11-18,Mobile App,117,1
17851,4101,2024-11-24,Integrations,42,3
17852,4101,2026-08-31,Reports,2,4
17853,4101,2025-09-21,Export Data,95,1
17854,4103,2026-06-13,Team Collaboration,8,2
17855,4104,2025-05-17,Team Collaboration,6,3
17856,4104,2024-06-24,Export Data,43,2
17857,4104,2024-07-10,Team Collaboration,109,2
17858,4106,2026-05-28,Dashboard,59,4
17859,4106,2026-05-27,API Access,51,3
17860,4106,2026-05-10,Mobile App,118,5
17861,4106,2025-07-20,Team Collaboration,113,1
17862,4106,2026-06-16,Integrations,85,1
17863,4106,2026-07-28,Reports,108,3
17864,4106,2026-03-05,Team Collaboration,74,5
17865,4106,2025-02-27,Notifications,80,5
17866,4106,2025-06-30,Notifications,74,4
17867,4106,2025-03-04,Integrations,82,3
17868,4107,2026-08-08,Notifications,32,2
17869,4107,2026-07-31,Team Collaboration,75,4
17870,4108,2022-05-10,Mobile App,69,2
17871,4108,2022-03-28,Export Data,105,3
17872,4109,2026-01-20,Export Data,43,1
17873,4109,2026-02-14,Team Collaboration,46,4
17874,4109,2025-01-15,API Access,115,2
17875,4109,2026-02-03,Mobile App,19,4
17876,4109,2026-07-13,Team Collaboration,59,3
17877,4111,2022-08-25,Export Data,2,2
17878,4111,2026-05-23,Dashboard,91,1
17879,4112,2025-04-29,Integrations,6,3
17880,4112,2026-02-08,Team Collaboration,103,3
17881,4112,2025-07-23,Export Data,20,3
17882,4113,2026-07-16,Dashboard,22,1
17883,4113,2026-07-01,Reports,110,2
17884,4113,2026-05-07,Notifications,117,3
17885,4113,2026-08-15,Mobile App,48,2
17886,4114,2025-07-13,Team Collaboration,85,5
17887,4114,2026-08-04,Reports,36,5
17888,4114,2026-08-05,Mobile App,45,2
17889,4114,2025-09-12,Notifications,19,2
17890,4114,2026-09-12,Reports,8,2
17891,4114,2025-07-25,Team Collaboration,70,5
17892,4114,2026-03-31,Integrations,8,5
17893,4114,2026-08-06,API Access,107,2
17894,4114,2025-08-11,API Access,111,4
17895,4115,2026-06-12,Dashboard,99,1
17896,4115,2025-05-30,Integrations,71,2
17897,4115,2025-11-23,API Access,86,3
17898,4115,2026-04-16,Team Collaboration,73,4
17899,4116,2026-09-03,Export Data,112,1
17900,4116,2026-05-14,Export Data,102,4
17901,4116,2026-06-27,Team Collaboration,16,4
17902,4116,2026-09-11,Dashboard,106,4
17903,4116,2026-06-18,Mobile App,71,1
17904,4116,2026-05-06,Integrations,18,5
17905,4116,2026-05-07,Notifications,106,3
17906,4117,2026-07-15,Notifications,63,1
17907,4117,2025-05-04,Export Data,114,2
17908,4118,2025-06-18,Mobile App,87,2
17909,4119,2025-05-11,Reports,73,3
17910,4119,2024-08-02,Export Data,82,4
17911,4119,2024-02-14,API Access,28,2
17912,4119,2023-12-30,Team Collaboration,92,2
17913,4119,2025-11-17,Dashboard,75,2
17914,4119,2024-08-27,API Access,10,2
17915,4119,2026-09-15,Mobile App,14,3
17916,4119,2024-01-04,Reports,85,1
17917,4120,2026-05-09,Integrations,69,2
17918,4120,2026-08-10,Team Collaboration,72,4
17919,4120,2026-07-04,Integrations,87,3
17920,4120,2026-09-10,Dashboard,59,3
17921,4121,2022-11-05,Integrations,11,5
17922,4121,2025-07-08,Notifications,81,5
17923,4121,2025-04-02,Mobile App,69,1
17924,4122,2024-10-18,Team Collaboration,5,4
17925,4122,2026-05-21,Mobile App,33,1
17926,4122,2025-09-09,Mobile App,37,1
17927,4122,2025-11-01,Reports,5,5
17928,4122,2025-03-12,Notifications,114,4
17929,4122,2025-04-26,Dashboard,19,4
17930,4123,2026-07-02,Export Data,97,3
17931,4123,2026-05-14,Dashboard,29,1
17932,4124,2022-06-29,Reports,111,3
17933,4124,2023-02-14,Notifications,79,3
17934,4125,2024-06-16,Reports,66,2
17935,4125,2025-03-21,Notifications,53,4
17936,4125,2024-04-21,Reports,109,3
17937,4125,2024-03-01,API Access,91,4
17938,4126,2021-09-02,Team Collaboration,40,5
17939,4126,2021-12-08,Notifications,116,5
17940,4126,2021-11-23,Team Collaboration,21,2
17941,4127,2024-11-19,Mobile App,118,2
17942,4127,2023-06-11,API Access,95,5
17943,4127,2021-01-19,Integrations,69,1
17944,4128,2026-08-05,Team Collaboration,34,2
17945,4129,2026-01-14,Export Data,100,4
17946,4129,2025-01-20,Export Data,62,2
17947,4129,2025-03-21,Reports,64,3
17948,4129,2025-05-16,Notifications,10,5
17949,4129,2025-08-23,Team Collaboration,14,1
17950,4129,2026-06-25,Notifications,19,2
17951,4129,2025-08-22,Export Data,51,4
17952,4129,2024-11-14,Export Data,70,3
17953,4129,2024-08-20,Notifications,116,4
17954,4129,2025-05-27,API Access,105,5
17955,4130,2024-08-21,Notifications,54,4
17956,4130,2025-05-01,Mobile App,115,1
17957,4130,2024-03-14,Team Collaboration,110,1
17958,4130,2025-08-23,Export Data,48,4
17959,4130,2024-08-04,Dashboard,39,1
17960,4130,2023-04-06,Team Collaboration,40,4
17961,4131,2023-07-29,API Access,26,5
17962,4131,2026-04-10,Integrations,2,1
17963,4131,2025-10-19,Export Data,41,2
17964,4131,2024-04-12,Export Data,77,5
17965,4131,2024-04-05,Integrations,29,2
17966,4131,2025-08-31,Integrations,101,1
17967,4131,2025-10-17,Reports,103,3
17968,4131,2023-03-16,Export Data,112,2
17969,4132,2024-06-16,Integrations,103,2
17970,4132,2023-08-13,Notifications,73,1
17971,4132,2025-05-12,Integrations,77,4
17972,4133,2023-11-01,Reports,16,2
17973,4133,2025-08-18,Integrations,16,1
17974,4133,2025-01-04,Mobile App,4,1
17975,4134,2024-09-19,Integrations,71,5
17976,4135,2026-04-16,Integrations,58,2
17977,4135,2026-07-31,Export Data,99,1
17978,4136,2023-03-13,Notifications,35,2
17979,4137,2026-03-27,Dashboard,92,2
17980,4137,2026-02-03,Dashboard,44,4
17981,4137,2026-09-06,Export Data,79,3
17982,4138,2022-11-15,Mobile App,87,1
17983,4138,2022-10-25,API Access,31,3
17984,4138,2022-10-07,Integrations,112,2
17985,4139,2025-10-15,Reports,21,4
17986,4139,2024-02-25,Dashboard,68,1
17987,4139,2024-10-16,Export Data,41,3
17988,4139,2024-02-03,Mobile App,13,5
17989,4139,2022-09-06,Dashboard,84,3
17990,4139,2022-05-05,API Access,61,3
17991,4139,2024-07-27,Integrations,101,5
17992,4139,2023-08-02,API Access,11,2
17993,4139,2022-12-05,Export Data,18,4
17994,4140,2024-02-18,Dashboard,82,1
17995,4140,2024-08-07,Export Data,78,1
17996,4140,2026-08-05,Dashboard,65,2
17997,4140,2025-10-28,Export Data,38,4
17998,4140,2026-03-27,API Access,21,1
17999,4140,2023-07-22,Team Collaboration,31,5
18000,4141,2025-12-03,Reports,95,4
18001,4142,2026-02-22,Integrations,79,1
18002,4142,2024-11-12,API Access,67,1
18003,4142,2025-06-08,Reports,108,4
18004,4142,2024-11-30,Dashboard,25,5
18005,4142,2026-08-17,API Access,6,5
18006,4142,2025-09-26,Export Data,9,3
18007,4143,2025-07-28,Mobile App,74,1
18008,4143,2026-02-16,API Access,93,3
18009,4143,2024-12-05,API Access,88,1
18010,4143,2025-10-19,Mobile App,95,1
18011,4143,2026-01-16,Reports,31,4
18012,4143,2025-01-07,Reports,44,5
18013,4143,2025-02-21,Team Collaboration,87,3
18014,4143,2026-02-21,Mobile App,103,4
18015,4144,2024-11-10,Notifications,118,5
18016,4144,2023-08-31,Notifications,1,1
18017,4144,2024-02-22,Integrations,92,5
18018,4144,2024-12-10,Notifications,63,1
18019,4144,2026-03-26,Mobile App,8,1
18020,4144,2024-04-24,Notifications,61,4
18021,4144,2023-11-30,Team Collaboration,40,3
18022,4144,2025-01-11,Dashboard,118,5
18023,4145,2022-09-17,Integrations,9,3
18024,4145,2022-07-29,API Access,78,3
18025,4146,2026-06-30,Dashboard,120,5
18026,4146,2026-03-31,Team Collaboration,21,3
18027,4146,2026-03-22,Notifications,39,5
18028,4146,2026-04-22,API Access,76,2
18029,4146,2026-02-09,Team Collaboration,55,2
18030,4146,2026-07-07,Notifications,71,4
18031,4146,2026-04-20,Integrations,57,5
18032,4146,2025-12-04,Mobile App,52,1
18033,4147,2026-05-29,Reports,85,5
18034,4147,2023-01-09,Reports,14,4
18035,4147,2023-08-25,Reports,96,4
18036,4147,2023-12-16,API Access,120,4
18037,4147,2026-08-07,Export Data,88,1
18038,4147,2021-12-28,Dashboard,32,4
18039,4147,2022-02-12,Reports,62,2
18040,4147,2022-07-22,Team Collaboration,63,1
18041,4147,2021-11-15,Team Collaboration,119,1
18042,4147,2024-02-24,Notifications,31,1
18043,4148,2021-10-11,Reports,83,5
18044,4148,2023-01-27,Export Data,62,4
18045,4149,2026-08-25,Export Data,8,2
18046,4150,2025-12-26,Team Collaboration,23,4
18047,4151,2025-06-14,Integrations,81,4
18048,4151,2023-11-17,Integrations,119,3
18049,4151,2025-08-08,Export Data,44,5
18050,4151,2026-07-12,API Access,69,4
18051,4151,2026-03-06,Dashboard,5,2
18052,4152,2026-05-14,Dashboard,18,3
18053,4152,2026-07-11,API Access,97,4
18054,4152,2026-07-05,API Access,39,2
18055,4152,2024-11-18,Dashboard,113,4
18056,4152,2026-04-25,Reports,3,2
18057,4152,2025-02-05,API Access,89,3
18058,4153,2022-10-24,Export Data,80,3
18059,4153,2024-01-01,Mobile App,105,1
18060,4153,2026-07-03,Export Data,20,5
18061,4153,2025-10-02,Reports,116,2
18062,4153,2025-09-19,Integrations,72,2
18063,4154,2026-03-31,Export Data,99,1
18064,4154,2023-01-09,API Access,82,2
18065,4154,2024-10-09,API Access,69,4
18066,4154,2021-12-26,Reports,47,4
18067,4155,2023-12-07,API Access,84,3
18068,4155,2025-12-08,Mobile App,34,1
18069,4155,2024-07-25,API Access,26,4
18070,4155,2023-03-16,Integrations,44,2
18071,4155,2025-10-19,API Access,69,5
18072,4155,2023-12-10,Export Data,71,4
18073,4155,2023-11-03,Dashboard,62,2
18074,4156,2026-03-05,Dashboard,55,1
18075,4156,2026-02-13,API Access,19,2
18076,4156,2026-02-08,Notifications,37,1
18077,4157,2023-11-17,Integrations,58,5
18078,4157,2025-12-27,Team Collaboration,74,2
18079,4157,2023-11-23,Integrations,45,2
18080,4157,2024-03-26,Mobile App,92,3
18081,4157,2024-12-19,Integrations,91,2
18082,4157,2025-10-14,Reports,82,3
18083,4157,2024-12-28,Dashboard,71,4
18084,4157,2024-04-10,API Access,114,3
18085,4157,2026-07-12,Team Collaboration,41,1
18086,4157,2025-04-22,API Access,62,5
18087,4158,2021-07-25,Reports,95,5
18088,4158,2023-05-23,API Access,45,5
18089,4158,2022-03-27,Export Data,81,2
18090,4159,2026-06-27,Notifications,66,4
18091,4159,2026-06-30,Export Data,84,5
18092,4159,2026-06-07,Notifications,87,4
18093,4159,2026-05-21,Dashboard,42,5
18094,4159,2026-06-29,Team Collaboration,108,4
18095,4159,2026-07-01,Notifications,39,1
18096,4160,2024-11-23,API Access,95,2
18097,4160,2025-02-20,Reports,65,4
18098,4160,2026-08-31,Notifications,92,5
18099,4160,2025-05-04,Team Collaboration,100,5
18100,4160,2026-06-14,Team Collaboration,63,4
18101,4160,2024-12-13,Dashboard,9,1
18102,4161,2025-01-09,Team Collaboration,93,3
18103,4161,2025-11-16,Notifications,52,1
18104,4161,2024-11-12,Export Data,100,1
18105,4161,2025-06-27,Integrations,98,2
18106,4162,2025-10-09,API Access,25,5
18107,4162,2024-05-26,Notifications,16,3
18108,4162,2021-08-07,Integrations,88,4
18109,4162,2021-10-13,Team Collaboration,102,2
18110,4162,2025-02-25,Export Data,53,2
18111,4162,2023-09-10,Team Collaboration,93,5
18112,4162,2024-12-25,Mobile App,4,5
18113,4162,2023-10-05,Export Data,113,4
18114,4162,2024-06-22,Notifications,76,3
18115,4162,2022-05-08,Team Collaboration,116,1
18116,4163,2021-12-25,Reports,117,4
18117,4163,2021-08-01,Team Collaboration,102,4
18118,4163,2021-06-06,API Access,118,2
18119,4164,2026-08-08,Team Collaboration,55,2
18120,4164,2022-12-29,Export Data,105,1
18121,4164,2024-06-28,Dashboard,62,2
18122,4164,2024-06-07,API Access,102,5
18123,4164,2022-01-03,Dashboard,21,1
18124,4165,2024-10-08,Mobile App,112,3
18125,4165,2024-02-26,API Access,11,1
18126,4165,2024-05-04,Team Collaboration,118,3
18127,4165,2025-06-27,API Access,17,2
18128,4165,2025-07-13,Integrations,5,3
18129,4165,2021-06-22,Integrations,89,3
18130,4165,2025-07-24,Mobile App,52,2
18131,4166,2026-07-17,Dashboard,77,2
18132,4166,2026-07-28,Mobile App,46,1
18133,4166,2026-07-23,Mobile App,12,5
18134,4166,2026-08-03,Team Collaboration,95,1
18135,4166,2026-08-15,Team Collaboration,101,2
18136,4166,2026-09-05,Export Data,86,2
18137,4166,2026-08-17,API Access,39,4
18138,4168,2024-11-02,Team Collaboration,65,4
18139,4168,2023-08-01,Mobile App,13,5
18140,4168,2026-05-15,Reports,29,2
18141,4168,2024-11-03,Team Collaboration,92,3
18142,4168,2025-12-19,Export Data,80,1
18143,4169,2025-08-29,Reports,104,3
18144,4169,2024-09-08,Dashboard,3,3
18145,4169,2024-10-26,Integrations,35,2
18146,4169,2024-11-28,Dashboard,114,3
18147,4169,2024-11-10,Reports,108,2
18148,4169,2025-02-21,Export Data,53,3
18149,4169,2025-12-17,Reports,106,5
18150,4169,2024-10-28,Team Collaboration,101,5
18151,4169,2026-02-26,API Access,79,2
18152,4170,2025-12-10,API Access,97,5
18153,4170,2026-04-05,API Access,36,2
18154,4170,2026-06-11,Export Data,18,2
18155,4170,2025-07-12,Export Data,46,2
18156,4170,2026-05-26,Integrations,68,1
18157,4170,2026-03-24,Mobile App,21,3
18158,4170,2026-05-28,Reports,8,2
18159,4171,2024-07-06,Integrations,26,4
18160,4171,2025-03-06,Notifications,66,2
18161,4172,2026-08-07,Dashboard,50,4
18162,4172,2024-03-30,Team Collaboration,41,1
18163,4172,2026-01-21,Notifications,69,3
18164,4172,2024-10-31,Reports,63,5
18165,4173,2026-05-23,Integrations,79,3
18166,4173,2026-04-30,Team Collaboration,13,3
18167,4173,2026-03-01,Team Collaboration,41,2
18168,4173,2026-06-13,Notifications,1,5
18169,4173,2026-03-05,Reports,38,4
18170,4173,2026-03-17,Dashboard,8,5
18171,4173,2026-05-01,Team Collaboration,103,5
18172,4173,2026-05-04,Export Data,48,5
18173,4174,2025-10-20,Notifications,85,5
18174,4175,2025-11-16,Export Data,94,5
18175,4175,2025-01-05,Mobile App,39,2
18176,4175,2025-01-11,Dashboard,49,2
18177,4175,2025-07-15,Export Data,89,1
18178,4175,2023-04-05,Mobile App,10,3
18179,4175,2026-07-02,Team Collaboration,3,3
18180,4175,2023-02-08,Mobile App,13,5
18181,4175,2025-09-24,Dashboard,56,1
18182,4175,2026-03-24,API Access,72,2
18183,4175,2022-03-27,Mobile App,62,4
18184,4176,2023-07-05,Integrations,2,4
18185,4176,2024-10-26,Reports,116,4
18186,4176,2024-04-13,API Access,102,2
18187,4176,2024-08-29,API Access,103,3
18188,4177,2023-10-29,Mobile App,37,2
18189,4177,2024-02-10,Mobile App,82,2
18190,4179,2024-10-26,Notifications,98,1
18191,4180,2025-10-10,API Access,120,5
18192,4180,2025-05-02,Dashboard,110,5
18193,4180,2024-08-01,Dashboard,37,2
18194,4180,2024-07-01,Export Data,52,4
18195,4180,2026-01-28,Mobile App,52,1
18196,4180,2025-07-22,Reports,54,3
18197,4180,2025-11-10,Notifications,66,5
18198,4181,2025-06-21,Reports,82,2
18199,4181,2026-07-17,Notifications,63,2
18200,4181,2024-12-07,Integrations,16,5
18201,4182,2025-03-15,Mobile App,27,3
18202,4182,2026-07-13,API Access,45,4
18203,4182,2025-05-19,Reports,70,4
18204,4182,2024-12-26,API Access,98,4
18205,4182,2025-09-04,Reports,15,5
18206,4182,2026-04-07,Dashboard,3,4
18207,4182,2025-01-21,Team Collaboration,30,4
18208,4183,2022-12-19,Reports,69,1
18209,4184,2024-12-16,Integrations,84,1
18210,4185,2023-05-02,Export Data,73,4
18211,4185,2026-06-02,Integrations,44,1
18212,4185,2023-08-03,Notifications,73,1
18213,4185,2025-09-12,API Access,15,3
18214,4185,2025-07-09,Team Collaboration,78,5
18215,4185,2025-05-26,Dashboard,74,1
18216,4185,2023-12-10,Team Collaboration,75,2
18217,4186,2022-10-20,API Access,1,1
18218,4186,2023-05-16,Dashboard,39,1
18219,4187,2024-09-02,Export Data,88,5
18220,4187,2026-07-24,Dashboard,77,4
18221,4187,2026-05-03,API Access,49,4
18222,4187,2024-12-28,Dashboard,67,5
18223,4187,2026-08-30,Integrations,105,5
18224,4187,2025-07-28,Dashboard,110,3
18225,4187,2024-11-16,Reports,31,5
18226,4188,2023-04-21,Reports,118,1
18227,4188,2023-03-07,Integrations,72,2
18228,4189,2024-10-05,Notifications,56,3
18229,4189,2025-04-07,Export Data,74,3
18230,4189,2023-12-10,Integrations,107,3
18231,4190,2025-08-02,Dashboard,56,1
18232,4190,2026-01-08,Notifications,40,5
18233,4190,2026-03-09,Notifications,55,2
18234,4191,2022-04-21,Export Data,16,5
18235,4193,2026-04-02,Export Data,101,2
18236,4193,2023-10-17,API Access,103,5
18237,4193,2023-07-12,Mobile App,22,1
18238,4193,2023-09-17,Dashboard,12,2
18239,4193,2024-06-13,Dashboard,32,2
18240,4193,2026-07-28,Export Data,5,5
18241,4193,2024-12-17,Team Collaboration,114,4
18242,4193,2024-12-02,Dashboard,99,1
18243,4194,2026-08-31,Team Collaboration,71,1
18244,4194,2026-08-14,Export Data,7,2
18245,4194,2026-07-22,Reports,33,1
18246,4194,2026-05-23,Mobile App,4,4
18247,4195,2024-10-18,Notifications,85,1
18248,4195,2024-02-23,Team Collaboration,62,3
18249,4196,2025-07-13,Integrations,32,4
18250,4196,2025-01-01,Notifications,68,4
18251,4196,2026-04-06,Export Data,61,1
18252,4197,2026-07-14,Team Collaboration,63,2
18253,4197,2026-08-06,Dashboard,42,1
18254,4198,2026-07-30,Integrations,36,1
18255,4198,2026-07-02,API Access,16,4
18256,4198,2024-02-05,Notifications,20,5
18257,4198,2023-11-25,Export Data,17,4
18258,4198,2023-12-03,Export Data,110,4
18259,4198,2025-12-19,API Access,12,4
18260,4198,2026-07-12,Integrations,70,1
18261,4198,2025-06-28,Reports,103,5
18262,4198,2024-06-27,Team Collaboration,64,1
18263,4199,2022-05-17,Dashboard,65,5
18264,4199,2022-09-22,Team Collaboration,51,5
18265,4200,2026-05-07,API Access,88,2
18266,4201,2024-08-15,Team Collaboration,109,3
18267,4201,2024-04-30,Notifications,19,2
18268,4201,2026-02-11,API Access,39,1
18269,4201,2023-06-26,Export Data,104,2
18270,4201,2023-04-15,Notifications,68,5
18271,4201,2024-03-06,Mobile App,92,5
18272,4201,2023-02-01,Reports,96,5
18273,4202,2026-03-28,API Access,18,3
18274,4203,2025-07-17,API Access,108,4
18275,4203,2024-04-21,Notifications,100,4
18276,4203,2024-07-05,Export Data,69,5
18277,4203,2025-04-11,Dashboard,15,1
18278,4204,2025-09-02,Team Collaboration,13,1
18279,4204,2026-01-28,Reports,18,1
18280,4205,2024-10-13,Notifications,57,1
18281,4205,2025-09-04,Dashboard,83,4
18282,4205,2022-08-10,Notifications,116,1
18283,4205,2026-08-22,Mobile App,36,2
18284,4205,2022-07-27,Reports,10,5
18285,4206,2026-03-22,Team Collaboration,104,5
18286,4206,2026-07-22,Dashboard,32,5
18287,4206,2026-01-15,Integrations,118,3
18288,4206,2026-03-04,Notifications,25,4
18289,4206,2026-07-12,Integrations,25,5
18290,4206,2025-12-31,Notifications,26,5
18291,4206,2026-01-27,Team Collaboration,13,3
18292,4207,2024-05-10,Reports,66,4
18293,4207,2026-01-17,Mobile App,56,1
18294,4207,2025-12-04,Notifications,25,2
18295,4207,2024-05-06,Notifications,51,3
18296,4207,2023-12-22,Integrations,47,1
18297,4207,2024-02-23,API Access,85,1
18298,4207,2026-08-20,Integrations,114,4
18299,4207,2024-08-07,Dashboard,57,5
18300,4207,2025-09-18,Notifications,27,5
18301,4208,2025-01-10,API Access,73,1
18302,4208,2025-08-21,Team Collaboration,65,3
18303,4208,2025-07-22,Integrations,10,3
18304,4208,2026-02-06,Mobile App,54,5
18305,4208,2024-06-16,Mobile App,34,1
18306,4208,2025-04-14,Dashboard,98,5
18307,4208,2025-06-10,Export Data,20,5
18308,4208,2026-02-10,Notifications,11,4
18309,4209,2025-05-15,Team Collaboration,39,5
18310,4209,2025-02-23,Mobile App,78,4
18311,4209,2025-07-23,Dashboard,29,2
18312,4210,2024-09-25,Notifications,85,5
18313,4210,2025-03-09,Reports,10,5
18314,4210,2025-02-15,Notifications,88,3
18315,4210,2025-08-25,API Access,69,5
18316,4210,2025-08-19,Notifications,89,1
18317,4210,2023-10-03,Notifications,84,1
18318,4210,2024-07-11,Integrations,104,4
18319,4210,2026-05-20,Mobile App,119,1
18320,4211,2025-01-03,Team Collaboration,4,2
18321,4212,2026-06-09,Mobile App,71,4
18322,4212,2025-09-09,Dashboard,31,1
18323,4212,2026-07-21,API Access,16,3
18324,4212,2025-07-31,Dashboard,93,3
18325,4213,2026-07-02,Reports,15,2
18326,4213,2026-06-10,Export Data,49,1
18327,4213,2025-09-06,API Access,116,3
18328,4213,2025-06-16,Integrations,79,5
18329,4213,2026-08-23,Notifications,11,5
18330,4213,2026-09-11,Team Collaboration,90,5
18331,4213,2025-10-29,Mobile App,94,1
18332,4213,2026-08-18,Integrations,13,5
18333,4213,2025-09-29,Dashboard,103,2
18334,4214,2026-01-27,Integrations,88,1
18335,4214,2025-12-13,Dashboard,57,4
18336,4214,2024-09-23,Mobile App,92,5
18337,4214,2025-08-16,Team Collaboration,23,2
18338,4214,2022-10-10,Mobile App,91,3
18339,4215,2025-12-20,Notifications,93,4
18340,4216,2024-01-26,Reports,116,2
18341,4216,2024-01-19,API Access,5,1
18342,4216,2024-01-26,Dashboard,57,4
18343,4216,2023-12-04,Team Collaboration,100,3
18344,4217,2026-03-27,Integrations,27,1
18345,4217,2026-09-08,Reports,85,2
18346,4217,2026-04-05,Team Collaboration,87,5
18347,4218,2021-10-02,Dashboard,101,2
18348,4218,2021-09-07,Team Collaboration,9,1
18349,4218,2021-12-30,Reports,76,3
18350,4218,2021-07-31,Mobile App,94,4
18351,4219,2025-02-11,Integrations,108,4
18352,4219,2025-09-23,API Access,35,4
18353,4219,2025-11-27,Reports,54,3
18354,4220,2026-04-11,API Access,23,3
18355,4220,2023-04-18,API Access,68,1
18356,4220,2022-12-09,Notifications,77,1
18357,4220,2024-12-30,Integrations,61,3
18358,4220,2025-06-17,Team Collaboration,5,3
18359,4220,2024-03-21,Team Collaboration,40,2
18360,4221,2023-07-21,API Access,91,1
18361,4221,2023-02-04,Integrations,99,2
18362,4222,2023-09-15,Reports,16,1
18363,4222,2025-08-22,Mobile App,69,3
18364,4222,2025-08-12,Notifications,35,1
18365,4222,2021-08-04,Reports,105,3
18366,4222,2024-03-16,Mobile App,106,5
18367,4222,2025-08-05,Team Collaboration,106,5
18368,4222,2025-03-11,Mobile App,63,2
18369,4222,2022-11-30,Reports,22,4
18370,4222,2021-09-01,Integrations,14,1
18371,4223,2021-06-22,Export Data,8,3
18372,4223,2025-06-30,API Access,27,1
18373,4223,2023-07-12,API Access,30,1
18374,4223,2026-05-27,Notifications,21,1
18375,4223,2022-03-18,Mobile App,28,5
18376,4224,2023-10-25,Notifications,119,1
18377,4224,2023-08-11,Team Collaboration,19,3
18378,4225,2026-08-30,Notifications,86,1
18379,4226,2025-12-25,Integrations,118,5
18380,4226,2025-11-26,Team Collaboration,113,1
18381,4226,2026-03-12,API Access,77,2
18382,4226,2026-05-25,Reports,76,3
18383,4226,2026-04-04,Dashboard,104,3
18384,4226,2025-10-04,Team Collaboration,5,1
18385,4227,2024-03-22,Reports,53,2
18386,4227,2025-02-17,Mobile App,49,2
18387,4228,2025-09-27,Integrations,105,3
18388,4228,2025-08-22,Mobile App,47,4
18389,4228,2022-03-17,Integrations,14,1
18390,4228,2025-01-06,Integrations,116,4
18391,4228,2024-04-12,API Access,2,2
18392,4228,2024-07-16,Integrations,104,3
18393,4228,2025-07-29,Mobile App,107,1
18394,4228,2023-10-20,Export Data,33,1
18395,4228,2024-11-11,Dashboard,43,2
18396,4229,2022-12-18,Team Collaboration,60,3
18397,4230,2023-08-18,Reports,91,2
18398,4230,2025-07-09,Integrations,118,4
18399,4230,2025-03-26,Export Data,51,4
18400,4231,2024-11-24,Integrations,7,3
18401,4231,2024-11-22,Export Data,9,4
18402,4232,2023-05-23,Mobile App,31,1
18403,4232,2023-07-07,Integrations,3,4
18404,4233,2025-09-05,Mobile App,23,5
18405,4234,2024-06-26,Notifications,65,2
18406,4234,2025-02-03,API Access,66,1
18407,4236,2024-04-10,Notifications,90,3
18408,4236,2023-11-23,API Access,72,3
18409,4236,2023-05-16,Reports,24,4
18410,4236,2023-08-06,Dashboard,91,3
18411,4237,2025-06-13,Notifications,96,3
18412,4237,2021-11-23,API Access,95,2
18413,4238,2025-02-25,Notifications,43,3
18414,4238,2025-06-27,Reports,29,1
18415,4238,2026-02-18,API Access,102,1
18416,4238,2026-09-09,Team Collaboration,23,3
18417,4238,2025-12-24,Reports,20,1
18418,4238,2025-10-06,Dashboard,88,4
18419,4238,2025-10-26,Dashboard,108,1
18420,4238,2026-06-24,Dashboard,4,1
18421,4238,2025-11-14,Mobile App,83,1
18422,4238,2025-05-07,Reports,27,4
18423,4239,2025-10-28,Team Collaboration,60,2
18424,4239,2025-12-01,Export Data,95,1
18425,4239,2024-08-22,Integrations,114,5
18426,4239,2024-08-07,Integrations,51,3
18427,4239,2025-02-15,API Access,71,5
18428,4240,2026-05-14,Notifications,41,3
18429,4241,2024-11-24,Team Collaboration,5,2
18430,4241,2024-12-27,Dashboard,24,3
18431,4241,2022-09-02,Export Data,30,2
18432,4242,2026-08-26,Reports,102,1
18433,4242,2026-09-03,Notifications,73,5
18434,4242,2026-08-17,API Access,83,5
18435,4243,2025-12-09,Reports,58,1
18436,4243,2024-12-18,Export Data,109,4
18437,4243,2025-05-21,Export Data,62,4
18438,4244,2026-01-02,Team Collaboration,106,5
18439,4244,2024-10-27,Mobile App,96,3
18440,4244,2024-01-15,Integrations,112,3
18441,4244,2023-12-06,Team Collaboration,73,5
18442,4244,2023-05-23,Mobile App,98,2
18443,4244,2024-12-10,Notifications,87,4
18444,4244,2022-04-22,API Access,60,2
18445,4244,2026-09-11,Mobile App,50,2
18446,4244,2026-03-07,Mobile App,42,1
18447,4244,2024-03-15,Team Collaboration,79,3
18448,4245,2024-12-12,Dashboard,25,2
18449,4245,2025-10-30,API Access,107,3
18450,4246,2025-12-15,Notifications,20,1
18451,4246,2026-06-22,Dashboard,95,5
18452,4246,2026-06-29,Notifications,106,2
18453,4246,2025-05-24,Export Data,32,4
18454,4246,2026-01-17,Reports,91,2
18455,4246,2026-01-18,API Access,21,5
18456,4246,2026-07-01,API Access,39,4
18457,4246,2026-04-21,Export Data,19,1
18458,4246,2025-12-13,API Access,3,5
18459,4247,2026-06-22,Notifications,97,2
18460,4247,2026-06-21,Team Collaboration,88,5
18461,4248,2023-08-23,Reports,76,5
18462,4248,2023-05-30,API Access,79,2
18463,4249,2026-04-06,Notifications,46,5
18464,4249,2026-07-18,API Access,41,5
18465,4249,2026-04-10,Dashboard,55,2
18466,4249,2026-08-12,Dashboard,87,4
18467,4249,2026-07-13,Dashboard,116,4
18468,4249,2026-05-02,Integrations,119,5
18469,4249,2026-05-01,Notifications,108,5
18470,4250,2026-02-18,API Access,18,2
18471,4250,2024-02-28,Integrations,48,2
18472,4250,2025-11-06,Notifications,77,2
18473,4250,2024-12-10,Export Data,96,1
18474,4250,2025-03-09,Mobile App,68,2
18475,4250,2025-07-26,Notifications,4,3
18476,4250,2025-01-28,Dashboard,103,5
18477,4251,2026-05-23,Mobile App,52,3
18478,4251,2025-08-04,Integrations,70,1
18479,4251,2024-09-21,Export Data,43,5
18480,4251,2026-04-24,Notifications,83,3
18481,4251,2025-04-17,Notifications,118,3
18482,4251,2025-07-22,Notifications,55,4
18483,4252,2023-08-22,Reports,34,3
18484,4253,2022-11-08,Integrations,7,2
18485,4253,2025-01-27,Dashboard,62,4
18486,4253,2025-04-12,Notifications,32,4
18487,4253,2022-05-05,Notifications,116,2
18488,4254,2021-12-10,Team Collaboration,43,2
18489,4254,2025-11-12,Notifications,18,5
18490,4254,2023-05-26,Mobile App,59,4
18491,4254,2023-03-30,Team Collaboration,104,3
18492,4255,2024-07-17,Reports,30,1
18493,4255,2023-06-25,Dashboard,71,1
18494,4255,2024-04-20,Reports,3,2
18495,4255,2024-10-16,API Access,92,2
18496,4255,2026-04-03,Team Collaboration,61,1
18497,4255,2026-04-04,Mobile App,16,2
18498,4256,2025-06-29,Notifications,106,1
18499,4256,2025-07-20,Export Data,115,1
18500,4256,2025-12-18,Team Collaboration,15,1
18501,4256,2025-09-21,Reports,67,2
18502,4256,2025-12-19,Reports,109,1
18503,4256,2025-11-26,Team Collaboration,9,3
18504,4257,2026-01-03,Notifications,4,5
18505,4257,2024-12-19,API Access,27,3
18506,4257,2025-02-09,Notifications,67,4
18507,4258,2026-08-12,Reports,82,3
18508,4258,2026-07-21,Reports,53,4
18509,4258,2026-08-11,Dashboard,89,4
18510,4258,2026-08-18,Mobile App,67,5
18511,4259,2024-12-16,Reports,27,2
18512,4260,2026-07-30,Notifications,39,2
18513,4260,2025-10-27,Reports,54,2
18514,4260,2026-06-18,Dashboard,48,5
18515,4260,2026-03-10,Dashboard,38,2
18516,4260,2024-10-13,Reports,79,2
18517,4260,2026-01-09,Reports,111,4
18518,4260,2026-02-03,Dashboard,59,4
18519,4261,2025-03-24,Dashboard,27,2
18520,4261,2023-09-01,Notifications,97,1
18521,4261,2025-07-12,Dashboard,67,2
18522,4262,2025-08-07,Reports,96,5
18523,4262,2024-12-12,Reports,85,5
18524,4262,2026-08-29,API Access,110,3
18525,4262,2025-09-01,Integrations,31,2
18526,4262,2026-04-17,Export Data,28,2
18527,4262,2024-02-22,API Access,1,5
18528,4263,2026-03-03,Integrations,117,3
18529,4263,2025-08-12,API Access,13,2
18530,4263,2026-03-27,Dashboard,97,4
18531,4263,2026-03-09,Notifications,38,1
18532,4263,2025-04-17,Export Data,112,5
18533,4263,2025-05-19,Mobile App,81,3
18534,4263,2025-11-29,Team Collaboration,109,3
18535,4263,2026-04-20,Reports,28,4
18536,4263,2025-09-26,Reports,9,1
18537,4264,2024-06-02,Integrations,62,5
18538,4264,2023-07-30,Export Data,50,2
18539,4265,2026-07-21,Team Collaboration,45,1
18540,4265,2026-09-06,Integrations,41,1
18541,4266,2023-10-01,Notifications,7,3
18542,4266,2023-10-02,Export Data,5,1
18543,4266,2024-08-07,Team Collaboration,105,1
18544,4266,2022-04-29,Integrations,45,1
18545,4267,2023-09-15,Dashboard,9,5
18546,4267,2023-05-03,Notifications,120,3
18547,4267,2023-08-17,Integrations,94,3
18548,4267,2022-11-11,Team Collaboration,7,2
18549,4268,2023-02-26,Mobile App,55,3
18550,4268,2024-11-02,Integrations,14,5
18551,4268,2024-11-28,API Access,35,4
18552,4268,2023-10-12,Notifications,104,1
18553,4268,2026-06-27,Team Collaboration,89,4
18554,4268,2025-11-23,Notifications,26,2
18555,4268,2023-02-01,Reports,96,1
18556,4269,2026-02-22,Mobile App,92,1
18557,4270,2026-06-01,API Access,1,4
18558,4270,2025-05-10,Notifications,52,3
18559,4271,2026-08-17,Export Data,79,2
18560,4271,2026-02-17,API Access,93,2
18561,4271,2026-05-07,Mobile App,4,5
18562,4271,2025-11-14,Reports,35,3
18563,4271,2026-08-11,Dashboard,76,2
18564,4271,2026-05-07,Team Collaboration,86,3
18565,4271,2026-09-05,Notifications,97,5
18566,4271,2026-07-11,Export Data,65,1
18567,4271,2025-11-13,Notifications,15,3
18568,4272,2026-07-24,Export Data,95,3
18569,4272,2026-09-01,Reports,30,5
18570,4272,2026-08-15,Mobile App,28,5
18571,4272,2026-02-19,Dashboard,1,5
18572,4272,2026-05-28,Mobile App,27,3
18573,4272,2026-06-13,Integrations,100,1
18574,4272,2026-03-30,Dashboard,85,1
18575,4272,2026-01-03,Reports,112,1
18576,4273,2022-06-14,Reports,120,2
18577,4273,2022-10-07,Team Collaboration,48,1
18578,4273,2022-01-03,Notifications,36,5
18579,4274,2026-07-12,Integrations,79,3
18580,4275,2023-10-04,Export Data,87,2
18581,4275,2024-04-06,Export Data,95,3
18582,4275,2025-12-24,API Access,53,5
18583,4276,2025-01-04,Dashboard,34,2
18584,4276,2023-05-26,Mobile App,60,3
18585,4276,2023-07-05,Mobile App,22,3
18586,4276,2023-10-13,Export Data,64,2
18587,4276,2023-06-07,Team Collaboration,2,4
18588,4276,2024-08-16,Team Collaboration,91,1
18589,4276,2023-09-20,Reports,114,2
18590,4276,2022-10-30,Dashboard,18,1
18591,4276,2025-12-17,Reports,78,4
18592,4277,2025-03-03,Notifications,98,1
18593,4277,2025-06-18,Integrations,15,1
18594,4277,2025-01-25,Mobile App,43,4
18595,4277,2023-04-09,API Access,27,1
18596,4277,2025-06-10,API Access,119,4
18597,4278,2026-08-19,Reports,85,1
18598,4278,2025-06-26,Mobile App,5,1
18599,4278,2025-06-22,Notifications,111,5
18600,4278,2026-06-03,API Access,35,5
18601,4278,2026-07-26,Team Collaboration,38,3
18602,4278,2026-04-13,API Access,120,1
18603,4278,2026-04-29,API Access,53,5
18604,4279,2022-12-04,Dashboard,40,4
18605,4279,2022-05-04,Notifications,4,3
18606,4279,2023-05-02,Mobile App,67,2
18607,4279,2022-02-16,Mobile App,52,2
18608,4279,2023-03-15,Notifications,15,3
18609,4282,2025-09-01,Dashboard,52,1
18610,4282,2026-06-02,Mobile App,13,4
18611,4283,2021-06-23,Team Collaboration,83,3
18612,4283,2022-07-18,API Access,119,1
18613,4283,2021-06-30,Team Collaboration,64,3
18614,4284,2021-09-20,Reports,24,4
18615,4284,2021-07-01,Export Data,16,1
18616,4284,2021-06-10,API Access,76,3
18617,4285,2021-04-15,Team Collaboration,41,2
18618,4285,2022-08-05,Integrations,47,5
18619,4286,2026-03-01,API Access,18,2
18620,4286,2025-06-11,Reports,23,5
18621,4288,2023-05-02,Dashboard,52,2
18622,4288,2025-01-01,Integrations,102,3
18623,4289,2022-11-19,Integrations,117,1
18624,4289,2021-11-15,Mobile App,104,5
18625,4289,2025-01-07,API Access,10,2
18626,4290,2023-02-19,Dashboard,35,2
18627,4290,2024-07-26,Export Data,55,5
18628,4291,2025-10-30,Export Data,18,2
18629,4291,2024-09-23,API Access,117,2
18630,4291,2025-02-09,Integrations,88,1
18631,4291,2022-05-19,Notifications,67,3
18632,4291,2025-01-08,Integrations,70,3
18633,4291,2022-04-17,Reports,90,1
18634,4291,2022-07-16,API Access,31,1
18635,4291,2023-03-30,Reports,60,5
18636,4292,2025-12-23,API Access,74,2
18637,4292,2025-10-17,Notifications,102,3
18638,4292,2026-02-18,Reports,116,2
18639,4292,2026-07-25,Team Collaboration,63,2
18640,4292,2026-02-25,Dashboard,96,2
18641,4292,2025-08-30,Mobile App,88,3
18642,4292,2026-06-09,Mobile App,57,3
18643,4292,2026-04-24,API Access,69,3
18644,4293,2024-08-16,Team Collaboration,45,1
18645,4293,2026-07-19,Team Collaboration,11,1
18646,4294,2021-11-03,Dashboard,12,2
18647,4294,2026-08-26,Notifications,80,4
18648,4294,2025-01-31,Integrations,65,1
18649,4294,2026-01-12,Dashboard,105,3
18650,4294,2021-08-31,Export Data,76,3
18651,4294,2021-07-09,Team Collaboration,21,4
18652,4294,2025-01-22,Export Data,31,5
18653,4295,2023-10-29,Mobile App,9,5
18654,4295,2023-09-07,Reports,40,1
18655,4295,2023-12-15,Notifications,69,4
18656,4295,2023-08-23,Integrations,2,1
18657,4296,2026-04-17,Reports,17,2
18658,4296,2026-03-27,Reports,103,4
18659,4297,2026-06-06,Team Collaboration,71,1
18660,4297,2022-08-05,API Access,74,2
18661,4297,2022-10-29,Integrations,6,5
18662,4297,2022-09-20,Integrations,48,5
18663,4297,2024-01-13,API Access,38,4
18664,4299,2026-02-21,Mobile App,101,5
18665,4299,2026-08-12,Reports,97,1
18666,4300,2026-08-12,Reports,93,5
18667,4300,2026-09-07,Team Collaboration,110,1
18668,4300,2026-09-06,Dashboard,28,1
18669,4301,2022-07-10,Team Collaboration,52,1
18670,4301,2022-05-30,Integrations,95,2
18671,4301,2024-05-27,Team Collaboration,119,5
18672,4301,2025-03-24,Reports,57,4
18673,4301,2021-10-06,Team Collaboration,69,4
18674,4301,2026-01-02,Team Collaboration,19,1
18675,4302,2022-04-15,Integrations,109,4
18676,4302,2022-04-01,Export Data,8,2
18677,4303,2025-03-25,API Access,28,4
18678,4303,2025-07-27,Notifications,22,2
18679,4303,2025-03-29,Dashboard,81,1
18680,4304,2026-08-28,Notifications,8,5
18681,4304,2026-06-17,API Access,48,2
18682,4305,2025-07-03,API Access,92,2
18683,4305,2026-08-10,Dashboard,104,1
18684,4305,2026-04-08,Reports,4,1
18685,4305,2025-07-30,Integrations,48,2
18686,4305,2026-07-11,Integrations,52,1
18687,4305,2024-11-01,API Access,96,2
18688,4305,2025-07-30,Dashboard,50,2
18689,4305,2026-08-29,Mobile App,57,1
18690,4306,2026-07-02,Notifications,59,3
18691,4306,2026-08-05,Integrations,41,2
18692,4307,2025-05-21,Reports,11,3
18693,4307,2023-05-30,Reports,86,4
18694,4307,2022-09-01,Integrations,18,1
18695,4307,2024-02-17,Mobile App,85,3
18696,4307,2026-07-21,Reports,88,2
18697,4307,2025-07-28,API Access,117,5
18698,4307,2025-09-17,Notifications,113,5
18699,4307,2024-07-14,Reports,3,4
18700,4307,2026-08-09,Team Collaboration,1,5
18701,4308,2026-08-09,Integrations,50,3
18702,4308,2026-08-13,Mobile App,75,5
18703,4308,2026-07-25,Mobile App,5,2
18704,4308,2026-07-13,Dashboard,18,2
18705,4309,2023-04-17,Integrations,79,4
18706,4309,2023-02-04,Mobile App,74,3
18707,4310,2026-08-05,Integrations,99,4
18708,4311,2023-10-08,Reports,53,3
18709,4311,2023-09-19,API Access,13,4
18710,4311,2023-07-25,Team Collaboration,65,3
18711,4312,2024-04-02,Dashboard,37,5
18712,4312,2024-07-01,Integrations,16,5
18713,4312,2024-12-16,Integrations,21,2
18714,4312,2025-01-04,Export Data,90,5
18715,4313,2024-12-23,Mobile App,8,2
18716,4313,2025-04-11,Dashboard,64,5
18717,4313,2025-05-10,API Access,113,5
18718,4313,2025-06-07,API Access,62,4
18719,4313,2025-04-21,Export Data,29,1
18720,4313,2024-10-30,Export Data,23,3
18721,4313,2025-06-24,Dashboard,72,3
18722,4313,2025-11-09,API Access,96,5
18723,4313,2025-05-14,Mobile App,51,4
18724,4313,2025-06-14,Integrations,51,2
18725,4314,2026-02-12,Notifications,7,3
18726,4314,2025-12-12,Integrations,91,3
18727,4314,2026-01-03,Notifications,85,1
18728,4314,2024-07-14,Reports,115,5
18729,4314,2026-07-13,Integrations,38,2
18730,4314,2025-10-25,Dashboard,21,3
18731,4315,2024-09-15,Export Data,44,1
18732,4315,2025-04-06,API Access,90,5
18733,4316,2023-03-08,API Access,112,4
18734,4316,2025-12-13,Team Collaboration,105,4
18735,4316,2024-02-08,Export Data,21,1
18736,4316,2023-12-08,Integrations,52,5
18737,4316,2025-11-09,Export Data,13,3
18738,4316,2025-11-05,Reports,50,4
18739,4316,2023-05-07,Team Collaboration,114,4
18740,4316,2026-01-02,Team Collaboration,100,4
18741,4316,2023-05-06,Notifications,75,1
18742,4317,2026-04-06,API Access,103,2
18743,4317,2026-02-11,Export Data,77,2
18744,4317,2026-01-15,API Access,82,4
18745,4317,2025-12-27,Mobile App,63,3
18746,4317,2025-08-23,Team Collaboration,84,5
18747,4317,2025-10-28,API Access,9,5
18748,4317,2024-09-02,Notifications,111,5
18749,4318,2023-02-21,Reports,38,4
18750,4318,2024-10-20,Notifications,54,5
18751,4318,2024-07-23,Export Data,74,5
18752,4319,2024-07-19,Mobile App,90,4
18753,4319,2025-09-04,Dashboard,58,3
18754,4320,2025-11-13,Notifications,2,2
18755,4320,2025-06-01,Reports,51,3
18756,4320,2023-08-23,Team Collaboration,54,4
18757,4320,2025-11-14,Dashboard,15,4
18758,4320,2024-09-05,Integrations,96,5
18759,4321,2026-07-02,Dashboard,16,5
18760,4321,2026-04-20,Notifications,61,2
18761,4321,2025-12-30,Dashboard,84,2
18762,4321,2024-01-27,Integrations,73,5
18763,4321,2026-09-04,Dashboard,40,3
18764,4321,2025-08-26,Export Data,60,4
18765,4321,2024-09-14,Integrations,39,1
18766,4322,2026-06-02,Export Data,54,4
18767,4322,2026-04-20,Reports,79,1
18768,4322,2026-05-07,Team Collaboration,50,4
18769,4323,2026-01-12,Reports,73,3
18770,4323,2026-08-23,Reports,14,1
18771,4323,2024-09-10,Export Data,53,3
18772,4323,2025-07-10,Reports,31,3
18773,4323,2025-05-16,API Access,10,2
18774,4323,2024-04-07,Dashboard,85,1
18775,4323,2024-08-18,Dashboard,109,5
18776,4324,2022-09-15,Export Data,48,1
18777,4324,2025-01-14,Team Collaboration,29,1
18778,4324,2023-07-01,Export Data,4,4
18779,4325,2022-03-01,Reports,48,3
18780,4325,2025-02-04,Reports,92,1
18781,4326,2026-08-30,Mobile App,12,4
18782,4326,2026-08-06,API Access,112,5
18783,4326,2026-08-16,Integrations,38,3
18784,4326,2026-08-20,Integrations,3,2
18785,4327,2025-03-20,Mobile App,7,3
18786,4327,2025-08-24,Export Data,82,1
18787,4328,2024-05-01,Dashboard,15,4
18788,4328,2026-09-13,Team Collaboration,7,4
18789,4328,2025-05-21,Team Collaboration,3,5
18790,4328,2025-09-27,Notifications,10,3
18791,4328,2023-04-16,Team Collaboration,2,1
18792,4329,2026-07-03,Mobile App,11,2
18793,4329,2026-07-11,Team Collaboration,48,5
18794,4329,2026-07-22,Integrations,17,2
18795,4329,2026-07-22,Integrations,35,5
18796,4329,2026-06-29,API Access,83,4
18797,4329,2026-09-04,Team Collaboration,99,4
18798,4330,2026-03-22,API Access,18,5
18799,4330,2026-06-28,Export Data,55,2
18800,4330,2026-08-13,Reports,76,4
18801,4330,2026-04-08,API Access,1,3
18802,4330,2026-06-02,Integrations,17,1
18803,4330,2025-12-18,Notifications,78,4
18804,4330,2026-03-10,API Access,70,5
18805,4331,2024-07-18,Dashboard,75,5
18806,4331,2026-03-30,API Access,76,5
18807,4331,2025-07-15,Reports,110,1
18808,4331,2022-08-15,Dashboard,108,1
18809,4332,2026-05-06,API Access,2,5
18810,4332,2026-05-28,Export Data,11,2
18811,4332,2021-08-20,Dashboard,10,3
18812,4332,2022-11-12,Export Data,38,2
18813,4332,2025-10-08,API Access,45,3
18814,4332,2025-01-04,API Access,20,2
18815,4332,2024-09-26,Notifications,56,5
18816,4332,2025-02-16,API Access,6,4
18817,4332,2024-03-15,Notifications,44,5
18818,4332,2024-04-10,Export Data,35,2
18819,4333,2025-06-10,Team Collaboration,94,4
18820,4333,2025-01-21,Reports,60,4
18821,4333,2022-09-26,Mobile App,47,4
18822,4334,2025-09-03,API Access,2,1
18823,4334,2024-04-18,Team Collaboration,73,3
18824,4334,2025-01-11,API Access,101,1
18825,4337,2025-12-10,Dashboard,37,4
18826,4338,2023-09-30,Export Data,109,4
18827,4339,2025-04-05,Team Collaboration,54,4
18828,4339,2024-12-31,Integrations,107,2
18829,4339,2025-02-17,API Access,12,3
18830,4339,2025-04-03,Mobile App,24,1
18831,4339,2025-03-29,Reports,64,2
18832,4339,2026-04-30,Reports,93,5
18833,4339,2025-05-31,Integrations,103,3
18834,4340,2023-05-18,Dashboard,60,4
18835,4340,2023-06-18,Reports,54,4
18836,4340,2023-09-01,Reports,57,5
18837,4340,2024-02-05,API Access,101,2
18838,4341,2026-06-21,API Access,84,2
18839,4341,2024-10-18,Notifications,32,2
18840,4341,2024-08-23,Reports,73,3
18841,4341,2025-08-22,Export Data,65,4
18842,4341,2026-04-19,Notifications,70,4
18843,4341,2026-09-14,Notifications,34,3
18844,4342,2023-06-23,Export Data,4,2
18845,4343,2022-12-24,API Access,92,4
18846,4343,2022-11-12,Integrations,69,3
18847,4344,2025-07-18,Team Collaboration,24,1
18848,4344,2025-09-20,Mobile App,24,3
18849,4344,2024-06-27,Reports,52,5
18850,4344,2025-11-28,Export Data,61,5
18851,4344,2026-06-14,Notifications,51,4
18852,4344,2025-09-30,API Access,5,4
18853,4344,2024-05-06,API Access,64,3
18854,4344,2026-09-15,Mobile App,88,3
18855,4344,2024-05-15,Team Collaboration,87,5
18856,4344,2025-06-14,Dashboard,77,4
18857,4345,2026-08-13,Export Data,57,3
18858,4345,2026-08-05,Notifications,22,1
18859,4345,2025-05-16,Export Data,97,4
18860,4345,2024-05-25,Integrations,98,1
18861,4346,2026-08-17,Integrations,85,3
18862,4346,2026-07-11,Notifications,97,5
18863,4347,2023-06-29,API Access,34,2
18864,4347,2024-04-15,Dashboard,29,3
18865,4347,2023-07-09,API Access,1,2
18866,4347,2025-03-30,Export Data,27,4
18867,4347,2025-01-10,Mobile App,110,1
18868,4347,2025-06-19,Reports,8,3
18869,4347,2025-11-23,Reports,101,2
18870,4348,2025-08-18,API Access,93,1
18871,4348,2023-11-04,Team Collaboration,90,1
18872,4348,2024-08-20,Integrations,15,2
18873,4348,2023-11-28,Dashboard,115,2
18874,4348,2025-07-01,Mobile App,5,3
18875,4348,2025-04-15,Notifications,106,4
18876,4348,2025-11-16,Integrations,65,3
18877,4348,2023-12-12,Mobile App,32,4
18878,4348,2026-02-26,Dashboard,96,5
18879,4348,2023-10-10,Export Data,72,3
18880,4349,2026-07-22,Export Data,23,3
18881,4349,2025-11-21,Export Data,47,2
18882,4349,2026-09-14,Export Data,108,4
18883,4349,2026-05-11,Integrations,78,3
18884,4349,2026-05-21,API Access,50,1
18885,4349,2026-07-04,Reports,22,2
18886,4349,2026-02-20,Export Data,66,3
18887,4349,2025-10-22,Dashboard,1,4
18888,4350,2026-01-17,API Access,86,5
18889,4350,2022-03-04,API Access,66,3
18890,4350,2025-10-09,Team Collaboration,5,4
18891,4350,2025-03-20,Integrations,35,5
18892,4350,2024-04-26,Export Data,114,4
18893,4350,2026-05-12,Dashboard,95,5
18894,4350,2022-08-07,Reports,15,5
18895,4350,2022-09-16,Integrations,18,4
18896,4350,2022-06-28,API Access,114,5
18897,4350,2024-09-03,Export Data,32,4
18898,4351,2026-06-23,Dashboard,110,2
18899,4351,2026-01-05,API Access,92,2
18900,4351,2026-01-13,Reports,51,1
18901,4351,2026-06-04,API Access,18,4
18902,4351,2026-04-01,Team Collaboration,26,2
18903,4351,2026-04-30,API Access,73,2
18904,4351,2026-03-16,Mobile App,85,5
18905,4352,2025-11-23,API Access,25,5
18906,4352,2025-12-24,Reports,73,5
18907,4352,2025-07-10,API Access,92,4
18908,4352,2026-01-15,Team Collaboration,27,2
18909,4352,2025-05-26,Notifications,100,3
18910,4352,2026-07-25,API Access,41,3
18911,4352,2025-07-16,Reports,57,1
18912,4353,2023-05-29,Mobile App,84,2
18913,4353,2025-12-29,Mobile App,32,2
18914,4353,2024-11-22,Dashboard,35,1
18915,4354,2025-11-01,Team Collaboration,80,2
18916,4354,2025-11-07,Mobile App,82,5
18917,4354,2024-12-02,Dashboard,63,5
18918,4354,2025-09-20,Notifications,31,5
18919,4354,2025-04-08,API Access,99,5
18920,4354,2025-05-01,Mobile App,114,5
18921,4354,2025-11-30,Mobile App,43,2
18922,4354,2025-12-26,Dashboard,47,3
18923,4355,2025-10-25,Team Collaboration,15,1
18924,4355,2026-05-11,Export Data,15,2
18925,4355,2025-05-22,API Access,118,4
18926,4355,2026-05-10,Dashboard,82,2
18927,4356,2025-10-31,Dashboard,66,4
18928,4356,2026-05-19,Export Data,24,4
18929,4356,2025-05-14,Dashboard,85,1
18930,4356,2026-04-12,Notifications,78,1
18931,4356,2026-07-15,Export Data,117,5
18932,4356,2026-08-19,Integrations,73,3
18933,4356,2026-04-19,Reports,34,2
18934,4357,2026-06-26,Integrations,96,5
18935,4357,2026-03-02,Mobile App,27,4
18936,4357,2026-08-01,Notifications,87,3
18937,4357,2026-02-12,Team Collaboration,17,2
18938,4357,2025-04-06,Export Data,58,1
18939,4357,2025-06-28,Dashboard,81,2
18940,4357,2026-02-17,Export Data,49,5
18941,4357,2026-01-25,API Access,11,2
18942,4358,2023-10-01,Notifications,118,5
18943,4358,2023-06-18,Mobile App,81,4
18944,4359,2026-05-13,Notifications,86,2
18945,4359,2025-09-07,Notifications,119,5
18946,4359,2024-05-08,Integrations,107,3
18947,4359,2026-04-26,Reports,30,5
18948,4360,2026-07-03,Reports,95,3
18949,4360,2024-06-13,Notifications,106,3
18950,4360,2024-05-27,Dashboard,64,4
18951,4360,2024-07-05,API Access,68,2
18952,4361,2021-08-01,Export Data,108,2
18953,4361,2021-04-12,Reports,110,5
18954,4361,2023-04-23,Notifications,75,1
18955,4361,2023-01-25,Mobile App,22,4
18956,4361,2024-02-23,Reports,43,5
18957,4361,2023-06-02,API Access,53,1
18958,4361,2023-04-01,Reports,87,4
18959,4362,2022-06-19,Export Data,61,2
18960,4362,2022-01-24,Team Collaboration,75,4
18961,4363,2025-11-06,Team Collaboration,118,1
18962,4363,2025-09-15,Export Data,92,3
18963,4363,2026-08-08,Mobile App,102,4
18964,4363,2025-08-07,Dashboard,55,5
18965,4363,2025-06-23,Integrations,38,4
18966,4364,2026-05-15,Integrations,94,3
18967,4364,2026-06-10,Reports,94,5
18968,4365,2026-04-18,Integrations,53,3
18969,4365,2026-06-10,Mobile App,47,4
18970,4365,2026-06-24,Notifications,100,2
18971,4366,2023-12-09,Export Data,82,2
18972,4366,2024-10-29,Mobile App,49,4
18973,4366,2025-02-13,Export Data,36,2
18974,4366,2024-12-14,Dashboard,92,2
18975,4366,2025-01-16,Notifications,59,4
18976,4366,2026-01-13,Mobile App,40,4
18977,4367,2025-11-22,Mobile App,110,2
18978,4367,2025-04-25,API Access,30,2
18979,4368,2024-02-24,Mobile App,24,2
18980,4368,2023-03-24,Export Data,55,5
18981,4368,2023-09-11,Integrations,39,3
18982,4368,2022-12-18,Notifications,88,5
18983,4369,2023-07-22,Team Collaboration,94,4
18984,4369,2023-09-28,Export Data,112,4
18985,4371,2024-12-18,API Access,106,3
18986,4371,2022-12-15,Team Collaboration,34,1
18987,4371,2023-10-25,Reports,19,1
18988,4371,2025-05-07,API Access,91,2
18989,4371,2026-04-08,Notifications,4,4
18990,4371,2026-08-24,API Access,63,1
18991,4371,2024-08-17,Notifications,38,3
18992,4371,2026-05-30,Dashboard,60,2
18993,4371,2024-01-18,Notifications,4,3
18994,4371,2026-09-13,Reports,96,5
18995,4372,2022-06-28,Integrations,79,2
18996,4372,2024-03-18,Integrations,77,2
18997,4372,2023-08-29,Mobile App,80,2
18998,4372,2026-01-12,API Access,112,4
18999,4372,2026-02-22,Integrations,83,3
19000,4374,2022-08-06,API Access,57,3
19001,4374,2022-08-14,API Access,11,2
19002,4375,2024-03-18,Team Collaboration,119,3
19003,4376,2023-03-09,Team Collaboration,28,5
19004,4376,2023-06-10,Integrations,110,5
19005,4377,2025-10-06,Notifications,44,4
19006,4377,2025-12-10,Reports,55,4
19007,4377,2023-07-31,Reports,65,2
19008,4377,2023-02-26,Mobile App,56,4
19009,4377,2025-06-15,Mobile App,117,3
19010,4377,2025-09-06,Reports,80,5
19011,4377,2023-07-04,Dashboard,51,1
19012,4377,2023-01-02,Integrations,25,4
19013,4377,2022-10-13,Team Collaboration,40,1
19014,4377,2021-09-14,Integrations,70,5
19015,4379,2024-04-17,Reports,108,1
19016,4379,2023-11-23,Notifications,29,4
19017,4379,2023-11-10,Notifications,22,1
19018,4380,2023-04-25,Mobile App,22,2
19019,4380,2023-04-26,Integrations,71,4
19020,4381,2023-05-20,Team Collaboration,67,5
19021,4381,2025-02-28,Dashboard,35,1
19022,4381,2024-06-25,Integrations,74,3
19023,4381,2023-02-03,API Access,76,2
19024,4381,2026-05-17,Reports,101,2
19025,4381,2023-05-20,Reports,44,3
19026,4381,2025-08-11,Dashboard,54,2
19027,4381,2026-07-29,Mobile App,117,1
19028,4381,2024-07-05,Mobile App,25,4
19029,4381,2024-03-16,Integrations,60,1
19030,4382,2026-08-30,Mobile App,98,1
19031,4382,2026-03-25,Export Data,16,4
19032,4382,2025-08-16,Export Data,6,1
19033,4382,2025-03-25,Reports,109,4
19034,4382,2026-04-03,Notifications,108,5
19035,4383,2026-03-07,Reports,39,1
19036,4383,2025-07-29,Export Data,109,2
19037,4383,2023-12-22,Export Data,7,2
19038,4383,2025-05-25,Reports,113,4
19039,4383,2024-07-26,Dashboard,23,4
19040,4383,2023-09-16,Team Collaboration,120,2
19041,4383,2026-02-18,Export Data,79,2
19042,4383,2025-01-17,Team Collaboration,62,5
19043,4383,2026-06-26,API Access,60,3
19044,4383,2025-11-01,Integrations,13,5
19045,4384,2024-06-29,API Access,100,1
19046,4384,2022-12-07,Notifications,13,3
19047,4384,2024-01-06,Team Collaboration,2,1
19048,4384,2026-06-17,Team Collaboration,89,4
19049,4384,2025-03-11,Export Data,2,2
19050,4384,2025-08-01,Dashboard,112,3
19051,4384,2022-12-31,API Access,46,1
19052,4385,2026-09-10,Integrations,98,2
19053,4385,2026-09-03,Notifications,19,5
19054,4387,2023-01-27,Integrations,100,3
19055,4387,2022-10-17,Notifications,52,4
19056,4387,2023-04-23,Export Data,50,3
19057,4387,2022-12-13,Integrations,61,1
19058,4388,2026-05-29,Export Data,40,1
19059,4388,2025-02-21,Reports,71,2
19060,4388,2025-11-23,Integrations,82,2
19061,4388,2026-03-11,Export Data,77,1
19062,4388,2025-06-27,Export Data,23,5
19063,4389,2025-08-15,Integrations,48,3
19064,4389,2024-09-04,Export Data,93,5
19065,4389,2024-03-04,Mobile App,66,3
19066,4389,2026-07-07,Dashboard,101,3
19067,4390,2023-11-17,Dashboard,59,4
19068,4390,2024-05-23,Team Collaboration,83,5
19069,4390,2023-12-20,Team Collaboration,69,4
19070,4391,2024-07-18,Notifications,104,5
19071,4391,2023-06-22,Dashboard,113,1
19072,4391,2024-12-03,Dashboard,46,1
19073,4391,2026-06-28,Reports,81,2
19074,4391,2021-07-09,Notifications,95,2
19075,4391,2026-02-22,Mobile App,102,3
19076,4391,2024-12-25,Reports,13,5
19077,4392,2025-07-08,Dashboard,85,5
19078,4392,2023-08-01,Integrations,78,2
19079,4392,2022-09-11,Mobile App,114,3
19080,4392,2021-10-15,Export Data,99,4
19081,4392,2024-11-25,Reports,41,5
19082,4392,2026-02-11,API Access,18,3
19083,4392,2022-09-05,Integrations,38,3
19084,4392,2026-05-16,Mobile App,111,5
19085,4392,2025-06-23,Integrations,43,1
19086,4392,2024-05-03,Export Data,23,4
19087,4393,2026-07-05,API Access,60,5
19088,4393,2026-07-20,Dashboard,26,4
19089,4394,2026-02-01,Mobile App,82,5
19090,4394,2026-08-04,Integrations,2,1
19091,4395,2025-08-12,Notifications,47,1
19092,4395,2026-05-06,Notifications,15,4
19093,4395,2025-06-28,Integrations,14,1
19094,4395,2026-02-12,Integrations,35,5
19095,4395,2025-10-05,Export Data,105,1
19096,4395,2026-05-28,Dashboard,6,3
19097,4395,2026-02-04,Reports,19,2
19098,4395,2025-01-23,Team Collaboration,103,4
19099,4395,2025-06-07,API Access,54,5
19100,4396,2026-04-08,API Access,60,1
19101,4397,2026-08-10,Team Collaboration,78,1
19102,4397,2026-08-11,Mobile App,31,2
19103,4397,2026-08-15,API Access,106,5
19104,4397,2026-08-17,Notifications,35,1
19105,4398,2023-02-06,Team Collaboration,6,1
19106,4398,2025-04-29,Integrations,79,2
19107,4398,2023-09-12,Integrations,97,2
19108,4398,2025-03-10,Dashboard,93,3
19109,4398,2023-08-10,Export Data,79,2
19110,4398,2024-03-13,Team Collaboration,65,4
19111,4399,2025-02-05,Notifications,93,1
19112,4399,2025-05-22,Mobile App,44,3
19113,4399,2023-07-29,Mobile App,26,2
19114,4399,2025-11-24,Mobile App,33,4
19115,4400,2025-05-02,Dashboard,108,1
19116,4400,2025-09-11,Mobile App,102,5
19117,4400,2025-09-10,Integrations,47,3
19118,4400,2025-11-30,Team Collaboration,13,5
19119,4400,2025-12-01,Mobile App,18,4
19120,4400,2026-09-06,Reports,35,5
19121,4400,2026-07-15,Integrations,50,3
19122,4400,2026-06-22,Dashboard,67,4
19123,4400,2026-01-12,Team Collaboration,78,4
19124,4400,2026-06-09,Mobile App,37,3
19125,4401,2025-07-27,Dashboard,73,1
19126,4401,2025-10-31,Reports,4,4
19127,4401,2025-06-28,Integrations,36,4
19128,4402,2026-08-21,Mobile App,31,1
19129,4402,2025-06-11,API Access,111,3
19130,4402,2023-06-06,Team Collaboration,63,5
19131,4402,2023-10-20,Dashboard,71,4
19132,4402,2023-12-13,API Access,78,4
19133,4402,2026-06-19,Mobile App,74,4
19134,4402,2024-11-27,Reports,33,2
19135,4402,2024-04-02,Mobile App,38,2
19136,4402,2023-06-17,Dashboard,65,5
19137,4403,2026-07-26,Export Data,97,1
19138,4403,2026-03-21,Integrations,28,4
19139,4404,2026-06-19,Notifications,114,4
19140,4405,2021-08-27,Reports,77,4
19141,4405,2021-11-11,Reports,73,5
19142,4405,2021-06-03,Notifications,65,3
19143,4405,2022-08-14,Export Data,5,3
19144,4405,2021-09-28,Mobile App,120,2
19145,4406,2026-07-10,Reports,74,1
19146,4406,2026-08-17,Team Collaboration,77,3
19147,4406,2026-08-05,Notifications,106,4
19148,4406,2026-08-07,Integrations,10,5
19149,4407,2025-03-03,Reports,36,1
19150,4407,2025-08-23,Dashboard,84,2
19151,4407,2025-07-03,Notifications,100,4
19152,4407,2025-08-07,Dashboard,59,4
19153,4408,2026-02-05,Integrations,107,4
19154,4408,2025-12-06,Export Data,102,1
19155,4409,2026-01-01,Team Collaboration,92,1
19156,4409,2023-04-17,Team Collaboration,9,2
19157,4409,2023-11-28,API Access,109,4
19158,4409,2025-10-03,Export Data,120,1
19159,4409,2023-12-13,Notifications,96,3
19160,4409,2025-08-17,Team Collaboration,51,3
19161,4409,2023-01-07,Team Collaboration,85,5
19162,4409,2023-10-25,Mobile App,33,4
19163,4409,2025-10-21,Mobile App,96,2
19164,4409,2025-12-03,API Access,93,3
19165,4410,2025-06-19,Integrations,102,4
19166,4410,2026-07-06,Team Collaboration,19,4
19167,4410,2026-02-25,Team Collaboration,80,5
19168,4410,2026-06-02,Mobile App,84,3
19169,4410,2025-08-21,Notifications,72,1
19170,4410,2026-07-14,Dashboard,2,1
19171,4410,2026-07-15,Team Collaboration,106,1
19172,4410,2026-02-16,Mobile App,46,3
19173,4410,2026-04-28,Dashboard,28,1
19174,4410,2024-12-15,API Access,24,3
19175,4411,2022-04-23,Mobile App,66,2
19176,4411,2022-03-11,API Access,79,3
19177,4411,2022-02-13,Mobile App,57,5
19178,4412,2026-09-12,Notifications,120,1
19179,4412,2026-06-11,Integrations,60,4
19180,4412,2026-08-01,Team Collaboration,5,2
19181,4412,2026-07-14,Export Data,60,4
19182,4413,2025-12-04,API Access,87,2
19183,4413,2025-12-06,Team Collaboration,33,5
19184,4414,2026-05-20,Notifications,114,1
19185,4414,2024-02-24,API Access,80,3
19186,4414,2023-05-31,Integrations,2,1
19187,4414,2026-01-16,Reports,6,4
19188,4414,2025-10-15,Mobile App,14,5
19189,4414,2023-11-15,Team Collaboration,76,1
19190,4414,2025-11-08,Export Data,23,3
19191,4414,2024-03-15,API Access,21,3
19192,4414,2024-08-07,Mobile App,2,1
19193,4415,2026-08-02,Integrations,74,5
19194,4415,2026-06-11,Dashboard,101,4
19195,4416,2024-06-28,Reports,111,3
19196,4416,2024-04-06,Mobile App,6,4
19197,4416,2024-11-12,API Access,32,3
19198,4416,2023-10-11,API Access,93,5
19199,4416,2024-04-21,Dashboard,112,4
19200,4416,2024-09-01,Team Collaboration,16,1
19201,4416,2024-08-20,Reports,95,4
19202,4416,2026-07-11,Team Collaboration,77,1
19203,4416,2023-06-23,Reports,15,4
19204,4416,2025-03-31,Reports,38,4
19205,4417,2021-08-10,Reports,101,2
19206,4417,2024-08-28,Integrations,46,1
19207,4417,2023-12-08,Reports,19,3
19208,4417,2024-12-17,Dashboard,66,3
19209,4417,2024-01-23,Team Collaboration,22,5
19210,4417,2024-11-28,Team Collaboration,22,3
19211,4418,2026-04-02,API Access,39,1
19212,4418,2026-08-24,Dashboard,26,5
19213,4418,2026-03-12,Integrations,86,3
19214,4418,2026-09-13,API Access,38,4
19215,4418,2026-08-25,Export Data,118,4
19216,4418,2026-06-06,Mobile App,55,3
19217,4420,2024-07-19,API Access,56,2
19218,4420,2023-09-13,Team Collaboration,112,3
19219,4420,2024-05-13,Notifications,24,3
19220,4420,2026-08-21,Export Data,104,5
19221,4420,2026-06-11,Reports,72,5
19222,4420,2026-02-03,Dashboard,98,2
19223,4420,2026-01-16,Notifications,113,1
19224,4420,2022-10-16,Dashboard,11,5
19225,4420,2023-01-29,Notifications,108,5
19226,4421,2026-05-14,Team Collaboration,104,4
19227,4422,2025-04-24,Integrations,64,5
19228,4422,2023-05-26,API Access,4,2
19229,4422,2025-02-03,Reports,31,4
19230,4423,2026-07-30,Export Data,28,4
19231,4423,2026-04-14,Reports,85,4
19232,4423,2026-05-16,API Access,36,1
19233,4423,2026-02-07,Integrations,58,3
19234,4423,2026-05-16,Team Collaboration,12,4
19235,4423,2026-01-01,Notifications,94,4
19236,4423,2025-12-23,Team Collaboration,1,2
19237,4423,2026-08-23,Dashboard,76,5
19238,4423,2026-08-12,API Access,43,4
19239,4425,2025-08-24,Integrations,55,3
19240,4425,2025-05-27,Export Data,61,5
19241,4425,2026-05-11,Team Collaboration,69,3
19242,4425,2025-10-22,API Access,17,3
19243,4425,2026-07-07,Integrations,94,5
19244,4425,2025-07-02,Mobile App,118,5
19245,4426,2022-06-28,Reports,120,3
19246,4426,2021-11-27,API Access,5,4
19247,4426,2023-07-06,Team Collaboration,7,1
19248,4426,2021-08-01,Dashboard,46,2
19249,4427,2022-11-27,Mobile App,79,3
19250,4427,2024-01-27,Dashboard,56,3
19251,4427,2022-08-04,Integrations,82,5
19252,4427,2022-07-01,Integrations,23,2
19253,4428,2025-04-21,API Access,51,3
19254,4428,2023-05-05,Team Collaboration,1,3
19255,4428,2024-04-11,Mobile App,51,2
19256,4428,2025-04-29,API Access,99,3
19257,4428,2026-07-27,Integrations,60,2
19258,4428,2025-12-07,Mobile App,54,4
19259,4428,2026-06-05,Reports,98,3
19260,4428,2023-10-31,Team Collaboration,58,2
19261,4428,2024-01-16,Notifications,64,3
19262,4428,2025-04-01,Dashboard,69,3
19263,4429,2026-02-24,Team Collaboration,111,4
19264,4429,2024-11-08,Notifications,59,3
19265,4430,2022-11-17,Dashboard,15,1
19266,4430,2023-05-30,Reports,23,3
19267,4430,2023-05-28,Integrations,100,1
19268,4431,2025-12-08,Team Collaboration,24,4
19269,4431,2026-06-07,Mobile App,87,1
19270,4431,2021-10-29,Reports,8,4
19271,4432,2026-08-06,Mobile App,35,3
19272,4432,2026-08-17,Notifications,114,3
19273,4433,2025-10-27,Mobile App,13,4
19274,4433,2025-08-02,Export Data,99,2
19275,4433,2026-02-03,Team Collaboration,108,4
19276,4434,2026-06-29,Team Collaboration,113,5
19277,4434,2026-04-17,Export Data,98,2
19278,4436,2023-11-09,Reports,73,1
19279,4436,2026-05-01,Dashboard,48,3
19280,4437,2025-10-27,Export Data,98,4
19281,4437,2024-07-26,Export Data,107,4
19282,4438,2025-05-10,Mobile App,93,5
19283,4438,2025-03-28,Export Data,81,1
19284,4438,2024-05-14,Mobile App,51,4
19285,4438,2023-05-01,Mobile App,69,5
19286,4438,2022-12-18,API Access,91,2
19287,4438,2023-02-19,Integrations,50,3
19288,4438,2023-04-09,Export Data,112,4
19289,4439,2025-08-23,Integrations,109,2
19290,4439,2026-02-26,Team Collaboration,12,3
19291,4439,2025-12-28,Notifications,77,3
19292,4439,2026-01-07,Mobile App,112,4
19293,4439,2026-05-28,API Access,63,4
19294,4439,2025-06-10,Export Data,29,2
19295,4440,2026-09-03,Notifications,4,4
19296,4440,2026-04-06,Mobile App,63,3
19297,4440,2025-08-13,Export Data,113,3
19298,4440,2026-08-29,API Access,99,5
19299,4441,2024-08-09,API Access,85,4
19300,4442,2024-05-15,Team Collaboration,4,3
19301,4442,2024-12-23,Notifications,107,5
19302,4443,2024-01-26,Mobile App,83,3
19303,4443,2024-06-24,Mobile App,8,5
19304,4443,2026-08-16,Notifications,45,5
19305,4443,2023-08-26,Mobile App,89,4
19306,4443,2024-05-15,Reports,82,5
19307,4443,2024-05-08,Team Collaboration,90,5
19308,4443,2025-06-15,Notifications,119,4
19309,4443,2025-05-22,API Access,31,2
19310,4443,2024-05-01,Team Collaboration,43,4
19311,4444,2025-05-24,API Access,118,3
19312,4445,2025-11-29,Integrations,43,2
19313,4445,2026-02-12,Team Collaboration,62,2
19314,4445,2026-02-12,Export Data,103,2
19315,4445,2026-06-05,Team Collaboration,58,3
19316,4445,2026-05-04,API Access,50,2
19317,4445,2026-06-01,Integrations,107,1
19318,4445,2025-10-09,Mobile App,50,4
19319,4445,2025-11-26,Integrations,114,4
19320,4446,2022-05-17,Export Data,68,3
19321,4447,2026-09-10,Notifications,30,1
19322,4448,2023-06-06,Notifications,70,2
19323,4448,2023-07-05,Mobile App,63,5
19324,4449,2026-09-09,Notifications,52,3
19325,4449,2026-06-20,Integrations,69,5
19326,4449,2025-09-05,Integrations,34,2
19327,4449,2024-06-17,Export Data,115,5
19328,4449,2025-11-20,API Access,29,1
19329,4449,2026-05-31,Export Data,40,3
19330,4449,2025-01-30,Dashboard,109,5
19331,4449,2025-01-13,Team Collaboration,109,5
19332,4450,2024-11-22,Notifications,114,5
19333,4450,2025-03-26,Mobile App,40,4
19334,4450,2025-12-07,Team Collaboration,55,4
19335,4450,2025-02-17,Dashboard,3,5
19336,4450,2025-03-01,Export Data,31,4
19337,4450,2026-01-27,API Access,75,3
19338,4450,2026-03-05,Reports,42,2
19339,4450,2025-04-13,API Access,67,1
19340,4450,2025-07-19,Dashboard,120,2
19341,4450,2026-05-04,Integrations,55,2
19342,4451,2024-08-14,Reports,39,1
19343,4451,2025-09-05,Notifications,108,3
19344,4451,2026-04-03,Export Data,109,2
19345,4451,2026-06-06,Notifications,14,1
19346,4451,2025-10-26,Dashboard,28,4
19347,4451,2024-01-19,Mobile App,117,1
19348,4451,2023-09-27,API Access,75,1
19349,4451,2025-08-27,Notifications,46,4
19350,4451,2025-07-09,API Access,36,5
19351,4451,2024-01-10,Reports,95,2
19352,4452,2024-03-20,API Access,79,3
19353,4452,2024-12-12,API Access,78,4
19354,4452,2024-08-07,Dashboard,116,3
19355,4452,2024-04-07,Notifications,4,4
19356,4453,2025-12-06,Notifications,110,2
19357,4453,2026-05-01,Notifications,96,3
19358,4453,2026-05-15,Mobile App,21,3
19359,4454,2026-05-05,Export Data,23,2
19360,4454,2025-07-09,Integrations,104,3
19361,4455,2025-10-20,Notifications,113,5
19362,4455,2025-07-26,Export Data,79,4
19363,4455,2025-07-26,Reports,118,3
19364,4455,2026-05-02,Dashboard,67,3
19365,4455,2025-06-11,API Access,38,5
19366,4455,2025-10-21,Reports,83,5
19367,4455,2026-07-16,Export Data,84,1
19368,4455,2026-06-04,Export Data,2,3
19369,4455,2025-11-29,Export Data,46,1
19370,4455,2026-02-23,Integrations,20,3
19371,4456,2022-11-16,Integrations,11,3
19372,4456,2026-07-28,Reports,73,2
19373,4457,2026-08-09,Dashboard,30,2
19374,4457,2026-05-06,Notifications,61,4
19375,4457,2026-08-28,Integrations,119,3
19376,4457,2026-01-01,Dashboard,49,2
19377,4457,2026-03-06,Mobile App,83,4
19378,4458,2025-09-14,Notifications,108,3
19379,4458,2025-12-24,Dashboard,36,4
19380,4458,2022-04-20,Mobile App,99,3
19381,4458,2025-04-29,API Access,66,4
19382,4458,2022-03-19,Reports,76,4
19383,4458,2023-06-21,API Access,96,1
19384,4459,2021-08-16,Team Collaboration,94,5
19385,4459,2021-06-27,Export Data,114,2
19386,4459,2021-09-16,Integrations,112,5
19387,4460,2025-06-08,Notifications,16,4
19388,4460,2025-04-22,Mobile App,48,1
19389,4460,2026-04-21,API Access,52,5
19390,4460,2025-02-12,Team Collaboration,65,2
19391,4460,2025-12-12,Team Collaboration,61,1
19392,4460,2025-03-14,Mobile App,97,5
19393,4460,2025-03-21,Team Collaboration,95,1
19394,4460,2026-02-09,Reports,71,5
19395,4460,2025-10-25,Export Data,22,3
19396,4460,2026-01-05,Mobile App,109,1
19397,4461,2022-06-10,Export Data,42,3
19398,4461,2026-03-11,Integrations,39,4
19399,4461,2025-05-08,Mobile App,3,5
19400,4461,2023-01-17,Integrations,43,4
19401,4461,2026-02-26,Dashboard,74,4
19402,4461,2022-11-12,Notifications,107,2
19403,4461,2026-05-12,Team Collaboration,100,5
19404,4461,2022-01-17,Reports,94,4
19405,4462,2024-10-31,API Access,47,1
19406,4462,2023-08-13,Dashboard,56,1
19407,4462,2024-07-15,Notifications,116,4
19408,4462,2026-05-20,Export Data,106,3
19409,4463,2022-02-02,Mobile App,100,2
19410,4463,2025-07-23,API Access,99,2
19411,4463,2022-09-05,Notifications,19,3
19412,4463,2024-11-11,Dashboard,44,1
19413,4463,2024-07-14,Mobile App,52,1
19414,4464,2023-01-31,Team Collaboration,37,3
19415,4464,2023-04-03,Notifications,74,5
19416,4465,2024-11-27,Integrations,13,3
19417,4465,2025-01-29,Export Data,34,4
19418,4465,2024-02-01,Mobile App,50,1
19419,4465,2026-02-20,API Access,111,4
19420,4465,2025-08-11,Reports,25,5
19421,4465,2026-01-23,Export Data,2,4
19422,4465,2024-09-13,Notifications,111,3
19423,4467,2026-01-06,Mobile App,11,3
19424,4467,2024-04-30,Mobile App,113,5
19425,4467,2024-05-05,API Access,33,1
19426,4467,2022-10-24,Dashboard,91,5
19427,4467,2024-05-26,Notifications,38,1
19428,4467,2025-12-19,Notifications,77,4
19429,4467,2025-08-25,Reports,95,2
19430,4468,2024-07-15,Export Data,17,4
19431,4468,2024-05-10,API Access,94,1
19432,4468,2022-11-09,Reports,106,1
19433,4468,2024-07-31,API Access,64,3
19434,4469,2025-02-09,Notifications,45,4
19435,4469,2025-04-24,Team Collaboration,62,2
19436,4469,2022-06-24,Integrations,28,2
19437,4469,2022-09-18,Integrations,101,1
19438,4469,2026-05-12,Integrations,78,2
19439,4469,2024-05-11,API Access,117,2
19440,4470,2026-06-15,Reports,73,5
19441,4470,2026-01-28,Integrations,18,4
19442,4470,2025-05-09,Dashboard,41,5
19443,4470,2024-06-12,Mobile App,95,1
19444,4470,2025-01-01,Team Collaboration,89,3
19445,4470,2024-06-26,Dashboard,115,1
19446,4470,2025-09-18,API Access,81,1
19447,4470,2025-05-14,Mobile App,10,1
19448,4470,2025-01-03,Integrations,78,3
19449,4470,2025-07-31,Notifications,24,5
19450,4471,2026-05-01,Export Data,26,2
19451,4471,2026-09-06,Integrations,73,3
19452,4471,2025-11-16,Team Collaboration,117,1
19453,4471,2024-11-04,API Access,100,4
19454,4471,2023-06-15,Mobile App,120,4
19455,4471,2023-11-29,API Access,91,1
19456,4472,2025-03-21,Integrations,61,5
19457,4472,2025-02-06,Team Collaboration,32,5
19458,4472,2025-03-10,Dashboard,55,2
19459,4473,2025-12-31,Mobile App,68,5
19460,4473,2025-08-15,Team Collaboration,60,3
19461,4473,2025-07-22,Integrations,52,1
19462,4473,2026-01-26,Integrations,119,1
19463,4473,2026-04-13,Export Data,26,1
19464,4473,2025-07-01,Notifications,91,2
19465,4473,2025-10-08,Dashboard,89,4
19466,4474,2026-01-14,Team Collaboration,79,3
19467,4474,2026-05-15,Team Collaboration,53,3
19468,4474,2026-01-02,Export Data,39,5
19469,4474,2024-12-22,API Access,108,2
19470,4474,2025-05-22,Notifications,85,1
19471,4474,2026-03-20,Reports,5,4
19472,4474,2026-02-25,Mobile App,66,4
19473,4474,2024-12-10,Integrations,73,1
19474,4475,2026-04-30,Notifications,105,2
19475,4475,2023-04-02,Dashboard,39,1
19476,4475,2022-09-21,Integrations,76,2
19477,4475,2025-08-17,Notifications,105,4
19478,4475,2025-06-10,Reports,105,3
19479,4475,2024-03-06,Dashboard,88,2
19480,4476,2026-02-13,Export Data,66,1
19481,4476,2021-12-12,Notifications,22,1
19482,4476,2022-09-15,Team Collaboration,79,5
19483,4476,2023-05-14,Dashboard,69,3
19484,4476,2024-04-18,Mobile App,15,2
19485,4476,2026-08-11,Export Data,103,4
19486,4476,2022-04-13,Reports,2,4
19487,4477,2024-09-03,Dashboard,74,3
19488,4477,2023-08-09,Integrations,113,4
19489,4477,2024-09-12,Dashboard,77,1
19490,4477,2023-03-23,Team Collaboration,103,1
19491,4477,2023-06-07,API Access,27,5
19492,4477,2025-07-17,Export Data,70,5
19493,4478,2023-07-29,API Access,81,2
19494,4478,2023-08-02,Mobile App,10,2
19495,4478,2023-05-20,Reports,93,3
19496,4478,2024-05-26,Notifications,17,5
19497,4479,2026-01-12,Dashboard,38,1
19498,4479,2025-01-05,Integrations,59,3
19499,4479,2025-11-06,Mobile App,20,1
19500,4480,2023-10-07,Team Collaboration,35,2
19501,4480,2025-02-06,Team Collaboration,98,1
19502,4480,2025-01-02,Team Collaboration,67,1
19503,4480,2026-07-28,Mobile App,118,4
19504,4481,2026-06-13,Notifications,41,5
19505,4481,2026-04-23,Reports,40,4
19506,4481,2026-04-07,Team Collaboration,117,2
19507,4481,2026-03-07,Export Data,66,3
19508,4481,2026-05-20,Team Collaboration,62,5
19509,4482,2025-05-17,Reports,84,1
19510,4482,2024-07-19,Mobile App,47,2
19511,4482,2024-06-06,Integrations,30,4
19512,4482,2024-10-08,Dashboard,68,4
19513,4482,2026-09-15,Mobile App,110,2
19514,4482,2025-01-19,Team Collaboration,52,4
19515,4482,2025-10-03,Export Data,3,4
19516,4482,2026-08-27,API Access,56,3
19517,4482,2026-05-09,Mobile App,39,3
19518,4482,2024-07-27,API Access,75,2
19519,4483,2023-12-10,Integrations,72,1
19520,4483,2022-01-01,Reports,9,3
19521,4483,2024-12-14,Dashboard,22,4
19522,4483,2022-11-01,API Access,46,2
19523,4483,2025-07-19,API Access,85,5
19524,4483,2025-11-03,Mobile App,65,2
19525,4483,2024-11-20,Integrations,28,1
19526,4483,2025-04-26,Dashboard,99,2
19527,4483,2023-05-07,Reports,71,3
19528,4483,2024-11-19,Reports,63,3
19529,4485,2024-03-18,Export Data,94,1
19530,4485,2023-11-04,Mobile App,86,3
19531,4485,2025-04-07,Reports,9,5
19532,4485,2022-08-24,Integrations,48,4
19533,4485,2025-02-03,Team Collaboration,29,5
19534,4485,2025-05-07,Export Data,64,3
19535,4485,2025-03-30,Notifications,104,4
19536,4485,2023-06-29,API Access,29,3
19537,4485,2023-08-23,Team Collaboration,45,1
19538,4485,2023-12-21,Export Data,13,4
19539,4486,2026-08-16,Reports,74,4
19540,4486,2026-08-01,API Access,19,4
19541,4486,2026-09-14,Mobile App,24,4
19542,4486,2026-08-26,Integrations,84,1
19543,4486,2026-08-05,Team Collaboration,56,1
19544,4487,2024-09-03,Reports,91,1
19545,4487,2025-02-08,Export Data,46,5
19546,4487,2025-01-27,Team Collaboration,48,2
19547,4487,2025-01-08,Mobile App,26,2
19548,4487,2026-06-02,Mobile App,91,4
19549,4487,2024-12-06,Reports,50,1
19550,4487,2025-07-02,Dashboard,20,4
19551,4488,2026-01-01,Mobile App,85,4
19552,4488,2026-06-06,Reports,53,5
19553,4488,2026-05-17,Mobile App,75,1
19554,4488,2026-07-21,Integrations,38,4
19555,4488,2025-11-30,Team Collaboration,11,1
19556,4488,2026-04-18,Mobile App,90,5
19557,4488,2025-12-13,Dashboard,114,2
19558,4489,2025-10-15,API Access,115,4
19559,4489,2023-06-20,Export Data,104,5
19560,4489,2024-08-08,API Access,44,5
19561,4489,2025-01-17,Team Collaboration,40,5
19562,4489,2023-03-05,API Access,81,1
19563,4489,2025-11-02,Notifications,61,2
19564,4490,2026-05-21,Dashboard,80,1
19565,4490,2025-12-13,API Access,87,3
19566,4490,2026-03-03,Mobile App,27,5
19567,4490,2026-06-25,Export Data,99,2
19568,4490,2026-08-23,Integrations,18,2
19569,4490,2026-06-14,Reports,42,2
19570,4490,2026-05-24,Export Data,20,1
19571,4490,2026-04-28,API Access,64,4
19572,4490,2025-12-27,Notifications,32,2
19573,4490,2025-09-04,Reports,69,5
19574,4491,2025-09-20,API Access,52,4
19575,4491,2023-05-28,Reports,81,4
19576,4491,2025-10-29,Export Data,55,3
19577,4491,2025-11-25,Dashboard,54,5
19578,4491,2026-06-04,Team Collaboration,58,1
19579,4491,2025-10-01,Integrations,16,2
19580,4491,2023-06-12,Team Collaboration,108,5
19581,4491,2025-09-01,API Access,83,3
19582,4491,2026-04-20,Integrations,74,2
19583,4491,2023-05-01,Mobile App,35,3
19584,4492,2026-09-07,Notifications,33,3
19585,4493,2026-04-29,Mobile App,114,4
19586,4493,2025-11-14,Reports,53,5
19587,4494,2025-02-17,Dashboard,103,3
19588,4494,2025-02-27,Export Data,72,4
19589,4494,2025-09-06,Team Collaboration,10,1
19590,4494,2026-08-27,Mobile App,23,4
19591,4494,2025-10-01,Dashboard,111,5
19592,4494,2025-04-04,Integrations,17,5
19593,4494,2025-02-21,Notifications,9,2
19594,4494,2026-08-22,Integrations,64,4
19595,4494,2024-12-03,Export Data,102,5
19596,4495,2024-12-27,Team Collaboration,61,5
19597,4495,2025-09-29,Reports,22,3
19598,4495,2023-08-11,Notifications,22,1
19599,4495,2021-06-17,Export Data,102,4
19600,4495,2026-02-28,Export Data,111,3
19601,4495,2025-07-05,Reports,20,2
19602,4495,2024-06-26,Reports,71,4
19603,4495,2023-06-16,Notifications,115,3
19604,4495,2026-06-29,Dashboard,51,1
19605,4495,2025-09-28,Export Data,12,4
19606,4496,2023-09-03,Reports,26,4
19607,4496,2023-07-16,API Access,58,4
19608,4497,2026-05-12,Mobile App,81,1
19609,4497,2026-09-07,Export Data,92,2
19610,4497,2024-07-01,Notifications,9,3
19611,4497,2026-09-06,Mobile App,41,3
19612,4497,2025-01-02,Team Collaboration,112,4
19613,4497,2024-12-23,Mobile App,120,3
19614,4497,2026-06-13,Mobile App,118,4
19615,4497,2024-03-06,Dashboard,37,5
19616,4498,2024-03-07,Team Collaboration,49,1
19617,4498,2026-08-28,Integrations,111,3
19618,4498,2025-03-18,Reports,118,4
19619,4498,2025-06-18,Notifications,83,1
19620,4498,2025-11-16,Dashboard,120,3
19621,4498,2026-04-29,Reports,37,5
19622,4499,2026-04-07,API Access,40,3
19623,4499,2026-06-25,Team Collaboration,68,1
19624,4499,2026-02-07,Dashboard,1,4
19625,4499,2026-07-27,Integrations,102,2
19626,4499,2026-04-27,Notifications,7,1
19627,4499,2026-07-14,Team Collaboration,93,4
19628,4499,2026-04-15,Team Collaboration,47,2
19629,4499,2026-04-14,Team Collaboration,8,1
19630,4499,2026-04-22,Mobile App,77,5
19631,4499,2026-06-07,Dashboard,52,4
19632,4500,2025-03-05,API Access,71,3
19633,4500,2024-09-27,Mobile App,21,4
19634,4500,2025-10-28,Export Data,20,3
19635,4500,2025-07-29,Reports,100,3
19636,4500,2024-10-26,Reports,41,1
19637,4500,2025-12-18,Team Collaboration,85,5
19638,4501,2025-06-05,Export Data,75,2
19639,4501,2024-06-10,API Access,16,1
19640,4502,2022-01-07,Export Data,3,3
19641,4502,2025-09-04,Notifications,19,1
19642,4502,2024-11-01,Integrations,11,3
19643,4502,2022-07-21,Notifications,58,5
19644,4502,2023-06-11,Integrations,45,1
19645,4502,2026-09-09,Reports,112,1
19646,4502,2023-08-20,API Access,51,4
19647,4502,2024-08-29,API Access,50,2
19648,4502,2026-02-17,Mobile App,26,4
19649,4502,2021-12-03,Team Collaboration,35,1
19650,4503,2024-01-27,Integrations,120,4
19651,4503,2023-09-19,Dashboard,10,2
19652,4503,2023-10-27,Dashboard,62,3
19653,4503,2023-11-04,Notifications,39,3
19654,4504,2026-07-03,Team Collaboration,70,5
19655,4504,2026-02-14,Notifications,85,2
19656,4505,2025-07-15,API Access,21,4
19657,4505,2024-11-11,Reports,19,4
19658,4506,2025-09-29,Integrations,110,5
19659,4507,2024-01-31,Mobile App,31,1
19660,4507,2024-04-28,API Access,87,1
19661,4507,2025-06-19,Export Data,70,2
19662,4509,2026-04-17,Export Data,12,5
19663,4509,2021-09-09,Reports,1,3
19664,4509,2022-04-07,Reports,61,3
19665,4509,2025-08-08,Dashboard,19,3
19666,4509,2022-01-19,Notifications,120,3
19667,4510,2026-09-03,Integrations,12,3
19668,4510,2025-11-05,Dashboard,19,3
19669,4510,2026-08-08,Export Data,27,2
19670,4510,2026-05-04,Notifications,5,4
19671,4510,2025-09-29,Mobile App,8,5
19672,4511,2021-09-02,API Access,82,2
19673,4511,2021-11-28,Mobile App,6,3
19674,4511,2021-11-01,Export Data,19,5
19675,4512,2026-01-01,API Access,62,2
19676,4512,2026-04-02,Team Collaboration,6,1
19677,4512,2026-02-10,Notifications,67,3
19678,4512,2024-11-18,Dashboard,19,2
19679,4512,2025-01-16,Reports,54,5
19680,4512,2025-08-04,Integrations,17,3
19681,4512,2025-11-25,Reports,26,4
19682,4512,2026-06-16,Notifications,22,4
19683,4512,2024-05-22,Notifications,20,5
19684,4513,2025-04-08,Notifications,62,5
19685,4513,2025-02-06,Mobile App,60,1
19686,4514,2021-05-28,Notifications,106,2
19687,4514,2022-07-03,API Access,11,2
19688,4514,2022-04-06,Reports,100,5
19689,4515,2025-04-06,API Access,87,2
19690,4515,2026-08-28,Integrations,51,5
19691,4516,2022-09-17,API Access,26,3
19692,4516,2022-12-26,Team Collaboration,57,4
19693,4516,2021-11-04,Team Collaboration,116,5
19694,4516,2024-04-24,Integrations,12,1
19695,4516,2026-04-02,Mobile App,33,4
19696,4516,2026-01-15,Team Collaboration,51,4
19697,4516,2026-07-23,Notifications,85,4
19698,4516,2021-10-14,Notifications,74,4
19699,4516,2023-11-04,Mobile App,31,2
19700,4517,2026-06-12,API Access,77,3
19701,4517,2026-07-16,Mobile App,13,2
19702,4517,2024-02-28,Dashboard,62,5
19703,4517,2025-12-24,Dashboard,70,1
19704,4517,2025-11-26,Dashboard,119,4
19705,4517,2025-03-31,Reports,71,5
19706,4517,2024-03-14,Integrations,45,1
19707,4518,2026-07-23,Dashboard,87,5
19708,4518,2026-01-29,API Access,39,2
19709,4518,2026-06-13,Export Data,50,4
19710,4518,2025-12-20,Mobile App,91,4
19711,4518,2026-06-15,API Access,114,4
19712,4518,2026-08-01,Mobile App,94,2
19713,4518,2026-04-12,Team Collaboration,11,5
19714,4519,2023-08-02,Reports,118,4
19715,4519,2023-01-26,Export Data,47,3
19716,4519,2026-06-19,Export Data,45,1
19717,4519,2025-06-09,Export Data,110,1
19718,4519,2025-09-09,Reports,89,1
19719,4519,2025-07-01,Notifications,86,1
19720,4520,2025-03-15,Integrations,60,3
19721,4520,2024-11-10,Mobile App,39,2
19722,4521,2025-07-26,Team Collaboration,53,2
19723,4521,2023-12-18,Export Data,28,2
19724,4522,2021-09-07,Notifications,90,3
19725,4522,2022-03-10,Integrations,42,1
19726,4522,2025-01-14,Integrations,77,2
19727,4522,2022-08-14,Reports,77,5
19728,4522,2023-08-21,Export Data,103,3
19729,4522,2024-03-27,Reports,104,3
19730,4522,2026-04-21,Reports,36,5
19731,4522,2023-10-07,Integrations,15,2
19732,4523,2025-01-05,Notifications,5,1
19733,4523,2026-02-17,Reports,112,2
19734,4523,2026-02-06,Dashboard,73,3
19735,4524,2023-11-04,Mobile App,112,1
19736,4524,2023-12-01,Team Collaboration,70,3
19737,4524,2023-04-17,Mobile App,117,3
19738,4525,2024-02-27,Notifications,3,5
19739,4526,2024-06-22,Dashboard,64,1
19740,4527,2025-10-01,Integrations,52,4
19741,4527,2025-08-20,Mobile App,99,4
19742,4527,2025-10-13,Notifications,93,5
19743,4527,2026-03-27,Notifications,33,1
19744,4527,2025-09-24,API Access,112,1
19745,4527,2025-06-09,Dashboard,53,4
19746,4528,2026-01-03,Notifications,9,3
19747,4529,2025-04-02,Notifications,91,5
19748,4529,2023-08-17,Notifications,78,3
19749,4529,2023-06-06,Notifications,16,3
19750,4529,2022-06-20,Notifications,56,4
19751,4529,2026-04-02,Notifications,76,5
19752,4529,2025-03-09,API Access,17,2
19753,4529,2025-01-04,Team Collaboration,13,1
19754,4530,2026-08-07,Team Collaboration,119,1
19755,4530,2024-11-08,Dashboard,101,5
19756,4530,2024-11-08,Export Data,92,5
19757,4530,2025-02-12,Dashboard,73,3
19758,4530,2026-04-02,Notifications,65,2
19759,4530,2026-01-26,Dashboard,81,2
19760,4530,2025-08-21,Team Collaboration,68,4
19761,4531,2024-07-18,Reports,27,4
19762,4531,2025-09-03,Export Data,36,5
19763,4531,2025-07-05,Integrations,56,2
19764,4531,2025-06-01,Integrations,116,4
19765,4531,2024-05-01,Team Collaboration,115,2
19766,4531,2024-11-24,Notifications,9,5
19767,4531,2025-11-30,Mobile App,70,4
19768,4532,2021-07-07,Reports,57,3
19769,4532,2021-05-26,API Access,81,1
19770,4532,2021-06-16,API Access,35,1
19771,4533,2023-09-10,Dashboard,63,3
19772,4533,2023-01-03,Reports,81,4
19773,4535,2022-09-09,Export Data,17,5
19774,4535,2022-07-08,Export Data,60,3
19775,4536,2026-05-18,Mobile App,103,3
19776,4536,2026-02-26,Notifications,39,1
19777,4537,2023-08-24,Reports,68,3
19778,4537,2023-09-12,Notifications,98,4
19779,4537,2023-08-19,Team Collaboration,115,5
19780,4537,2023-09-13,API Access,85,1
19781,4538,2024-03-13,Integrations,46,5
19782,4538,2023-05-23,Dashboard,83,2
19783,4538,2025-04-18,Team Collaboration,21,2
19784,4538,2023-07-31,API Access,27,1
19785,4538,2024-07-25,Integrations,14,4
19786,4539,2024-03-25,Team Collaboration,9,5
19787,4540,2026-08-01,Mobile App,83,2
19788,4540,2026-08-06,Integrations,105,2
19789,4540,2026-05-22,Export Data,18,3
19790,4540,2026-05-18,Dashboard,82,1
19791,4540,2026-03-09,Integrations,29,2
19792,4540,2025-09-11,Integrations,5,1
19793,4542,2025-09-27,Notifications,32,5
19794,4542,2023-04-22,Export Data,54,3
19795,4542,2025-10-04,Reports,73,2
19796,4542,2022-08-31,Integrations,4,2
19797,4542,2026-05-10,Team Collaboration,79,5
19798,4542,2026-03-18,Mobile App,104,4
19799,4542,2025-04-26,Notifications,108,5
19800,4542,2023-03-21,Reports,23,5
19801,4542,2023-07-25,Dashboard,9,2
19802,4542,2024-09-12,Mobile App,40,5
19803,4545,2024-09-10,Notifications,4,3
19804,4545,2024-02-18,Export Data,37,5
19805,4545,2024-07-23,Notifications,61,3
19806,4546,2025-12-10,API Access,41,4
19807,4547,2025-02-24,API Access,48,5
19808,4547,2024-12-18,API Access,47,3
19809,4547,2024-09-27,Integrations,26,1
19810,4548,2025-04-10,Dashboard,16,5
19811,4548,2026-08-21,Notifications,31,5
19812,4548,2025-05-28,Team Collaboration,30,2
19813,4548,2025-06-19,Export Data,112,3
19814,4548,2026-02-08,API Access,112,1
19815,4548,2025-09-16,Reports,69,4
19816,4549,2026-03-18,Mobile App,15,5
19817,4549,2025-10-07,Notifications,21,4
19818,4549,2026-05-17,Notifications,19,2
19819,4549,2026-01-23,Mobile App,108,5
19820,4549,2026-03-31,Export Data,93,5
19821,4549,2026-06-27,Reports,1,3
19822,4549,2026-08-01,Mobile App,14,2
19823,4549,2026-03-10,Reports,14,4
19824,4549,2026-01-31,Team Collaboration,25,1
19825,4550,2022-02-14,Export Data,71,3
19826,4550,2022-07-26,Team Collaboration,12,4
19827,4551,2025-11-30,Reports,68,4
19828,4551,2025-08-11,Reports,29,5
19829,4552,2025-01-16,Mobile App,102,4
19830,4552,2025-04-23,Reports,5,3
19831,4552,2024-12-26,API Access,55,4
19832,4552,2025-01-09,Team Collaboration,69,5
19833,4553,2023-05-01,Notifications,73,5
19834,4553,2026-04-03,Mobile App,43,5
19835,4553,2024-11-08,Dashboard,54,1
19836,4553,2023-01-07,Export Data,66,2
19837,4553,2024-07-02,Mobile App,82,4
19838,4554,2025-10-21,Team Collaboration,76,5
19839,4554,2024-09-27,Export Data,26,2
19840,4554,2022-06-10,Team Collaboration,95,3
19841,4554,2023-09-24,Team Collaboration,120,1
19842,4554,2022-04-20,Notifications,47,2
19843,4554,2022-03-26,Integrations,87,1
19844,4554,2023-07-07,Mobile App,16,4
19845,4554,2023-07-05,Mobile App,54,2
19846,4555,2025-10-28,Notifications,38,1
19847,4555,2025-01-09,Notifications,24,2
19848,4556,2023-05-05,Export Data,84,3
19849,4557,2025-01-27,Dashboard,16,1
19850,4557,2025-02-10,Reports,94,3
19851,4557,2022-10-12,Integrations,96,4
19852,4557,2025-12-29,Mobile App,17,5
19853,4557,2025-05-07,Dashboard,100,4
19854,4557,2023-02-05,Notifications,26,3
19855,4557,2025-08-27,Reports,68,1
19856,4557,2024-12-05,Team Collaboration,64,1
19857,4557,2022-04-16,Team Collaboration,3,1
19858,4557,2023-11-23,API Access,53,3
19859,4558,2025-01-21,Dashboard,58,3
19860,4558,2025-04-02,Integrations,30,3
19861,4559,2025-03-01,Team Collaboration,74,3
19862,4559,2024-11-22,Reports,71,2
19863,4559,2025-04-06,API Access,81,2
19864,4559,2026-09-05,Mobile App,117,3
19865,4560,2022-12-09,Dashboard,98,5
19866,4561,2025-11-02,Reports,99,1
19867,4561,2026-05-06,Mobile App,85,2
19868,4561,2026-03-07,Mobile App,102,5
19869,4561,2026-03-06,API Access,34,3
19870,4561,2026-02-14,Dashboard,43,2
19871,4561,2026-07-20,API Access,18,2
19872,4562,2026-03-30,Integrations,5,1
19873,4562,2024-10-18,API Access,91,1
19874,4562,2024-03-27,Team Collaboration,65,1
19875,4562,2025-10-07,Mobile App,79,5
19876,4562,2026-01-17,Reports,113,5
19877,4562,2024-05-11,Integrations,31,1
19878,4562,2024-09-09,Reports,92,5
19879,4562,2025-04-19,Notifications,27,1
19880,4563,2022-10-08,Team Collaboration,22,5
19881,4563,2023-10-26,Export Data,61,2
19882,4563,2025-08-12,Export Data,50,3
19883,4564,2023-06-02,Mobile App,36,4
19884,4564,2022-07-05,Integrations,27,4
19885,4564,2022-06-15,API Access,66,1
19886,4564,2023-01-23,Integrations,61,1
19887,4565,2025-08-01,Export Data,4,5
19888,4566,2023-12-26,Dashboard,56,4
19889,4566,2024-10-23,Reports,3,3
19890,4567,2025-01-17,Export Data,4,2
19891,4567,2024-05-18,Dashboard,76,3
19892,4567,2025-01-27,Mobile App,31,3
19893,4567,2023-11-09,API Access,87,1
19894,4567,2025-03-03,Mobile App,34,3
19895,4567,2024-05-09,Mobile App,4,5
19896,4567,2025-12-16,Reports,13,2
19897,4567,2024-01-03,Notifications,42,3
19898,4567,2024-03-05,Notifications,59,2
19899,4567,2026-08-21,API Access,54,2
19900,4568,2026-06-16,Team Collaboration,24,3
19901,4568,2023-10-22,API Access,46,4
19902,4569,2022-07-07,Notifications,13,4
19903,4569,2022-01-24,API Access,82,2
19904,4569,2024-10-03,Team Collaboration,20,5
19905,4569,2023-07-06,Reports,31,4
19906,4569,2022-04-11,Dashboard,9,4
19907,4569,2023-04-17,Dashboard,68,5
19908,4569,2024-12-14,Mobile App,109,4
19909,4569,2026-04-25,API Access,20,3
19910,4569,2021-05-06,API Access,64,5
19911,4569,2026-01-17,Notifications,98,2
19912,4570,2022-12-20,Notifications,62,2
19913,4571,2023-11-19,Dashboard,65,2
19914,4571,2025-11-24,Notifications,70,1
19915,4571,2025-09-29,API Access,52,3
19916,4571,2025-07-10,Export Data,38,1
19917,4571,2026-05-02,Reports,58,5
19918,4572,2025-10-27,Mobile App,36,3
19919,4572,2026-03-25,Reports,65,1
19920,4572,2025-04-04,Dashboard,113,2
19921,4572,2026-06-23,Notifications,102,4
19922,4574,2025-11-28,Mobile App,88,4
19923,4574,2025-12-09,Team Collaboration,86,1
19924,4574,2025-10-29,Mobile App,3,5
19925,4575,2023-05-15,Integrations,34,4
19926,4575,2025-05-09,Reports,65,2
19927,4575,2026-08-17,Integrations,61,3
19928,4575,2024-05-26,Reports,13,5
19929,4576,2024-09-06,Integrations,113,3
19930,4576,2026-02-26,Dashboard,18,5
19931,4576,2023-06-14,Dashboard,40,3
19932,4576,2023-08-09,Notifications,38,5
19933,4576,2023-04-26,API Access,28,4
19934,4576,2022-10-28,Team Collaboration,35,5
19935,4576,2025-01-27,Mobile App,109,5
19936,4577,2025-09-29,API Access,107,2
19937,4577,2025-04-18,Team Collaboration,4,3
19938,4577,2026-03-17,Notifications,51,2
19939,4578,2022-11-11,Notifications,9,3
19940,4578,2023-03-06,Dashboard,96,5
19941,4578,2023-08-30,Notifications,61,4
19942,4578,2023-09-29,API Access,53,3
19943,4579,2026-08-03,Reports,39,3
19944,4579,2026-09-01,Reports,37,2
19945,4579,2026-08-11,Export Data,13,4
19946,4579,2026-09-12,Reports,77,5
19947,4579,2026-09-14,Mobile App,118,4
19948,4580,2023-11-26,Integrations,57,5
19949,4580,2024-09-23,Notifications,83,2
19950,4580,2023-08-27,Reports,43,4
19951,4580,2023-10-05,Export Data,48,1
19952,4581,2023-02-14,Export Data,84,5
19953,4581,2023-03-15,API Access,39,5
19954,4582,2024-03-19,Dashboard,44,2
19955,4583,2025-03-20,Reports,43,2
19956,4583,2026-01-24,Notifications,11,5
19957,4584,2023-05-06,API Access,94,1
19958,4584,2022-12-14,Mobile App,68,4
19959,4584,2021-11-29,Notifications,91,4
19960,4584,2023-11-21,API Access,96,3
19961,4584,2025-08-21,Reports,71,5
19962,4585,2026-07-16,Team Collaboration,86,3
19963,4585,2024-11-22,Integrations,86,2
19964,4586,2021-03-19,Integrations,13,2
19965,4587,2023-01-07,Team Collaboration,109,2
19966,4587,2024-04-06,Notifications,32,4
19967,4588,2024-06-18,Team Collaboration,83,1
19968,4588,2023-05-05,Reports,63,5
19969,4588,2024-02-26,Export Data,19,5
19970,4588,2023-07-26,Export Data,29,4
19971,4589,2024-09-16,Mobile App,90,1
19972,4589,2025-10-30,Integrations,86,1
19973,4591,2026-03-15,Team Collaboration,29,2
19974,4591,2026-05-07,Integrations,57,4
19975,4591,2026-08-19,API Access,117,4
19976,4591,2026-08-17,API Access,29,3
19977,4592,2024-05-01,Reports,35,5
19978,4593,2025-04-26,Team Collaboration,30,4
19979,4593,2025-12-02,Mobile App,72,4
19980,4593,2024-11-21,Dashboard,58,3
19981,4593,2024-08-13,Notifications,67,1
19982,4593,2024-05-24,Notifications,56,5
19983,4594,2026-04-15,Dashboard,60,5
19984,4594,2026-01-09,Integrations,68,3
19985,4595,2026-04-27,Export Data,67,2
19986,4595,2026-04-18,Dashboard,118,4
19987,4595,2026-04-28,Reports,100,2
19988,4595,2026-07-24,API Access,15,4
19989,4595,2026-08-25,Integrations,52,2
19990,4596,2024-06-06,API Access,71,4
19991,4596,2021-10-27,Team Collaboration,81,2
19992,4596,2023-09-24,Team Collaboration,51,4
19993,4596,2021-12-14,API Access,2,2
19994,4596,2025-01-24,Dashboard,117,1
19995,4596,2025-10-17,Mobile App,53,3
19996,4596,2024-07-07,Notifications,14,5
19997,4596,2026-03-18,Mobile App,49,2
19998,4596,2025-08-17,Notifications,34,5
19999,4596,2023-04-21,Mobile App,22,5
20000,4597,2024-04-24,Dashboard,69,3
20001,4597,2024-11-07,Notifications,38,1
20002,4598,2024-04-22,Notifications,2,4
20003,4598,2026-08-09,API Access,94,1
20004,4598,2026-06-28,Reports,4,5
20005,4598,2024-07-24,Dashboard,108,4
20006,4598,2024-12-26,Dashboard,99,2
20007,4598,2025-09-03,Export Data,88,3
20008,4598,2024-05-25,Team Collaboration,14,2
20009,4598,2026-04-30,Export Data,22,1
20010,4599,2025-12-20,Team Collaboration,76,2
20011,4599,2023-08-17,Export Data,34,1
20012,4599,2023-10-04,Notifications,95,2
20013,4599,2023-06-07,Team Collaboration,16,5
20014,4599,2025-10-28,API Access,82,1
20015,4599,2026-04-06,Reports,57,2
20016,4599,2025-01-03,API Access,42,2
20017,4599,2025-07-15,Team Collaboration,66,1
20018,4599,2025-10-13,Mobile App,119,2
20019,4599,2026-07-27,Export Data,78,4
20020,4600,2024-07-01,Integrations,24,3
20021,4600,2022-10-13,Export Data,46,5
20022,4600,2023-02-25,Integrations,81,5
20023,4600,2025-10-21,Export Data,83,4
20024,4600,2022-01-24,Notifications,18,3
20025,4601,2025-05-22,Export Data,31,3
20026,4601,2025-03-20,Notifications,69,4
20027,4602,2023-04-10,Team Collaboration,116,5
20028,4603,2025-06-06,API Access,20,4
20029,4604,2023-12-27,API Access,38,2
20030,4604,2023-10-02,Integrations,9,2
20031,4604,2024-04-14,API Access,23,4
20032,4605,2024-07-03,Notifications,63,4
20033,4605,2024-07-21,Reports,75,3
20034,4605,2024-02-07,Export Data,58,4
20035,4606,2024-10-15,API Access,38,3
20036,4606,2025-05-05,Notifications,65,1
20037,4606,2023-11-28,Mobile App,75,1
20038,4606,2024-03-18,API Access,42,1
20039,4606,2024-09-22,Export Data,102,4
20040,4606,2025-10-16,Team Collaboration,57,2
20041,4607,2023-05-16,Team Collaboration,113,2
20042,4607,2025-01-22,API Access,36,1
20043,4607,2022-06-08,Integrations,16,2
20044,4607,2024-12-29,API Access,82,3
20045,4608,2024-03-30,Team Collaboration,48,3
20046,4608,2024-11-15,Team Collaboration,71,5
20047,4608,2024-07-01,API Access,63,3
20048,4608,2024-03-22,API Access,35,3
20049,4608,2026-08-12,Export Data,70,1
20050,4608,2024-01-17,Integrations,28,2
20051,4608,2024-06-09,Export Data,43,4
20052,4608,2026-02-17,Team Collaboration,5,5
20053,4608,2026-05-15,Team Collaboration,58,5
20054,4608,2024-05-13,Integrations,41,1
20055,4609,2026-08-15,Integrations,34,4
20056,4609,2026-05-18,Integrations,106,1
20057,4609,2025-12-20,API Access,50,1
20058,4609,2025-03-21,Team Collaboration,103,3
20059,4609,2024-11-07,Team Collaboration,60,5
20060,4609,2024-07-30,Mobile App,31,4
20061,4609,2026-05-24,Mobile App,30,4
20062,4609,2025-12-20,Mobile App,54,5
20063,4610,2023-08-03,Mobile App,32,1
20064,4610,2026-07-26,Integrations,65,5
20065,4610,2026-07-20,Notifications,24,2
20066,4610,2026-01-07,Dashboard,53,1
20067,4610,2022-08-11,Export Data,51,5
20068,4610,2025-07-06,Team Collaboration,32,4
20069,4610,2025-02-28,Dashboard,41,5
20070,4610,2023-09-06,Mobile App,57,2
20071,4610,2025-12-01,Reports,41,4
20072,4610,2024-06-26,Team Collaboration,24,3
20073,4611,2025-07-14,Dashboard,42,4
20074,4611,2025-12-14,Reports,38,3
20075,4611,2024-08-29,Dashboard,91,4
20076,4611,2025-11-15,Mobile App,119,1
20077,4612,2023-11-15,Notifications,12,3
20078,4613,2025-04-29,Reports,89,1
20079,4613,2023-09-10,Mobile App,17,4
20080,4613,2024-07-21,Notifications,61,5
20081,4613,2024-03-20,Notifications,62,4
20082,4613,2023-06-24,Integrations,94,5
20083,4613,2022-01-01,Dashboard,12,4
20084,4613,2022-10-14,Notifications,52,1
20085,4613,2025-08-20,Team Collaboration,78,4
20086,4613,2021-06-09,Integrations,96,5
20087,4614,2026-05-27,API Access,23,3
20088,4614,2026-08-29,Notifications,86,1
20089,4614,2026-05-23,Reports,14,2
20090,4614,2026-01-05,Reports,5,1
20091,4615,2026-08-05,Notifications,12,2
20092,4615,2026-09-06,Reports,4,3
20093,4615,2026-08-22,Integrations,87,2
20094,4615,2026-09-04,Mobile App,68,1
20095,4615,2026-06-04,Notifications,107,4
20096,4616,2024-07-25,Team Collaboration,118,1
20097,4616,2024-12-09,Team Collaboration,27,5
20098,4617,2024-02-08,API Access,54,4
20099,4617,2026-07-01,Team Collaboration,73,5
20100,4617,2026-06-24,Mobile App,70,5
20101,4617,2025-05-23,Reports,92,3
20102,4617,2025-06-10,Team Collaboration,74,3
20103,4617,2024-08-27,Export Data,82,4
20104,4617,2025-01-05,Export Data,35,4
20105,4617,2026-02-10,Integrations,46,5
20106,4618,2025-11-07,Export Data,36,2
20107,4618,2025-01-08,Export Data,31,4
20108,4618,2025-08-06,Team Collaboration,33,2
20109,4619,2024-06-18,Reports,68,2
20110,4619,2024-08-25,Export Data,39,1
20111,4620,2026-01-28,Reports,104,4
20112,4620,2025-10-10,Team Collaboration,13,2
20113,4620,2025-08-04,Mobile App,32,1
20114,4620,2026-02-07,Notifications,15,4
20115,4620,2026-06-05,API Access,5,3
20116,4620,2024-11-03,API Access,78,5
20117,4620,2026-08-08,Reports,117,1
20118,4620,2026-07-04,Reports,51,5
20119,4620,2025-01-11,API Access,6,5
20120,4621,2025-03-18,Mobile App,100,3
20121,4621,2025-02-01,Dashboard,85,2
20122,4621,2025-06-28,Team Collaboration,41,5
20123,4622,2021-11-29,API Access,101,4
20124,4622,2022-05-20,Reports,2,4
20125,4623,2023-08-14,Mobile App,3,3
20126,4623,2024-04-22,Export Data,42,4
20127,4624,2024-06-10,Integrations,43,2
20128,4624,2024-07-29,Integrations,46,4
20129,4624,2026-04-25,Team Collaboration,15,3
20130,4624,2025-06-06,Reports,78,5
20131,4624,2023-05-23,Dashboard,65,3
20132,4624,2025-02-19,Reports,89,1
20133,4624,2026-05-09,Team Collaboration,76,2
20134,4624,2026-02-19,API Access,64,2
20135,4624,2023-05-11,Dashboard,39,5
20136,4624,2023-05-18,API Access,16,1
20137,4626,2026-06-12,Integrations,19,4
20138,4627,2024-11-28,Mobile App,102,3
20139,4629,2026-05-28,API Access,48,5
20140,4629,2025-10-04,Dashboard,96,2
20141,4629,2025-08-04,Dashboard,27,1
20142,4630,2026-06-29,Export Data,33,2
20143,4630,2026-05-30,Team Collaboration,84,1
20144,4630,2026-03-06,Notifications,23,4
20145,4631,2023-12-29,Reports,101,4
20146,4631,2025-12-03,Team Collaboration,105,4
20147,4631,2026-01-05,Mobile App,44,1
20148,4631,2026-01-31,Export Data,58,3
20149,4631,2026-05-04,API Access,80,4
20150,4632,2024-03-25,Export Data,11,5
20151,4632,2023-11-24,Reports,66,2
20152,4632,2024-01-17,Reports,59,2
20153,4633,2021-10-15,Mobile App,59,5
20154,4633,2021-07-24,Mobile App,14,4
20155,4634,2024-10-28,Notifications,55,4
20156,4634,2024-08-19,Mobile App,42,1
20157,4634,2025-01-24,Export Data,118,5
20158,4634,2026-05-12,Export Data,106,5
20159,4634,2024-10-12,Reports,10,1
20160,4635,2026-07-12,Export Data,16,2
20161,4635,2026-07-10,API Access,12,1
20162,4636,2022-03-11,Reports,43,4
20163,4636,2022-03-05,API Access,120,2
20164,4636,2022-03-01,Dashboard,87,3
20165,4636,2022-03-14,Team Collaboration,55,5
20166,4637,2023-10-02,API Access,26,3
20167,4637,2023-11-22,Notifications,57,4
20168,4638,2026-07-13,Export Data,106,1
20169,4638,2026-03-15,Dashboard,68,4
20170,4639,2026-04-30,Notifications,77,5
20171,4639,2026-04-21,Export Data,16,4
20172,4640,2022-03-19,Export Data,34,4
20173,4641,2024-10-07,API Access,90,2
20174,4641,2024-07-09,Integrations,14,4
20175,4641,2025-07-10,Mobile App,5,2
20176,4641,2021-04-07,Reports,2,3
20177,4641,2023-11-01,Integrations,105,1
20178,4642,2025-09-13,Mobile App,10,1
20179,4642,2023-07-03,Integrations,61,2
20180,4642,2025-11-01,Team Collaboration,3,3
20181,4642,2023-04-01,Team Collaboration,114,3
20182,4642,2026-03-25,Reports,76,5
20183,4642,2025-05-23,Integrations,23,3
20184,4642,2023-09-20,Dashboard,94,1
20185,4642,2023-03-25,Integrations,82,5
20186,4642,2026-06-13,Team Collaboration,66,5
20187,4643,2023-09-06,Mobile App,93,5
20188,4644,2022-09-12,Integrations,79,2
20189,4644,2022-07-25,Mobile App,76,4
20190,4644,2023-07-06,Mobile App,17,2
20191,4645,2026-03-21,Notifications,95,5
20192,4645,2026-04-26,Mobile App,3,4
20193,4645,2026-02-21,Integrations,52,3
20194,4645,2026-02-12,Reports,56,3
20195,4645,2026-05-16,API Access,111,2
20196,4645,2026-08-20,Dashboard,41,1
20197,4646,2021-07-24,API Access,21,1
20198,4646,2022-03-24,Mobile App,81,4
20199,4646,2021-07-10,Mobile App,115,5
20200,4647,2026-07-06,Integrations,56,5
20201,4647,2026-08-12,API Access,91,1
20202,4648,2025-06-14,API Access,63,1
20203,4648,2024-05-16,Dashboard,7,1
20204,4648,2025-05-03,Reports,25,2
20205,4648,2024-04-13,Dashboard,7,2
20206,4648,2023-03-30,Dashboard,98,2
20207,4648,2024-02-18,Export Data,47,1
20208,4649,2026-05-10,Notifications,65,5
20209,4651,2026-04-23,API Access,99,2
20210,4651,2025-11-04,Mobile App,52,1
20211,4651,2026-06-20,Team Collaboration,8,3
20212,4651,2025-12-18,API Access,96,1
20213,4651,2026-04-27,Dashboard,44,4
20214,4651,2025-10-10,Dashboard,107,3
20215,4652,2024-06-11,Export Data,16,4
20216,4652,2025-01-23,Team Collaboration,95,3
20217,4652,2025-02-03,Team Collaboration,4,1
20218,4652,2025-11-09,Reports,57,1
20219,4652,2025-07-05,Integrations,42,3
20220,4652,2024-03-03,API Access,104,5
20221,4652,2024-06-20,Reports,64,5
20222,4653,2024-11-18,Export Data,95,5
20223,4653,2024-01-10,Integrations,78,2
20224,4653,2026-05-22,Team Collaboration,68,3
20225,4654,2024-03-13,Team Collaboration,37,2
20226,4654,2025-01-26,Integrations,105,2
20227,4654,2024-04-17,API Access,40,2
20228,4654,2024-06-28,Reports,85,4
20229,4655,2024-09-28,Integrations,110,4
20230,4656,2026-08-15,Team Collaboration,110,5
20231,4656,2024-03-07,API Access,92,3
20232,4656,2024-10-04,Reports,68,2
20233,4656,2025-02-13,Notifications,45,4
20234,4657,2026-01-10,Integrations,25,3
20235,4658,2026-01-14,Dashboard,110,3
20236,4658,2026-04-06,Team Collaboration,6,5
20237,4658,2026-09-14,Reports,37,5
20238,4658,2025-01-03,Reports,69,1
20239,4658,2023-07-21,API Access,59,1
20240,4658,2024-06-17,Mobile App,115,2
20241,4659,2026-08-16,Reports,23,5
20242,4660,2026-03-22,Reports,58,2
20243,4660,2026-06-03,Team Collaboration,72,1
20244,4662,2022-06-11,Export Data,27,4
20245,4662,2022-10-24,API Access,5,5
20246,4663,2023-01-02,Integrations,21,1
20247,4663,2025-12-04,Team Collaboration,110,5
20248,4663,2025-11-16,Reports,12,5
20249,4663,2023-04-23,API Access,25,2
20250,4663,2023-08-23,Export Data,79,5
20251,4663,2023-10-13,Mobile App,115,1
20252,4664,2025-02-01,API Access,75,4
20253,4664,2025-12-20,Integrations,29,5
20254,4664,2023-11-16,Mobile App,65,3
20255,4664,2024-04-19,Reports,97,3
20256,4664,2025-09-01,Mobile App,76,5
20257,4664,2024-11-06,Team Collaboration,38,4
20258,4664,2026-06-09,Export Data,109,2
20259,4664,2025-12-23,Mobile App,108,5
20260,4665,2024-08-08,Team Collaboration,13,2
20261,4665,2024-03-14,API Access,87,5
20262,4665,2022-11-20,Notifications,61,5
20263,4665,2023-07-20,Export Data,110,3
20264,4665,2025-03-14,Dashboard,12,2
20265,4665,2023-05-28,Reports,30,3
20266,4665,2025-08-01,Reports,7,3
20267,4665,2023-02-15,Integrations,66,2
20268,4665,2023-05-15,Export Data,45,1
20269,4665,2025-03-10,Team Collaboration,89,4
20270,4666,2024-04-09,Dashboard,61,2
20271,4666,2022-02-07,Export Data,118,2
20272,4666,2025-01-03,Team Collaboration,37,3
20273,4666,2025-12-19,Notifications,107,3
20274,4666,2023-06-13,Integrations,57,4
20275,4667,2023-04-25,Reports,119,4
20276,4668,2023-04-15,API Access,18,5
20277,4668,2024-10-25,API Access,53,2
20278,4668,2025-01-17,Integrations,97,3
20279,4668,2024-01-01,Team Collaboration,77,1
20280,4668,2024-09-26,Notifications,60,4
20281,4668,2023-09-20,Notifications,53,3
20282,4668,2023-12-19,Dashboard,55,2
20283,4668,2025-10-09,Export Data,50,1
20284,4668,2022-08-04,Notifications,85,5
20285,4668,2025-09-10,Mobile App,62,3
20286,4670,2026-09-09,Mobile App,108,4
20287,4670,2025-03-08,Notifications,3,4
20288,4670,2023-08-14,Team Collaboration,113,2
20289,4670,2024-08-01,API Access,24,5
20290,4670,2024-09-22,Mobile App,62,2
20291,4670,2022-06-16,Dashboard,112,1
20292,4671,2026-05-09,Reports,41,2
20293,4672,2021-12-12,Notifications,32,1
20294,4672,2022-02-09,Reports,43,5
20295,4672,2022-05-19,API Access,75,4
20296,4673,2024-01-20,Team Collaboration,23,4
20297,4673,2025-11-26,API Access,29,3
20298,4674,2025-07-18,Integrations,108,1
20299,4674,2023-03-14,Reports,24,3
20300,4674,2021-08-25,Dashboard,98,3
20301,4675,2023-05-15,Integrations,63,4
20302,4675,2025-06-19,Integrations,98,1
20303,4675,2021-07-31,Export Data,72,4
20304,4675,2023-08-17,Mobile App,50,5
20305,4675,2025-05-23,Export Data,97,4
20306,4675,2022-07-22,Integrations,108,3
20307,4675,2024-06-03,Team Collaboration,81,4
20308,4676,2026-03-26,Reports,120,4
20309,4676,2026-06-15,Notifications,61,5
20310,4676,2025-09-20,Team Collaboration,78,5
20311,4676,2024-09-28,Team Collaboration,84,3
20312,4677,2024-05-30,API Access,30,4
20313,4677,2023-01-19,Export Data,71,3
20314,4677,2023-07-03,API Access,19,5
20315,4678,2026-08-24,Mobile App,25,5
20316,4678,2026-08-21,Integrations,104,5
20317,4678,2026-08-31,Dashboard,47,1
20318,4678,2026-09-15,Mobile App,50,5
20319,4678,2026-06-23,Team Collaboration,84,5
20320,4678,2026-05-28,Team Collaboration,94,4
20321,4679,2025-08-10,Export Data,104,2
20322,4679,2025-08-16,Team Collaboration,112,5
20323,4679,2026-07-16,Export Data,89,2
20324,4680,2021-10-28,Team Collaboration,22,1
20325,4680,2022-01-25,Integrations,76,5
20326,4682,2025-11-15,Notifications,75,3
20327,4682,2026-06-27,Integrations,11,2
20328,4682,2026-05-15,API Access,45,3
20329,4682,2026-06-11,Team Collaboration,96,2
20330,4682,2025-09-26,Notifications,72,1
20331,4682,2024-05-16,Team Collaboration,21,1
20332,4682,2025-11-12,API Access,38,1
20333,4682,2025-02-15,API Access,36,2
20334,4682,2025-01-02,Notifications,76,2
20335,4683,2023-03-20,Export Data,5,1
20336,4683,2025-07-27,Notifications,104,4
20337,4683,2025-01-28,Export Data,57,1
20338,4683,2026-05-12,Notifications,107,3
20339,4683,2022-03-09,Integrations,45,2
20340,4683,2024-12-22,Team Collaboration,9,2
20341,4683,2025-01-04,Integrations,29,2
20342,4683,2024-02-11,Dashboard,109,1
20343,4684,2026-06-07,API Access,37,5
20344,4685,2024-03-26,Mobile App,71,4
20345,4685,2024-05-13,Reports,112,2
20346,4685,2022-10-10,Dashboard,20,2
20347,4685,2024-06-16,Reports,30,4
20348,4685,2025-11-02,Reports,70,1
20349,4685,2022-02-23,Export Data,35,2
20350,4686,2026-09-12,Mobile App,88,2
20351,4686,2026-09-09,Mobile App,118,4
20352,4686,2026-08-31,Integrations,92,4
20353,4686,2026-08-31,Integrations,75,2
20354,4686,2026-09-08,API Access,68,1
20355,4686,2026-08-16,Notifications,109,5
20356,4686,2026-08-26,Reports,101,3
20357,4687,2025-08-28,API Access,11,1
20358,4687,2026-03-12,API Access,27,2
20359,4687,2026-02-14,Integrations,94,2
20360,4687,2025-11-11,Notifications,102,5
20361,4687,2026-08-23,Export Data,12,2
20362,4687,2026-08-18,Reports,45,3
20363,4687,2026-04-04,API Access,68,1
20364,4687,2026-02-01,Team Collaboration,8,2
20365,4688,2026-06-07,Reports,104,4
20366,4688,2026-05-04,Notifications,120,2
20367,4688,2026-03-12,Team Collaboration,1,3
20368,4688,2026-08-02,Integrations,46,3
20369,4690,2024-10-24,Reports,4,3
20370,4690,2024-07-25,Notifications,14,5
20371,4690,2024-01-06,Mobile App,21,5
20372,4690,2024-12-22,Notifications,90,2
20373,4691,2025-11-03,API Access,115,4
20374,4691,2023-03-10,Reports,113,5
20375,4691,2025-04-01,Team Collaboration,15,2
20376,4691,2024-10-19,Export Data,27,4
20377,4692,2025-06-10,Mobile App,8,2
20378,4692,2025-11-01,Integrations,70,3
20379,4692,2026-07-25,Team Collaboration,114,1
20380,4692,2025-11-15,Reports,35,3
20381,4692,2024-06-24,Notifications,51,3
20382,4692,2026-07-23,Export Data,68,4
20383,4693,2025-07-22,Mobile App,67,3
20384,4693,2025-10-06,Mobile App,21,1
20385,4693,2026-01-18,Notifications,5,4
20386,4694,2026-06-03,Notifications,108,4
20387,4694,2026-01-13,Notifications,74,2
20388,4695,2026-03-03,Mobile App,6,2
20389,4696,2025-07-27,Dashboard,50,4
20390,4696,2026-01-30,Integrations,9,4
20391,4697,2025-07-19,Integrations,90,3
20392,4697,2026-05-13,Export Data,43,1
20393,4697,2025-11-09,Team Collaboration,1,5
20394,4697,2025-10-27,Integrations,106,5
20395,4697,2026-01-15,Notifications,63,5
20396,4697,2025-06-12,Integrations,96,4
20397,4697,2025-06-26,Reports,36,4
20398,4698,2026-02-19,Mobile App,22,1
20399,4698,2021-08-13,Integrations,23,1
20400,4699,2026-04-19,Export Data,7,5
20401,4699,2026-04-04,Reports,72,4
20402,4699,2025-08-15,Export Data,58,4
20403,4699,2026-03-29,Dashboard,8,3
20404,4699,2026-01-27,Export Data,91,3
20405,4699,2026-03-18,Team Collaboration,117,1
20406,4699,2026-02-04,Notifications,96,5
20407,4699,2025-09-26,Mobile App,59,4
20408,4699,2025-08-14,Integrations,14,2
20409,4700,2026-05-13,Export Data,23,3
20410,4700,2026-07-04,Reports,57,5
20411,4701,2023-07-31,Reports,23,5
20412,4701,2025-06-22,Integrations,19,4
20413,4701,2024-10-14,Integrations,55,3
20414,4701,2023-03-11,Mobile App,53,5
20415,4701,2023-02-09,Integrations,49,3
20416,4701,2026-08-04,Export Data,102,2
20417,4701,2024-11-11,Notifications,43,1
20418,4702,2024-01-08,Dashboard,76,5
20419,4702,2024-01-29,Export Data,58,2
20420,4702,2024-05-10,Notifications,106,5
20421,4702,2024-06-16,Notifications,21,1
20422,4703,2026-07-03,Team Collaboration,67,1
20423,4703,2023-12-17,API Access,104,5
20424,4703,2025-03-25,Reports,85,5
20425,4703,2026-07-18,Integrations,57,4
20426,4703,2024-11-04,Team Collaboration,71,3
20427,4703,2025-02-18,Team Collaboration,116,3
20428,4703,2025-11-09,Notifications,14,5
20429,4703,2024-09-25,Reports,118,4
20430,4703,2025-11-16,Integrations,27,4
20431,4703,2024-01-07,Team Collaboration,19,5
20432,4705,2024-10-18,Notifications,54,1
20433,4705,2023-04-30,Reports,13,2
20434,4705,2026-06-10,Reports,82,5
20435,4705,2024-10-07,Export Data,47,1
20436,4705,2026-07-14,Reports,34,3
20437,4705,2024-01-06,API Access,49,4
20438,4705,2024-05-16,Notifications,107,5
20439,4706,2024-08-25,Notifications,20,2
20440,4706,2026-01-17,API Access,3,5
20441,4706,2026-07-13,Integrations,116,3
20442,4706,2026-05-18,Export Data,45,1
20443,4706,2026-04-17,Dashboard,91,2
20444,4708,2026-04-27,Mobile App,78,4
20445,4708,2025-11-04,Team Collaboration,10,5
20446,4708,2026-08-25,Team Collaboration,59,1
20447,4708,2025-09-30,Integrations,112,4
20448,4708,2026-03-23,Export Data,93,5
20449,4708,2026-09-14,Integrations,69,1
20450,4708,2026-05-07,Mobile App,86,2
20451,4708,2026-05-15,Dashboard,104,3
20452,4709,2021-10-14,Reports,21,3
20453,4709,2021-11-02,Notifications,64,5
20454,4709,2022-02-17,Mobile App,25,3
20455,4710,2026-08-13,Export Data,66,4
20456,4710,2024-11-18,Integrations,70,1
20457,4710,2026-05-01,Mobile App,22,3
20458,4710,2025-04-06,API Access,31,4
20459,4710,2025-01-11,API Access,46,1
20460,4710,2026-01-02,Mobile App,98,1
20461,4710,2026-06-17,Reports,61,3
20462,4711,2026-04-02,Team Collaboration,26,2
20463,4711,2026-01-14,Team Collaboration,2,5
20464,4711,2026-01-14,Notifications,60,3
20465,4711,2025-11-06,Team Collaboration,42,1
20466,4711,2025-03-21,API Access,27,5
20467,4711,2025-10-14,Integrations,65,2
20468,4712,2022-03-28,Team Collaboration,66,4
20469,4712,2021-04-05,Integrations,24,4
20470,4713,2026-02-03,Export Data,90,4
20471,4713,2026-03-15,Export Data,104,4
20472,4713,2025-09-17,Integrations,75,2
20473,4713,2026-09-02,API Access,29,3
20474,4713,2025-07-09,Team Collaboration,101,5
20475,4713,2026-05-11,Export Data,83,1
20476,4713,2026-07-11,Notifications,3,5
20477,4713,2026-02-22,Dashboard,14,4
20478,4713,2026-01-01,Mobile App,96,3
20479,4714,2026-01-26,Mobile App,47,2
20480,4714,2026-04-08,Notifications,29,5
20481,4714,2026-03-03,Notifications,62,3
20482,4714,2026-06-20,Dashboard,120,2
20483,4714,2026-03-10,Reports,7,3
20484,4714,2026-06-18,Export Data,21,1
20485,4714,2026-05-21,API Access,44,2
20486,4714,2026-09-10,Dashboard,109,5
20487,4715,2025-08-19,API Access,64,3
20488,4715,2026-08-21,Team Collaboration,67,2
20489,4716,2025-11-28,Export Data,120,3
20490,4716,2025-06-27,Team Collaboration,65,3
20491,4716,2025-07-06,Dashboard,67,2
20492,4717,2025-10-05,Notifications,109,4
20493,4719,2025-06-13,Notifications,8,5
20494,4719,2025-04-05,API Access,47,1
20495,4719,2025-02-28,Mobile App,38,5
20496,4719,2025-03-16,API Access,76,4
20497,4720,2025-01-04,Team Collaboration,102,4
20498,4720,2024-10-27,Notifications,102,4
20499,4720,2025-02-24,Team Collaboration,69,4
20500,4720,2024-10-13,Export Data,87,5
20501,4720,2024-09-10,Reports,100,5
20502,4720,2026-09-14,Integrations,62,3
20503,4720,2026-07-17,Dashboard,90,5
20504,4720,2024-11-04,Export Data,93,2
20505,4720,2025-08-29,Mobile App,42,3
20506,4721,2024-04-19,Dashboard,92,2
20507,4721,2023-09-29,Export Data,40,5
20508,4721,2022-08-31,Reports,34,2
20509,4721,2025-06-08,API Access,115,1
20510,4721,2022-10-24,Export Data,78,5
20511,4721,2026-03-19,Integrations,72,2
20512,4721,2025-11-03,Dashboard,105,3
20513,4721,2022-01-09,API Access,82,1
20514,4721,2022-03-26,Team Collaboration,18,3
20515,4721,2023-07-10,Dashboard,51,3
20516,4722,2025-10-26,Dashboard,43,5
20517,4722,2026-06-20,Integrations,32,1
20518,4722,2025-08-15,Dashboard,1,1
20519,4722,2026-07-14,Integrations,57,1
20520,4723,2024-07-06,Mobile App,101,1
20521,4723,2022-09-07,Team Collaboration,95,3
20522,4723,2021-07-30,Notifications,96,1
20523,4724,2025-05-28,Dashboard,73,4
20524,4725,2023-01-26,Reports,85,3
20525,4725,2023-03-12,Notifications,72,1
20526,4725,2023-01-16,Team Collaboration,18,2
20527,4726,2026-03-31,Notifications,81,5
20528,4727,2025-04-07,Integrations,47,4
20529,4727,2025-06-08,Mobile App,76,2
20530,4727,2025-09-22,Export Data,56,3
20531,4727,2025-11-18,Notifications,114,3
20532,4728,2025-08-10,Dashboard,58,1
20533,4728,2025-01-29,API Access,37,4
20534,4728,2024-08-29,Team Collaboration,120,1
20535,4728,2026-07-27,Dashboard,68,4
20536,4728,2024-11-17,Mobile App,85,1
20537,4728,2024-12-02,Mobile App,2,4
20538,4728,2024-05-10,API Access,104,3
20539,4728,2025-02-12,Dashboard,19,5
20540,4729,2023-10-07,Team Collaboration,71,5
20541,4731,2025-09-01,Reports,37,5
20542,4731,2026-03-04,Mobile App,111,2
20543,4731,2026-03-16,Integrations,36,5
20544,4731,2026-02-04,Dashboard,86,5
20545,4731,2025-06-05,Notifications,92,3
20546,4731,2026-08-03,Dashboard,61,1
20547,4731,2026-03-09,Export Data,68,2
20548,4731,2025-09-21,API Access,49,4
20549,4731,2026-01-01,Team Collaboration,115,2
20550,4731,2026-02-01,Team Collaboration,17,5
20551,4732,2022-07-04,Team Collaboration,99,1
20552,4732,2023-11-13,Team Collaboration,119,2
20553,4732,2026-04-15,Notifications,57,4
20554,4733,2026-02-21,Team Collaboration,108,4
20555,4733,2026-03-08,API Access,77,4
20556,4733,2026-03-24,Dashboard,48,5
20557,4733,2026-03-06,Notifications,33,1
20558,4733,2026-02-13,Reports,69,1
20559,4734,2026-03-16,Dashboard,91,5
20560,4734,2024-08-12,Mobile App,42,2
20561,4735,2023-03-20,Team Collaboration,66,1
20562,4735,2026-05-04,Integrations,54,3
20563,4735,2024-03-22,Export Data,33,3
20564,4735,2023-01-23,Dashboard,67,2
20565,4735,2024-08-12,Notifications,36,2
20566,4735,2022-08-08,Reports,78,3
20567,4736,2026-08-10,Reports,97,4
20568,4736,2026-09-12,Export Data,2,2
20569,4736,2026-08-13,Export Data,106,3
20570,4736,2026-08-18,API Access,67,4
20571,4736,2026-08-08,Notifications,2,4
20572,4737,2024-08-21,API Access,58,3
20573,4737,2026-08-18,Reports,46,5
20574,4737,2026-05-31,Integrations,90,3
20575,4737,2026-03-23,Dashboard,78,1
20576,4737,2025-12-24,Team Collaboration,23,3
20577,4737,2025-09-29,Mobile App,92,2
20578,4737,2025-03-08,API Access,68,2
20579,4737,2026-09-11,Notifications,43,2
20580,4737,2025-11-04,Reports,50,2
20581,4737,2025-08-22,Notifications,11,3
20582,4738,2021-06-22,Integrations,97,1
20583,4738,2024-11-10,Export Data,19,1
20584,4738,2023-05-07,Team Collaboration,13,5
20585,4738,2024-02-04,Export Data,76,3
20586,4738,2024-10-01,API Access,88,1
20587,4739,2026-09-11,Dashboard,43,4
20588,4740,2026-05-31,Team Collaboration,114,5
20589,4740,2026-07-06,Reports,62,1
20590,4741,2021-10-15,Export Data,16,4
20591,4741,2024-08-05,API Access,102,1
20592,4741,2022-09-12,Notifications,107,3
20593,4742,2023-04-17,Export Data,54,4
20594,4742,2024-11-07,Dashboard,13,5
20595,4742,2025-07-29,Dashboard,76,3
20596,4742,2022-01-26,Export Data,3,2
20597,4742,2021-07-17,Reports,9,3
20598,4742,2022-11-04,Export Data,55,1
20599,4742,2025-08-21,Notifications,43,4
20600,4742,2025-05-11,Reports,24,4
20601,4744,2023-10-13,API Access,49,3
20602,4744,2023-04-24,API Access,54,5
20603,4745,2025-11-08,Integrations,60,1
20604,4745,2024-06-04,Integrations,100,4
20605,4746,2026-04-20,Export Data,82,2
20606,4746,2026-08-26,Dashboard,87,4
20607,4747,2025-12-28,Mobile App,84,5
20608,4747,2026-08-05,Notifications,97,4
20609,4748,2022-05-13,Export Data,13,5
20610,4748,2022-07-31,Export Data,118,5
20611,4748,2022-10-10,Reports,57,1
20612,4749,2026-02-10,API Access,45,5
20613,4749,2023-10-03,Dashboard,53,5
20614,4749,2025-11-01,Export Data,37,5
20615,4749,2023-09-30,Notifications,64,1
20616,4749,2024-02-02,API Access,19,3
20617,4749,2025-04-14,Team Collaboration,11,2
20618,4750,2025-07-07,Dashboard,52,5
20619,4750,2025-07-09,Mobile App,34,2
20620,4750,2026-06-19,Reports,69,3
20621,4750,2026-01-30,Mobile App,120,4
20622,4750,2025-01-16,Reports,97,1
20623,4750,2025-07-27,Team Collaboration,107,3
20624,4750,2026-07-16,Integrations,99,2
20625,4750,2025-09-26,Export Data,87,3
20626,4751,2024-09-28,Reports,85,5
20627,4751,2024-09-20,Export Data,110,5
20628,4752,2024-07-23,Integrations,91,1
20629,4752,2026-01-10,Reports,51,1
20630,4752,2024-07-07,Notifications,98,1
20631,4753,2025-06-25,API Access,8,2
20632,4753,2024-07-06,Team Collaboration,86,4
20633,4754,2026-08-25,Mobile App,102,1
20634,4754,2026-08-01,API Access,24,2
20635,4756,2023-08-02,Team Collaboration,76,1
20636,4756,2024-11-20,Mobile App,92,1
20637,4756,2023-01-04,API Access,62,4
20638,4756,2024-09-02,Notifications,16,2
20639,4757,2024-11-26,Reports,62,4
20640,4757,2022-10-15,Dashboard,38,5
20641,4758,2024-09-09,Reports,120,2
20642,4758,2025-02-14,Team Collaboration,44,2
20643,4759,2026-02-22,Reports,29,4
20644,4759,2022-08-01,API Access,52,1
20645,4759,2023-04-03,Mobile App,99,2
20646,4759,2023-02-22,Reports,52,5
20647,4759,2025-04-25,Team Collaboration,13,3
20648,4759,2024-04-23,Integrations,13,5
20649,4759,2024-12-14,Notifications,54,2
20650,4759,2024-04-21,Team Collaboration,116,4
20651,4759,2024-07-10,Notifications,76,3
20652,4759,2022-11-08,Dashboard,32,3
20653,4760,2025-08-14,Export Data,10,2
20654,4762,2022-05-01,Integrations,117,3
20655,4762,2025-08-15,Team Collaboration,42,1
20656,4762,2023-06-19,Notifications,53,2
20657,4762,2025-04-17,Reports,8,2
20658,4762,2025-03-08,Export Data,53,5
20659,4762,2022-08-04,Reports,118,4
20660,4762,2025-06-16,Reports,58,4
20661,4762,2026-05-14,Reports,81,3
20662,4763,2026-03-12,Export Data,22,4
20663,4763,2025-06-24,Team Collaboration,61,4
20664,4763,2026-07-24,Export Data,42,5
20665,4763,2025-07-06,Dashboard,35,3
20666,4764,2024-06-23,API Access,21,1
20667,4764,2026-07-11,API Access,8,2
20668,4764,2023-01-08,Team Collaboration,113,3
20669,4764,2022-10-10,Integrations,61,2
20670,4764,2024-05-15,Export Data,77,2
20671,4764,2022-09-27,Export Data,119,2
20672,4764,2025-12-23,Notifications,114,4
20673,4764,2024-10-04,Team Collaboration,55,4
20674,4764,2026-05-05,API Access,34,1
20675,4764,2024-06-09,Dashboard,96,5
20676,4765,2026-02-01,Integrations,26,1
20677,4765,2026-03-01,Team Collaboration,110,1
20678,4765,2025-11-27,Reports,84,4
20679,4765,2025-10-16,Export Data,82,3
20680,4767,2026-07-22,API Access,62,4
20681,4767,2025-12-28,Team Collaboration,78,4
20682,4768,2024-12-28,Dashboard,115,1
20683,4768,2024-03-27,Export Data,115,4
20684,4768,2023-06-13,API Access,120,3
20685,4768,2022-02-11,Mobile App,30,5
20686,4768,2022-08-15,Integrations,24,3
20687,4768,2021-05-22,API Access,13,4
20688,4768,2024-12-02,Notifications,111,4
20689,4768,2024-01-11,Mobile App,118,5
20690,4769,2023-03-07,Notifications,119,3
20691,4769,2024-03-06,Integrations,66,5
20692,4769,2023-10-27,Dashboard,66,4
20693,4769,2025-12-13,Dashboard,86,5
20694,4769,2023-03-21,Team Collaboration,29,3
20695,4770,2026-09-12,Export Data,37,2
20696,4770,2022-08-26,Dashboard,76,5
20697,4770,2025-05-19,Team Collaboration,103,3
20698,4770,2026-02-08,Dashboard,10,2
20699,4771,2025-11-20,Reports,71,1
20700,4771,2025-08-10,API Access,55,1
20701,4771,2025-06-29,Integrations,26,3
20702,4771,2026-05-12,API Access,41,3
20703,4771,2026-01-21,Integrations,120,4
20704,4771,2025-01-04,Notifications,114,4
20705,4771,2024-11-01,API Access,36,3
20706,4771,2025-05-10,Integrations,6,4
20707,4773,2026-07-11,Integrations,67,1
20708,4773,2026-08-15,Dashboard,99,2
20709,4774,2022-11-15,Dashboard,69,3
20710,4774,2023-02-20,Integrations,65,3
20711,4775,2025-10-07,Export Data,119,5
20712,4775,2026-06-23,Dashboard,70,5
20713,4775,2024-07-28,Dashboard,17,5
20714,4775,2025-04-06,Reports,73,1
20715,4775,2026-09-07,Dashboard,80,2
20716,4776,2022-05-15,Notifications,115,5
20717,4776,2022-08-24,Notifications,42,2
20718,4776,2023-03-04,Team Collaboration,88,3
20719,4777,2023-06-29,Notifications,26,2
20720,4777,2023-11-19,API Access,101,2
20721,4778,2025-01-01,Dashboard,104,2
20722,4779,2022-08-02,Integrations,104,1
20723,4779,2023-05-07,Reports,48,1
20724,4779,2023-10-22,Dashboard,89,1
20725,4780,2023-08-29,Team Collaboration,96,5
20726,4780,2024-10-17,Integrations,119,5
20727,4780,2024-11-10,Reports,118,3
20728,4780,2026-09-06,Team Collaboration,98,3
20729,4780,2025-01-15,Dashboard,79,4
20730,4781,2023-09-08,Notifications,11,2
20731,4781,2023-02-10,Notifications,52,5
20732,4781,2023-04-19,Dashboard,61,4
20733,4782,2026-08-05,Mobile App,40,1
20734,4783,2021-11-22,Reports,17,5
20735,4783,2023-02-26,Export Data,94,3
20736,4783,2021-10-05,Export Data,65,2
20737,4783,2022-01-21,Export Data,22,3
20738,4784,2024-09-13,Mobile App,48,2
20739,4784,2024-05-24,Notifications,30,1
20740,4784,2026-07-21,Export Data,36,5
20741,4784,2024-12-08,Integrations,96,4
20742,4784,2024-04-16,Team Collaboration,27,4
20743,4784,2026-06-15,Mobile App,3,4
20744,4784,2023-01-22,Team Collaboration,109,4
20745,4784,2024-06-03,Mobile App,105,5
20746,4784,2022-09-14,Integrations,108,4
20747,4784,2021-10-31,Notifications,119,3
20748,4785,2024-04-05,Export Data,118,5
20749,4785,2023-12-09,Export Data,51,3
20750,4785,2026-06-03,Dashboard,33,1
20751,4785,2026-07-18,Team Collaboration,79,5
20752,4785,2024-08-01,Dashboard,69,3
20753,4785,2024-07-03,Integrations,92,3
20754,4785,2024-07-15,Team Collaboration,82,2
20755,4786,2025-03-25,Integrations,29,2
20756,4786,2025-04-27,Team Collaboration,13,1
20757,4786,2024-03-10,Team Collaboration,106,2
20758,4786,2025-07-28,Export Data,38,1
20759,4787,2025-12-11,Export Data,85,1
20760,4787,2026-04-25,Notifications,7,3
20761,4787,2026-04-10,Export Data,54,5
20762,4787,2025-10-01,Dashboard,23,1
20763,4788,2025-08-15,Mobile App,78,1
20764,4788,2026-09-15,Mobile App,33,1
20765,4788,2026-02-14,Reports,112,3
20766,4789,2026-05-18,Reports,94,4
20767,4789,2026-03-16,Notifications,52,5
20768,4789,2026-08-04,Mobile App,68,5
20769,4789,2026-02-15,Export Data,69,1
20770,4789,2026-09-10,Integrations,93,4
20771,4789,2026-04-21,Mobile App,84,5
20772,4789,2026-06-09,Mobile App,64,3
20773,4790,2025-12-15,Notifications,120,3
20774,4790,2023-02-06,Integrations,108,1
20775,4790,2022-10-14,Dashboard,115,4
20776,4791,2026-09-10,Mobile App,96,3
20777,4791,2026-05-07,Dashboard,110,1
20778,4791,2025-12-10,Export Data,47,1
20779,4791,2026-07-11,API Access,19,4
20780,4792,2025-11-18,Integrations,90,1
20781,4792,2025-01-05,Dashboard,109,1
20782,4792,2025-01-05,Team Collaboration,105,3
20783,4792,2024-01-06,Team Collaboration,99,2
20784,4792,2024-04-09,Dashboard,28,2
20785,4792,2024-10-11,Team Collaboration,58,3
20786,4792,2026-04-16,Mobile App,120,3
20787,4792,2024-06-11,API Access,7,4
20788,4793,2024-07-04,Integrations,110,2
20789,4793,2025-09-09,Mobile App,68,3
20790,4793,2024-11-01,Notifications,11,1
20791,4794,2024-08-04,Notifications,46,5
20792,4794,2023-07-18,Export Data,81,3
20793,4795,2025-05-19,Reports,103,5
20794,4795,2025-09-14,Integrations,76,3
20795,4795,2023-12-15,Export Data,31,2
20796,4795,2024-04-07,Dashboard,113,5
20797,4795,2024-05-23,Export Data,65,5
20798,4795,2026-05-02,Integrations,70,3
20799,4795,2025-10-03,Integrations,40,5
20800,4795,2025-01-29,Notifications,14,3
20801,4795,2025-01-08,Team Collaboration,79,4
20802,4795,2026-03-29,Dashboard,29,4
20803,4796,2026-03-10,Mobile App,24,2
20804,4796,2026-05-18,Reports,20,4
20805,4796,2026-08-17,Export Data,59,1
20806,4797,2021-12-26,Mobile App,103,3
20807,4798,2026-06-29,API Access,38,3
20808,4798,2026-06-26,Export Data,77,1
20809,4798,2026-07-29,Notifications,7,3
20810,4798,2026-05-11,Mobile App,73,5
20811,4798,2026-08-29,Export Data,73,5
20812,4798,2026-08-05,Export Data,23,2
20813,4798,2026-07-30,API Access,86,3
20814,4798,2026-08-13,Dashboard,59,3
20815,4798,2026-09-02,Dashboard,64,2
20816,4799,2026-06-10,Dashboard,88,1
20817,4800,2023-04-02,Mobile App,68,4
20818,4800,2024-05-25,Notifications,68,5
20819,4800,2023-04-29,Notifications,105,1
20820,4800,2025-08-26,Team Collaboration,55,3
20821,4801,2024-03-04,Export Data,42,5
20822,4801,2024-04-14,Integrations,78,3
20823,4801,2024-07-07,Team Collaboration,62,3
20824,4801,2025-06-11,Dashboard,34,5
20825,4801,2025-11-27,Reports,56,3
20826,4801,2025-05-01,Team Collaboration,95,4
20827,4802,2026-02-23,Mobile App,39,1
20828,4802,2024-12-16,Mobile App,114,4
20829,4802,2025-02-02,Dashboard,12,3
20830,4803,2025-10-08,Reports,34,1
20831,4803,2025-08-07,Mobile App,28,2
20832,4804,2023-05-24,Mobile App,99,3
20833,4804,2023-02-24,Notifications,11,4
20834,4804,2023-01-16,Notifications,106,2
20835,4804,2022-12-15,API Access,20,5
20836,4805,2024-04-03,API Access,98,5
20837,4805,2025-01-30,API Access,13,2
20838,4807,2025-12-08,API Access,42,1
20839,4807,2026-07-29,Team Collaboration,6,2
20840,4807,2026-01-30,Team Collaboration,24,2
20841,4807,2026-02-08,Notifications,118,5
20842,4807,2026-06-01,Mobile App,64,2
20843,4807,2025-12-02,Reports,22,1
20844,4807,2026-04-30,Mobile App,98,5
20845,4807,2026-05-02,Team Collaboration,55,2
20846,4808,2026-06-15,Integrations,100,2
20847,4809,2024-03-29,Integrations,104,2
20848,4809,2025-10-30,Notifications,3,4
20849,4809,2023-07-09,Mobile App,27,2
20850,4809,2023-11-12,Dashboard,50,1
20851,4809,2022-11-17,Team Collaboration,61,3
20852,4809,2024-01-14,Notifications,32,2
20853,4809,2026-07-06,Team Collaboration,5,3
20854,4809,2024-01-09,Integrations,8,2
20855,4809,2023-01-06,Notifications,77,5
20856,4810,2024-10-09,Mobile App,111,3
20857,4810,2022-07-07,Reports,113,4
20858,4810,2022-04-05,Team Collaboration,13,5
20859,4810,2022-07-27,Dashboard,44,1
20860,4810,2022-04-08,Reports,62,5
20861,4810,2025-12-06,Notifications,35,4
20862,4810,2025-03-16,Notifications,51,2
20863,4810,2022-12-27,Export Data,35,5
20864,4810,2022-04-27,Export Data,63,5
20865,4810,2025-02-01,Reports,66,4
20866,4811,2026-01-26,Reports,12,4
20867,4811,2026-05-14,Integrations,97,2
20868,4811,2025-12-10,Mobile App,40,4
20869,4812,2023-10-26,Integrations,99,2
20870,4812,2023-12-27,Reports,101,2
20871,4812,2023-07-23,Export Data,93,1
20872,4812,2024-10-17,API Access,83,4
20873,4812,2024-01-12,Notifications,78,1
20874,4812,2025-12-24,Integrations,34,2
20875,4812,2024-01-08,Export Data,112,3
20876,4812,2026-04-13,Team Collaboration,115,1
20877,4813,2025-10-17,Mobile App,93,5
20878,4813,2025-12-13,API Access,29,2
20879,4813,2025-11-28,Reports,96,4
20880,4813,2025-10-11,Integrations,61,3
20881,4814,2025-03-10,Team Collaboration,12,2
20882,4814,2024-08-19,API Access,96,2
20883,4814,2025-12-26,Export Data,85,4
20884,4814,2024-03-05,Reports,14,4
20885,4814,2025-04-12,Dashboard,75,2
20886,4814,2024-02-03,Integrations,92,2
20887,4814,2023-11-27,Reports,72,4
20888,4815,2025-07-24,API Access,90,1
20889,4815,2025-03-26,Export Data,25,1
20890,4815,2026-08-22,Reports,64,4
20891,4815,2025-10-09,Dashboard,11,5
20892,4815,2025-11-25,API Access,59,3
20893,4815,2024-11-05,Integrations,47,1
20894,4815,2025-01-02,Notifications,72,1
20895,4815,2026-09-07,Notifications,58,4
20896,4815,2024-12-15,API Access,66,2
20897,4816,2024-04-27,Notifications,1,5
20898,4817,2025-06-09,Integrations,80,3
20899,4817,2026-06-07,Reports,109,4
20900,4817,2025-04-18,API Access,15,2
20901,4817,2026-01-07,Notifications,33,2
20902,4818,2024-01-30,Notifications,62,4
20903,4818,2024-02-03,Notifications,15,4
20904,4819,2024-08-24,Integrations,110,4
20905,4819,2023-12-13,Integrations,63,5
20906,4820,2021-04-18,Export Data,97,2
20907,4820,2021-05-22,Integrations,71,1
20908,4821,2026-04-02,API Access,68,3
20909,4821,2025-06-17,Notifications,84,4
20910,4821,2025-07-02,Mobile App,8,1
20911,4821,2025-11-03,Dashboard,52,4
20912,4822,2025-12-04,API Access,35,5
20913,4822,2022-08-19,Dashboard,106,5
20914,4822,2026-05-21,Notifications,2,4
20915,4822,2023-11-30,Team Collaboration,6,1
20916,4822,2025-10-06,Export Data,60,1
20917,4822,2025-08-27,API Access,113,2
20918,4822,2022-05-11,Reports,88,1
20919,4822,2026-09-11,Dashboard,52,2
20920,4822,2026-09-04,Dashboard,101,1
20921,4823,2022-10-06,API Access,54,5
20922,4824,2025-01-16,Notifications,35,1
20923,4824,2025-10-08,Team Collaboration,107,5
20924,4824,2026-03-13,API Access,12,2
20925,4824,2026-08-11,Notifications,75,3
20926,4825,2025-11-05,API Access,25,1
20927,4825,2025-04-26,Dashboard,32,5
20928,4826,2024-07-18,Export Data,65,4
20929,4826,2025-06-05,Mobile App,28,1
20930,4826,2025-02-13,Integrations,59,2
20931,4827,2025-06-25,Integrations,67,2
20932,4828,2026-05-24,Dashboard,3,3
20933,4828,2026-05-14,Dashboard,32,3
20934,4828,2026-03-01,Export Data,23,2
20935,4828,2026-03-13,Export Data,120,2
20936,4828,2026-04-26,Integrations,73,3
20937,4828,2026-05-04,Notifications,103,3
20938,4828,2026-06-20,API Access,90,1
20939,4828,2026-08-05,Integrations,61,3
20940,4828,2026-05-02,Export Data,27,1
20941,4830,2022-11-22,Mobile App,78,4
20942,4830,2024-06-21,Team Collaboration,72,5
20943,4830,2022-08-28,Integrations,73,1
20944,4830,2025-07-13,Mobile App,89,5
20945,4830,2026-07-16,Team Collaboration,92,5
20946,4830,2025-10-02,Integrations,19,5
20947,4830,2022-09-21,API Access,38,1
20948,4830,2024-12-04,Reports,114,5
20949,4830,2025-07-09,Dashboard,84,2
20950,4830,2025-02-22,Reports,72,3
20951,4831,2024-10-05,Team Collaboration,108,5
20952,4831,2024-12-20,Mobile App,98,3
20953,4831,2023-11-01,Reports,48,1
20954,4831,2024-02-25,API Access,106,1
20955,4832,2024-10-09,Team Collaboration,21,1
20956,4832,2024-06-02,Integrations,35,4
20957,4832,2024-09-03,Export Data,18,2
20958,4832,2022-11-04,Team Collaboration,30,4
20959,4832,2023-05-17,Notifications,97,2
20960,4833,2024-09-23,Integrations,65,4
20961,4833,2024-08-08,Dashboard,34,1
20962,4833,2024-11-11,Dashboard,69,3
20963,4833,2024-06-30,Team Collaboration,10,1
20964,4834,2026-08-04,Notifications,74,2
20965,4834,2026-02-16,Export Data,101,3
20966,4835,2026-04-01,Mobile App,76,2
20967,4835,2026-04-13,Mobile App,20,1
20968,4835,2026-01-16,Notifications,110,3
20969,4835,2025-10-27,Mobile App,114,1
20970,4835,2025-09-26,Reports,31,1
20971,4835,2026-08-30,API Access,50,2
20972,4836,2023-08-19,Notifications,110,5
20973,4836,2023-06-06,Integrations,39,2
20974,4837,2022-01-24,Dashboard,8,2
20975,4837,2022-12-28,Export Data,74,1
20976,4837,2025-04-20,Mobile App,36,1
20977,4837,2025-01-01,Mobile App,71,5
20978,4837,2022-12-02,Integrations,61,4
20979,4838,2025-06-22,Dashboard,33,4
20980,4838,2025-12-29,Export Data,79,4
20981,4839,2022-06-11,Dashboard,115,3
20982,4839,2023-04-08,API Access,88,4
20983,4840,2024-02-26,Team Collaboration,100,3
20984,4841,2023-09-26,Dashboard,6,3
20985,4841,2024-05-17,Mobile App,46,2
20986,4841,2025-01-08,API Access,104,5
20987,4841,2024-09-13,Dashboard,6,2
20988,4841,2025-11-24,Dashboard,46,4
20989,4841,2025-12-03,Reports,41,2
20990,4841,2026-05-25,Export Data,103,1
20991,4841,2025-02-12,Notifications,12,3
20992,4841,2025-01-11,Dashboard,102,3
20993,4841,2026-03-09,Notifications,37,1
20994,4842,2022-08-09,Export Data,14,2
20995,4842,2022-09-23,Mobile App,14,3
20996,4842,2023-01-14,Team Collaboration,67,2
20997,4842,2022-09-21,Export Data,109,2
20998,4843,2025-06-08,Dashboard,55,4
20999,4843,2026-01-26,Team Collaboration,99,3
21000,4843,2024-11-27,API Access,116,3
21001,4843,2024-10-11,Integrations,90,4
21002,4843,2023-06-21,Team Collaboration,101,5
21003,4843,2025-08-26,Notifications,19,1
21004,4843,2025-01-08,Integrations,90,2
21005,4844,2026-04-17,Dashboard,119,2
21006,4844,2026-09-15,Export Data,34,1
21007,4844,2026-06-14,Integrations,5,5
21008,4844,2026-08-25,Team Collaboration,5,5
21009,4844,2026-08-11,Reports,98,5
21010,4844,2026-09-08,API Access,116,4
21011,4844,2026-04-18,Export Data,22,5
21012,4844,2026-06-17,Reports,64,1
21013,4844,2026-09-03,API Access,29,5
21014,4844,2026-07-09,Export Data,1,3
21015,4845,2021-10-21,Integrations,14,3
21016,4845,2021-06-04,Integrations,40,2
21017,4845,2021-04-25,Dashboard,40,3
21018,4846,2021-11-21,API Access,72,1
21019,4846,2021-12-13,Notifications,10,4
21020,4846,2022-01-29,Mobile App,85,4
21021,4847,2025-08-20,Notifications,42,2
21022,4848,2025-08-26,Dashboard,94,2
21023,4849,2024-12-17,Export Data,44,2
21024,4849,2025-07-01,Notifications,24,1
21025,4849,2024-02-09,Dashboard,42,5
21026,4849,2023-06-24,API Access,88,2
21027,4849,2024-08-15,Export Data,2,1
21028,4849,2024-07-21,Export Data,100,4
21029,4850,2026-02-10,Notifications,13,5
21030,4850,2024-12-30,Team Collaboration,42,1
21031,4850,2025-07-01,API Access,40,1
21032,4850,2025-06-09,Export Data,86,2
21033,4850,2025-01-17,Team Collaboration,109,1
21034,4851,2023-10-15,Export Data,111,4
21035,4851,2025-12-08,Notifications,18,4
21036,4851,2025-06-03,API Access,21,2
21037,4851,2024-01-05,Mobile App,105,2
21038,4851,2025-08-13,Export Data,62,1
21039,4851,2024-08-08,Team Collaboration,21,3
21040,4852,2025-01-05,Mobile App,58,1
21041,4852,2024-07-27,Export Data,111,5
21042,4852,2024-11-12,Integrations,52,4
21043,4853,2024-01-30,Export Data,80,3
21044,4853,2026-06-22,Team Collaboration,41,2
21045,4853,2024-08-31,Dashboard,111,3
21046,4853,2025-01-10,API Access,94,3
21047,4853,2022-10-23,Dashboard,119,4
21048,4853,2024-11-10,Mobile App,28,1
21049,4853,2026-08-19,Export Data,77,4
21050,4853,2022-03-15,Integrations,112,5
21051,4854,2026-02-11,Notifications,30,1
21052,4854,2025-12-12,Team Collaboration,55,2
21053,4854,2025-03-24,Export Data,54,1
21054,4854,2025-12-17,Reports,78,5
21055,4854,2025-04-01,Team Collaboration,105,4
21056,4854,2025-05-03,Dashboard,57,5
21057,4854,2025-08-06,Mobile App,48,4
21058,4854,2026-02-15,API Access,60,1
21059,4854,2025-10-30,Mobile App,70,3
21060,4854,2026-08-27,Reports,119,5
21061,4855,2024-05-11,Integrations,72,2
21062,4855,2024-05-22,API Access,23,1
21063,4855,2024-05-20,Export Data,88,2
21064,4856,2026-05-20,API Access,108,1
21065,4856,2026-03-12,Dashboard,47,1
21066,4856,2026-02-26,Notifications,40,2
21067,4856,2026-01-01,Mobile App,110,4
21068,4856,2025-12-05,Team Collaboration,14,5
21069,4856,2026-02-06,Notifications,15,4
21070,4856,2026-04-01,Integrations,25,2
21071,4857,2024-02-20,Team Collaboration,78,5
21072,4858,2022-04-17,Notifications,120,3
21073,4859,2022-07-18,Mobile App,46,2
21074,4860,2025-08-11,Integrations,106,4
21075,4860,2025-09-14,Dashboard,82,3
21076,4860,2023-03-01,API Access,115,4
21077,4860,2025-11-14,Notifications,59,2
21078,4860,2025-01-11,Integrations,32,2
21079,4862,2023-01-19,Dashboard,76,3
21080,4862,2024-09-21,Dashboard,84,5
21081,4862,2026-04-20,Team Collaboration,62,4
21082,4862,2023-07-06,Export Data,65,5
21083,4862,2025-11-25,Dashboard,4,2
21084,4862,2023-11-20,Integrations,9,3
21085,4862,2023-10-23,Notifications,36,3
21086,4862,2024-07-14,Export Data,85,2
21087,4863,2024-12-28,Reports,42,1
21088,4863,2025-05-13,Integrations,41,3
21089,4863,2025-04-21,Notifications,49,1
21090,4864,2025-03-13,Export Data,59,3
21091,4864,2025-04-23,Dashboard,75,5
21092,4864,2024-11-25,Team Collaboration,33,3
21093,4864,2024-12-17,Export Data,33,3
21094,4865,2025-12-07,Integrations,66,4
21095,4865,2026-02-20,Team Collaboration,48,4
21096,4865,2026-04-02,Team Collaboration,99,2
21097,4865,2026-07-31,API Access,22,1
21098,4865,2025-12-07,Integrations,90,5
21099,4866,2023-10-31,Reports,16,5
21100,4866,2023-10-27,API Access,29,3
21101,4866,2023-11-27,Integrations,47,4
21102,4867,2026-06-08,Notifications,33,3
21103,4867,2026-03-02,Dashboard,88,3
21104,4867,2025-01-15,Reports,75,3
21105,4868,2024-09-12,Reports,49,5
21106,4869,2026-07-29,Reports,105,3
21107,4869,2026-09-04,Team Collaboration,18,1
21108,4869,2026-09-14,Dashboard,7,3
21109,4869,2026-07-26,Export Data,30,1
21110,4869,2026-08-13,Notifications,15,4
21111,4870,2026-02-12,Reports,12,5
21112,4870,2026-06-14,Integrations,40,4
21113,4870,2025-11-23,Export Data,93,2
21114,4870,2025-11-11,Export Data,30,5
21115,4870,2026-08-19,Integrations,56,5
21116,4870,2026-02-12,Notifications,59,2
21117,4870,2026-04-14,Dashboard,36,4
21118,4871,2026-07-28,Mobile App,24,3
21119,4871,2026-05-07,Reports,17,1
21120,4872,2026-02-26,Reports,18,3
21121,4872,2025-09-18,Export Data,120,4
21122,4872,2026-04-03,Team Collaboration,46,2
21123,4872,2026-06-19,Export Data,25,4
21124,4872,2025-08-08,Mobile App,30,3
21125,4873,2023-01-26,Mobile App,27,2
21126,4873,2022-10-19,Team Collaboration,51,1
21127,4874,2025-05-01,Export Data,1,3
21128,4874,2026-04-04,Dashboard,20,5
21129,4874,2025-04-05,Team Collaboration,26,2
21130,4874,2026-09-08,API Access,77,4
21131,4875,2023-07-17,Notifications,85,2
21132,4875,2023-08-29,Notifications,61,1
21133,4876,2025-07-28,Reports,48,2
21134,4876,2026-05-06,Mobile App,11,2
21135,4876,2026-02-03,API Access,69,1
21136,4876,2024-12-26,Reports,26,5
21137,4876,2024-12-15,Mobile App,106,4
21138,4877,2026-04-18,Reports,47,3
21139,4877,2025-07-29,Dashboard,96,1
21140,4877,2025-06-08,Reports,68,4
21141,4877,2025-12-03,Integrations,47,4
21142,4878,2021-05-20,Integrations,107,1
21143,4878,2021-07-14,Integrations,35,1
21144,4878,2021-03-16,Reports,57,4
21145,4879,2022-11-17,Reports,38,5
21146,4879,2022-05-10,API Access,40,4
21147,4881,2024-01-15,Team Collaboration,36,3
21148,4881,2023-02-06,Export Data,55,5
21149,4881,2024-05-16,Mobile App,65,5
21150,4881,2025-05-07,Integrations,16,1
21151,4881,2024-05-16,Reports,117,3
21152,4881,2023-04-27,Dashboard,109,3
21153,4881,2024-05-09,Team Collaboration,52,2
21154,4881,2026-08-10,API Access,72,1
21155,4882,2026-05-05,Integrations,94,1
21156,4882,2025-06-05,API Access,105,5
21157,4882,2025-02-06,API Access,6,4
21158,4882,2026-02-15,Integrations,38,2
21159,4882,2025-03-05,Dashboard,21,5
21160,4882,2024-12-25,Export Data,103,1
21161,4883,2025-06-26,API Access,104,5
21162,4883,2025-08-24,Team Collaboration,56,3
21163,4883,2025-02-04,Dashboard,77,2
21164,4883,2023-12-29,Integrations,20,3
21165,4883,2025-12-21,Integrations,77,1
21166,4883,2022-06-07,Integrations,11,3
21167,4883,2025-04-25,Mobile App,63,1
21168,4884,2026-05-03,Reports,11,3
21169,4884,2024-12-14,Notifications,84,5
21170,4884,2026-06-11,API Access,19,5
21171,4885,2026-02-10,Notifications,8,1
21172,4885,2025-06-14,Export Data,116,5
21173,4885,2026-05-29,Mobile App,57,2
21174,4886,2023-09-06,Team Collaboration,77,5
21175,4886,2026-07-17,Integrations,102,5
21176,4886,2023-06-12,API Access,47,2
21177,4886,2026-01-02,Dashboard,52,1
21178,4886,2023-11-08,Integrations,6,1
21179,4886,2024-12-17,API Access,20,5
21180,4886,2024-11-26,Integrations,55,4
21181,4886,2024-02-25,Dashboard,84,5
21182,4886,2022-12-10,Integrations,111,5
21183,4887,2026-02-17,Dashboard,7,2
21184,4887,2024-11-13,Mobile App,16,5
21185,4887,2024-12-07,Export Data,68,4
21186,4887,2024-08-10,Mobile App,6,4
21187,4888,2024-08-18,Notifications,14,3
21188,4888,2025-08-27,Team Collaboration,88,5
21189,4888,2024-03-17,Export Data,77,3
21190,4888,2024-01-19,Dashboard,4,4
21191,4888,2025-11-28,Integrations,37,5
21192,4888,2025-06-18,Team Collaboration,41,3
21193,4889,2024-11-23,Integrations,53,3
21194,4889,2024-09-09,Dashboard,20,3
21195,4890,2023-10-10,Export Data,8,1
21196,4890,2022-03-11,Notifications,107,1
21197,4891,2025-03-16,Notifications,81,2
21198,4891,2026-08-19,Dashboard,60,4
21199,4891,2026-01-07,API Access,73,2
21200,4891,2026-08-20,Notifications,9,3
21201,4891,2025-09-23,Notifications,114,1
21202,4891,2026-08-03,Mobile App,4,5
21203,4891,2025-03-28,Team Collaboration,14,3
21204,4891,2025-04-10,Dashboard,48,1
21205,4891,2024-11-23,Reports,55,5
21206,4891,2026-05-09,Dashboard,11,2
21207,4892,2026-02-25,API Access,112,4
21208,4893,2024-03-25,Mobile App,50,2
21209,4893,2022-07-09,Team Collaboration,95,3
21210,4893,2022-03-17,Team Collaboration,75,5
21211,4893,2024-05-24,Export Data,39,5
21212,4893,2026-02-23,Team Collaboration,107,5
21213,4893,2026-03-06,Reports,109,1
21214,4893,2023-05-06,Dashboard,27,4
21215,4893,2026-06-29,Reports,95,4
21216,4893,2023-07-23,Dashboard,104,2
21217,4893,2022-03-24,Integrations,13,3
21218,4894,2025-12-10,Integrations,64,4
21219,4894,2025-08-18,Export Data,40,1
21220,4895,2025-03-14,Reports,8,3
21221,4895,2024-03-04,Reports,115,3
21222,4895,2025-02-07,API Access,52,5
21223,4895,2025-12-21,Export Data,30,1
21224,4895,2025-09-24,Integrations,30,2
21225,4895,2025-01-08,Dashboard,26,1
21226,4895,2025-06-10,Reports,28,5
21227,4895,2026-02-15,Reports,53,2
21228,4895,2025-05-17,Notifications,3,2
21229,4895,2026-09-04,Mobile App,1,2
21230,4896,2023-12-25,Notifications,52,5
21231,4896,2025-02-01,Reports,23,5
21232,4896,2022-02-27,Export Data,91,5
21233,4896,2025-04-12,Team Collaboration,49,5
21234,4896,2024-07-19,Notifications,110,5
21235,4896,2021-06-13,Export Data,51,2
21236,4896,2023-04-26,Dashboard,105,1
21237,4897,2025-09-14,Integrations,87,1
21238,4897,2026-04-02,Mobile App,58,2
21239,4898,2026-08-13,API Access,16,3
21240,4898,2026-09-13,Mobile App,76,5
21241,4898,2026-09-15,Notifications,51,1
21242,4899,2026-09-11,Export Data,99,1
21243,4899,2026-09-13,Team Collaboration,56,1
21244,4899,2026-09-01,Mobile App,21,1
21245,4899,2026-07-28,Team Collaboration,78,5
21246,4899,2026-07-27,Team Collaboration,45,4
21247,4899,2026-07-16,Team Collaboration,3,2
21248,4899,2026-08-13,Dashboard,15,1
21249,4899,2026-08-31,Mobile App,8,3
21250,4900,2026-02-11,Integrations,85,2
21251,4900,2026-08-26,Notifications,57,5
21252,4900,2026-05-24,Export Data,69,2
21253,4900,2025-12-14,Notifications,101,5
21254,4901,2026-05-27,Mobile App,76,1
21255,4901,2026-06-16,Notifications,68,5
21256,4902,2024-03-21,Export Data,99,5
21257,4902,2025-08-29,Notifications,19,4
21258,4902,2025-11-23,Notifications,97,1
21259,4902,2025-09-09,Mobile App,111,2
21260,4902,2024-07-07,Integrations,45,2
21261,4903,2026-08-24,Team Collaboration,15,5
21262,4903,2024-12-11,Notifications,113,1
21263,4903,2026-08-05,API Access,82,1
21264,4903,2025-01-25,Dashboard,9,3
21265,4903,2024-08-05,API Access,90,4
21266,4904,2025-12-10,Export Data,72,4
21267,4904,2026-07-11,Integrations,102,5
21268,4904,2025-11-03,Integrations,51,3
21269,4904,2026-08-27,Integrations,31,5
21270,4904,2025-08-02,Notifications,40,3
21271,4905,2025-11-05,Reports,96,3
21272,4905,2026-05-24,Dashboard,109,2
21273,4905,2025-09-01,Reports,104,3
21274,4905,2026-09-12,Team Collaboration,95,1
21275,4905,2026-05-04,Team Collaboration,67,1
21276,4905,2026-01-02,Reports,27,5
21277,4905,2025-08-17,Reports,93,3
21278,4905,2025-09-29,Dashboard,94,1
21279,4905,2026-06-07,Reports,31,3
21280,4905,2025-12-07,Export Data,98,3
21281,4906,2022-01-25,API Access,18,1
21282,4906,2022-06-26,Integrations,77,5
21283,4906,2021-09-01,Integrations,89,1
21284,4906,2021-07-19,Export Data,86,3
21285,4907,2025-09-15,Mobile App,10,4
21286,4907,2025-05-16,Notifications,93,5
21287,4907,2026-01-03,Dashboard,12,1
21288,4907,2025-07-03,Reports,7,1
21289,4908,2026-06-09,Mobile App,120,2
21290,4908,2026-02-19,Team Collaboration,4,5
21291,4909,2022-09-28,Reports,106,4
21292,4909,2022-10-03,Team Collaboration,115,3
21293,4910,2024-11-09,Notifications,58,2
21294,4910,2022-12-28,Mobile App,42,3
21295,4910,2024-07-26,Reports,11,4
21296,4910,2024-07-24,API Access,18,3
21297,4910,2023-04-14,Dashboard,28,5
21298,4910,2026-03-30,API Access,63,5
21299,4910,2023-07-25,Mobile App,37,1
21300,4911,2026-06-24,Export Data,68,5
21301,4911,2025-10-26,API Access,56,3
21302,4911,2025-05-05,Team Collaboration,28,1
21303,4912,2025-09-04,API Access,96,1
21304,4912,2026-08-14,Mobile App,38,5
21305,4912,2026-06-21,Export Data,5,5
21306,4912,2026-01-24,API Access,42,5
21307,4912,2026-05-23,Mobile App,38,1
21308,4912,2026-01-17,Team Collaboration,66,1
21309,4912,2025-10-18,Integrations,97,4
21310,4912,2026-08-05,Reports,15,5
21311,4912,2025-09-24,Reports,98,2
21312,4913,2024-07-13,API Access,71,4
21313,4913,2024-05-14,Dashboard,87,4
21314,4913,2026-02-18,Integrations,8,5
21315,4913,2024-11-10,Dashboard,46,2
21316,4913,2024-06-04,Export Data,50,2
21317,4913,2024-10-08,Team Collaboration,34,3
21318,4913,2025-05-15,Notifications,49,1
21319,4913,2024-02-12,Notifications,7,3
21320,4913,2026-07-21,Mobile App,13,2
21321,4913,2026-05-24,Integrations,29,4
21322,4914,2024-07-06,Dashboard,59,4
21323,4915,2023-05-28,Export Data,101,3
21324,4915,2023-04-18,Notifications,113,5
21325,4916,2025-12-24,Notifications,8,2
21326,4916,2024-06-27,Reports,31,3
21327,4916,2026-07-25,Reports,27,2
21328,4916,2026-04-06,Export Data,39,5
21329,4917,2025-04-21,API Access,20,1
21330,4917,2023-12-17,Mobile App,8,5
21331,4917,2023-09-25,API Access,30,1
21332,4917,2023-05-29,Team Collaboration,114,2
21333,4917,2024-12-23,Dashboard,76,5
21334,4918,2026-01-25,Notifications,44,4
21335,4919,2023-10-11,Reports,42,2
21336,4919,2023-03-04,Export Data,24,5
21337,4919,2023-11-25,Dashboard,76,4
21338,4920,2023-11-18,Integrations,39,2
21339,4920,2026-09-15,Reports,9,2
21340,4921,2024-12-06,Reports,55,1
21341,4921,2026-01-17,Integrations,45,1
21342,4921,2025-12-06,API Access,48,1
21343,4921,2024-04-27,Export Data,24,3
21344,4921,2025-08-23,Integrations,42,2
21345,4921,2024-12-10,Mobile App,83,1
21346,4922,2024-07-10,Mobile App,120,4
21347,4922,2024-06-14,Mobile App,54,2
21348,4922,2023-12-02,Notifications,14,2
21349,4922,2025-02-10,Team Collaboration,58,5
21350,4923,2025-05-05,Dashboard,58,3
21351,4923,2025-09-21,Team Collaboration,43,5
21352,4923,2025-12-09,API Access,84,3
21353,4923,2026-07-01,Reports,89,3
21354,4923,2026-08-09,Mobile App,57,2
21355,4923,2025-12-14,Notifications,47,2
21356,4923,2025-12-15,API Access,87,1
21357,4923,2025-05-27,Integrations,64,1
21358,4923,2026-07-26,Mobile App,71,3
21359,4923,2025-03-17,Integrations,86,5
21360,4924,2022-08-09,Integrations,88,4
21361,4925,2025-08-13,Reports,19,4
21362,4925,2025-08-09,API Access,106,1
21363,4925,2025-08-07,API Access,98,4
21364,4925,2025-11-15,Export Data,46,2
21365,4925,2026-01-05,Reports,62,4
21366,4925,2026-04-30,Team Collaboration,56,5
21367,4925,2025-08-03,Export Data,104,3
21368,4926,2025-08-16,Mobile App,3,4
21369,4926,2024-12-15,Export Data,68,1
21370,4926,2024-09-30,Notifications,2,5
21371,4926,2026-09-01,Export Data,63,3
21372,4926,2026-04-24,Export Data,50,3
21373,4926,2026-06-25,Export Data,77,2
21374,4926,2025-01-28,Dashboard,66,4
21375,4926,2026-03-30,Dashboard,23,1
21376,4926,2025-06-04,Integrations,56,4
21377,4927,2022-01-17,Notifications,97,1
21378,4927,2025-07-08,Dashboard,17,3
21379,4927,2024-04-21,Notifications,94,5
21380,4927,2024-08-31,API Access,58,5
21381,4927,2025-04-26,Reports,68,3
21382,4927,2022-01-20,Export Data,63,3
21383,4927,2022-04-23,Dashboard,12,1
21384,4927,2024-07-01,Integrations,86,3
21385,4928,2025-04-07,Mobile App,44,4
21386,4928,2025-01-17,Export Data,107,2
21387,4929,2023-11-25,Export Data,113,1
21388,4929,2024-01-13,Notifications,3,1
21389,4929,2023-09-25,Integrations,59,5
21390,4929,2023-11-17,Notifications,110,5
21391,4930,2022-09-06,API Access,30,4
21392,4930,2022-06-19,Team Collaboration,74,1
21393,4931,2026-07-16,Team Collaboration,60,3
21394,4931,2021-11-13,Dashboard,31,4
21395,4931,2023-12-04,Integrations,94,3
21396,4931,2022-06-13,Dashboard,102,5
21397,4931,2026-03-19,Reports,18,5
21398,4931,2024-09-08,Integrations,83,1
21399,4931,2023-02-07,Export Data,96,4
21400,4932,2026-08-29,Export Data,87,1
21401,4932,2026-07-31,Reports,70,4
21402,4932,2026-06-30,API Access,60,3
21403,4932,2026-07-17,API Access,55,1
21404,4932,2026-06-19,Dashboard,6,4
21405,4932,2026-07-11,Team Collaboration,45,4
21406,4932,2026-08-07,Mobile App,9,2
21407,4932,2026-06-13,Dashboard,104,4
21408,4932,2026-08-17,Export Data,25,5
21409,4932,2026-07-20,Export Data,98,3
21410,4933,2026-01-17,Dashboard,98,2
21411,4933,2024-11-04,Dashboard,12,3
21412,4933,2025-08-23,Team Collaboration,103,2
21413,4933,2026-01-02,API Access,57,1
21414,4934,2021-12-06,Reports,109,5
21415,4934,2025-04-30,Integrations,26,2
21416,4934,2024-06-06,Export Data,26,3
21417,4934,2024-03-12,Mobile App,7,4
21418,4935,2026-08-28,Notifications,114,1
21419,4936,2025-09-19,Reports,12,5
21420,4936,2024-05-16,Reports,9,3
21421,4936,2024-09-18,Reports,15,5
21422,4937,2025-04-25,Mobile App,90,1
21423,4937,2025-08-16,Dashboard,103,3
21424,4938,2025-11-14,Team Collaboration,43,1
21425,4938,2024-11-06,Dashboard,111,1
21426,4938,2024-11-23,API Access,73,2
21427,4938,2025-10-26,Reports,19,4
21428,4938,2022-12-20,Export Data,95,3
21429,4939,2026-05-05,Reports,101,3
21430,4939,2026-02-09,Mobile App,97,1
21431,4939,2025-10-28,Export Data,113,3
21432,4939,2026-06-28,Team Collaboration,46,3
21433,4939,2025-11-14,Notifications,14,2
21434,4939,2025-10-26,Dashboard,38,3
21435,4939,2026-08-07,Notifications,34,1
21436,4940,2024-03-12,Mobile App,57,5
21437,4940,2023-09-14,Mobile App,41,1
21438,4940,2025-12-28,Notifications,15,5
21439,4940,2022-08-09,API Access,117,5
21440,4940,2023-04-25,Team Collaboration,54,3
21441,4941,2025-05-21,Team Collaboration,114,4
21442,4941,2026-03-19,Reports,107,5
21443,4941,2024-10-13,Team Collaboration,106,1
21444,4941,2025-02-23,Reports,96,1
21445,4941,2026-09-07,Mobile App,92,1
21446,4941,2026-02-11,Team Collaboration,119,4
21447,4941,2026-03-18,Dashboard,109,2
21448,4941,2024-08-14,Mobile App,96,5
21449,4941,2024-10-29,Mobile App,57,2
21450,4941,2024-09-21,Notifications,100,1
21451,4942,2024-08-11,Team Collaboration,118,3
21452,4942,2026-04-21,Reports,105,3
21453,4943,2025-05-05,Team Collaboration,64,1
21454,4943,2025-04-05,Export Data,118,2
21455,4943,2024-07-14,Notifications,95,3
21456,4943,2025-01-05,Integrations,92,3
21457,4943,2024-11-13,Dashboard,81,3
21458,4944,2023-03-15,API Access,47,5
21459,4944,2024-01-26,Reports,48,2
21460,4944,2023-01-16,Mobile App,55,4
21461,4944,2023-10-11,Dashboard,1,3
21462,4944,2026-08-31,Reports,55,2
21463,4944,2024-03-12,Dashboard,67,2
21464,4944,2023-05-16,Mobile App,109,4
21465,4944,2026-06-20,Export Data,1,2
21466,4944,2024-01-10,API Access,56,4
21467,4944,2024-12-24,Mobile App,107,2
21468,4945,2025-08-24,Reports,24,1
21469,4945,2022-06-10,Export Data,119,4
21470,4945,2026-06-19,Team Collaboration,78,3
21471,4945,2023-05-08,Export Data,26,1
21472,4945,2022-09-25,Notifications,60,2
21473,4945,2025-11-28,Dashboard,88,4
21474,4945,2022-09-12,Notifications,40,4
21475,4945,2025-12-25,Notifications,54,3
21476,4945,2023-11-26,Mobile App,53,3
21477,4945,2023-06-14,Integrations,83,4
21478,4946,2026-07-25,Reports,39,1
21479,4946,2026-05-21,Notifications,44,2
21480,4946,2026-05-01,Notifications,52,2
21481,4946,2026-07-30,Reports,34,2
21482,4946,2026-08-18,Export Data,49,3
21483,4946,2026-09-06,API Access,3,5
21484,4946,2026-05-21,Mobile App,93,4
21485,4946,2026-06-18,Mobile App,39,4
21486,4947,2023-06-02,Team Collaboration,65,1
21487,4947,2026-06-24,Mobile App,50,5
21488,4947,2024-12-20,API Access,85,2
21489,4947,2023-05-17,Export Data,74,1
21490,4947,2026-08-09,API Access,36,5
21491,4947,2026-04-01,Notifications,77,4
21492,4947,2025-06-18,API Access,60,4
21493,4947,2023-08-06,Export Data,17,2
21494,4947,2024-07-31,Team Collaboration,62,4
21495,4948,2026-09-08,Mobile App,65,3
21496,4948,2026-05-15,API Access,13,4
21497,4948,2025-08-30,Export Data,86,3
21498,4948,2025-09-18,Mobile App,3,1
21499,4948,2026-08-07,Integrations,16,2
21500,4948,2025-06-27,Export Data,51,2
21501,4948,2026-05-14,Team Collaboration,17,5
21502,4949,2026-04-14,Team Collaboration,9,5
21503,4949,2025-04-24,Team Collaboration,111,1
21504,4949,2024-12-01,Mobile App,51,4
21505,4949,2025-03-01,Mobile App,81,2
21506,4949,2026-04-13,Dashboard,116,2
21507,4949,2025-07-04,Mobile App,9,5
21508,4949,2025-10-02,Team Collaboration,87,1
21509,4950,2025-10-11,API Access,83,5
21510,4950,2025-12-29,Mobile App,120,1
21511,4950,2026-06-11,Team Collaboration,53,1
21512,4950,2025-12-05,Integrations,103,3
21513,4951,2024-10-24,Notifications,96,4
21514,4951,2024-10-31,API Access,54,5
21515,4951,2026-07-31,Notifications,36,3
21516,4952,2025-09-29,Dashboard,21,3
21517,4952,2026-06-28,Reports,43,3
21518,4952,2026-04-23,API Access,6,5
21519,4952,2026-07-03,Export Data,19,5
21520,4952,2025-12-14,Notifications,59,3
21521,4952,2026-03-04,Team Collaboration,3,2
21522,4952,2025-11-01,Team Collaboration,48,5
21523,4952,2025-09-06,API Access,112,2
21524,4953,2024-12-06,Mobile App,113,4
21525,4953,2026-01-14,Reports,7,1
21526,4953,2025-07-10,Notifications,37,1
21527,4953,2025-10-14,Notifications,72,4
21528,4953,2024-10-13,Reports,109,5
21529,4953,2024-07-19,API Access,75,3
21530,4953,2025-07-15,Dashboard,66,2
21531,4954,2026-09-02,Integrations,1,3
21532,4955,2026-08-23,Export Data,45,3
21533,4955,2026-08-26,Notifications,84,5
21534,4955,2025-12-25,Mobile App,68,4
21535,4955,2025-05-12,Reports,116,3
21536,4955,2026-04-02,Notifications,106,3
21537,4955,2025-04-07,Dashboard,14,4
21538,4955,2025-10-26,API Access,49,3
21539,4957,2026-04-25,Reports,110,1
21540,4957,2025-05-26,Dashboard,73,2
21541,4957,2026-02-25,API Access,24,2
21542,4958,2026-04-29,API Access,40,3
21543,4958,2024-06-02,Team Collaboration,80,5
21544,4958,2026-07-16,Notifications,116,2
21545,4959,2025-09-28,Export Data,112,3
21546,4959,2024-12-07,Integrations,3,4
21547,4959,2025-07-13,Team Collaboration,99,5
21548,4959,2026-01-24,Team Collaboration,86,2
21549,4959,2026-08-27,Reports,76,2
21550,4959,2024-06-16,Mobile App,1,4
21551,4959,2025-01-18,Export Data,68,4
21552,4960,2026-04-02,Dashboard,56,2
21553,4960,2026-04-15,API Access,35,5
21554,4960,2025-12-22,Dashboard,49,2
21555,4960,2026-09-05,Export Data,28,3
21556,4960,2026-03-12,Dashboard,6,4
21557,4960,2025-12-01,Reports,78,3
21558,4960,2025-11-23,Integrations,52,5
21559,4960,2026-05-09,Integrations,33,1
21560,4960,2026-06-28,API Access,2,5
21561,4962,2024-07-01,Integrations,89,1
21562,4963,2023-09-19,Notifications,58,4
21563,4963,2024-10-11,Team Collaboration,66,4
21564,4963,2023-11-07,Notifications,32,2
21565,4963,2023-09-30,Mobile App,51,4
21566,4964,2023-11-27,Mobile App,15,2
21567,4965,2025-07-08,API Access,104,2
21568,4965,2023-10-18,Mobile App,83,4
21569,4965,2024-05-02,Reports,6,1
21570,4965,2024-05-05,Notifications,16,1
21571,4966,2026-08-02,Dashboard,6,4
21572,4966,2026-09-02,Export Data,83,2
21573,4966,2026-07-29,API Access,88,3
21574,4966,2026-08-18,Dashboard,64,4
21575,4966,2026-06-02,Team Collaboration,35,1
21576,4966,2026-06-22,Integrations,41,5
21577,4966,2026-07-05,API Access,50,3
21578,4967,2026-03-18,Team Collaboration,116,4
21579,4967,2026-03-17,Mobile App,81,5
21580,4967,2026-06-29,API Access,116,5
21581,4967,2026-02-27,Dashboard,24,2
21582,4968,2022-02-28,Team Collaboration,10,1
21583,4968,2023-10-05,Export Data,112,1
21584,4968,2024-07-06,Reports,48,5
21585,4968,2022-11-28,Export Data,7,5
21586,4968,2024-12-15,Integrations,57,3
21587,4969,2025-11-30,Team Collaboration,103,3
21588,4969,2025-05-23,Notifications,6,3
21589,4969,2025-09-03,Dashboard,62,4
21590,4970,2026-08-31,Team Collaboration,2,4
21591,4970,2026-09-12,Mobile App,17,4
21592,4970,2026-07-30,API Access,55,2
21593,4970,2026-09-13,Dashboard,64,3
21594,4970,2026-07-07,Dashboard,34,2
21595,4971,2026-03-21,Team Collaboration,105,3
21596,4972,2025-03-09,Reports,106,3
21597,4972,2025-08-02,Dashboard,60,5
21598,4972,2025-05-24,Integrations,24,5
21599,4972,2024-07-06,Export Data,36,3
21600,4972,2025-12-24,Export Data,88,3
21601,4972,2025-07-25,Notifications,61,5
21602,4972,2025-11-02,Team Collaboration,82,1
21603,4973,2021-11-02,Reports,64,4
21604,4973,2021-10-20,Dashboard,13,3
21605,4973,2024-02-13,Team Collaboration,46,4
21606,4973,2026-02-02,API Access,22,5
21607,4973,2025-06-09,API Access,20,4
21608,4973,2024-07-06,Mobile App,2,1
21609,4973,2025-11-02,Team Collaboration,116,1
21610,4973,2024-01-10,Mobile App,58,3
21611,4974,2025-02-15,Notifications,47,3
21612,4974,2024-03-26,Export Data,42,3
21613,4974,2026-05-13,API Access,109,5
21614,4974,2025-12-24,Notifications,42,2
21615,4974,2025-10-18,Export Data,108,3
21616,4974,2024-09-11,Export Data,50,4
21617,4974,2026-08-13,Reports,33,1
21618,4975,2023-09-09,Notifications,87,4
21619,4975,2025-12-11,Notifications,43,2
21620,4975,2021-11-03,API Access,43,4
21621,4975,2025-06-01,Notifications,37,3
21622,4975,2026-09-14,API Access,15,2
21623,4975,2026-01-18,Reports,76,1
21624,4975,2025-06-18,Export Data,64,1
21625,4975,2023-08-24,Mobile App,39,2
21626,4975,2025-07-06,API Access,12,5
21627,4975,2024-01-17,Team Collaboration,97,1
21628,4976,2023-11-05,Mobile App,112,3
21629,4976,2024-10-15,Dashboard,64,3
21630,4976,2026-03-15,API Access,119,1
21631,4976,2025-07-24,API Access,77,5
21632,4976,2026-07-19,Mobile App,103,4
21633,4976,2024-04-16,Mobile App,104,5
21634,4976,2025-09-03,API Access,80,2
21635,4976,2025-05-29,Notifications,107,5
21636,4977,2025-01-28,Dashboard,112,2
21637,4977,2025-12-31,Export Data,67,1
21638,4977,2025-06-06,Notifications,37,4
21639,4977,2024-02-25,API Access,33,4
21640,4977,2026-02-14,Integrations,49,1
21641,4977,2022-07-22,Team Collaboration,1,4
21642,4978,2026-02-26,Export Data,8,2
21643,4978,2023-03-19,API Access,116,4
21644,4978,2023-05-13,Team Collaboration,19,2
21645,4978,2022-09-15,Integrations,4,5
21646,4978,2024-12-15,Export Data,23,2
21647,4978,2024-07-25,Reports,95,2
21648,4978,2024-07-30,Team Collaboration,21,4
21649,4978,2025-12-22,Team Collaboration,24,1
21650,4978,2026-06-02,API Access,43,2
21651,4979,2022-04-29,Export Data,7,5
21652,4979,2022-03-07,Notifications,105,3
21653,4980,2024-06-14,Team Collaboration,48,4
21654,4980,2025-12-24,Notifications,41,4
21655,4981,2024-01-09,Export Data,89,4
21656,4981,2024-11-29,Notifications,69,1
21657,4981,2025-05-21,API Access,63,5
21658,4982,2026-04-22,Dashboard,42,2
21659,4982,2026-08-20,Notifications,27,1
21660,4983,2023-06-01,Dashboard,108,1
21661,4983,2025-05-21,Team Collaboration,82,2
21662,4983,2023-08-04,Team Collaboration,15,5
21663,4984,2022-01-25,Mobile App,105,1
21664,4984,2022-02-04,Reports,5,5
21665,4985,2023-12-31,Team Collaboration,29,5
21666,4985,2023-04-06,API Access,54,4
21667,4985,2023-11-22,Mobile App,101,2
21668,4985,2026-05-30,Export Data,11,5
21669,4985,2023-07-20,Export Data,118,1
21670,4985,2024-07-09,Team Collaboration,106,4
21671,4985,2023-09-03,Notifications,60,5
21672,4986,2026-02-18,Mobile App,24,2
21673,4986,2025-01-28,API Access,102,5
21674,4986,2024-11-03,Team Collaboration,99,3
21675,4987,2026-08-19,Export Data,70,2
21676,4988,2026-01-01,Notifications,35,3
21677,4988,2022-11-25,Integrations,88,2
21678,4988,2026-09-09,Notifications,89,4
21679,4988,2025-09-18,Notifications,19,5
21680,4988,2024-08-04,Reports,58,4
21681,4988,2025-06-29,Integrations,65,2
21682,4988,2023-11-30,Team Collaboration,46,5
21683,4989,2023-07-19,Export Data,90,2
21684,4989,2023-07-30,Team Collaboration,60,5
21685,4989,2026-09-03,Integrations,115,3
21686,4989,2023-08-31,Reports,44,3
21687,4989,2023-01-24,API Access,22,3
21688,4989,2025-06-14,Notifications,53,3
21689,4989,2025-04-04,API Access,109,5
21690,4989,2023-08-31,Team Collaboration,39,3
21691,4989,2024-03-15,Team Collaboration,38,4
21692,4989,2025-10-12,Team Collaboration,19,3
21693,4990,2026-03-03,Integrations,17,2
21694,4990,2026-02-07,Dashboard,90,2
21695,4990,2026-06-05,Notifications,109,2
21696,4991,2024-02-01,Reports,73,4
21697,4991,2023-12-16,Integrations,73,3
21698,4991,2026-07-12,Reports,29,3
21699,4991,2024-03-21,Dashboard,68,5
21700,4991,2026-08-17,Reports,5,5
21701,4992,2023-05-25,Notifications,33,3
21702,4992,2023-02-08,Reports,79,2
21703,4993,2024-04-14,Reports,98,3
21704,4993,2022-08-07,Notifications,82,1
21705,4993,2025-09-13,Team Collaboration,5,1
21706,4993,2024-07-17,Mobile App,105,1
21707,4993,2026-03-14,Notifications,5,1
21708,4993,2026-08-31,Reports,78,4
21709,4993,2024-11-03,Export Data,55,1
21710,4993,2024-08-28,Notifications,50,4
21711,4994,2023-06-12,Team Collaboration,57,4
21712,4994,2025-06-19,Team Collaboration,12,3
21713,4994,2024-10-17,Notifications,13,1
21714,4995,2025-10-03,Dashboard,31,3
21715,4995,2026-03-22,Notifications,96,4
21716,4995,2026-01-15,Notifications,77,1
21717,4995,2025-06-10,Integrations,104,3
21718,4995,2026-09-09,Export Data,61,5
21719,4995,2023-07-05,Integrations,5,4
21720,4995,2026-07-25,Integrations,71,2
21721,4995,2024-12-18,Export Data,5,4
21722,4996,2024-01-02,Dashboard,54,3
21723,4996,2024-02-04,Mobile App,120,3
21724,4996,2025-03-31,Reports,47,4
21725,4996,2025-07-02,Dashboard,58,1
21726,4996,2026-04-10,API Access,4,5
21727,4996,2023-07-08,Notifications,6,1
21728,4997,2024-07-11,Reports,68,2
21729,4997,2024-06-15,Integrations,53,3
21730,4997,2023-01-30,Notifications,31,4
21731,4998,2024-10-21,API Access,65,1
21732,4998,2025-05-18,Notifications,8,2
21733,4998,2024-04-12,Dashboard,90,3
21734,4999,2025-12-21,Integrations,38,2
21735,4999,2024-03-24,Dashboard,68,1
21736,4999,2022-08-02,Export Data,114,3
21737,4999,2025-02-13,Integrations,87,3
21738,4999,2026-04-10,Team Collaboration,59,4
21739,4999,2024-10-07,Integrations,35,2
21740,4999,2025-11-07,Team Collaboration,20,5
21741,5000,2024-05-05,Export Data,77,4
21742,5000,2025-06-25,Integrations,89,2
21743,5000,2022-04-20,Integrations,46,1
21744,5000,2026-05-17,Mobile App,15,3
21745,5000,2026-02-01,Export Data,94,3
